timestamp,hour,day_of_week,month,day_of_year,is_weekend,temperature_c,electricity_price_kwh,solar_generation_kw,charging_load_kw,active_vehicles
2024-01-01 00:00:00,0,0,1,1,0,2.7,0.12,0.0,2.5,1
2024-01-01 01:00:00,1,0,1,1,0,0.63,0.12,0.0,2.5,1
2024-01-01 02:00:00,2,0,1,1,0,1.71,0.12,0.0,15.49,1
2024-01-01 03:00:00,3,0,1,1,0,3.29,0.12,0.0,18.14,1
2024-01-01 04:00:00,4,0,1,1,0,-0.06,0.12,0.0,8.19,1
2024-01-01 05:00:00,5,0,1,1,0,0.44,0.12,0.0,6.9,1
2024-01-01 06:00:00,6,0,1,1,0,4.86,0.12,0.0,17.56,1
2024-01-01 07:00:00,7,0,1,1,0,4.27,0.22,16.39,24.58,2
2024-01-01 08:00:00,8,0,1,1,0,3.01,0.22,38.43,41.22,3
2024-01-01 09:00:00,9,0,1,1,0,6.33,0.22,75.15,41.73,3
2024-01-01 10:00:00,10,0,1,1,0,5.61,0.22,82.25,38.95,3
2024-01-01 11:00:00,11,0,1,1,0,6.81,0.22,119.98,27.22,2
2024-01-01 12:00:00,12,0,1,1,0,9.26,0.22,110.29,22.93,2
2024-01-01 13:00:00,13,0,1,1,0,5.74,0.22,81.76,22.51,2
2024-01-01 14:00:00,14,0,1,1,0,6.62,0.22,95.54,28.77,2
2024-01-01 15:00:00,15,0,1,1,0,9.12,0.22,68.97,29.85,3
2024-01-01 16:00:00,16,0,1,1,0,8.04,0.38,33.68,48.74,3
2024-01-01 17:00:00,17,0,1,1,0,10.2,0.38,12.8,48.35,3
2024-01-01 18:00:00,18,0,1,1,0,6.96,0.38,0.0,50.5,5
2024-01-01 19:00:00,19,0,1,1,0,4.92,0.38,0.0,53.95,4
2024-01-01 20:00:00,20,0,1,1,0,9.47,0.38,0.0,50.89,5
2024-01-01 21:00:00,21,0,1,1,0,4.79,0.38,0.0,33.34,2
2024-01-01 22:00:00,22,0,1,1,0,4.08,0.22,0.0,22.18,2
2024-01-01 23:00:00,23,0,1,1,0,-0.11,0.22,0.0,14.64,1
2024-01-02 00:00:00,0,1,1,2,0,0.58,0.12,0.0,3.08,1
2024-01-02 01:00:00,1,1,1,2,0,1.1,0.12,0.0,8.57,1
2024-01-02 02:00:00,2,1,1,2,0,-1.93,0.12,0.0,3.21,1
2024-01-02 03:00:00,3,1,1,2,0,0.96,0.12,0.0,2.5,1
2024-01-02 04:00:00,4,1,1,2,0,-0.83,0.12,0.0,3.71,1
2024-01-02 05:00:00,5,1,1,2,0,0.29,0.12,0.0,15.29,1
2024-01-02 06:00:00,6,1,1,2,0,0.46,0.12,0.0,18.48,2
2024-01-02 07:00:00,7,1,1,2,0,6.41,0.22,13.84,18.17,2
2024-01-02 08:00:00,8,1,1,2,0,3.88,0.22,34.81,41.46,4
2024-01-02 09:00:00,9,1,1,2,0,3.09,0.22,71.76,50.16,4
2024-01-02 10:00:00,10,1,1,2,0,8.14,0.22,88.03,41.89,3
2024-01-02 11:00:00,11,1,1,2,0,5.26,0.22,106.26,27.44,2
2024-01-02 12:00:00,12,1,1,2,0,9.16,0.22,126.62,31.12,2
2024-01-02 13:00:00,13,1,1,2,0,5.61,0.22,104.14,22.46,1
2024-01-02 14:00:00,14,1,1,2,0,7.38,0.22,89.98,22.99,1
2024-01-02 15:00:00,15,1,1,2,0,10.6,0.22,60.84,31.66,2
2024-01-02 16:00:00,16,1,1,2,0,11.51,0.38,41.71,39.59,3
2024-01-02 17:00:00,17,1,1,2,0,9.88,0.38,15.37,51.45,5
2024-01-02 18:00:00,18,1,1,2,0,8.51,0.38,0.0,56.37,5
2024-01-02 19:00:00,19,1,1,2,0,7.1,0.38,0.0,54.96,4
2024-01-02 20:00:00,20,1,1,2,0,3.54,0.38,0.0,44.2,3
2024-01-02 21:00:00,21,1,1,2,0,3.76,0.38,0.0,37.62,3
2024-01-02 22:00:00,22,1,1,2,0,2.99,0.22,0.0,27.45,2
2024-01-02 23:00:00,23,1,1,2,0,4.82,0.22,0.0,18.34,1
2024-01-03 00:00:00,0,2,1,3,0,2.32,0.12,0.0,5.12,1
2024-01-03 01:00:00,1,2,1,3,0,-2.69,0.12,0.0,9.78,1
2024-01-03 02:00:00,2,2,1,3,0,0.99,0.12,0.0,8.74,1
2024-01-03 03:00:00,3,2,1,3,0,-0.6,0.12,0.0,4.33,1
2024-01-03 04:00:00,4,2,1,3,0,-1.01,0.12,0.0,6.7,1
2024-01-03 05:00:00,5,2,1,3,0,2.06,0.12,0.0,13.31,1
2024-01-03 06:00:00,6,2,1,3,0,3.7,0.12,0.0,19.96,2
2024-01-03 07:00:00,7,2,1,3,0,4.53,0.22,14.54,31.33,2
2024-01-03 08:00:00,8,2,1,3,0,2.2,0.22,37.5,34.15,2
2024-01-03 09:00:00,9,2,1,3,0,4.55,0.22,68.06,40.31,4
2024-01-03 10:00:00,10,2,1,3,0,7.13,0.22,97.73,49.0,3
2024-01-03 11:00:00,11,2,1,3,0,9.62,0.22,92.92,45.83,3
2024-01-03 12:00:00,12,2,1,3,0,7.75,0.22,99.23,26.51,2
2024-01-03 13:00:00,13,2,1,3,0,9.13,0.22,115.38,23.14,1
2024-01-03 14:00:00,14,2,1,3,0,7.79,0.22,69.03,40.54,4
2024-01-03 15:00:00,15,2,1,3,0,7.78,0.22,61.1,43.76,3
2024-01-03 16:00:00,16,2,1,3,0,11.63,0.38,44.86,41.91,4
2024-01-03 17:00:00,17,2,1,3,0,12.21,0.38,12.76,47.82,3
2024-01-03 18:00:00,18,2,1,3,0,8.56,0.38,0.0,57.45,4
2024-01-03 19:00:00,19,2,1,3,0,9.68,0.38,0.0,49.61,4
2024-01-03 20:00:00,20,2,1,3,0,7.19,0.38,0.0,52.52,4
2024-01-03 21:00:00,21,2,1,3,0,3.88,0.38,0.0,32.4,3
2024-01-03 22:00:00,22,2,1,3,0,4.6,0.22,0.0,35.55,3
2024-01-03 23:00:00,23,2,1,3,0,5.75,0.22,0.0,9.08,1
2024-01-04 00:00:00,0,3,1,4,0,1.53,0.12,0.0,3.25,1
2024-01-04 01:00:00,1,3,1,4,0,3.94,0.12,0.0,6.29,1
2024-01-04 02:00:00,2,3,1,4,0,-4.93,0.12,0.0,6.83,1
2024-01-04 03:00:00,3,3,1,4,0,1.78,0.12,0.0,2.87,1
2024-01-04 04:00:00,4,3,1,4,0,0.48,0.12,0.0,7.4,1
2024-01-04 05:00:00,5,3,1,4,0,0.21,0.12,0.0,8.74,1
2024-01-04 06:00:00,6,3,1,4,0,1.79,0.12,0.0,16.41,1
2024-01-04 07:00:00,7,3,1,4,0,-1.33,0.22,13.86,24.37,2
2024-01-04 08:00:00,8,3,1,4,0,3.41,0.22,44.95,43.2,3
2024-01-04 09:00:00,9,3,1,4,0,5.85,0.22,58.92,43.6,3
2024-01-04 10:00:00,10,3,1,4,0,9.39,0.22,102.47,36.96,2
2024-01-04 11:00:00,11,3,1,4,0,6.6,0.22,118.62,34.66,2
2024-01-04 12:00:00,12,3,1,4,0,7.06,0.22,111.67,22.49,2
2024-01-04 13:00:00,13,3,1,4,0,8.47,0.22,93.68,20.93,2
2024-01-04 14:00:00,14,3,1,4,0,11.8,0.22,80.72,19.93,1
2024-01-04 15:00:00,15,3,1,4,0,10.8,0.22,61.83,34.95,3
2024-01-04 16:00:00,16,3,1,4,0,8.91,0.38,29.92,38.71,3
2024-01-04 17:00:00,17,3,1,4,0,10.5,0.38,12.72,44.86,3
2024-01-04 18:00:00,18,3,1,4,0,8.87,0.38,0.0,51.99,5
2024-01-04 19:00:00,19,3,1,4,0,9.58,0.38,0.0,57.75,4
2024-01-04 20:00:00,20,3,1,4,0,5.03,0.38,0.0,45.42,3
2024-01-04 21:00:00,21,3,1,4,0,4.49,0.38,0.0,37.27,2
2024-01-04 22:00:00,22,3,1,4,0,3.06,0.22,0.0,20.69,1
2024-01-04 23:00:00,23,3,1,4,0,-0.29,0.22,0.0,12.02,1
2024-01-05 00:00:00,0,4,1,5,0,2.17,0.12,0.0,11.66,1
2024-01-05 01:00:00,1,4,1,5,0,1.31,0.12,0.0,7.24,1
2024-01-05 02:00:00,2,4,1,5,0,0.29,0.12,0.0,10.07,1
2024-01-05 03:00:00,3,4,1,5,0,-0.36,0.12,0.0,4.47,1
2024-01-05 04:00:00,4,4,1,5,0,-2.55,0.12,0.0,3.9,1
2024-01-05 05:00:00,5,4,1,5,0,-0.06,0.12,0.0,14.78,1
2024-01-05 06:00:00,6,4,1,5,0,0.89,0.12,0.0,7.92,1
2024-01-05 07:00:00,7,4,1,5,0,1.01,0.22,15.05,25.46,2
2024-01-05 08:00:00,8,4,1,5,0,3.5,0.22,45.05,40.16,3
2024-01-05 09:00:00,9,4,1,5,0,5.92,0.22,75.0,39.93,3
2024-01-05 10:00:00,10,4,1,5,0,10.18,0.22,90.84,54.72,4
2024-01-05 11:00:00,11,4,1,5,0,7.96,0.22,108.34,31.18,2
2024-01-05 12:00:00,12,4,1,5,0,9.16,0.22,89.14,27.58,2
2024-01-05 13:00:00,13,4,1,5,0,9.29,0.22,98.38,19.95,1
2024-01-05 14:00:00,14,4,1,5,0,6.11,0.22,96.75,37.04,3
2024-01-05 15:00:00,15,4,1,5,0,10.06,0.22,70.71,33.2,2
2024-01-05 16:00:00,16,4,1,5,0,10.06,0.38,45.05,36.2,3
2024-01-05 17:00:00,17,4,1,5,0,14.37,0.38,14.52,48.7,3
2024-01-05 18:00:00,18,4,1,5,0,8.26,0.38,0.0,50.64,3
2024-01-05 19:00:00,19,4,1,5,0,8.22,0.38,0.0,58.49,5
2024-01-05 20:00:00,20,4,1,5,0,6.34,0.38,0.0,44.6,4
2024-01-05 21:00:00,21,4,1,5,0,2.78,0.38,0.0,37.63,3
2024-01-05 22:00:00,22,4,1,5,0,6.1,0.22,0.0,19.86,1
2024-01-05 23:00:00,23,4,1,5,0,4.12,0.22,0.0,10.5,1
2024-01-06 00:00:00,0,5,1,6,1,3.14,0.1,0.0,8.38,1
2024-01-06 01:00:00,1,5,1,6,1,-1.06,0.1,0.0,18.48,2
2024-01-06 02:00:00,2,5,1,6,1,3.06,0.1,0.0,2.5,1
2024-01-06 03:00:00,3,5,1,6,1,-2.71,0.1,0.0,6.18,1
2024-01-06 04:00:00,4,5,1,6,1,1.43,0.1,0.0,3.99,1
2024-01-06 05:00:00,5,5,1,6,1,5.14,0.1,0.0,7.28,1
2024-01-06 06:00:00,6,5,1,6,1,-0.43,0.1,0.0,11.87,1
2024-01-06 07:00:00,7,5,1,6,1,1.46,0.1,15.57,13.45,1
2024-01-06 08:00:00,8,5,1,6,1,3.99,0.1,45.16,12.08,1
2024-01-06 09:00:00,9,5,1,6,1,4.08,0.1,75.95,20.3,1
2024-01-06 10:00:00,10,5,1,6,1,3.28,0.15,101.27,29.35,2
2024-01-06 11:00:00,11,5,1,6,1,7.73,0.15,75.24,39.68,3
2024-01-06 12:00:00,12,5,1,6,1,6.5,0.15,126.53,46.08,4
2024-01-06 13:00:00,13,5,1,6,1,10.37,0.15,116.98,52.09,3
2024-01-06 14:00:00,14,5,1,6,1,8.08,0.15,93.75,54.7,4
2024-01-06 15:00:00,15,5,1,6,1,13.19,0.15,51.07,51.92,4
2024-01-06 16:00:00,16,5,1,6,1,8.35,0.15,35.53,62.36,4
2024-01-06 17:00:00,17,5,1,6,1,8.77,0.15,12.45,59.69,5
2024-01-06 18:00:00,18,5,1,6,1,10.25,0.15,0.0,44.49,4
2024-01-06 19:00:00,19,5,1,6,1,5.13,0.1,0.0,38.13,3
2024-01-06 20:00:00,20,5,1,6,1,6.84,0.1,0.0,32.38,2
2024-01-06 21:00:00,21,5,1,6,1,7.7,0.1,0.0,26.71,2
2024-01-06 22:00:00,22,5,1,6,1,0.58,0.1,0.0,15.16,1
2024-01-06 23:00:00,23,5,1,6,1,2.96,0.1,0.0,14.17,1
2024-01-07 00:00:00,0,6,1,7,1,2.05,0.1,0.0,6.62,1
2024-01-07 01:00:00,1,6,1,7,1,2.3,0.1,0.0,18.49,1
2024-01-07 02:00:00,2,6,1,7,1,-2.24,0.1,0.0,4.58,1
2024-01-07 03:00:00,3,6,1,7,1,-2.57,0.1,0.0,16.7,1
2024-01-07 04:00:00,4,6,1,7,1,1.28,0.1,0.0,9.93,1
2024-01-07 05:00:00,5,6,1,7,1,1.33,0.1,0.0,6.41,1
2024-01-07 06:00:00,6,6,1,7,1,2.03,0.1,0.0,15.09,1
2024-01-07 07:00:00,7,6,1,7,1,3.26,0.1,16.86,6.34,1
2024-01-07 08:00:00,8,6,1,7,1,2.41,0.1,41.9,17.23,2
2024-01-07 09:00:00,9,6,1,7,1,5.53,0.1,71.39,24.54,2
2024-01-07 10:00:00,10,6,1,7,1,6.95,0.15,97.5,30.08,2
2024-01-07 11:00:00,11,6,1,7,1,6.14,0.15,115.92,47.61,4
2024-01-07 12:00:00,12,6,1,7,1,12.33,0.15,111.42,64.23,5
2024-01-07 13:00:00,13,6,1,7,1,10.35,0.15,102.3,50.2,3
2024-01-07 14:00:00,14,6,1,7,1,7.51,0.15,92.89,60.37,5
2024-01-07 15:00:00,15,6,1,7,1,11.38,0.15,76.14,53.59,4
2024-01-07 16:00:00,16,6,1,7,1,7.95,0.15,45.28,54.75,5
2024-01-07 17:00:00,17,6,1,7,1,10.97,0.15,14.35,48.39,3
2024-01-07 18:00:00,18,6,1,7,1,10.92,0.15,0.0,43.14,3
2024-01-07 19:00:00,19,6,1,7,1,5.93,0.1,0.0,61.84,5
2024-01-07 20:00:00,20,6,1,7,1,8.29,0.1,0.0,34.69,3
2024-01-07 21:00:00,21,6,1,7,1,5.89,0.1,0.0,30.53,2
2024-01-07 22:00:00,22,6,1,7,1,5.42,0.1,0.0,14.91,1
2024-01-07 23:00:00,23,6,1,7,1,6.36,0.1,0.0,22.3,2
2024-01-08 00:00:00,0,0,1,8,0,1.02,0.12,0.0,5.79,1
2024-01-08 01:00:00,1,0,1,8,0,-0.79,0.12,0.0,2.5,1
2024-01-08 02:00:00,2,0,1,8,0,-1.56,0.12,0.0,4.26,1
2024-01-08 03:00:00,3,0,1,8,0,-1.58,0.12,0.0,6.87,1
2024-01-08 04:00:00,4,0,1,8,0,0.07,0.12,0.0,7.16,1
2024-01-08 05:00:00,5,0,1,8,0,1.4,0.12,0.0,8.59,1
2024-01-08 06:00:00,6,0,1,8,0,2.07,0.12,0.0,15.85,1
2024-01-08 07:00:00,7,0,1,8,0,4.2,0.22,14.01,20.15,2
2024-01-08 08:00:00,8,0,1,8,0,3.78,0.22,40.38,36.23,3
2024-01-08 09:00:00,9,0,1,8,0,7.96,0.22,68.3,39.28,3
2024-01-08 10:00:00,10,0,1,8,0,5.81,0.22,79.2,41.3,3
2024-01-08 11:00:00,11,0,1,8,0,12.99,0.22,101.43,31.39,3
2024-01-08 12:00:00,12,0,1,8,0,9.84,0.22,114.18,22.32,2
2024-01-08 13:00:00,13,0,1,8,0,7.66,0.22,121.89,26.25,2
2024-01-08 14:00:00,14,0,1,8,0,7.74,0.22,94.25,31.48,2
2024-01-08 15:00:00,15,0,1,8,0,11.01,0.22,61.12,34.08,2
2024-01-08 16:00:00,16,0,1,8,0,9.43,0.38,42.12,34.2,2
2024-01-08 17:00:00,17,0,1,8,0,10.81,0.38,16.91,61.5,4
2024-01-08 18:00:00,18,0,1,8,0,9.53,0.38,0.0,55.19,5
2024-01-08 19:00:00,19,0,1,8,0,7.4,0.38,0.0,56.58,4
2024-01-08 20:00:00,20,0,1,8,0,4.65,0.38,0.0,41.08,4
2024-01-08 21:00:00,21,0,1,8,0,2.02,0.38,0.0,36.24,2
2024-01-08 22:00:00,22,0,1,8,0,2.86,0.22,0.0,30.87,2
2024-01-08 23:00:00,23,0,1,8,0,4.26,0.22,0.0,14.14,1
2024-01-09 00:00:00,0,1,1,9,0,1.93,0.12,0.0,7.9,1
2024-01-09 01:00:00,1,1,1,9,0,-1.79,0.12,0.0,8.43,1
2024-01-09 02:00:00,2,1,1,9,0,0.55,0.12,0.0,10.73,1
2024-01-09 03:00:00,3,1,1,9,0,0.8,0.12,0.0,5.78,1
2024-01-09 04:00:00,4,1,1,9,0,-1.56,0.12,0.0,4.95,1
2024-01-09 05:00:00,5,1,1,9,0,1.01,0.12,0.0,4.47,1
2024-01-09 06:00:00,6,1,1,9,0,1.61,0.12,0.0,18.17,1
2024-01-09 07:00:00,7,1,1,9,0,0.25,0.22,11.13,38.17,2
2024-01-09 08:00:00,8,1,1,9,0,4.45,0.22,37.14,32.53,2
2024-01-09 09:00:00,9,1,1,9,0,6.15,0.22,62.92,45.46,4
2024-01-09 10:00:00,10,1,1,9,0,8.49,0.22,70.94,49.59,3
2024-01-09 11:00:00,11,1,1,9,0,9.64,0.22,122.23,28.19,3
2024-01-09 12:00:00,12,1,1,9,0,5.81,0.22,92.31,30.93,2
2024-01-09 13:00:00,13,1,1,9,0,7.49,0.22,98.94,18.27,1
2024-01-09 14:00:00,14,1,1,9,0,10.89,0.22,102.62,31.83,2
2024-01-09 15:00:00,15,1,1,9,0,11.06,0.22,73.31,26.42,2
2024-01-09 16:00:00,16,1,1,9,0,10.89,0.38,34.01,30.72,2
2024-01-09 17:00:00,17,1,1,9,0,17.07,0.38,16.31,44.42,3
2024-01-09 18:00:00,18,1,1,9,0,9.71,0.38,0.0,58.16,4
2024-01-09 19:00:00,19,1,1,9,0,9.8,0.38,0.0,55.92,4
2024-01-09 20:00:00,20,1,1,9,0,8.24,0.38,0.0,53.24,4
2024-01-09 21:00:00,21,1,1,9,0,6.34,0.38,0.0,34.11,2
2024-01-09 22:00:00,22,1,1,9,0,3.11,0.22,0.0,22.19,1
2024-01-09 23:00:00,23,1,1,9,0,4.05,0.22,0.0,16.42,1
2024-01-10 00:00:00,0,2,1,10,0,-0.06,0.12,0.0,9.11,1
2024-01-10 01:00:00,1,2,1,10,0,0.22,0.12,0.0,8.08,1
2024-01-10 02:00:00,2,2,1,10,0,-0.78,0.12,0.0,8.45,1
2024-01-10 03:00:00,3,2,1,10,0,0.18,0.12,0.0,10.07,1
2024-01-10 04:00:00,4,2,1,10,0,4.82,0.12,0.0,6.29,1
2024-01-10 05:00:00,5,2,1,10,0,-3.04,0.12,0.0,15.98,1
2024-01-10 06:00:00,6,2,1,10,0,2.86,0.12,0.0,9.95,1
2024-01-10 07:00:00,7,2,1,10,0,-0.7,0.22,15.08,32.76,2
2024-01-10 08:00:00,8,2,1,10,0,2.78,0.22,42.56,43.07,3
2024-01-10 09:00:00,9,2,1,10,0,7.2,0.22,59.94,41.27,3
2024-01-10 10:00:00,10,2,1,10,0,6.44,0.22,82.15,40.36,3
2024-01-10 11:00:00,11,2,1,10,0,5.37,0.22,115.07,33.9,3
2024-01-10 12:00:00,12,2,1,10,0,7.13,0.22,129.14,43.96,3
2024-01-10 13:00:00,13,2,1,10,0,10.71,0.22,122.59,22.66,2
2024-01-10 14:00:00,14,2,1,10,0,8.39,0.22,104.07,25.33,2
2024-01-10 15:00:00,15,2,1,10,0,10.45,0.22,65.8,28.0,2
2024-01-10 16:00:00,16,2,1,10,0,9.94,0.38,36.89,47.13,3
2024-01-10 17:00:00,17,2,1,10,0,8.05,0.38,13.37,50.62,4
2024-01-10 18:00:00,18,2,1,10,0,12.84,0.38,0.0,54.01,4
2024-01-10 19:00:00,19,2,1,10,0,8.79,0.38,0.0,55.49,4
2024-01-10 20:00:00,20,2,1,10,0,2.26,0.38,0.0,53.76,4
2024-01-10 21:00:00,21,2,1,10,0,5.39,0.38,0.0,35.12,3
2024-01-10 22:00:00,22,2,1,10,0,2.4,0.22,0.0,28.99,2
2024-01-10 23:00:00,23,2,1,10,0,4.23,0.22,0.0,11.44,1
2024-01-11 00:00:00,0,3,1,11,0,-0.11,0.12,0.0,2.5,1
2024-01-11 01:00:00,1,3,1,11,0,0.45,0.12,0.0,13.27,1
2024-01-11 02:00:00,2,3,1,11,0,1.19,0.12,0.0,3.09,1
2024-01-11 03:00:00,3,3,1,11,0,1.74,0.12,0.0,9.66,1
2024-01-11 04:00:00,4,3,1,11,0,-2.22,0.12,0.0,3.37,1
2024-01-11 05:00:00,5,3,1,11,0,0.01,0.12,0.0,2.88,1
2024-01-11 06:00:00,6,3,1,11,0,0.53,0.12,0.0,21.97,2
2024-01-11 07:00:00,7,3,1,11,0,1.2,0.22,16.87,23.18,2
2024-01-11 08:00:00,8,3,1,11,0,7.25,0.22,45.46,46.18,4
2024-01-11 09:00:00,9,3,1,11,0,5.82,0.22,74.77,38.51,3
2024-01-11 10:00:00,10,3,1,11,0,3.78,0.22,90.19,34.47,3
2024-01-11 11:00:00,11,3,1,11,0,9.35,0.22,100.51,27.68,2
2024-01-11 12:00:00,12,3,1,11,0,12.79,0.22,102.37,25.25,2
2024-01-11 13:00:00,13,3,1,11,0,11.41,0.22,85.96,40.86,4
2024-01-11 14:00:00,14,3,1,11,0,6.8,0.22,104.29,35.04,3
2024-01-11 15:00:00,15,3,1,11,0,9.04,0.22,66.16,38.33,3
2024-01-11 16:00:00,16,3,1,11,0,12.37,0.38,33.45,48.47,3
2024-01-11 17:00:00,17,3,1,11,0,7.93,0.38,13.32,47.7,4
2024-01-11 18:00:00,18,3,1,11,0,9.43,0.38,0.0,53.36,3
2024-01-11 19:00:00,19,3,1,11,0,9.06,0.38,0.0,61.59,5
2024-01-11 20:00:00,20,3,1,11,0,4.45,0.38,0.0,47.35,3
2024-01-11 21:00:00,21,3,1,11,0,4.89,0.38,0.0,31.0,3
2024-01-11 22:00:00,22,3,1,11,0,-2.77,0.22,0.0,20.31,1
2024-01-11 23:00:00,23,3,1,11,0,0.46,0.22,0.0,12.53,1
2024-01-12 00:00:00,0,4,1,12,0,0.96,0.12,0.0,8.57,1
2024-01-12 01:00:00,1,4,1,12,0,-1.82,0.12,0.0,2.54,1
2024-01-12 02:00:00,2,4,1,12,0,3.44,0.12,0.0,10.41,1
2024-01-12 03:00:00,3,4,1,12,0,-2.86,0.12,0.0,2.5,1
2024-01-12 04:00:00,4,4,1,12,0,-0.71,0.12,0.0,3.03,1
2024-01-12 05:00:00,5,4,1,12,0,0.94,0.12,0.0,20.19,1
2024-01-12 06:00:00,6,4,1,12,0,4.35,0.12,0.0,20.79,1
2024-01-12 07:00:00,7,4,1,12,0,-0.37,0.22,14.17,26.28,2
2024-01-12 08:00:00,8,4,1,12,0,6.04,0.22,37.75,35.8,2
2024-01-12 09:00:00,9,4,1,12,0,5.03,0.22,77.26,38.24,3
2024-01-12 10:00:00,10,4,1,12,0,4.34,0.22,99.18,46.74,4
2024-01-12 11:00:00,11,4,1,12,0,8.43,0.22,120.79,38.83,3
2024-01-12 12:00:00,12,4,1,12,0,8.94,0.22,129.94,24.36,2
2024-01-12 13:00:00,13,4,1,12,0,8.13,0.22,116.34,22.59,1
2024-01-12 14:00:00,14,4,1,12,0,9.97,0.22,103.82,23.43,2
2024-01-12 15:00:00,15,4,1,12,0,9.23,0.22,53.35,34.0,2
2024-01-12 16:00:00,16,4,1,12,0,10.06,0.38,41.55,31.25,2
2024-01-12 17:00:00,17,4,1,12,0,10.66,0.38,14.68,48.07,3
2024-01-12 18:00:00,18,4,1,12,0,11.71,0.38,0.0,61.38,4
2024-01-12 19:00:00,19,4,1,12,0,5.03,0.38,0.0,56.08,4
2024-01-12 20:00:00,20,4,1,12,0,10.56,0.38,0.0,50.89,4
2024-01-12 21:00:00,21,4,1,12,0,1.1,0.38,0.0,38.55,3
2024-01-12 22:00:00,22,4,1,12,0,3.41,0.22,0.0,27.38,2
2024-01-12 23:00:00,23,4,1,12,0,3.68,0.22,0.0,15.77,1
2024-01-13 00:00:00,0,5,1,13,1,2.03,0.1,0.0,12.77,1
2024-01-13 01:00:00,1,5,1,13,1,-0.57,0.1,0.0,7.29,1
2024-01-13 02:00:00,2,5,1,13,1,-0.25,0.1,0.0,4.28,1
2024-01-13 03:00:00,3,5,1,13,1,-0.99,0.1,0.0,17.08,1
2024-01-13 04:00:00,4,5,1,13,1,-1.01,0.1,0.0,13.08,1
2024-01-13 05:00:00,5,5,1,13,1,2.37,0.1,0.0,2.8,1
2024-01-13 06:00:00,6,5,1,13,1,2.18,0.1,0.0,12.73,1
2024-01-13 07:00:00,7,5,1,13,1,1.12,0.1,12.94,7.83,1
2024-01-13 08:00:00,8,5,1,13,1,5.51,0.1,35.15,13.79,1
2024-01-13 09:00:00,9,5,1,13,1,5.62,0.1,67.73,27.85,2
2024-01-13 10:00:00,10,5,1,13,1,7.92,0.15,82.73,41.21,3
2024-01-13 11:00:00,11,5,1,13,1,8.76,0.15,95.77,56.75,4
2024-01-13 12:00:00,12,5,1,13,1,6.88,0.15,116.37,60.43,4
2024-01-13 13:00:00,13,5,1,13,1,8.21,0.15,86.56,48.2,3
2024-01-13 14:00:00,14,5,1,13,1,11.33,0.15,79.75,67.57,5
2024-01-13 15:00:00,15,5,1,13,1,11.22,0.15,77.52,58.21,4
2024-01-13 16:00:00,16,5,1,13,1,9.79,0.15,43.1,55.71,4
2024-01-13 17:00:00,17,5,1,13,1,9.57,0.15,13.57,44.66,3
2024-01-13 18:00:00,18,5,1,13,1,11.09,0.15,0.0,46.81,3
2024-01-13 19:00:00,19,5,1,13,1,6.32,0.1,0.0,43.3,3
2024-01-13 20:00:00,20,5,1,13,1,7.39,0.1,0.0,36.55,3
2024-01-13 21:00:00,21,5,1,13,1,4.6,0.1,0.0,29.37,2
2024-01-13 22:00:00,22,5,1,13,1,3.27,0.1,0.0,18.32,1
2024-01-13 23:00:00,23,5,1,13,1,4.7,0.1,0.0,11.53,1
2024-01-14 00:00:00,0,6,1,14,1,3.12,0.1,0.0,8.37,1
2024-01-14 01:00:00,1,6,1,14,1,2.3,0.1,0.0,15.07,1
2024-01-14 02:00:00,2,6,1,14,1,2.78,0.1,0.0,13.21,1
2024-01-14 03:00:00,3,6,1,14,1,0.04,0.1,0.0,15.1,1
2024-01-14 04:00:00,4,6,1,14,1,1.53,0.1,0.0,10.91,1
2024-01-14 05:00:00,5,6,1,14,1,0.05,0.1,0.0,5.93,1
2024-01-14 06:00:00,6,6,1,14,1,2.11,0.1,0.0,8.73,1
2024-01-14 07:00:00,7,6,1,14,1,2.24,0.1,17.22,19.58,1
2024-01-14 08:00:00,8,6,1,14,1,3.9,0.1,45.74,26.51,2
2024-01-14 09:00:00,9,6,1,14,1,6.19,0.1,59.14,32.06,2
2024-01-14 10:00:00,10,6,1,14,1,4.66,0.15,79.4,33.82,2
2024-01-14 11:00:00,11,6,1,14,1,11.68,0.15,103.15,43.19,3
2024-01-14 12:00:00,12,6,1,14,1,6.52,0.15,114.69,50.15,4
2024-01-14 13:00:00,13,6,1,14,1,6.9,0.15,99.48,48.69,4
2024-01-14 14:00:00,14,6,1,14,1,12.15,0.15,105.42,51.05,5
2024-01-14 15:00:00,15,6,1,14,1,11.58,0.15,71.69,56.87,4
2024-01-14 16:00:00,16,6,1,14,1,11.08,0.15,42.95,49.01,4
2024-01-14 17:00:00,17,6,1,14,1,10.59,0.15,12.54,40.45,4
2024-01-14 18:00:00,18,6,1,14,1,8.51,0.15,0.0,44.93,4
2024-01-14 19:00:00,19,6,1,14,1,5.71,0.1,0.0,37.15,2
2024-01-14 20:00:00,20,6,1,14,1,6.45,0.1,0.0,29.6,2
2024-01-14 21:00:00,21,6,1,14,1,3.65,0.1,0.0,20.5,1
2024-01-14 22:00:00,22,6,1,14,1,5.66,0.1,0.0,27.08,2
2024-01-14 23:00:00,23,6,1,14,1,2.21,0.1,0.0,9.83,1
2024-01-15 00:00:00,0,0,1,15,0,-0.18,0.12,0.0,2.5,1
2024-01-15 01:00:00,1,0,1,15,0,0.03,0.12,0.0,2.5,1
2024-01-15 02:00:00,2,0,1,15,0,1.0,0.12,0.0,9.39,1
2024-01-15 03:00:00,3,0,1,15,0,-1.13,0.12,0.0,8.19,1
2024-01-15 04:00:00,4,0,1,15,0,-1.47,0.12,0.0,13.31,1
2024-01-15 05:00:00,5,0,1,15,0,1.16,0.12,0.0,11.74,1
2024-01-15 06:00:00,6,0,1,15,0,1.96,0.12,0.0,7.93,1
2024-01-15 07:00:00,7,0,1,15,0,1.49,0.22,15.51,23.92,2
2024-01-15 08:00:00,8,0,1,15,0,2.77,0.22,36.31,34.98,2
2024-01-15 09:00:00,9,0,1,15,0,5.47,0.22,76.39,37.36,3
2024-01-15 10:00:00,10,0,1,15,0,3.4,0.22,94.88,34.2,2
2024-01-15 11:00:00,11,0,1,15,0,4.69,0.22,92.85,34.38,3
2024-01-15 12:00:00,12,0,1,15,0,7.1,0.22,116.8,24.79,2
2024-01-15 13:00:00,13,0,1,15,0,8.91,0.22,96.96,18.71,1
2024-01-15 14:00:00,14,0,1,15,0,10.45,0.22,95.02,20.06,2
2024-01-15 15:00:00,15,0,1,15,0,12.95,0.22,60.64,37.54,2
2024-01-15 16:00:00,16,0,1,15,0,11.55,0.38,41.0,41.32,3
2024-01-15 17:00:00,17,0,1,15,0,9.01,0.38,16.77,52.21,4
2024-01-15 18:00:00,18,0,1,15,0,8.5,0.38,0.0,58.99,5
2024-01-15 19:00:00,19,0,1,15,0,5.5,0.38,0.0,58.67,5
2024-01-15 20:00:00,20,0,1,15,0,6.26,0.38,0.0,49.74,4
2024-01-15 21:00:00,21,0,1,15,0,4.42,0.38,0.0,32.03,3
2024-01-15 22:00:00,22,0,1,15,0,4.35,0.22,0.0,29.3,2
2024-01-15 23:00:00,23,0,1,15,0,0.85,0.22,0.0,16.81,1
2024-01-16 00:00:00,0,1,1,16,0,2.51,0.12,0.0,2.5,1
2024-01-16 01:00:00,1,1,1,16,0,3.74,0.12,0.0,5.41,1
2024-01-16 02:00:00,2,1,1,16,0,-0.04,0.12,0.0,13.42,1
2024-01-16 03:00:00,3,1,1,16,0,0.81,0.12,0.0,7.37,1
2024-01-16 04:00:00,4,1,1,16,0,1.56,0.12,0.0,8.7,1
2024-01-16 05:00:00,5,1,1,16,0,-0.13,0.12,0.0,4.94,1
2024-01-16 06:00:00,6,1,1,16,0,1.92,0.12,0.0,12.07,1
2024-01-16 07:00:00,7,1,1,16,0,2.53,0.22,12.03,25.45,2
2024-01-16 08:00:00,8,1,1,16,0,3.91,0.22,46.58,35.22,3
2024-01-16 09:00:00,9,1,1,16,0,3.46,0.22,54.79,40.96,4
2024-01-16 10:00:00,10,1,1,16,0,6.35,0.22,98.56,34.36,3
2024-01-16 11:00:00,11,1,1,16,0,8.5,0.22,104.78,27.41,2
2024-01-16 12:00:00,12,1,1,16,0,11.45,0.22,100.19,19.38,1
2024-01-16 13:00:00,13,1,1,16,0,11.26,0.22,115.31,20.92,2
2024-01-16 14:00:00,14,1,1,16,0,14.14,0.22,96.0,24.97,2
2024-01-16 15:00:00,15,1,1,16,0,8.47,0.22,78.34,32.02,2
2024-01-16 16:00:00,16,1,1,16,0,11.58,0.38,37.5,44.82,3
2024-01-16 17:00:00,17,1,1,16,0,9.7,0.38,17.35,41.39,3
2024-01-16 18:00:00,18,1,1,16,0,12.92,0.38,0.0,67.52,5
2024-01-16 19:00:00,19,1,1,16,0,5.89,0.38,0.0,58.69,5
2024-01-16 20:00:00,20,1,1,16,0,4.62,0.38,0.0,47.53,4
2024-01-16 21:00:00,21,1,1,16,0,3.81,0.38,0.0,31.18,2
2024-01-16 22:00:00,22,1,1,16,0,-0.53,0.22,0.0,25.66,2
2024-01-16 23:00:00,23,1,1,16,0,1.46,0.22,0.0,19.48,2
2024-01-17 00:00:00,0,2,1,17,0,-0.04,0.12,0.0,2.56,1
2024-01-17 01:00:00,1,2,1,17,0,0.99,0.12,0.0,9.73,1
2024-01-17 02:00:00,2,2,1,17,0,0.87,0.12,0.0,5.57,1
2024-01-17 03:00:00,3,2,1,17,0,3.77,0.12,0.0,5.42,1
2024-01-17 04:00:00,4,2,1,17,0,2.09,0.12,0.0,9.87,1
2024-01-17 05:00:00,5,2,1,17,0,-0.47,0.12,0.0,4.77,1
2024-01-17 06:00:00,6,2,1,17,0,-0.32,0.12,0.0,14.49,1
2024-01-17 07:00:00,7,2,1,17,0,3.5,0.22,12.34,23.73,2
2024-01-17 08:00:00,8,2,1,17,0,1.08,0.22,46.76,40.67,3
2024-01-17 09:00:00,9,2,1,17,0,8.68,0.22,70.34,48.08,4
2024-01-17 10:00:00,10,2,1,17,0,8.67,0.22,91.2,33.87,3
2024-01-17 11:00:00,11,2,1,17,0,6.58,0.22,116.97,30.85,3
2024-01-17 12:00:00,12,2,1,17,0,5.12,0.22,120.13,19.95,2
2024-01-17 13:00:00,13,2,1,17,0,12.05,0.22,122.04,23.1,2
2024-01-17 14:00:00,14,2,1,17,0,9.62,0.22,100.67,27.99,2
2024-01-17 15:00:00,15,2,1,17,0,12.49,0.22,75.97,30.34,2
2024-01-17 16:00:00,16,2,1,17,0,6.66,0.38,46.76,44.52,3
2024-01-17 17:00:00,17,2,1,17,0,8.15,0.38,17.17,50.54,4
2024-01-17 18:00:00,18,2,1,17,0,8.56,0.38,0.0,57.31,5
2024-01-17 19:00:00,19,2,1,17,0,7.61,0.38,0.0,55.64,5
2024-01-17 20:00:00,20,2,1,17,0,5.41,0.38,0.0,50.26,4
2024-01-17 21:00:00,21,2,1,17,0,6.26,0.38,0.0,42.05,4
2024-01-17 22:00:00,22,2,1,17,0,1.59,0.22,0.0,27.77,2
2024-01-17 23:00:00,23,2,1,17,0,2.23,0.22,0.0,13.99,1
2024-01-18 00:00:00,0,3,1,18,0,1.73,0.12,0.0,22.84,1
2024-01-18 01:00:00,1,3,1,18,0,1.73,0.12,0.0,6.33,1
2024-01-18 02:00:00,2,3,1,18,0,1.62,0.12,0.0,4.88,1
2024-01-18 03:00:00,3,3,1,18,0,-2.22,0.12,0.0,9.14,1
2024-01-18 04:00:00,4,3,1,18,0,-2.87,0.12,0.0,2.5,1
2024-01-18 05:00:00,5,3,1,18,0,3.25,0.12,0.0,3.84,1
2024-01-18 06:00:00,6,3,1,18,0,2.16,0.12,0.0,8.78,1
2024-01-18 07:00:00,7,3,1,18,0,1.03,0.22,14.47,19.03,1
2024-01-18 08:00:00,8,3,1,18,0,6.83,0.22,36.38,31.4,2
2024-01-18 09:00:00,9,3,1,18,0,5.26,0.22,78.94,39.37,3
2024-01-18 10:00:00,10,3,1,18,0,8.68,0.22,89.37,36.36,2
2024-01-18 11:00:00,11,3,1,18,0,7.66,0.22,99.94,30.32,3
2024-01-18 12:00:00,12,3,1,18,0,12.68,0.22,128.09,26.48,2
2024-01-18 13:00:00,13,3,1,18,0,12.87,0.22,90.03,21.31,1
2024-01-18 14:00:00,14,3,1,18,0,9.36,0.22,102.18,27.48,2
2024-01-18 15:00:00,15,3,1,18,0,11.97,0.22,78.94,40.06,3
2024-01-18 16:00:00,16,3,1,18,0,11.15,0.38,44.5,51.24,4
2024-01-18 17:00:00,17,3,1,18,0,12.09,0.38,16.72,57.31,4
2024-01-18 18:00:00,18,3,1,18,0,6.63,0.38,0.0,67.63,5
2024-01-18 19:00:00,19,3,1,18,0,8.9,0.38,0.0,54.58,4
2024-01-18 20:00:00,20,3,1,18,0,8.44,0.38,0.0,40.86,3
2024-01-18 21:00:00,21,3,1,18,0,1.51,0.38,0.0,35.25,3
2024-01-18 22:00:00,22,3,1,18,0,1.37,0.22,0.0,22.72,2
2024-01-18 23:00:00,23,3,1,18,0,-1.55,0.22,0.0,16.3,1
2024-01-19 00:00:00,0,4,1,19,0,0.97,0.12,0.0,2.5,1
2024-01-19 01:00:00,1,4,1,19,0,2.15,0.12,0.0,5.99,1
2024-01-19 02:00:00,2,4,1,19,0,3.22,0.12,0.0,2.5,1
2024-01-19 03:00:00,3,4,1,19,0,0.19,0.12,0.0,2.5,1
2024-01-19 04:00:00,4,4,1,19,0,3.47,0.12,0.0,12.9,1
2024-01-19 05:00:00,5,4,1,19,0,-2.05,0.12,0.0,10.07,1
2024-01-19 06:00:00,6,4,1,19,0,-1.9,0.12,0.0,16.23,1
2024-01-19 07:00:00,7,4,1,19,0,2.43,0.22,16.27,29.48,2
2024-01-19 08:00:00,8,4,1,19,0,4.51,0.22,47.12,37.32,3
2024-01-19 09:00:00,9,4,1,19,0,4.98,0.22,59.44,45.96,3
2024-01-19 10:00:00,10,4,1,19,0,2.2,0.22,107.42,39.42,3
2024-01-19 11:00:00,11,4,1,19,0,7.36,0.22,126.53,35.0,3
2024-01-19 12:00:00,12,4,1,19,0,5.97,0.22,129.51,19.01,2
2024-01-19 13:00:00,13,4,1,19,0,10.71,0.22,123.35,22.31,2
2024-01-19 14:00:00,14,4,1,19,0,10.6,0.22,96.71,26.94,2
2024-01-19 15:00:00,15,4,1,19,0,8.16,0.22,64.75,30.33,2
2024-01-19 16:00:00,16,4,1,19,0,8.84,0.38,45.77,36.72,3
2024-01-19 17:00:00,17,4,1,19,0,7.25,0.38,12.27,53.09,4
2024-01-19 18:00:00,18,4,1,19,0,8.45,0.38,0.0,60.55,4
2024-01-19 19:00:00,19,4,1,19,0,9.45,0.38,0.0,56.3,4
2024-01-19 20:00:00,20,4,1,19,0,4.36,0.38,0.0,55.44,4
2024-01-19 21:00:00,21,4,1,19,0,6.05,0.38,0.0,29.94,2
2024-01-19 22:00:00,22,4,1,19,0,2.69,0.22,0.0,25.08,2
2024-01-19 23:00:00,23,4,1,19,0,0.96,0.22,0.0,14.92,1
2024-01-20 00:00:00,0,5,1,20,1,1.31,0.1,0.0,15.15,1
2024-01-20 01:00:00,1,5,1,20,1,-1.34,0.1,0.0,10.59,1
2024-01-20 02:00:00,2,5,1,20,1,-0.88,0.1,0.0,17.83,2
2024-01-20 03:00:00,3,5,1,20,1,-2.34,0.1,0.0,2.8,1
2024-01-20 04:00:00,4,5,1,20,1,4.16,0.1,0.0,9.5,1
2024-01-20 05:00:00,5,5,1,20,1,0.8,0.1,0.0,9.38,1
2024-01-20 06:00:00,6,5,1,20,1,0.12,0.1,0.0,3.8,1
2024-01-20 07:00:00,7,5,1,20,1,2.99,0.1,14.23,10.59,1
2024-01-20 08:00:00,8,5,1,20,1,3.54,0.1,29.79,14.61,1
2024-01-20 09:00:00,9,5,1,20,1,4.62,0.1,67.22,28.01,2
2024-01-20 10:00:00,10,5,1,20,1,7.58,0.15,80.83,39.77,3
2024-01-20 11:00:00,11,5,1,20,1,9.07,0.15,113.01,39.93,3
2024-01-20 12:00:00,12,5,1,20,1,7.53,0.15,102.49,44.78,3
2024-01-20 13:00:00,13,5,1,20,1,8.24,0.15,113.39,48.94,3
2024-01-20 14:00:00,14,5,1,20,1,9.34,0.15,93.04,65.17,5
2024-01-20 15:00:00,15,5,1,20,1,5.45,0.15,79.57,50.19,4
2024-01-20 16:00:00,16,5,1,20,1,6.86,0.15,44.46,41.92,3
2024-01-20 17:00:00,17,5,1,20,1,12.12,0.15,11.62,44.45,3
2024-01-20 18:00:00,18,5,1,20,1,11.88,0.15,0.0,38.11,3
2024-01-20 19:00:00,19,5,1,20,1,7.06,0.1,0.0,41.04,3
2024-01-20 20:00:00,20,5,1,20,1,7.51,0.1,0.0,33.44,2
2024-01-20 21:00:00,21,5,1,20,1,5.68,0.1,0.0,23.52,2
2024-01-20 22:00:00,22,5,1,20,1,9.92,0.1,0.0,12.18,1
2024-01-20 23:00:00,23,5,1,20,1,4.8,0.1,0.0,11.85,1
2024-01-21 00:00:00,0,6,1,21,1,1.29,0.1,0.0,6.66,1
2024-01-21 01:00:00,1,6,1,21,1,-1.16,0.1,0.0,7.46,1
2024-01-21 02:00:00,2,6,1,21,1,-2.96,0.1,0.0,6.21,1
2024-01-21 03:00:00,3,6,1,21,1,0.48,0.1,0.0,11.81,1
2024-01-21 04:00:00,4,6,1,21,1,-1.26,0.1,0.0,14.18,1
2024-01-21 05:00:00,5,6,1,21,1,-2.1,0.1,0.0,4.84,1
2024-01-21 06:00:00,6,6,1,21,1,0.25,0.1,0.0,14.5,1
2024-01-21 07:00:00,7,6,1,21,1,0.41,0.1,12.24,20.38,2
2024-01-21 08:00:00,8,6,1,21,1,7.16,0.1,47.51,33.49,3
2024-01-21 09:00:00,9,6,1,21,1,6.84,0.1,70.69,26.09,2
2024-01-21 10:00:00,10,6,1,21,1,6.36,0.15,88.95,30.7,2
2024-01-21 11:00:00,11,6,1,21,1,10.54,0.15,114.82,45.93,4
2024-01-21 12:00:00,12,6,1,21,1,8.77,0.15,130.09,47.14,4
2024-01-21 13:00:00,13,6,1,21,1,7.69,0.15,127.58,60.16,5
2024-01-21 14:00:00,14,6,1,21,1,12.95,0.15,99.38,54.27,4
2024-01-21 15:00:00,15,6,1,21,1,11.16,0.15,61.78,49.88,3
2024-01-21 16:00:00,16,6,1,21,1,7.83,0.15,42.13,50.38,4
2024-01-21 17:00:00,17,6,1,21,1,9.03,0.15,17.69,45.74,4
2024-01-21 18:00:00,18,6,1,21,1,6.86,0.15,0.0,42.19,3
2024-01-21 19:00:00,19,6,1,21,1,4.81,0.1,0.0,34.38,2
2024-01-21 20:00:00,20,6,1,21,1,8.22,0.1,0.0,39.4,3
2024-01-21 21:00:00,21,6,1,21,1,8.9,0.1,0.0,30.91,2
2024-01-21 22:00:00,22,6,1,21,1,0.99,0.1,0.0,20.89,2
2024-01-21 23:00:00,23,6,1,21,1,3.7,0.1,0.0,15.16,1
2024-01-22 00:00:00,0,0,1,22,0,0.26,0.12,0.0,2.5,1
2024-01-22 01:00:00,1,0,1,22,0,-0.2,0.12,0.0,2.5,1
2024-01-22 02:00:00,2,0,1,22,0,-0.91,0.12,0.0,6.59,1
2024-01-22 03:00:00,3,0,1,22,0,-1.63,0.12,0.0,5.19,1
2024-01-22 04:00:00,4,0,1,22,0,0.37,0.12,0.0,7.2,1
2024-01-22 05:00:00,5,0,1,22,0,-0.89,0.12,0.0,2.5,1
2024-01-22 06:00:00,6,0,1,22,0,2.11,0.12,0.0,18.85,2
2024-01-22 07:00:00,7,0,1,22,0,2.5,0.22,16.41,20.83,1
2024-01-22 08:00:00,8,0,1,22,0,3.33,0.22,34.99,28.1,2
2024-01-22 09:00:00,9,0,1,22,0,3.29,0.22,52.86,37.91,3
2024-01-22 10:00:00,10,0,1,22,0,5.24,0.22,85.03,49.75,3
2024-01-22 11:00:00,11,0,1,22,0,9.11,0.22,128.12,39.6,3
2024-01-22 12:00:00,12,0,1,22,0,9.64,0.22,124.18,18.23,1
2024-01-22 13:00:00,13,0,1,22,0,7.48,0.22,121.95,19.99,2
2024-01-22 14:00:00,14,0,1,22,0,10.13,0.22,105.36,23.99,2
2024-01-22 15:00:00,15,0,1,22,0,11.6,0.22,64.92,40.01,3
2024-01-22 16:00:00,16,0,1,22,0,6.59,0.38,47.72,41.34,4
2024-01-22 17:00:00,17,0,1,22,0,10.52,0.38,14.29,42.79,3
2024-01-22 18:00:00,18,0,1,22,0,7.31,0.38,0.0,55.54,4
2024-01-22 19:00:00,19,0,1,22,0,8.74,0.38,0.0,53.4,4
2024-01-22 20:00:00,20,0,1,22,0,4.87,0.38,0.0,45.43,3
2024-01-22 21:00:00,21,0,1,22,0,1.49,0.38,0.0,33.21,2
2024-01-22 22:00:00,22,0,1,22,0,0.55,0.22,0.0,25.65,2
2024-01-22 23:00:00,23,0,1,22,0,2.7,0.22,0.0,18.89,1
2024-01-23 00:00:00,0,1,1,23,0,2.11,0.12,0.0,4.41,1
2024-01-23 01:00:00,1,1,1,23,0,-1.01,0.12,0.0,5.11,1
2024-01-23 02:00:00,2,1,1,23,0,1.57,0.12,0.0,9.56,1
2024-01-23 03:00:00,3,1,1,23,0,-3.2,0.12,0.0,7.98,1
2024-01-23 04:00:00,4,1,1,23,0,0.16,0.12,0.0,10.58,1
2024-01-23 05:00:00,5,1,1,23,0,-1.63,0.12,0.0,5.55,1
2024-01-23 06:00:00,6,1,1,23,0,0.29,0.12,0.0,15.66,1
2024-01-23 07:00:00,7,1,1,23,0,2.72,0.22,15.08,24.33,2
2024-01-23 08:00:00,8,1,1,23,0,2.11,0.22,39.88,35.87,3
2024-01-23 09:00:00,9,1,1,23,0,4.36,0.22,56.29,39.97,3
2024-01-23 10:00:00,10,1,1,23,0,8.43,0.22,79.03,46.97,4
2024-01-23 11:00:00,11,1,1,23,0,6.47,0.22,128.68,28.64,2
2024-01-23 12:00:00,12,1,1,23,0,10.33,0.22,111.58,31.07,2
2024-01-23 13:00:00,13,1,1,23,0,7.2,0.22,113.58,35.81,2
2024-01-23 14:00:00,14,1,1,23,0,11.02,0.22,69.34,21.17,2
2024-01-23 15:00:00,15,1,1,23,0,13.01,0.22,58.18,26.96,2
2024-01-23 16:00:00,16,1,1,23,0,5.01,0.38,45.68,30.52,3
2024-01-23 17:00:00,17,1,1,23,0,7.86,0.38,16.52,54.24,4
2024-01-23 18:00:00,18,1,1,23,0,9.82,0.38,0.0,61.67,5
2024-01-23 19:00:00,19,1,1,23,0,7.22,0.38,0.0,50.73,5
2024-01-23 20:00:00,20,1,1,23,0,7.16,0.38,0.0,50.99,3
2024-01-23 21:00:00,21,1,1,23,0,3.92,0.38,0.0,31.41,2
2024-01-23 22:00:00,22,1,1,23,0,4.01,0.22,0.0,25.89,2
2024-01-23 23:00:00,23,1,1,23,0,2.32,0.22,0.0,21.37,2
2024-01-24 00:00:00,0,2,1,24,0,3.96,0.12,0.0,7.23,1
2024-01-24 01:00:00,1,2,1,24,0,1.33,0.12,0.0,2.5,1
2024-01-24 02:00:00,2,2,1,24,0,1.0,0.12,0.0,5.94,1
2024-01-24 03:00:00,3,2,1,24,0,-0.67,0.12,0.0,4.02,1
2024-01-24 04:00:00,4,2,1,24,0,-0.65,0.12,0.0,10.69,1
2024-01-24 05:00:00,5,2,1,24,0,-0.04,0.12,0.0,10.89,1
2024-01-24 06:00:00,6,2,1,24,0,2.41,0.12,0.0,17.03,1
2024-01-24 07:00:00,7,2,1,24,0,1.81,0.22,16.77,21.05,2
2024-01-24 08:00:00,8,2,1,24,0,4.44,0.22,39.38,31.59,2
2024-01-24 09:00:00,9,2,1,24,0,9.31,0.22,80.96,42.04,3
2024-01-24 10:00:00,10,2,1,24,0,8.19,0.22,109.73,43.54,3
2024-01-24 11:00:00,11,2,1,24,0,7.0,0.22,114.26,41.1,4
2024-01-24 12:00:00,12,2,1,24,0,11.09,0.22,136.16,18.61,1
2024-01-24 13:00:00,13,2,1,24,0,8.67,0.22,129.26,23.22,2
2024-01-24 14:00:00,14,2,1,24,0,5.91,0.22,97.55,31.3,2
2024-01-24 15:00:00,15,2,1,24,0,8.14,0.22,80.96,35.79,3
2024-01-24 16:00:00,16,2,1,24,0,6.24,0.38,42.18,38.9,3
2024-01-24 17:00:00,17,2,1,24,0,8.78,0.38,15.32,53.65,5
2024-01-24 18:00:00,18,2,1,24,0,8.73,0.38,0.0,51.12,3
2024-01-24 19:00:00,19,2,1,24,0,11.01,0.38,0.0,58.68,4
2024-01-24 20:00:00,20,2,1,24,0,7.1,0.38,0.0,52.87,5
2024-01-24 21:00:00,21,2,1,24,0,4.72,0.38,0.0,29.71,3
2024-01-24 22:00:00,22,2,1,24,0,5.52,0.22,0.0,27.23,2
2024-01-24 23:00:00,23,2,1,24,0,-1.77,0.22,0.0,20.88,1
2024-01-25 00:00:00,0,3,1,25,0,2.12,0.12,0.0,10.25,1
2024-01-25 01:00:00,1,3,1,25,0,2.4,0.12,0.0,2.5,1
2024-01-25 02:00:00,2,3,1,25,0,-2.6,0.12,0.0,3.13,1
2024-01-25 03:00:00,3,3,1,25,0,2.47,0.12,0.0,2.5,1
2024-01-25 04:00:00,4,3,1,25,0,1.03,0.12,0.0,14.79,1
2024-01-25 05:00:00,5,3,1,25,0,0.03,0.12,0.0,7.48,1
2024-01-25 06:00:00,6,3,1,25,0,2.92,0.12,0.0,11.01,1
2024-01-25 07:00:00,7,3,1,25,0,7.23,0.22,14.4,19.31,1
2024-01-25 08:00:00,8,3,1,25,0,4.26,0.22,47.22,33.11,3
2024-01-25 09:00:00,9,3,1,25,0,5.68,0.22,81.33,47.42,4
2024-01-25 10:00:00,10,3,1,25,0,5.56,0.22,87.9,34.71,3
2024-01-25 11:00:00,11,3,1,25,0,5.99,0.22,129.85,40.41,3
2024-01-25 12:00:00,12,3,1,25,0,10.38,0.22,111.35,19.49,1
2024-01-25 13:00:00,13,3,1,25,0,7.8,0.22,100.99,38.92,3
2024-01-25 14:00:00,14,3,1,25,0,10.16,0.22,100.92,23.09,2
2024-01-25 15:00:00,15,3,1,25,0,9.23,0.22,78.56,42.12,3
2024-01-25 16:00:00,16,3,1,25,0,10.97,0.38,47.85,45.76,3
2024-01-25 17:00:00,17,3,1,25,0,10.18,0.38,13.77,56.44,4
2024-01-25 18:00:00,18,3,1,25,0,10.8,0.38,0.0,54.89,5
2024-01-25 19:00:00,19,3,1,25,0,6.67,0.38,0.0,50.03,3
2024-01-25 20:00:00,20,3,1,25,0,5.94,0.38,0.0,47.96,3
2024-01-25 21:00:00,21,3,1,25,0,3.23,0.38,0.0,31.73,2
2024-01-25 22:00:00,22,3,1,25,0,3.0,0.22,0.0,34.69,3
2024-01-25 23:00:00,23,3,1,25,0,3.44,0.22,0.0,16.33,1
2024-01-26 00:00:00,0,4,1,26,0,3.2,0.12,0.0,5.47,1
2024-01-26 01:00:00,1,4,1,26,0,-0.95,0.12,0.0,2.52,1
2024-01-26 02:00:00,2,4,1,26,0,2.13,0.12,0.0,3.46,1
2024-01-26 03:00:00,3,4,1,26,0,2.93,0.12,0.0,8.56,1
2024-01-26 04:00:00,4,4,1,26,0,1.22,0.12,0.0,8.36,1
2024-01-26 05:00:00,5,4,1,26,0,4.64,0.12,0.0,12.67,1
2024-01-26 06:00:00,6,4,1,26,0,0.14,0.12,0.0,20.58,2
2024-01-26 07:00:00,7,4,1,26,0,0.23,0.22,17.66,30.94,3
2024-01-26 08:00:00,8,4,1,26,0,0.37,0.22,39.33,33.23,2
2024-01-26 09:00:00,9,4,1,26,0,8.21,0.22,68.8,43.59,4
2024-01-26 10:00:00,10,4,1,26,0,7.82,0.22,67.95,40.36,3
2024-01-26 11:00:00,11,4,1,26,0,7.61,0.22,129.61,25.43,2
2024-01-26 12:00:00,12,4,1,26,0,9.32,0.22,134.46,27.41,2
2024-01-26 13:00:00,13,4,1,26,0,7.3,0.22,114.88,31.41,2
2024-01-26 14:00:00,14,4,1,26,0,14.94,0.22,77.16,28.37,2
2024-01-26 15:00:00,15,4,1,26,0,10.48,0.22,81.71,27.13,2
2024-01-26 16:00:00,16,4,1,26,0,10.27,0.38,38.87,33.94,3
2024-01-26 17:00:00,17,4,1,26,0,11.0,0.38,14.94,49.52,4
2024-01-26 18:00:00,18,4,1,26,0,9.72,0.38,0.0,51.35,3
2024-01-26 19:00:00,19,4,1,26,0,8.17,0.38,0.0,58.25,4
2024-01-26 20:00:00,20,4,1,26,0,4.93,0.38,0.0,47.03,4
2024-01-26 21:00:00,21,4,1,26,0,6.16,0.38,0.0,39.46,3
2024-01-26 22:00:00,22,4,1,26,0,7.69,0.22,0.0,24.16,2
2024-01-26 23:00:00,23,4,1,26,0,5.41,0.22,0.0,16.66,1
2024-01-27 00:00:00,0,5,1,27,1,4.91,0.1,0.0,4.41,1
2024-01-27 01:00:00,1,5,1,27,1,-0.09,0.1,0.0,21.42,1
2024-01-27 02:00:00,2,5,1,27,1,-1.55,0.1,0.0,8.19,1
2024-01-27 03:00:00,3,5,1,27,1,0.01,0.1,0.0,3.46,1
2024-01-27 04:00:00,4,5,1,27,1,0.54,0.1,0.0,14.78,1
2024-01-27 05:00:00,5,5,1,27,1,3.12,0.1,0.0,7.57,1
2024-01-27 06:00:00,6,5,1,27,1,-1.66,0.1,0.0,17.46,1
2024-01-27 07:00:00,7,5,1,27,1,5.82,0.1,17.52,12.15,1
2024-01-27 08:00:00,8,5,1,27,1,3.65,0.1,48.81,12.12,1
2024-01-27 09:00:00,9,5,1,27,1,4.41,0.1,71.33,21.68,2
2024-01-27 10:00:00,10,5,1,27,1,4.53,0.15,72.96,32.93,2
2024-01-27 11:00:00,11,5,1,27,1,4.45,0.15,114.2,37.08,3
2024-01-27 12:00:00,12,5,1,27,1,10.44,0.15,105.08,47.62,3
2024-01-27 13:00:00,13,5,1,27,1,9.74,0.15,103.83,58.78,4
2024-01-27 14:00:00,14,5,1,27,1,7.51,0.15,81.33,57.41,5
2024-01-27 15:00:00,15,5,1,27,1,7.67,0.15,67.54,53.82,4
2024-01-27 16:00:00,16,5,1,27,1,9.42,0.15,39.46,48.63,3
2024-01-27 17:00:00,17,5,1,27,1,12.93,0.15,10.81,55.91,4
2024-01-27 18:00:00,18,5,1,27,1,8.28,0.15,0.0,44.67,3
2024-01-27 19:00:00,19,5,1,27,1,4.75,0.1,0.0,38.07,2
2024-01-27 20:00:00,20,5,1,27,1,6.06,0.1,0.0,38.35,3
2024-01-27 21:00:00,21,5,1,27,1,4.71,0.1,0.0,28.28,2
2024-01-27 22:00:00,22,5,1,27,1,-1.43,0.1,0.0,15.91,1
2024-01-27 23:00:00,23,5,1,27,1,2.65,0.1,0.0,19.84,2
2024-01-28 00:00:00,0,6,1,28,1,1.3,0.1,0.0,8.76,1
2024-01-28 01:00:00,1,6,1,28,1,2.36,0.1,0.0,9.33,1
2024-01-28 02:00:00,2,6,1,28,1,4.17,0.1,0.0,15.23,1
2024-01-28 03:00:00,3,6,1,28,1,2.55,0.1,0.0,2.72,1
2024-01-28 04:00:00,4,6,1,28,1,-0.07,0.1,0.0,5.35,1
2024-01-28 05:00:00,5,6,1,28,1,-1.24,0.1,0.0,17.51,1
2024-01-28 06:00:00,6,6,1,28,1,6.91,0.1,0.0,6.96,1
2024-01-28 07:00:00,7,6,1,28,1,2.92,0.1,18.27,14.08,1
2024-01-28 08:00:00,8,6,1,28,1,4.03,0.1,45.17,27.81,2
2024-01-28 09:00:00,9,6,1,28,1,5.25,0.1,69.03,21.16,2
2024-01-28 10:00:00,10,6,1,28,1,6.99,0.15,95.07,26.22,2
2024-01-28 11:00:00,11,6,1,28,1,7.51,0.15,116.53,36.96,3
2024-01-28 12:00:00,12,6,1,28,1,7.69,0.15,103.06,49.21,3
2024-01-28 13:00:00,13,6,1,28,1,8.54,0.15,103.78,52.84,4
2024-01-28 14:00:00,14,6,1,28,1,10.06,0.15,74.44,53.46,4
2024-01-28 15:00:00,15,6,1,28,1,9.21,0.15,63.46,51.25,3
2024-01-28 16:00:00,16,6,1,28,1,8.7,0.15,43.72,46.52,4
2024-01-28 17:00:00,17,6,1,28,1,9.84,0.15,16.73,45.27,4
2024-01-28 18:00:00,18,6,1,28,1,8.32,0.15,0.0,46.02,3
2024-01-28 19:00:00,19,6,1,28,1,10.81,0.1,0.0,44.87,3
2024-01-28 20:00:00,20,6,1,28,1,1.29,0.1,0.0,38.37,3
2024-01-28 21:00:00,21,6,1,28,1,7.48,0.1,0.0,23.38,2
2024-01-28 22:00:00,22,6,1,28,1,6.5,0.1,0.0,16.6,1
2024-01-28 23:00:00,23,6,1,28,1,-1.35,0.1,0.0,18.37,2
2024-01-29 00:00:00,0,0,1,29,0,1.12,0.12,0.0,10.38,1
2024-01-29 01:00:00,1,0,1,29,0,0.27,0.12,0.0,18.08,1
2024-01-29 02:00:00,2,0,1,29,0,-2.3,0.12,0.0,4.41,1
2024-01-29 03:00:00,3,0,1,29,0,-1.21,0.12,0.0,2.5,1
2024-01-29 04:00:00,4,0,1,29,0,-1.71,0.12,0.0,7.1,1
2024-01-29 05:00:00,5,0,1,29,0,4.52,0.12,0.0,11.62,1
2024-01-29 06:00:00,6,0,1,29,0,3.68,0.12,0.0,20.42,1
2024-01-29 07:00:00,7,0,1,29,0,5.39,0.22,14.64,21.48,2
2024-01-29 08:00:00,8,0,1,29,0,5.49,0.22,49.29,36.53,2
2024-01-29 09:00:00,9,0,1,29,0,3.08,0.22,49.36,46.36,4
2024-01-29 10:00:00,10,0,1,29,0,5.59,0.22,91.71,38.5,3
2024-01-29 11:00:00,11,0,1,29,0,8.82,0.22,129.46,29.82,2
2024-01-29 12:00:00,12,0,1,29,0,6.43,0.22,117.76,27.07,2
2024-01-29 13:00:00,13,0,1,29,0,11.1,0.22,103.43,16.43,1
2024-01-29 14:00:00,14,0,1,29,0,9.69,0.22,104.82,18.76,2
2024-01-29 15:00:00,15,0,1,29,0,9.59,0.22,81.96,30.97,3
2024-01-29 16:00:00,16,0,1,29,0,11.59,0.38,44.62,51.55,4
2024-01-29 17:00:00,17,0,1,29,0,10.56,0.38,14.39,50.0,4
2024-01-29 18:00:00,18,0,1,29,0,8.16,0.38,0.0,69.82,5
2024-01-29 19:00:00,19,0,1,29,0,10.16,0.38,0.0,55.8,5
2024-01-29 20:00:00,20,0,1,29,0,4.47,0.38,0.0,54.31,4
2024-01-29 21:00:00,21,0,1,29,0,6.57,0.38,0.0,32.32,2
2024-01-29 22:00:00,22,0,1,29,0,5.23,0.22,0.0,24.13,2
2024-01-29 23:00:00,23,0,1,29,0,2.22,0.22,0.0,12.99,1
2024-01-30 00:00:00,0,1,1,30,0,2.51,0.12,0.0,11.95,1
2024-01-30 01:00:00,1,1,1,30,0,-1.44,0.12,0.0,2.5,1
2024-01-30 02:00:00,2,1,1,30,0,2.41,0.12,0.0,2.5,1
2024-01-30 03:00:00,3,1,1,30,0,0.02,0.12,0.0,11.4,1
2024-01-30 04:00:00,4,1,1,30,0,-0.49,0.12,0.0,2.63,1
2024-01-30 05:00:00,5,1,1,30,0,3.16,0.12,0.0,13.18,1
2024-01-30 06:00:00,6,1,1,30,0,0.44,0.12,0.0,14.67,1
2024-01-30 07:00:00,7,1,1,30,0,0.07,0.22,18.45,46.19,3
2024-01-30 08:00:00,8,1,1,30,0,0.98,0.22,49.27,49.85,3
2024-01-30 09:00:00,9,1,1,30,0,6.6,0.22,83.31,65.96,5
2024-01-30 10:00:00,10,1,1,30,0,4.12,0.22,100.12,34.74,2
2024-01-30 11:00:00,11,1,1,30,0,11.4,0.22,121.64,30.79,2
2024-01-30 12:00:00,12,1,1,30,0,4.76,0.22,118.8,18.79,1
2024-01-30 13:00:00,13,1,1,30,0,13.11,0.22,112.46,25.68,2
2024-01-30 14:00:00,14,1,1,30,0,10.64,0.22,85.25,21.66,1
2024-01-30 15:00:00,15,1,1,30,0,10.2,0.22,74.15,32.56,2
2024-01-30 16:00:00,16,1,1,30,0,9.13,0.38,38.9,30.28,3
2024-01-30 17:00:00,17,1,1,30,0,10.52,0.38,17.21,41.11,4
2024-01-30 18:00:00,18,1,1,30,0,8.85,0.38,0.0,51.81,4
2024-01-30 19:00:00,19,1,1,30,0,10.1,0.38,0.0,52.0,4
2024-01-30 20:00:00,20,1,1,30,0,6.91,0.38,0.0,55.72,4
2024-01-30 21:00:00,21,1,1,30,0,5.69,0.38,0.0,32.5,3
2024-01-30 22:00:00,22,1,1,30,0,3.37,0.22,0.0,29.28,2
2024-01-30 23:00:00,23,1,1,30,0,2.77,0.22,0.0,9.34,1
2024-01-31 00:00:00,0,2,1,31,0,2.52,0.12,0.0,7.09,1
2024-01-31 01:00:00,1,2,1,31,0,-2.31,0.12,0.0,7.14,1
2024-01-31 02:00:00,2,2,1,31,0,-2.09,0.12,0.0,10.07,1
2024-01-31 03:00:00,3,2,1,31,0,1.92,0.12,0.0,6.67,1
2024-01-31 04:00:00,4,2,1,31,0,0.95,0.12,0.0,19.91,2
2024-01-31 05:00:00,5,2,1,31,0,0.74,0.12,0.0,7.51,1
2024-01-31 06:00:00,6,2,1,31,0,1.94,0.12,0.0,11.68,1
2024-01-31 07:00:00,7,2,1,31,0,3.63,0.22,16.37,28.84,2
2024-01-31 08:00:00,8,2,1,31,0,3.06,0.22,49.79,38.1,3
2024-01-31 09:00:00,9,2,1,31,0,3.88,0.22,61.55,38.44,2
2024-01-31 10:00:00,10,2,1,31,0,7.12,0.22,113.49,41.81,3
2024-01-31 11:00:00,11,2,1,31,0,5.98,0.22,132.1,37.52,2
2024-01-31 12:00:00,12,2,1,31,0,9.79,0.22,122.72,26.8,2
2024-01-31 13:00:00,13,2,1,31,0,6.36,0.22,115.25,24.16,2
2024-01-31 14:00:00,14,2,1,31,0,12.33,0.22,106.41,20.34,1
2024-01-31 15:00:00,15,2,1,31,0,11.38,0.22,83.73,30.68,3
2024-01-31 16:00:00,16,2,1,31,0,10.78,0.38,44.42,33.55,3
2024-01-31 17:00:00,17,2,1,31,0,11.73,0.38,16.64,51.55,4
2024-01-31 18:00:00,18,2,1,31,0,12.3,0.38,0.0,50.13,4
2024-01-31 19:00:00,19,2,1,31,0,9.97,0.38,0.0,50.03,5
2024-01-31 20:00:00,20,2,1,31,0,3.05,0.38,0.0,44.06,3
2024-01-31 21:00:00,21,2,1,31,0,2.88,0.38,0.0,32.16,2
2024-01-31 22:00:00,22,2,1,31,0,2.89,0.22,0.0,21.83,2
2024-01-31 23:00:00,23,2,1,31,0,2.99,0.22,0.0,13.75,1
2024-02-01 00:00:00,0,3,2,32,0,2.99,0.12,0.0,3.97,1
2024-02-01 01:00:00,1,3,2,32,0,-0.29,0.12,0.0,11.38,1
2024-02-01 02:00:00,2,3,2,32,0,1.03,0.12,0.0,2.5,1
2024-02-01 03:00:00,3,3,2,32,0,-1.02,0.12,0.0,2.83,1
2024-02-01 04:00:00,4,3,2,32,0,-0.56,0.12,0.0,9.61,1
2024-02-01 05:00:00,5,3,2,32,0,-1.65,0.12,0.0,13.7,1
2024-02-01 06:00:00,6,3,2,32,0,0.11,0.12,0.0,16.44,1
2024-02-01 07:00:00,7,3,2,32,0,0.29,0.22,14.19,28.52,2
2024-02-01 08:00:00,8,3,2,32,0,2.24,0.22,41.55,30.61,2
2024-02-01 09:00:00,9,3,2,32,0,7.6,0.22,75.2,46.28,3
2024-02-01 10:00:00,10,3,2,32,0,4.88,0.22,101.02,30.59,2
2024-02-01 11:00:00,11,3,2,32,0,13.25,0.22,134.36,30.58,3
2024-02-01 12:00:00,12,3,2,32,0,10.01,0.22,141.54,28.03,2
2024-02-01 13:00:00,13,3,2,32,0,10.19,0.22,104.44,24.26,2
2024-02-01 14:00:00,14,3,2,32,0,8.6,0.22,101.9,23.65,2
2024-02-01 15:00:00,15,3,2,32,0,11.89,0.22,80.87,34.31,3
2024-02-01 16:00:00,16,3,2,32,0,9.17,0.38,50.04,34.83,3
2024-02-01 17:00:00,17,3,2,32,0,10.06,0.38,18.01,63.74,4
2024-02-01 18:00:00,18,3,2,32,0,14.15,0.38,0.0,49.83,4
2024-02-01 19:00:00,19,3,2,32,0,7.8,0.38,0.0,59.75,4
2024-02-01 20:00:00,20,3,2,32,0,9.08,0.38,0.0,48.39,4
2024-02-01 21:00:00,21,3,2,32,0,4.08,0.38,0.0,34.65,2
2024-02-01 22:00:00,22,3,2,32,0,4.13,0.22,0.0,22.56,2
2024-02-01 23:00:00,23,3,2,32,0,6.53,0.22,0.0,16.96,1
2024-02-02 00:00:00,0,4,2,33,0,0.75,0.12,0.0,5.36,1
2024-02-02 01:00:00,1,4,2,33,0,4.84,0.12,0.0,2.5,1
2024-02-02 02:00:00,2,4,2,33,0,2.13,0.12,0.0,8.94,1
2024-02-02 03:00:00,3,4,2,33,0,-0.58,0.12,0.0,7.92,1
2024-02-02 04:00:00,4,4,2,33,0,1.98,0.12,0.0,2.56,1
2024-02-02 05:00:00,5,4,2,33,0,3.16,0.12,0.0,14.72,1
2024-02-02 06:00:00,6,4,2,33,0,3.25,0.12,0.0,20.71,1
2024-02-02 07:00:00,7,4,2,33,0,-0.1,0.22,13.89,21.02,2
2024-02-02 08:00:00,8,4,2,33,0,2.8,0.22,38.95,38.56,3
2024-02-02 09:00:00,9,4,2,33,0,5.05,0.22,82.2,45.61,3
2024-02-02 10:00:00,10,4,2,33,0,6.69,0.22,114.66,33.22,2
2024-02-02 11:00:00,11,4,2,33,0,9.29,0.22,135.06,24.21,2
2024-02-02 12:00:00,12,4,2,33,0,9.43,0.22,102.25,23.6,2
2024-02-02 13:00:00,13,4,2,33,0,7.2,0.22,132.71,20.72,1
2024-02-02 14:00:00,14,4,2,33,0,11.13,0.22,91.78,25.25,2
2024-02-02 15:00:00,15,4,2,33,0,11.77,0.22,68.53,43.01,3
2024-02-02 16:00:00,16,4,2,33,0,11.49,0.38,41.48,41.81,3
2024-02-02 17:00:00,17,4,2,33,0,12.04,0.38,18.07,45.04,3
2024-02-02 18:00:00,18,4,2,33,0,10.75,0.38,0.0,56.19,4
2024-02-02 19:00:00,19,4,2,33,0,8.96,0.38,0.0,55.29,4
2024-02-02 20:00:00,20,4,2,33,0,6.7,0.38,0.0,52.22,4
2024-02-02 21:00:00,21,4,2,33,0,2.22,0.38,0.0,40.4,3
2024-02-02 22:00:00,22,4,2,33,0,5.11,0.22,0.0,25.08,2
2024-02-02 23:00:00,23,4,2,33,0,3.46,0.22,0.0,18.66,1
2024-02-03 00:00:00,0,5,2,34,1,2.61,0.1,0.0,14.35,1
2024-02-03 01:00:00,1,5,2,34,1,-1.28,0.1,0.0,11.7,1
2024-02-03 02:00:00,2,5,2,34,1,-1.39,0.1,0.0,5.08,1
2024-02-03 03:00:00,3,5,2,34,1,2.71,0.1,0.0,4.82,1
2024-02-03 04:00:00,4,5,2,34,1,0.69,0.1,0.0,2.77,1
2024-02-03 05:00:00,5,5,2,34,1,2.63,0.1,0.0,5.86,1
2024-02-03 06:00:00,6,5,2,34,1,2.12,0.1,0.0,8.09,1
2024-02-03 07:00:00,7,5,2,34,1,3.16,0.1,13.21,6.84,1
2024-02-03 08:00:00,8,5,2,34,1,6.18,0.1,31.79,14.1,1
2024-02-03 09:00:00,9,5,2,34,1,4.57,0.1,73.5,20.69,2
2024-02-03 10:00:00,10,5,2,34,1,7.09,0.15,95.47,45.57,3
2024-02-03 11:00:00,11,5,2,34,1,7.18,0.15,108.47,39.58,3
2024-02-03 12:00:00,12,5,2,34,1,8.27,0.15,143.02,49.65,4
2024-02-03 13:00:00,13,5,2,34,1,9.31,0.15,105.48,50.51,3
2024-02-03 14:00:00,14,5,2,34,1,10.88,0.15,115.26,64.38,5
2024-02-03 15:00:00,15,5,2,34,1,9.64,0.15,85.04,48.73,4
2024-02-03 16:00:00,16,5,2,34,1,12.94,0.15,32.66,42.75,3
2024-02-03 17:00:00,17,5,2,34,1,8.14,0.15,16.78,46.43,4
2024-02-03 18:00:00,18,5,2,34,1,8.76,0.15,0.0,47.9,3
2024-02-03 19:00:00,19,5,2,34,1,7.22,0.1,0.0,38.61,3
2024-02-03 20:00:00,20,5,2,34,1,9.79,0.1,0.0,31.91,2
2024-02-03 21:00:00,21,5,2,34,1,5.99,0.1,0.0,37.56,3
2024-02-03 22:00:00,22,5,2,34,1,6.37,0.1,0.0,22.18,2
2024-02-03 23:00:00,23,5,2,34,1,0.13,0.1,0.0,14.11,1
2024-02-04 00:00:00,0,6,2,35,1,2.66,0.1,0.0,7.29,1
2024-02-04 01:00:00,1,6,2,35,1,3.11,0.1,0.0,2.5,1
2024-02-04 02:00:00,2,6,2,35,1,1.0,0.1,0.0,15.32,1
2024-02-04 03:00:00,3,6,2,35,1,2.79,0.1,0.0,7.55,1
2024-02-04 04:00:00,4,6,2,35,1,-0.2,0.1,0.0,3.32,1
2024-02-04 05:00:00,5,6,2,35,1,4.15,0.1,0.0,11.81,1
2024-02-04 06:00:00,6,6,2,35,1,6.72,0.1,0.0,15.32,1
2024-02-04 07:00:00,7,6,2,35,1,2.44,0.1,18.93,12.19,1
2024-02-04 08:00:00,8,6,2,35,1,3.48,0.1,44.45,16.18,1
2024-02-04 09:00:00,9,6,2,35,1,8.57,0.1,77.12,24.46,2
2024-02-04 10:00:00,10,6,2,35,1,10.11,0.15,77.07,29.36,2
2024-02-04 11:00:00,11,6,2,35,1,7.12,0.15,107.78,37.11,3
2024-02-04 12:00:00,12,6,2,35,1,8.36,0.15,121.43,48.62,4
2024-02-04 13:00:00,13,6,2,35,1,9.43,0.15,123.52,58.41,5
2024-02-04 14:00:00,14,6,2,35,1,7.8,0.15,96.43,66.3,5
2024-02-04 15:00:00,15,6,2,35,1,8.82,0.15,64.59,52.87,5
2024-02-04 16:00:00,16,6,2,35,1,8.48,0.15,39.95,59.55,4
2024-02-04 17:00:00,17,6,2,35,1,8.46,0.15,18.93,42.43,3
2024-02-04 18:00:00,18,6,2,35,1,9.13,0.15,0.0,48.09,4
2024-02-04 19:00:00,19,6,2,35,1,8.63,0.1,0.0,38.85,3
2024-02-04 20:00:00,20,6,2,35,1,10.06,0.1,0.0,48.98,4
2024-02-04 21:00:00,21,6,2,35,1,3.66,0.1,0.0,22.69,2
2024-02-04 22:00:00,22,6,2,35,1,6.34,0.1,0.0,18.5,1
2024-02-04 23:00:00,23,6,2,35,1,2.73,0.1,0.0,6.74,1
2024-02-05 00:00:00,0,0,2,36,0,2.09,0.12,0.0,3.18,1
2024-02-05 01:00:00,1,0,2,36,0,2.74,0.12,0.0,10.98,1
2024-02-05 02:00:00,2,0,2,36,0,-1.35,0.12,0.0,9.78,1
2024-02-05 03:00:00,3,0,2,36,0,1.49,0.12,0.0,6.66,1
2024-02-05 04:00:00,4,0,2,36,0,1.23,0.12,0.0,10.7,1
2024-02-05 05:00:00,5,0,2,36,0,2.38,0.12,0.0,8.07,1
2024-02-05 06:00:00,6,0,2,36,0,2.77,0.12,0.0,25.67,2
2024-02-05 07:00:00,7,0,2,36,0,8.14,0.22,19.03,17.74,2
2024-02-05 08:00:00,8,0,2,36,0,3.16,0.22,51.11,37.11,3
2024-02-05 09:00:00,9,0,2,36,0,4.66,0.22,69.71,35.89,3
2024-02-05 10:00:00,10,0,2,36,0,5.77,0.22,106.06,34.19,3
2024-02-05 11:00:00,11,0,2,36,0,7.11,0.22,97.23,28.25,2
2024-02-05 12:00:00,12,0,2,36,0,7.99,0.22,141.52,22.97,2
2024-02-05 13:00:00,13,0,2,36,0,12.43,0.22,137.23,22.49,1
2024-02-05 14:00:00,14,0,2,36,0,13.4,0.22,103.08,25.03,2
2024-02-05 15:00:00,15,0,2,36,0,9.58,0.22,68.76,29.49,3
2024-02-05 16:00:00,16,0,2,36,0,8.89,0.38,47.18,37.18,3
2024-02-05 17:00:00,17,0,2,36,0,11.0,0.38,17.7,43.07,4
2024-02-05 18:00:00,18,0,2,36,0,8.16,0.38,0.0,60.07,4
2024-02-05 19:00:00,19,0,2,36,0,9.49,0.38,0.0,58.14,4
2024-02-05 20:00:00,20,0,2,36,0,7.42,0.38,0.0,57.09,5
2024-02-05 21:00:00,21,0,2,36,0,2.69,0.38,0.0,37.49,3
2024-02-05 22:00:00,22,0,2,36,0,7.53,0.22,0.0,28.23,2
2024-02-05 23:00:00,23,0,2,36,0,6.82,0.22,0.0,17.73,1
2024-02-06 00:00:00,0,1,2,37,0,1.03,0.12,0.0,2.5,1
2024-02-06 01:00:00,1,1,2,37,0,0.68,0.12,0.0,6.37,1
2024-02-06 02:00:00,2,1,2,37,0,1.53,0.12,0.0,3.4,1
2024-02-06 03:00:00,3,1,2,37,0,1.46,0.12,0.0,6.99,1
2024-02-06 04:00:00,4,1,2,37,0,2.28,0.12,0.0,8.5,1
2024-02-06 05:00:00,5,1,2,37,0,5.48,0.12,0.0,12.31,1
2024-02-06 06:00:00,6,1,2,37,0,1.9,0.12,0.0,18.04,1
2024-02-06 07:00:00,7,1,2,37,0,1.69,0.22,18.86,27.79,2
2024-02-06 08:00:00,8,1,2,37,0,1.74,0.22,47.28,35.18,3
2024-02-06 09:00:00,9,1,2,37,0,4.33,0.22,72.78,62.35,5
2024-02-06 10:00:00,10,1,2,37,0,7.02,0.22,106.34,40.88,3
2024-02-06 11:00:00,11,1,2,37,0,11.88,0.22,137.98,30.91,3
2024-02-06 12:00:00,12,1,2,37,0,8.29,0.22,117.97,31.54,2
2024-02-06 13:00:00,13,1,2,37,0,10.57,0.22,128.09,21.65,1
2024-02-06 14:00:00,14,1,2,37,0,10.59,0.22,102.09,20.04,2
2024-02-06 15:00:00,15,1,2,37,0,13.17,0.22,80.48,29.18,2
2024-02-06 16:00:00,16,1,2,37,0,15.67,0.38,41.19,32.91,3
2024-02-06 17:00:00,17,1,2,37,0,9.06,0.38,17.1,49.55,4
2024-02-06 18:00:00,18,1,2,37,0,8.35,0.38,0.0,59.93,5
2024-02-06 19:00:00,19,1,2,37,0,10.38,0.38,0.0,50.18,4
2024-02-06 20:00:00,20,1,2,37,0,8.45,0.38,0.0,49.87,3
2024-02-06 21:00:00,21,1,2,37,0,9.48,0.38,0.0,36.84,3
2024-02-06 22:00:00,22,1,2,37,0,5.66,0.22,0.0,35.27,2
2024-02-06 23:00:00,23,1,2,37,0,2.57,0.22,0.0,21.57,2
2024-02-07 00:00:00,0,2,2,38,0,3.5,0.12,0.0,2.5,1
2024-02-07 01:00:00,1,2,2,38,0,3.75,0.12,0.0,3.47,1
2024-02-07 02:00:00,2,2,2,38,0,2.67,0.12,0.0,3.96,1
2024-02-07 03:00:00,3,2,2,38,0,1.87,0.12,0.0,14.09,1
2024-02-07 04:00:00,4,2,2,38,0,3.16,0.12,0.0,16.64,1
2024-02-07 05:00:00,5,2,2,38,0,3.87,0.12,0.0,10.96,1
2024-02-07 06:00:00,6,2,2,38,0,5.09,0.12,0.0,9.38,1
2024-02-07 07:00:00,7,2,2,38,0,4.66,0.22,16.42,23.01,2
2024-02-07 08:00:00,8,2,2,38,0,4.23,0.22,44.16,50.36,4
2024-02-07 09:00:00,9,2,2,38,0,6.15,0.22,86.9,41.57,4
2024-02-07 10:00:00,10,2,2,38,0,9.57,0.22,115.09,30.7,2
2024-02-07 11:00:00,11,2,2,38,0,6.72,0.22,138.74,30.57,2
2024-02-07 12:00:00,12,2,2,38,0,10.13,0.22,119.89,32.02,3
2024-02-07 13:00:00,13,2,2,38,0,9.4,0.22,120.68,17.2,1
2024-02-07 14:00:00,14,2,2,38,0,10.75,0.22,84.82,20.4,2
2024-02-07 15:00:00,15,2,2,38,0,13.42,0.22,68.03,40.43,3
2024-02-07 16:00:00,16,2,2,38,0,11.07,0.38,51.67,40.74,3
2024-02-07 17:00:00,17,2,2,38,0,10.28,0.38,15.73,51.23,4
2024-02-07 18:00:00,18,2,2,38,0,6.67,0.38,0.0,48.91,4
2024-02-07 19:00:00,19,2,2,38,0,9.85,0.38,0.0,52.17,4
2024-02-07 20:00:00,20,2,2,38,0,8.44,0.38,0.0,49.36,3
2024-02-07 21:00:00,21,2,2,38,0,10.19,0.38,0.0,29.72,2
2024-02-07 22:00:00,22,2,2,38,0,3.95,0.22,0.0,27.98,2
2024-02-07 23:00:00,23,2,2,38,0,3.8,0.22,0.0,10.94,1
2024-02-08 00:00:00,0,3,2,39,0,2.89,0.12,0.0,2.5,1
2024-02-08 01:00:00,1,3,2,39,0,4.75,0.12,0.0,7.57,1
2024-02-08 02:00:00,2,3,2,39,0,0.91,0.12,0.0,5.84,1
2024-02-08 03:00:00,3,3,2,39,0,1.49,0.12,0.0,4.83,1
2024-02-08 04:00:00,4,3,2,39,0,2.32,0.12,0.0,5.87,1
2024-02-08 05:00:00,5,3,2,39,0,1.97,0.12,0.0,8.44,1
2024-02-08 06:00:00,6,3,2,39,0,1.5,0.12,0.0,9.42,1
2024-02-08 07:00:00,7,3,2,39,0,3.82,0.22,12.78,28.8,2
2024-02-08 08:00:00,8,3,2,39,0,6.78,0.22,51.96,42.89,3
2024-02-08 09:00:00,9,3,2,39,0,3.88,0.22,73.3,53.44,5
2024-02-08 10:00:00,10,3,2,39,0,7.49,0.22,93.25,39.84,3
2024-02-08 11:00:00,11,3,2,39,0,7.03,0.22,135.16,25.31,2
2024-02-08 12:00:00,12,3,2,39,0,11.86,0.22,146.96,29.16,3
2024-02-08 13:00:00,13,3,2,39,0,7.21,0.22,139.51,23.66,2
2024-02-08 14:00:00,14,3,2,39,0,9.64,0.22,111.36,26.53,2
2024-02-08 15:00:00,15,3,2,39,0,11.68,0.22,87.38,28.55,2
2024-02-08 16:00:00,16,3,2,39,0,13.89,0.38,35.02,39.45,2
2024-02-08 17:00:00,17,3,2,39,0,10.13,0.38,15.82,52.67,3
2024-02-08 18:00:00,18,3,2,39,0,8.35,0.38,0.0,55.9,4
2024-02-08 19:00:00,19,3,2,39,0,12.19,0.38,0.0,52.71,4
2024-02-08 20:00:00,20,3,2,39,0,4.33,0.38,0.0,45.31,3
2024-02-08 21:00:00,21,3,2,39,0,1.53,0.38,0.0,37.12,2
2024-02-08 22:00:00,22,3,2,39,0,5.52,0.22,0.0,23.31,1
2024-02-08 23:00:00,23,3,2,39,0,2.43,0.22,0.0,10.98,1
2024-02-09 00:00:00,0,4,2,40,0,0.43,0.12,0.0,9.86,1
2024-02-09 01:00:00,1,4,2,40,0,3.09,0.12,0.0,5.38,1
2024-02-09 02:00:00,2,4,2,40,0,1.66,0.12,0.0,6.19,1
2024-02-09 03:00:00,3,4,2,40,0,-0.12,0.12,0.0,2.83,1
2024-02-09 04:00:00,4,4,2,40,0,-1.39,0.12,0.0,2.5,1
2024-02-09 05:00:00,5,4,2,40,0,3.42,0.12,0.0,5.07,1
2024-02-09 06:00:00,6,4,2,40,0,3.77,0.12,0.0,12.48,1
2024-02-09 07:00:00,7,4,2,40,0,3.31,0.22,15.3,19.53,2
2024-02-09 08:00:00,8,4,2,40,0,8.4,0.22,39.96,33.1,3
2024-02-09 09:00:00,9,4,2,40,0,3.86,0.22,80.35,41.28,3
2024-02-09 10:00:00,10,4,2,40,0,4.25,0.22,92.74,44.43,4
2024-02-09 11:00:00,11,4,2,40,0,7.12,0.22,109.81,34.4,3
2024-02-09 12:00:00,12,4,2,40,0,9.45,0.22,113.4,27.85,2
2024-02-09 13:00:00,13,4,2,40,0,10.82,0.22,122.15,18.52,1
2024-02-09 14:00:00,14,4,2,40,0,10.35,0.22,118.3,28.27,3
2024-02-09 15:00:00,15,4,2,40,0,11.71,0.22,87.87,27.76,2
2024-02-09 16:00:00,16,4,2,40,0,8.33,0.38,41.43,42.65,3
2024-02-09 17:00:00,17,4,2,40,0,13.22,0.38,19.46,45.85,4
2024-02-09 18:00:00,18,4,2,40,0,9.37,0.38,0.0,50.52,4
2024-02-09 19:00:00,19,4,2,40,0,10.74,0.38,0.0,57.22,5
2024-02-09 20:00:00,20,4,2,40,0,7.98,0.38,0.0,50.24,4
2024-02-09 21:00:00,21,4,2,40,0,6.92,0.38,0.0,33.89,3
2024-02-09 22:00:00,22,4,2,40,0,5.85,0.22,0.0,29.94,2
2024-02-09 23:00:00,23,4,2,40,0,4.4,0.22,0.0,15.22,1
2024-02-10 00:00:00,0,5,2,41,1,3.83,0.1,0.0,3.5,1
2024-02-10 01:00:00,1,5,2,41,1,4.41,0.1,0.0,7.34,1
2024-02-10 02:00:00,2,5,2,41,1,1.64,0.1,0.0,8.3,1
2024-02-10 03:00:00,3,5,2,41,1,2.5,0.1,0.0,7.44,1
2024-02-10 04:00:00,4,5,2,41,1,1.07,0.1,0.0,3.11,1
2024-02-10 05:00:00,5,5,2,41,1,4.63,0.1,0.0,18.26,1
2024-02-10 06:00:00,6,5,2,41,1,1.19,0.1,0.0,25.69,2
2024-02-10 07:00:00,7,5,2,41,1,7.18,0.1,14.99,12.18,1
2024-02-10 08:00:00,8,5,2,41,1,4.71,0.1,47.94,17.62,1
2024-02-10 09:00:00,9,5,2,41,1,3.22,0.1,88.37,26.12,2
2024-02-10 10:00:00,10,5,2,41,1,7.63,0.15,98.15,32.15,3
2024-02-10 11:00:00,11,5,2,41,1,7.22,0.15,116.82,37.7,2
2024-02-10 12:00:00,12,5,2,41,1,11.3,0.15,140.77,53.15,4
2024-02-10 13:00:00,13,5,2,41,1,9.11,0.15,114.7,58.17,5
2024-02-10 14:00:00,14,5,2,41,1,10.02,0.15,115.02,54.2,4
2024-02-10 15:00:00,15,5,2,41,1,7.3,0.15,70.15,52.09,4
2024-02-10 16:00:00,16,5,2,41,1,10.01,0.15,52.55,48.88,4
2024-02-10 17:00:00,17,5,2,41,1,5.56,0.15,18.03,50.84,4
2024-02-10 18:00:00,18,5,2,41,1,6.45,0.15,0.0,43.7,4
2024-02-10 19:00:00,19,5,2,41,1,10.1,0.1,0.0,39.4,3
2024-02-10 20:00:00,20,5,2,41,1,8.95,0.1,0.0,28.94,2
2024-02-10 21:00:00,21,5,2,41,1,6.93,0.1,0.0,30.08,2
2024-02-10 22:00:00,22,5,2,41,1,2.85,0.1,0.0,14.92,1
2024-02-10 23:00:00,23,5,2,41,1,3.48,0.1,0.0,7.71,1
2024-02-11 00:00:00,0,6,2,42,1,2.62,0.1,0.0,10.32,1
2024-02-11 01:00:00,1,6,2,42,1,-0.49,0.1,0.0,7.82,1
2024-02-11 02:00:00,2,6,2,42,1,4.34,0.1,0.0,22.71,1
2024-02-11 03:00:00,3,6,2,42,1,2.91,0.1,0.0,2.69,1
2024-02-11 04:00:00,4,6,2,42,1,0.89,0.1,0.0,5.78,1
2024-02-11 05:00:00,5,6,2,42,1,1.88,0.1,0.0,11.89,1
2024-02-11 06:00:00,6,6,2,42,1,3.04,0.1,0.0,10.35,1
2024-02-11 07:00:00,7,6,2,42,1,-0.42,0.1,18.94,15.24,1
2024-02-11 08:00:00,8,6,2,42,1,4.37,0.1,52.33,19.18,2
2024-02-11 09:00:00,9,6,2,42,1,4.8,0.1,77.37,19.53,1
2024-02-11 10:00:00,10,6,2,42,1,5.45,0.15,109.34,33.68,3
2024-02-11 11:00:00,11,6,2,42,1,8.1,0.15,88.07,45.19,3
2024-02-11 12:00:00,12,6,2,42,1,13.29,0.15,123.98,45.47,3
2024-02-11 13:00:00,13,6,2,42,1,11.77,0.15,141.9,50.35,4
2024-02-11 14:00:00,14,6,2,42,1,9.85,0.15,99.89,52.84,4
2024-02-11 15:00:00,15,6,2,42,1,12.3,0.15,70.35,48.29,4
2024-02-11 16:00:00,16,6,2,42,1,13.79,0.15,52.85,46.01,4
2024-02-11 17:00:00,17,6,2,42,1,12.34,0.15,19.68,47.07,4
2024-02-11 18:00:00,18,6,2,42,1,9.81,0.15,0.0,50.74,4
2024-02-11 19:00:00,19,6,2,42,1,7.37,0.1,0.0,38.24,2
2024-02-11 20:00:00,20,6,2,42,1,8.85,0.1,0.0,43.93,3
2024-02-11 21:00:00,21,6,2,42,1,6.95,0.1,0.0,22.62,2
2024-02-11 22:00:00,22,6,2,42,1,6.66,0.1,0.0,21.75,1
2024-02-11 23:00:00,23,6,2,42,1,4.93,0.1,0.0,8.89,1
2024-02-12 00:00:00,0,0,2,43,0,4.8,0.12,0.0,6.82,1
2024-02-12 01:00:00,1,0,2,43,0,0.84,0.12,0.0,14.56,1
2024-02-12 02:00:00,2,0,2,43,0,4.05,0.12,0.0,8.15,1
2024-02-12 03:00:00,3,0,2,43,0,1.64,0.12,0.0,4.76,1
2024-02-12 04:00:00,4,0,2,43,0,5.56,0.12,0.0,4.83,1
2024-02-12 05:00:00,5,0,2,43,0,0.53,0.12,0.0,10.72,1
2024-02-12 06:00:00,6,0,2,43,0,6.18,0.12,0.0,18.1,1
2024-02-12 07:00:00,7,0,2,43,0,4.14,0.22,11.05,28.21,2
2024-02-12 08:00:00,8,0,2,43,0,3.64,0.22,44.9,36.15,2
2024-02-12 09:00:00,9,0,2,43,0,5.27,0.22,88.33,42.81,3
2024-02-12 10:00:00,10,0,2,43,0,6.89,0.22,97.72,35.05,3
2024-02-12 11:00:00,11,0,2,43,0,9.59,0.22,142.71,33.02,2
2024-02-12 12:00:00,12,0,2,43,0,10.82,0.22,127.66,21.53,2
2024-02-12 13:00:00,13,0,2,43,0,9.42,0.22,128.1,23.75,2
2024-02-12 14:00:00,14,0,2,43,0,11.02,0.22,86.8,23.87,2
2024-02-12 15:00:00,15,0,2,43,0,15.53,0.22,81.74,40.36,3
2024-02-12 16:00:00,16,0,2,43,0,14.53,0.38,34.15,37.44,2
2024-02-12 17:00:00,17,0,2,43,0,11.44,0.38,19.07,57.03,4
2024-02-12 18:00:00,18,0,2,43,0,9.85,0.38,0.0,54.93,4
2024-02-12 19:00:00,19,0,2,43,0,8.98,0.38,0.0,65.49,4
2024-02-12 20:00:00,20,0,2,43,0,8.76,0.38,0.0,49.25,4
2024-02-12 21:00:00,21,0,2,43,0,4.2,0.38,0.0,28.76,2
2024-02-12 22:00:00,22,0,2,43,0,4.43,0.22,0.0,24.04,2
2024-02-12 23:00:00,23,0,2,43,0,0.4,0.22,0.0,13.21,1
2024-02-13 00:00:00,0,1,2,44,0,3.59,0.12,0.0,2.5,1
2024-02-13 01:00:00,1,1,2,44,0,3.29,0.12,0.0,2.5,1
2024-02-13 02:00:00,2,1,2,44,0,0.53,0.12,0.0,3.19,1
2024-02-13 03:00:00,3,1,2,44,0,4.47,0.12,0.0,2.5,1
2024-02-13 04:00:00,4,1,2,44,0,-0.96,0.12,0.0,2.5,1
2024-02-13 05:00:00,5,1,2,44,0,-0.93,0.12,0.0,8.27,1
2024-02-13 06:00:00,6,1,2,44,0,3.24,0.12,0.0,17.3,1
2024-02-13 07:00:00,7,1,2,44,0,5.92,0.22,14.37,39.33,3
2024-02-13 08:00:00,8,1,2,44,0,8.4,0.22,34.65,42.52,3
2024-02-13 09:00:00,9,1,2,44,0,5.41,0.22,66.94,40.21,3
2024-02-13 10:00:00,10,1,2,44,0,9.78,0.22,121.86,38.47,3
2024-02-13 11:00:00,11,1,2,44,0,8.75,0.22,138.76,33.55,2
2024-02-13 12:00:00,12,1,2,44,0,9.52,0.22,136.48,23.98,2
2024-02-13 13:00:00,13,1,2,44,0,12.42,0.22,123.18,23.31,2
2024-02-13 14:00:00,14,1,2,44,0,12.46,0.22,103.62,22.45,1
2024-02-13 15:00:00,15,1,2,44,0,8.17,0.22,89.9,32.09,2
2024-02-13 16:00:00,16,1,2,44,0,14.11,0.38,43.9,37.76,2
2024-02-13 17:00:00,17,1,2,44,0,13.42,0.38,18.9,43.49,3
2024-02-13 18:00:00,18,1,2,44,0,8.61,0.38,0.0,57.87,4
2024-02-13 19:00:00,19,1,2,44,0,9.62,0.38,0.0,57.84,5
2024-02-13 20:00:00,20,1,2,44,0,8.61,0.38,0.0,49.89,3
2024-02-13 21:00:00,21,1,2,44,0,6.85,0.38,0.0,31.14,3
2024-02-13 22:00:00,22,1,2,44,0,3.93,0.22,0.0,34.85,3
2024-02-13 23:00:00,23,1,2,44,0,2.48,0.22,0.0,14.07,1
2024-02-14 00:00:00,0,2,2,45,0,2.83,0.12,0.0,2.5,1
2024-02-14 01:00:00,1,2,2,45,0,4.43,0.12,0.0,13.61,1
2024-02-14 02:00:00,2,2,2,45,0,2.67,0.12,0.0,2.5,1
2024-02-14 03:00:00,3,2,2,45,0,0.67,0.12,0.0,7.07,1
2024-02-14 04:00:00,4,2,2,45,0,3.13,0.12,0.0,3.62,1
2024-02-14 05:00:00,5,2,2,45,0,-3.61,0.12,0.0,4.22,1
2024-02-14 06:00:00,6,2,2,45,0,5.17,0.12,0.0,10.79,1
2024-02-14 07:00:00,7,2,2,45,0,0.43,0.22,16.54,32.84,2
2024-02-14 08:00:00,8,2,2,45,0,4.39,0.22,53.77,35.62,2
2024-02-14 09:00:00,9,2,2,45,0,4.17,0.22,65.52,39.62,3
2024-02-14 10:00:00,10,2,2,45,0,5.12,0.22,122.57,37.16,3
2024-02-14 11:00:00,11,2,2,45,0,11.23,0.22,144.37,26.55,2
2024-02-14 12:00:00,12,2,2,45,0,9.01,0.22,152.08,21.39,2
2024-02-14 13:00:00,13,2,2,45,0,11.44,0.22,99.53,27.28,2
2024-02-14 14:00:00,14,2,2,45,0,11.15,0.22,95.08,26.48,2
2024-02-14 15:00:00,15,2,2,45,0,12.37,0.22,90.43,32.06,2
2024-02-14 16:00:00,16,2,2,45,0,11.4,0.38,35.21,36.36,3
2024-02-14 17:00:00,17,2,2,45,0,8.18,0.38,13.76,42.39,3
2024-02-14 18:00:00,18,2,2,45,0,11.94,0.38,0.0,54.66,3
2024-02-14 19:00:00,19,2,2,45,0,7.92,0.38,0.0,59.14,4
2024-02-14 20:00:00,20,2,2,45,0,4.59,0.38,0.0,44.43,3
2024-02-14 21:00:00,21,2,2,45,0,5.56,0.38,0.0,33.65,3
2024-02-14 22:00:00,22,2,2,45,0,8.12,0.22,0.0,18.58,1
2024-02-14 23:00:00,23,2,2,45,0,5.61,0.22,0.0,21.73,2
2024-02-15 00:00:00,0,3,2,46,0,2.27,0.12,0.0,14.53,1
2024-02-15 01:00:00,1,3,2,46,0,1.47,0.12,0.0,14.55,1
2024-02-15 02:00:00,2,3,2,46,0,1.03,0.12,0.0,2.5,1
2024-02-15 03:00:00,3,3,2,46,0,5.66,0.12,0.0,10.05,1
2024-02-15 04:00:00,4,3,2,46,0,2.44,0.12,0.0,2.5,1
2024-02-15 05:00:00,5,3,2,46,0,3.03,0.12,0.0,13.78,1
2024-02-15 06:00:00,6,3,2,46,0,5.03,0.12,0.0,14.38,1
2024-02-15 07:00:00,7,3,2,46,0,4.48,0.22,16.95,22.22,2
2024-02-15 08:00:00,8,3,2,46,0,4.69,0.22,54.08,40.11,4
2024-02-15 09:00:00,9,3,2,46,0,6.11,0.22,67.71,41.6,3
2024-02-15 10:00:00,10,3,2,46,0,7.65,0.22,105.16,35.09,3
2024-02-15 11:00:00,11,3,2,46,0,8.93,0.22,130.2,34.09,3
2024-02-15 12:00:00,12,3,2,46,0,11.49,0.22,126.51,31.19,3
2024-02-15 13:00:00,13,3,2,46,0,10.94,0.22,129.55,27.28,2
2024-02-15 14:00:00,14,3,2,46,0,12.8,0.22,105.71,30.16,3
2024-02-15 15:00:00,15,3,2,46,0,11.34,0.22,64.77,28.0,2
2024-02-15 16:00:00,16,3,2,46,0,11.49,0.38,48.77,35.03,3
2024-02-15 17:00:00,17,3,2,46,0,6.84,0.38,14.51,49.05,4
2024-02-15 18:00:00,18,3,2,46,0,11.87,0.38,0.0,63.45,5
2024-02-15 19:00:00,19,3,2,46,0,9.69,0.38,0.0,51.68,4
2024-02-15 20:00:00,20,3,2,46,0,9.79,0.38,0.0,54.5,4
2024-02-15 21:00:00,21,3,2,46,0,0.71,0.38,0.0,30.47,2
2024-02-15 22:00:00,22,3,2,46,0,9.38,0.22,0.0,32.12,2
2024-02-15 23:00:00,23,3,2,46,0,3.72,0.22,0.0,21.36,2
2024-02-16 00:00:00,0,4,2,47,0,5.27,0.12,0.0,17.77,1
2024-02-16 01:00:00,1,4,2,47,0,0.18,0.12,0.0,10.67,1
2024-02-16 02:00:00,2,4,2,47,0,2.99,0.12,0.0,6.82,1
2024-02-16 03:00:00,3,4,2,47,0,-0.51,0.12,0.0,4.15,1
2024-02-16 04:00:00,4,4,2,47,0,0.52,0.12,0.0,4.29,1
2024-02-16 05:00:00,5,4,2,47,0,6.09,0.12,0.0,7.95,1
2024-02-16 06:00:00,6,4,2,47,0,2.68,0.12,0.0,13.27,1
2024-02-16 07:00:00,7,4,2,47,0,4.53,0.22,17.91,27.21,2
2024-02-16 08:00:00,8,4,2,47,0,7.04,0.22,45.51,40.16,3
2024-02-16 09:00:00,9,4,2,47,0,7.59,0.22,88.93,37.8,2
2024-02-16 10:00:00,10,4,2,47,0,8.19,0.22,124.01,43.73,4
2024-02-16 11:00:00,11,4,2,47,0,9.82,0.22,142.55,32.62,2
2024-02-16 12:00:00,12,4,2,47,0,14.94,0.22,152.43,23.36,2
2024-02-16 13:00:00,13,4,2,47,0,10.81,0.22,144.73,29.62,2
2024-02-16 14:00:00,14,4,2,47,0,11.83,0.22,117.33,22.51,2
2024-02-16 15:00:00,15,4,2,47,0,13.7,0.22,68.01,27.6,2
2024-02-16 16:00:00,16,4,2,47,0,13.63,0.38,54.4,34.11,3
2024-02-16 17:00:00,17,4,2,47,0,13.3,0.38,20.26,45.74,3
2024-02-16 18:00:00,18,4,2,47,0,11.41,0.38,0.0,61.49,4
2024-02-16 19:00:00,19,4,2,47,0,6.81,0.38,0.0,70.14,5
2024-02-16 20:00:00,20,4,2,47,0,11.15,0.38,0.0,52.62,4
2024-02-16 21:00:00,21,4,2,47,0,4.3,0.38,0.0,34.64,3
2024-02-16 22:00:00,22,4,2,47,0,5.9,0.22,0.0,19.14,1
2024-02-16 23:00:00,23,4,2,47,0,2.59,0.22,0.0,12.75,1
2024-02-17 00:00:00,0,5,2,48,1,3.02,0.1,0.0,19.08,1
2024-02-17 01:00:00,1,5,2,48,1,3.02,0.1,0.0,12.02,1
2024-02-17 02:00:00,2,5,2,48,1,2.5,0.1,0.0,2.5,1
2024-02-17 03:00:00,3,5,2,48,1,2.53,0.1,0.0,2.5,1
2024-02-17 04:00:00,4,5,2,48,1,5.09,0.1,0.0,12.06,1
2024-02-17 05:00:00,5,5,2,48,1,3.27,0.1,0.0,16.9,1
2024-02-17 06:00:00,6,5,2,48,1,2.66,0.1,0.0,6.79,1
2024-02-17 07:00:00,7,5,2,48,1,6.12,0.1,16.8,10.47,1
2024-02-17 08:00:00,8,5,2,48,1,7.77,0.1,46.97,24.02,2
2024-02-17 09:00:00,9,5,2,48,1,4.23,0.1,61.71,24.34,2
2024-02-17 10:00:00,10,5,2,48,1,9.18,0.15,107.05,31.93,3
2024-02-17 11:00:00,11,5,2,48,1,10.59,0.15,141.45,40.53,3
2024-02-17 12:00:00,12,5,2,48,1,9.63,0.15,142.52,49.69,4
2024-02-17 13:00:00,13,5,2,48,1,13.77,0.15,146.94,55.41,5
2024-02-17 14:00:00,14,5,2,48,1,11.22,0.15,105.84,67.35,5
2024-02-17 15:00:00,15,5,2,48,1,11.94,0.15,86.37,51.4,4
2024-02-17 16:00:00,16,5,2,48,1,11.17,0.15,53.36,49.17,4
2024-02-17 17:00:00,17,5,2,48,1,11.05,0.15,20.38,42.69,3
2024-02-17 18:00:00,18,5,2,48,1,8.03,0.15,0.0,44.32,4
2024-02-17 19:00:00,19,5,2,48,1,6.31,0.1,0.0,46.91,4
2024-02-17 20:00:00,20,5,2,48,1,11.17,0.1,0.0,30.57,2
2024-02-17 21:00:00,21,5,2,48,1,4.99,0.1,0.0,21.67,2
2024-02-17 22:00:00,22,5,2,48,1,3.41,0.1,0.0,23.46,2
2024-02-17 23:00:00,23,5,2,48,1,-0.12,0.1,0.0,14.72,1
2024-02-18 00:00:00,0,6,2,49,1,1.97,0.1,0.0,4.16,1
2024-02-18 01:00:00,1,6,2,49,1,-0.19,0.1,0.0,8.71,1
2024-02-18 02:00:00,2,6,2,49,1,5.24,0.1,0.0,3.58,1
2024-02-18 03:00:00,3,6,2,49,1,3.8,0.1,0.0,6.13,1
2024-02-18 04:00:00,4,6,2,49,1,0.58,0.1,0.0,7.3,1
2024-02-18 05:00:00,5,6,2,49,1,6.96,0.1,0.0,14.1,1
2024-02-18 06:00:00,6,6,2,49,1,5.21,0.1,0.0,13.34,1
2024-02-18 07:00:00,7,6,2,49,1,3.64,0.1,18.86,19.58,1
2024-02-18 08:00:00,8,6,2,49,1,0.49,0.1,45.94,18.12,2
2024-02-18 09:00:00,9,6,2,49,1,11.37,0.1,87.64,27.77,2
2024-02-18 10:00:00,10,6,2,49,1,5.3,0.15,123.38,27.03,2
2024-02-18 11:00:00,11,6,2,49,1,5.99,0.15,136.81,37.95,3
2024-02-18 12:00:00,12,6,2,49,1,12.37,0.15,121.4,44.41,3
2024-02-18 13:00:00,13,6,2,49,1,15.99,0.15,126.86,58.13,5
2024-02-18 14:00:00,14,6,2,49,1,14.38,0.15,124.7,65.5,6
2024-02-18 15:00:00,15,6,2,49,1,12.91,0.15,66.11,52.14,3
2024-02-18 16:00:00,16,6,2,49,1,12.8,0.15,34.62,52.81,4
2024-02-18 17:00:00,17,6,2,49,1,12.82,0.15,20.5,49.62,4
2024-02-18 18:00:00,18,6,2,49,1,11.84,0.15,0.0,53.44,4
2024-02-18 19:00:00,19,6,2,49,1,9.85,0.1,0.0,39.22,3
2024-02-18 20:00:00,20,6,2,49,1,8.29,0.1,0.0,33.99,3
2024-02-18 21:00:00,21,6,2,49,1,6.66,0.1,0.0,21.68,2
2024-02-18 22:00:00,22,6,2,49,1,3.98,0.1,0.0,13.33,1
2024-02-18 23:00:00,23,6,2,49,1,3.72,0.1,0.0,15.97,1
2024-02-19 00:00:00,0,0,2,50,0,-0.04,0.12,0.0,2.74,1
2024-02-19 01:00:00,1,0,2,50,0,2.36,0.12,0.0,2.71,1
2024-02-19 02:00:00,2,0,2,50,0,0.08,0.12,0.0,7.82,1
2024-02-19 03:00:00,3,0,2,50,0,-0.32,0.12,0.0,4.58,1
2024-02-19 04:00:00,4,0,2,50,0,2.41,0.12,0.0,9.93,1
2024-02-19 05:00:00,5,0,2,50,0,5.34,0.12,0.0,12.21,1
2024-02-19 06:00:00,6,0,2,50,0,5.19,0.12,0.0,15.48,1
2024-02-19 07:00:00,7,0,2,50,0,1.24,0.22,17.67,25.39,2
2024-02-19 08:00:00,8,0,2,50,0,3.61,0.22,55.38,46.38,3
2024-02-19 09:00:00,9,0,2,50,0,8.77,0.22,66.49,40.66,3
2024-02-19 10:00:00,10,0,2,50,0,6.21,0.22,102.05,42.57,3
2024-02-19 11:00:00,11,0,2,50,0,8.94,0.22,115.69,27.02,2
2024-02-19 12:00:00,12,0,2,50,0,11.52,0.22,132.6,24.89,2
2024-02-19 13:00:00,13,0,2,50,0,9.28,0.22,132.06,27.23,2
2024-02-19 14:00:00,14,0,2,50,0,11.92,0.22,117.61,22.18,1
2024-02-19 15:00:00,15,0,2,50,0,9.22,0.22,78.08,31.89,3
2024-02-19 16:00:00,16,0,2,50,0,10.51,0.38,42.9,37.32,2
2024-02-19 17:00:00,17,0,2,50,0,11.85,0.38,20.63,44.85,4
2024-02-19 18:00:00,18,0,2,50,0,7.23,0.38,0.0,52.59,4
2024-02-19 19:00:00,19,0,2,50,0,10.27,0.38,0.0,51.1,4
2024-02-19 20:00:00,20,0,2,50,0,8.14,0.38,0.0,40.24,3
2024-02-19 21:00:00,21,0,2,50,0,7.99,0.38,0.0,30.48,2
2024-02-19 22:00:00,22,0,2,50,0,6.04,0.22,0.0,26.2,2
2024-02-19 23:00:00,23,0,2,50,0,7.11,0.22,0.0,12.51,1
2024-02-20 00:00:00,0,1,2,51,0,3.7,0.12,0.0,4.94,1
2024-02-20 01:00:00,1,1,2,51,0,1.8,0.12,0.0,5.76,1
2024-02-20 02:00:00,2,1,2,51,0,2.4,0.12,0.0,4.39,1
2024-02-20 03:00:00,3,1,2,51,0,3.07,0.12,0.0,9.52,1
2024-02-20 04:00:00,4,1,2,51,0,2.25,0.12,0.0,19.94,1
2024-02-20 05:00:00,5,1,2,51,0,2.74,0.12,0.0,5.02,1
2024-02-20 06:00:00,6,1,2,51,0,2.05,0.12,0.0,20.71,2
2024-02-20 07:00:00,7,1,2,51,0,3.16,0.22,17.34,21.25,2
2024-02-20 08:00:00,8,1,2,51,0,2.89,0.22,47.48,38.17,3
2024-02-20 09:00:00,9,1,2,51,0,10.49,0.22,91.56,36.58,3
2024-02-20 10:00:00,10,1,2,51,0,5.79,0.22,109.5,39.85,3
2024-02-20 11:00:00,11,1,2,51,0,8.1,0.22,146.45,29.03,2
2024-02-20 12:00:00,12,1,2,51,0,9.09,0.22,149.75,22.9,2
2024-02-20 13:00:00,13,1,2,51,0,13.11,0.22,141.9,23.86,2
2024-02-20 14:00:00,14,1,2,51,0,11.23,0.22,127.0,21.56,1
2024-02-20 15:00:00,15,1,2,51,0,14.48,0.22,69.87,28.25,2
2024-02-20 16:00:00,16,1,2,51,0,10.47,0.38,45.86,35.71,3
2024-02-20 17:00:00,17,1,2,51,0,11.87,0.38,20.75,53.22,4
2024-02-20 18:00:00,18,1,2,51,0,8.85,0.38,0.0,53.76,5
2024-02-20 19:00:00,19,1,2,51,0,13.78,0.38,0.0,68.88,4
2024-02-20 20:00:00,20,1,2,51,0,5.91,0.38,0.0,63.98,5
2024-02-20 21:00:00,21,1,2,51,0,7.61,0.38,0.0,33.76,3
2024-02-20 22:00:00,22,1,2,51,0,6.96,0.22,0.0,35.44,2
2024-02-20 23:00:00,23,1,2,51,0,5.31,0.22,0.0,11.45,1
2024-02-21 00:00:00,0,2,2,52,0,3.18,0.12,0.0,5.43,1
2024-02-21 01:00:00,1,2,2,52,0,2.5,0.12,0.0,6.38,1
2024-02-21 02:00:00,2,2,2,52,0,2.35,0.12,0.0,8.34,1
2024-02-21 03:00:00,3,2,2,52,0,1.8,0.12,0.0,2.5,1
2024-02-21 04:00:00,4,2,2,52,0,4.19,0.12,0.0,6.71,1
2024-02-21 05:00:00,5,2,2,52,0,7.18,0.12,0.0,15.68,1
2024-02-21 06:00:00,6,2,2,52,0,2.44,0.12,0.0,8.6,1
2024-02-21 07:00:00,7,2,2,52,0,1.85,0.22,18.0,21.51,2
2024-02-21 08:00:00,8,2,2,52,0,5.62,0.22,45.81,42.74,3
2024-02-21 09:00:00,9,2,2,52,0,12.25,0.22,72.38,38.68,3
2024-02-21 10:00:00,10,2,2,52,0,6.78,0.22,127.76,38.97,2
2024-02-21 11:00:00,11,2,2,52,0,12.87,0.22,150.49,32.75,2
2024-02-21 12:00:00,12,2,2,52,0,13.98,0.22,158.53,21.37,2
2024-02-21 13:00:00,13,2,2,52,0,10.31,0.22,141.33,18.66,1
2024-02-21 14:00:00,14,2,2,52,0,13.06,0.22,116.87,24.51,2
2024-02-21 15:00:00,15,2,2,52,0,15.35,0.22,69.2,38.19,3
2024-02-21 16:00:00,16,2,2,52,0,11.16,0.38,47.67,38.02,3
2024-02-21 17:00:00,17,2,2,52,0,11.01,0.38,16.66,43.67,3
2024-02-21 18:00:00,18,2,2,52,0,9.46,0.38,0.0,59.41,5
2024-02-21 19:00:00,19,2,2,52,0,7.56,0.38,0.0,50.73,4
2024-02-21 20:00:00,20,2,2,52,0,7.09,0.38,0.0,48.56,3
2024-02-21 21:00:00,21,2,2,52,0,4.64,0.38,0.0,33.55,3
2024-02-21 22:00:00,22,2,2,52,0,5.86,0.22,0.0,23.4,2
2024-02-21 23:00:00,23,2,2,52,0,3.05,0.22,0.0,14.24,1
2024-02-22 00:00:00,0,3,2,53,0,4.13,0.12,0.0,4.54,1
2024-02-22 01:00:00,1,3,2,53,0,-0.24,0.12,0.0,5.34,1
2024-02-22 02:00:00,2,3,2,53,0,3.03,0.12,0.0,6.36,1
2024-02-22 03:00:00,3,3,2,53,0,3.86,0.12,0.0,10.56,1
2024-02-22 04:00:00,4,3,2,53,0,-1.62,0.12,0.0,17.95,2
2024-02-22 05:00:00,5,3,2,53,0,3.62,0.12,0.0,8.44,1
2024-02-22 06:00:00,6,3,2,53,0,6.12,0.12,0.0,19.03,1
2024-02-22 07:00:00,7,3,2,53,0,2.28,0.22,19.68,25.15,2
2024-02-22 08:00:00,8,3,2,53,0,9.25,0.22,51.09,33.74,2
2024-02-22 09:00:00,9,3,2,53,0,8.04,0.22,74.47,42.55,3
2024-02-22 10:00:00,10,3,2,53,0,7.08,0.22,90.92,33.3,2
2024-02-22 11:00:00,11,3,2,53,0,9.59,0.22,110.16,27.0,2
2024-02-22 12:00:00,12,3,2,53,0,11.85,0.22,159.49,20.18,1
2024-02-22 13:00:00,13,3,2,53,0,11.68,0.22,122.09,24.05,2
2024-02-22 14:00:00,14,3,2,53,0,13.1,0.22,107.88,19.28,2
2024-02-22 15:00:00,15,3,2,53,0,10.36,0.22,94.83,27.42,2
2024-02-22 16:00:00,16,3,2,53,0,12.37,0.38,42.03,31.47,2
2024-02-22 17:00:00,17,3,2,53,0,8.7,0.38,16.65,47.99,4
2024-02-22 18:00:00,18,3,2,53,0,10.51,0.38,0.0,53.18,4
2024-02-22 19:00:00,19,3,2,53,0,7.89,0.38,0.0,53.72,4
2024-02-22 20:00:00,20,3,2,53,0,7.02,0.38,0.0,48.57,3
2024-02-22 21:00:00,21,3,2,53,0,9.67,0.38,0.0,33.69,2
2024-02-22 22:00:00,22,3,2,53,0,8.09,0.22,0.0,23.74,2
2024-02-22 23:00:00,23,3,2,53,0,5.92,0.22,0.0,8.73,1
2024-02-23 00:00:00,0,4,2,54,0,1.59,0.12,0.0,7.29,1
2024-02-23 01:00:00,1,4,2,54,0,2.34,0.12,0.0,2.5,1
2024-02-23 02:00:00,2,4,2,54,0,4.9,0.12,0.0,5.93,1
2024-02-23 03:00:00,3,4,2,54,0,2.59,0.12,0.0,28.86,3
2024-02-23 04:00:00,4,4,2,54,0,7.11,0.12,0.0,8.71,1
2024-02-23 05:00:00,5,4,2,54,0,3.76,0.12,0.0,5.68,1
2024-02-23 06:00:00,6,4,2,54,0,4.15,0.12,0.0,19.73,2
2024-02-23 07:00:00,7,4,2,54,0,4.19,0.22,21.13,37.0,3
2024-02-23 08:00:00,8,4,2,54,0,6.28,0.22,51.66,41.27,3
2024-02-23 09:00:00,9,4,2,54,0,7.0,0.22,74.24,49.75,4
2024-02-23 10:00:00,10,4,2,54,0,10.02,0.22,104.74,34.86,3
2024-02-23 11:00:00,11,4,2,54,0,11.72,0.22,135.92,28.8,2
2024-02-23 12:00:00,12,4,2,54,0,9.27,0.22,129.13,28.39,2
2024-02-23 13:00:00,13,4,2,54,0,8.97,0.22,113.8,22.48,2
2024-02-23 14:00:00,14,4,2,54,0,8.46,0.22,129.31,21.71,1
2024-02-23 15:00:00,15,4,2,54,0,13.32,0.22,77.72,35.12,3
2024-02-23 16:00:00,16,4,2,54,0,9.93,0.38,50.86,40.93,3
2024-02-23 17:00:00,17,4,2,54,0,7.33,0.38,19.34,46.53,3
2024-02-23 18:00:00,18,4,2,54,0,11.62,0.38,0.0,50.97,3
2024-02-23 19:00:00,19,4,2,54,0,14.79,0.38,0.0,52.78,4
2024-02-23 20:00:00,20,4,2,54,0,8.59,0.38,0.0,44.88,3
2024-02-23 21:00:00,21,4,2,54,0,8.98,0.38,0.0,34.62,3
2024-02-23 22:00:00,22,4,2,54,0,6.18,0.22,0.0,20.66,2
2024-02-23 23:00:00,23,4,2,54,0,4.61,0.22,0.0,14.18,1
2024-02-24 00:00:00,0,5,2,55,1,5.72,0.1,0.0,4.84,1
2024-02-24 01:00:00,1,5,2,55,1,2.51,0.1,0.0,10.52,1
2024-02-24 02:00:00,2,5,2,55,1,3.12,0.1,0.0,39.06,3
2024-02-24 03:00:00,3,5,2,55,1,3.06,0.1,0.0,8.46,1
2024-02-24 04:00:00,4,5,2,55,1,1.25,0.1,0.0,7.94,1
2024-02-24 05:00:00,5,5,2,55,1,5.07,0.1,0.0,10.43,1
2024-02-24 06:00:00,6,5,2,55,1,3.53,0.1,0.0,14.45,1
2024-02-24 07:00:00,7,5,2,55,1,3.41,0.1,16.53,6.3,1
2024-02-24 08:00:00,8,5,2,55,1,7.2,0.1,57.07,17.95,2
2024-02-24 09:00:00,9,5,2,55,1,5.62,0.1,88.03,29.99,2
2024-02-24 10:00:00,10,5,2,55,1,8.77,0.15,105.68,27.11,2
2024-02-24 11:00:00,11,5,2,55,1,9.9,0.15,119.07,42.23,3
2024-02-24 12:00:00,12,5,2,55,1,13.12,0.15,132.07,54.37,5
2024-02-24 13:00:00,13,5,2,55,1,12.7,0.15,126.68,66.41,6
2024-02-24 14:00:00,14,5,2,55,1,12.2,0.15,101.28,56.11,4
2024-02-24 15:00:00,15,5,2,55,1,14.05,0.15,64.4,55.97,4
2024-02-24 16:00:00,16,5,2,55,1,15.03,0.15,57.07,52.28,3
2024-02-24 17:00:00,17,5,2,55,1,12.86,0.15,21.18,41.81,3
2024-02-24 18:00:00,18,5,2,55,1,10.97,0.15,0.0,60.6,4
2024-02-24 19:00:00,19,5,2,55,1,7.29,0.1,0.0,42.39,3
2024-02-24 20:00:00,20,5,2,55,1,6.58,0.1,0.0,32.5,3
2024-02-24 21:00:00,21,5,2,55,1,6.81,0.1,0.0,32.67,3
2024-02-24 22:00:00,22,5,2,55,1,4.9,0.1,0.0,14.42,1
2024-02-24 23:00:00,23,5,2,55,1,4.54,0.1,0.0,14.63,1
2024-02-25 00:00:00,0,6,2,56,1,4.11,0.1,0.0,5.89,1
2024-02-25 01:00:00,1,6,2,56,1,4.26,0.1,0.0,4.14,1
2024-02-25 02:00:00,2,6,2,56,1,2.56,0.1,0.0,7.65,1
2024-02-25 03:00:00,3,6,2,56,1,3.5,0.1,0.0,8.37,1
2024-02-25 04:00:00,4,6,2,56,1,2.83,0.1,0.0,7.57,1
2024-02-25 05:00:00,5,6,2,56,1,-0.75,0.1,0.0,27.66,2
2024-02-25 06:00:00,6,6,2,56,1,2.12,0.1,0.0,11.52,1
2024-02-25 07:00:00,7,6,2,56,1,4.74,0.1,21.38,11.84,1
2024-02-25 08:00:00,8,6,2,56,1,3.82,0.1,52.21,19.25,2
2024-02-25 09:00:00,9,6,2,56,1,8.73,0.1,87.2,29.11,2
2024-02-25 10:00:00,10,6,2,56,1,11.89,0.15,130.89,34.8,2
2024-02-25 11:00:00,11,6,2,56,1,12.47,0.15,140.23,51.55,4
2024-02-25 12:00:00,12,6,2,56,1,10.64,0.15,129.12,50.35,3
2024-02-25 13:00:00,13,6,2,56,1,14.84,0.15,130.46,46.97,3
2024-02-25 14:00:00,14,6,2,56,1,12.66,0.15,97.35,55.6,5
2024-02-25 15:00:00,15,6,2,56,1,11.86,0.15,96.57,53.85,4
2024-02-25 16:00:00,16,6,2,56,1,11.13,0.15,54.49,55.6,4
2024-02-25 17:00:00,17,6,2,56,1,11.26,0.15,21.38,40.63,4
2024-02-25 18:00:00,18,6,2,56,1,10.29,0.15,0.0,46.45,4
2024-02-25 19:00:00,19,6,2,56,1,10.37,0.1,0.0,45.28,3
2024-02-25 20:00:00,20,6,2,56,1,9.15,0.1,0.0,34.41,3
2024-02-25 21:00:00,21,6,2,56,1,7.54,0.1,0.0,29.13,2
2024-02-25 22:00:00,22,6,2,56,1,7.11,0.1,0.0,13.77,1
2024-02-25 23:00:00,23,6,2,56,1,7.41,0.1,0.0,17.11,1
2024-02-26 00:00:00,0,0,2,57,0,6.01,0.12,0.0,2.5,1
2024-02-26 01:00:00,1,0,2,57,0,0.35,0.12,0.0,2.96,1
2024-02-26 02:00:00,2,0,2,57,0,-2.29,0.12,0.0,9.18,1
2024-02-26 03:00:00,3,0,2,57,0,4.51,0.12,0.0,19.15,1
2024-02-26 04:00:00,4,0,2,57,0,0.08,0.12,0.0,18.19,1
2024-02-26 05:00:00,5,0,2,57,0,2.87,0.12,0.0,10.35,1
2024-02-26 06:00:00,6,0,2,57,0,1.77,0.12,0.0,9.82,1
2024-02-26 07:00:00,7,0,2,57,0,1.54,0.22,20.15,22.54,1
2024-02-26 08:00:00,8,0,2,57,0,7.43,0.22,57.68,33.85,2
2024-02-26 09:00:00,9,0,2,57,0,9.16,0.22,90.7,33.98,2
2024-02-26 10:00:00,10,0,2,57,0,7.79,0.22,105.77,34.16,2
2024-02-26 11:00:00,11,0,2,57,0,4.96,0.22,115.38,35.98,3
2024-02-26 12:00:00,12,0,2,57,0,10.09,0.22,153.48,35.8,3
2024-02-26 13:00:00,13,0,2,57,0,12.76,0.22,139.14,29.42,2
2024-02-26 14:00:00,14,0,2,57,0,9.52,0.22,113.9,23.29,2
2024-02-26 15:00:00,15,0,2,57,0,13.01,0.22,97.16,35.91,2
2024-02-26 16:00:00,16,0,2,57,0,12.44,0.38,44.27,37.16,3
2024-02-26 17:00:00,17,0,2,57,0,13.13,0.38,21.51,43.71,3
2024-02-26 18:00:00,18,0,2,57,0,11.42,0.38,0.0,56.68,4
2024-02-26 19:00:00,19,0,2,57,0,8.2,0.38,0.0,58.0,4
2024-02-26 20:00:00,20,0,2,57,0,11.33,0.38,0.0,42.99,3
2024-02-26 21:00:00,21,0,2,57,0,7.33,0.38,0.0,29.08,2
2024-02-26 22:00:00,22,0,2,57,0,6.3,0.22,0.0,23.23,2
2024-02-26 23:00:00,23,0,2,57,0,3.28,0.22,0.0,22.98,1
2024-02-27 00:00:00,0,1,2,58,0,3.34,0.12,0.0,9.52,1
2024-02-27 01:00:00,1,1,2,58,0,1.66,0.12,0.0,3.54,1
2024-02-27 02:00:00,2,1,2,58,0,2.59,0.12,0.0,2.5,1
2024-02-27 03:00:00,3,1,2,58,0,6.19,0.12,0.0,5.11,1
2024-02-27 04:00:00,4,1,2,58,0,0.19,0.12,0.0,2.5,1
2024-02-27 05:00:00,5,1,2,58,0,0.21,0.12,0.0,9.89,1
2024-02-27 06:00:00,6,1,2,58,0,7.17,0.12,0.0,13.77,1
2024-02-27 07:00:00,7,1,2,58,0,4.84,0.22,16.82,16.35,1
2024-02-27 08:00:00,8,1,2,58,0,5.13,0.22,43.6,33.54,2
2024-02-27 09:00:00,9,1,2,58,0,9.84,0.22,72.19,34.03,3
2024-02-27 10:00:00,10,1,2,58,0,7.85,0.22,122.19,39.67,3
2024-02-27 11:00:00,11,1,2,58,0,13.92,0.22,143.12,26.1,2
2024-02-27 12:00:00,12,1,2,58,0,12.65,0.22,131.17,18.8,1
2024-02-27 13:00:00,13,1,2,58,0,11.12,0.22,137.43,21.82,2
2024-02-27 14:00:00,14,1,2,58,0,16.91,0.22,132.49,23.92,2
2024-02-27 15:00:00,15,1,2,58,0,11.55,0.22,74.59,33.64,2
2024-02-27 16:00:00,16,1,2,58,0,14.08,0.38,37.53,32.74,2
2024-02-27 17:00:00,17,1,2,58,0,12.69,0.38,20.23,56.55,4
2024-02-27 18:00:00,18,1,2,58,0,13.9,0.38,0.0,59.12,4
2024-02-27 19:00:00,19,1,2,58,0,13.39,0.38,0.0,63.81,5
2024-02-27 20:00:00,20,1,2,58,0,9.12,0.38,0.0,45.7,3
2024-02-27 21:00:00,21,1,2,58,0,6.26,0.38,0.0,30.35,2
2024-02-27 22:00:00,22,1,2,58,0,7.39,0.22,0.0,36.48,2
2024-02-27 23:00:00,23,1,2,58,0,3.91,0.22,0.0,19.03,2
2024-02-28 00:00:00,0,2,2,59,0,8.37,0.12,0.0,3.78,1
2024-02-28 01:00:00,1,2,2,59,0,3.83,0.12,0.0,4.9,1
2024-02-28 02:00:00,2,2,2,59,0,2.32,0.12,0.0,3.28,1
2024-02-28 03:00:00,3,2,2,59,0,3.25,0.12,0.0,10.89,1
2024-02-28 04:00:00,4,2,2,59,0,0.36,0.12,0.0,8.24,1
2024-02-28 05:00:00,5,2,2,59,0,1.61,0.12,0.0,11.38,1
2024-02-28 06:00:00,6,2,2,59,0,6.75,0.12,0.0,10.55,1
2024-02-28 07:00:00,7,2,2,59,0,4.07,0.22,20.57,23.3,2
2024-02-28 08:00:00,8,2,2,59,0,4.5,0.22,49.2,36.27,3
2024-02-28 09:00:00,9,2,2,59,0,8.96,0.22,88.57,35.55,3
2024-02-28 10:00:00,10,2,2,59,0,11.55,0.22,107.89,40.19,3
2024-02-28 11:00:00,11,2,2,59,0,11.82,0.22,138.41,31.04,3
2024-02-28 12:00:00,12,2,2,59,0,13.41,0.22,122.36,29.54,2
2024-02-28 13:00:00,13,2,2,59,0,10.7,0.22,123.28,29.08,2
2024-02-28 14:00:00,14,2,2,59,0,9.87,0.22,112.79,38.96,3
2024-02-28 15:00:00,15,2,2,59,0,15.89,0.22,75.41,32.86,2
2024-02-28 16:00:00,16,2,2,59,0,12.07,0.38,47.92,35.61,3
2024-02-28 17:00:00,17,2,2,59,0,11.71,0.38,18.74,43.48,3
2024-02-28 18:00:00,18,2,2,59,0,14.08,0.38,0.0,50.25,4
2024-02-28 19:00:00,19,2,2,59,0,11.5,0.38,0.0,54.52,5
2024-02-28 20:00:00,20,2,2,59,0,10.09,0.38,0.0,41.52,3
2024-02-28 21:00:00,21,2,2,59,0,12.21,0.38,0.0,29.37,3
2024-02-28 22:00:00,22,2,2,59,0,5.3,0.22,0.0,25.15,2
2024-02-28 23:00:00,23,2,2,59,0,7.24,0.22,0.0,13.03,1
2024-02-29 00:00:00,0,3,2,60,0,4.58,0.12,0.0,2.5,1
2024-02-29 01:00:00,1,3,2,60,0,4.21,0.12,0.0,3.49,1
2024-02-29 02:00:00,2,3,2,60,0,6.23,0.12,0.0,9.25,1
2024-02-29 03:00:00,3,3,2,60,0,4.02,0.12,0.0,7.22,1
2024-02-29 04:00:00,4,3,2,60,0,4.25,0.12,0.0,11.73,1
2024-02-29 05:00:00,5,3,2,60,0,5.82,0.12,0.0,7.34,1
2024-02-29 06:00:00,6,3,2,60,0,3.74,0.12,0.0,12.81,1
2024-02-29 07:00:00,7,3,2,60,0,3.83,0.22,21.91,24.63,2
2024-02-29 08:00:00,8,3,2,60,0,4.62,0.22,47.37,30.69,2
2024-02-29 09:00:00,9,3,2,60,0,4.07,0.22,83.29,40.5,3
2024-02-29 10:00:00,10,3,2,60,0,13.41,0.22,118.28,36.65,2
2024-02-29 11:00:00,11,3,2,60,0,8.3,0.22,156.07,51.1,3
2024-02-29 12:00:00,12,3,2,60,0,11.1,0.22,164.71,31.88,2
2024-02-29 13:00:00,13,3,2,60,0,11.78,0.22,134.64,26.32,2
2024-02-29 14:00:00,14,3,2,60,0,13.45,0.22,93.74,27.58,2
2024-02-29 15:00:00,15,3,2,60,0,14.64,0.22,89.99,42.42,4
2024-02-29 16:00:00,16,3,2,60,0,14.56,0.38,45.29,28.74,2
2024-02-29 17:00:00,17,3,2,60,0,11.17,0.38,15.36,50.01,5
2024-02-29 18:00:00,18,3,2,60,0,11.21,0.38,0.0,51.92,3
2024-02-29 19:00:00,19,3,2,60,0,11.07,0.38,0.0,51.35,3
2024-02-29 20:00:00,20,3,2,60,0,8.8,0.38,0.0,51.0,4
2024-02-29 21:00:00,21,3,2,60,0,11.22,0.38,0.0,37.23,3
2024-02-29 22:00:00,22,3,2,60,0,7.69,0.22,0.0,27.36,2
2024-02-29 23:00:00,23,3,2,60,0,6.98,0.22,0.0,21.07,1
2024-03-01 00:00:00,0,4,3,61,0,5.92,0.12,0.0,10.77,1
2024-03-01 01:00:00,1,4,3,61,0,6.15,0.12,0.0,2.5,1
2024-03-01 02:00:00,2,4,3,61,0,3.66,0.12,0.0,4.37,1
2024-03-01 03:00:00,3,4,3,61,0,0.54,0.12,0.0,8.26,1
2024-03-01 04:00:00,4,4,3,61,0,4.1,0.12,0.0,13.99,1
2024-03-01 05:00:00,5,4,3,61,0,2.5,0.12,0.0,12.19,1
2024-03-01 06:00:00,6,4,3,61,0,3.54,0.12,0.0,19.34,1
2024-03-01 07:00:00,7,4,3,61,0,6.8,0.22,22.04,19.36,1
2024-03-01 08:00:00,8,4,3,61,0,9.31,0.22,58.2,29.8,3
2024-03-01 09:00:00,9,4,3,61,0,8.17,0.22,81.54,42.99,3
2024-03-01 10:00:00,10,4,3,61,0,10.04,0.22,97.03,36.27,3
2024-03-01 11:00:00,11,4,3,61,0,14.03,0.22,107.78,33.48,2
2024-03-01 12:00:00,12,4,3,61,0,12.15,0.22,167.42,21.85,1
2024-03-01 13:00:00,13,4,3,61,0,17.66,0.22,121.65,20.78,2
2024-03-01 14:00:00,14,4,3,61,0,14.09,0.22,113.47,29.7,2
2024-03-01 15:00:00,15,4,3,61,0,9.61,0.22,99.55,32.27,2
2024-03-01 16:00:00,16,4,3,61,0,14.47,0.38,40.63,32.86,2
2024-03-01 17:00:00,17,4,3,61,0,13.22,0.38,22.04,44.94,3
2024-03-01 18:00:00,18,4,3,61,0,14.24,0.38,0.0,54.57,4
2024-03-01 19:00:00,19,4,3,61,0,11.98,0.38,0.0,58.16,5
2024-03-01 20:00:00,20,4,3,61,0,9.15,0.38,0.0,46.37,3
2024-03-01 21:00:00,21,4,3,61,0,5.68,0.38,0.0,36.67,3
2024-03-01 22:00:00,22,4,3,61,0,6.42,0.22,0.0,24.14,2
2024-03-01 23:00:00,23,4,3,61,0,3.93,0.22,0.0,22.53,2
2024-03-02 00:00:00,0,5,3,62,1,3.56,0.1,0.0,6.68,1
2024-03-02 01:00:00,1,5,3,62,1,5.1,0.1,0.0,4.86,1
2024-03-02 02:00:00,2,5,3,62,1,6.77,0.1,0.0,16.67,1
2024-03-02 03:00:00,3,5,3,62,1,4.04,0.1,0.0,7.66,1
2024-03-02 04:00:00,4,5,3,62,1,1.03,0.1,0.0,10.79,1
2024-03-02 05:00:00,5,5,3,62,1,4.81,0.1,0.0,6.25,1
2024-03-02 06:00:00,6,5,3,62,1,7.11,0.1,0.0,12.62,1
2024-03-02 07:00:00,7,5,3,62,1,4.54,0.1,18.95,16.75,1
2024-03-02 08:00:00,8,5,3,62,1,6.69,0.1,54.2,15.07,1
2024-03-02 09:00:00,9,5,3,62,1,8.28,0.1,96.31,30.12,2
2024-03-02 10:00:00,10,5,3,62,1,7.98,0.15,100.6,32.24,2
2024-03-02 11:00:00,11,5,3,62,1,12.05,0.15,139.48,46.27,4
2024-03-02 12:00:00,12,5,3,62,1,11.55,0.15,80.93,46.14,3
2024-03-02 13:00:00,13,5,3,62,1,13.42,0.15,145.46,51.54,3
2024-03-02 14:00:00,14,5,3,62,1,11.31,0.15,114.56,55.7,4
2024-03-02 15:00:00,15,5,3,62,1,12.38,0.15,76.32,49.5,4
2024-03-02 16:00:00,16,5,3,62,1,14.53,0.15,54.66,50.97,4
2024-03-02 17:00:00,17,5,3,62,1,11.84,0.15,22.18,48.73,4
2024-03-02 18:00:00,18,5,3,62,1,15.25,0.15,0.0,44.58,3
2024-03-02 19:00:00,19,5,3,62,1,9.96,0.1,0.0,41.18,3
2024-03-02 20:00:00,20,5,3,62,1,10.0,0.1,0.0,29.41,2
2024-03-02 21:00:00,21,5,3,62,1,10.12,0.1,0.0,20.05,2
2024-03-02 22:00:00,22,5,3,62,1,4.12,0.1,0.0,17.53,1
2024-03-02 23:00:00,23,5,3,62,1,2.23,0.1,0.0,6.72,1
2024-03-03 00:00:00,0,6,3,63,1,1.8,0.1,0.0,2.5,1
2024-03-03 01:00:00,1,6,3,63,1,6.58,0.1,0.0,4.98,1
2024-03-03 02:00:00,2,6,3,63,1,2.45,0.1,0.0,4.01,1
2024-03-03 03:00:00,3,6,3,63,1,8.5,0.1,0.0,9.46,1
2024-03-03 04:00:00,4,6,3,63,1,2.43,0.1,0.0,7.96,1
2024-03-03 05:00:00,5,6,3,63,1,4.42,0.1,0.0,10.52,1
2024-03-03 06:00:00,6,6,3,63,1,7.93,0.1,0.0,15.02,1
2024-03-03 07:00:00,7,6,3,63,1,9.9,0.1,22.31,20.82,1
2024-03-03 08:00:00,8,6,3,63,1,11.21,0.1,59.92,22.23,2
2024-03-03 09:00:00,9,6,3,63,1,10.8,0.1,92.68,26.07,2
2024-03-03 10:00:00,10,6,3,63,1,11.73,0.15,128.5,28.85,2
2024-03-03 11:00:00,11,6,3,63,1,12.07,0.15,100.39,48.19,3
2024-03-03 12:00:00,12,6,3,63,1,13.48,0.15,169.47,44.64,3
2024-03-03 13:00:00,13,6,3,63,1,11.61,0.15,130.47,58.61,5
2024-03-03 14:00:00,14,6,3,63,1,11.58,0.15,104.89,63.13,5
2024-03-03 15:00:00,15,6,3,63,1,13.38,0.15,85.59,55.18,4
2024-03-03 16:00:00,16,6,3,63,1,12.87,0.15,59.92,46.19,4
2024-03-03 17:00:00,17,6,3,63,1,11.81,0.15,22.31,44.92,3
2024-03-03 18:00:00,18,6,3,63,1,13.31,0.15,0.0,44.91,4
2024-03-03 19:00:00,19,6,3,63,1,12.79,0.1,0.0,37.61,3
2024-03-03 20:00:00,20,6,3,63,1,9.85,0.1,0.0,27.06,2
2024-03-03 21:00:00,21,6,3,63,1,11.34,0.1,0.0,25.76,2
2024-03-03 22:00:00,22,6,3,63,1,4.81,0.1,0.0,19.56,2
2024-03-03 23:00:00,23,6,3,63,1,5.5,0.1,0.0,14.68,1
2024-03-04 00:00:00,0,0,3,64,0,3.54,0.12,0.0,3.18,1
2024-03-04 01:00:00,1,0,3,64,0,0.45,0.12,0.0,5.59,1
2024-03-04 02:00:00,2,0,3,64,0,3.52,0.12,0.0,6.18,1
2024-03-04 03:00:00,3,0,3,64,0,3.27,0.12,0.0,2.5,1
2024-03-04 04:00:00,4,0,3,64,0,6.71,0.12,0.0,3.71,1
2024-03-04 05:00:00,5,0,3,64,0,5.45,0.12,0.0,8.7,1
2024-03-04 06:00:00,6,0,3,64,0,2.93,0.12,0.0,17.06,1
2024-03-04 07:00:00,7,0,3,64,0,9.72,0.22,14.73,32.73,2
2024-03-04 08:00:00,8,0,3,64,0,9.66,0.22,60.28,36.72,2
2024-03-04 09:00:00,9,0,3,64,0,9.68,0.22,83.87,36.7,3
2024-03-04 10:00:00,10,0,3,64,0,9.35,0.22,137.41,35.09,3
2024-03-04 11:00:00,11,0,3,64,0,9.09,0.22,128.04,35.97,2
2024-03-04 12:00:00,12,0,3,64,0,11.3,0.22,170.5,37.0,3
2024-03-04 13:00:00,13,0,3,64,0,15.02,0.22,128.84,19.09,1
2024-03-04 14:00:00,14,0,3,64,0,17.11,0.22,101.27,23.19,2
2024-03-04 15:00:00,15,0,3,64,0,16.6,0.22,86.68,45.0,3
2024-03-04 16:00:00,16,0,3,64,0,12.37,0.38,49.2,47.44,3
2024-03-04 17:00:00,17,0,3,64,0,10.6,0.38,21.36,51.09,4
2024-03-04 18:00:00,18,0,3,64,0,12.33,0.38,0.0,52.96,3
2024-03-04 19:00:00,19,0,3,64,0,7.48,0.38,0.0,50.83,4
2024-03-04 20:00:00,20,0,3,64,0,10.45,0.38,0.0,44.18,3
2024-03-04 21:00:00,21,0,3,64,0,8.22,0.38,0.0,32.56,3
2024-03-04 22:00:00,22,0,3,64,0,6.29,0.22,0.0,23.97,2
2024-03-04 23:00:00,23,0,3,64,0,2.82,0.22,0.0,9.98,1
2024-03-05 00:00:00,0,1,3,65,0,6.14,0.12,0.0,2.5,1
2024-03-05 01:00:00,1,1,3,65,0,3.25,0.12,0.0,5.78,1
2024-03-05 02:00:00,2,1,3,65,0,1.48,0.12,0.0,3.06,1
2024-03-05 03:00:00,3,1,3,65,0,-2.1,0.12,0.0,2.5,1
2024-03-05 04:00:00,4,1,3,65,0,3.76,0.12,0.0,2.5,1
2024-03-05 05:00:00,5,1,3,65,0,7.86,0.12,0.0,7.39,1
2024-03-05 06:00:00,6,1,3,65,0,8.43,0.12,0.0,9.48,1
2024-03-05 07:00:00,7,1,3,65,0,5.23,0.22,22.59,31.39,3
2024-03-05 08:00:00,8,1,3,65,0,6.15,0.22,53.14,30.21,2
2024-03-05 09:00:00,9,1,3,65,0,9.58,0.22,102.0,44.83,4
2024-03-05 10:00:00,10,1,3,65,0,7.94,0.22,102.5,50.54,4
2024-03-05 11:00:00,11,1,3,65,0,11.75,0.22,96.44,26.01,2
2024-03-05 12:00:00,12,1,3,65,0,13.71,0.22,121.96,20.51,2
2024-03-05 13:00:00,13,1,3,65,0,15.43,0.22,79.79,22.17,2
2024-03-05 14:00:00,14,1,3,65,0,13.27,0.22,138.25,23.52,2
2024-03-05 15:00:00,15,1,3,65,0,13.24,0.22,92.38,37.67,3
2024-03-05 16:00:00,16,1,3,65,0,11.72,0.38,46.64,36.11,3
2024-03-05 17:00:00,17,1,3,65,0,11.32,0.38,21.1,44.4,3
2024-03-05 18:00:00,18,1,3,65,0,11.73,0.38,0.0,59.21,5
2024-03-05 19:00:00,19,1,3,65,0,11.88,0.38,0.0,53.34,4
2024-03-05 20:00:00,20,1,3,65,0,11.77,0.38,0.0,43.04,4
2024-03-05 21:00:00,21,1,3,65,0,7.04,0.38,0.0,30.98,3
2024-03-05 22:00:00,22,1,3,65,0,10.34,0.22,0.0,20.54,2
2024-03-05 23:00:00,23,1,3,65,0,5.6,0.22,0.0,8.4,1
2024-03-06 00:00:00,0,2,3,66,0,5.2,0.12,0.0,2.5,1
2024-03-06 01:00:00,1,2,3,66,0,2.95,0.12,0.0,4.24,1
2024-03-06 02:00:00,2,2,3,66,0,-0.9,0.12,0.0,4.01,1
2024-03-06 03:00:00,3,2,3,66,0,5.55,0.12,0.0,2.5,1
2024-03-06 04:00:00,4,2,3,66,0,5.42,0.12,0.0,2.5,1
2024-03-06 05:00:00,5,2,3,66,0,3.89,0.12,0.0,11.6,1
2024-03-06 06:00:00,6,2,3,66,0,5.38,0.12,0.0,17.22,2
2024-03-06 07:00:00,7,2,3,66,0,7.31,0.22,21.35,23.91,2
2024-03-06 08:00:00,8,2,3,66,0,4.36,0.22,47.6,31.22,2
2024-03-06 09:00:00,9,2,3,66,0,7.72,0.22,85.38,46.63,3
2024-03-06 10:00:00,10,2,3,66,0,11.66,0.22,139.09,37.58,3
2024-03-06 11:00:00,11,2,3,66,0,8.77,0.22,136.2,27.56,2
2024-03-06 12:00:00,12,2,3,66,0,12.9,0.22,135.33,20.48,2
2024-03-06 13:00:00,13,2,3,66,0,10.4,0.22,163.84,26.73,2
2024-03-06 14:00:00,14,2,3,66,0,14.54,0.22,104.86,17.82,1
2024-03-06 15:00:00,15,2,3,66,0,13.71,0.22,81.77,33.5,2
2024-03-06 16:00:00,16,2,3,66,0,10.38,0.38,57.92,35.09,2
2024-03-06 17:00:00,17,2,3,66,0,15.44,0.38,22.56,54.32,4
2024-03-06 18:00:00,18,2,3,66,0,10.85,0.38,0.0,70.96,5
2024-03-06 19:00:00,19,2,3,66,0,9.66,0.38,0.0,51.74,4
2024-03-06 20:00:00,20,2,3,66,0,10.47,0.38,0.0,52.19,4
2024-03-06 21:00:00,21,2,3,66,0,11.08,0.38,0.0,35.68,3
2024-03-06 22:00:00,22,2,3,66,0,5.45,0.22,0.0,26.33,2
2024-03-06 23:00:00,23,2,3,66,0,6.4,0.22,0.0,9.69,1
2024-03-07 00:00:00,0,3,3,67,0,6.24,0.12,0.0,2.63,1
2024-03-07 01:00:00,1,3,3,67,0,5.97,0.12,0.0,10.3,1
2024-03-07 02:00:00,2,3,3,67,0,4.44,0.12,0.0,12.48,1
2024-03-07 03:00:00,3,3,3,67,0,3.18,0.12,0.0,15.38,1
2024-03-07 04:00:00,4,3,3,67,0,2.43,0.12,0.0,3.71,1
2024-03-07 05:00:00,5,3,3,67,0,4.76,0.12,0.0,10.79,1
2024-03-07 06:00:00,6,3,3,67,0,3.24,0.12,0.0,12.72,1
2024-03-07 07:00:00,7,3,3,67,0,0.57,0.22,20.88,25.87,2
2024-03-07 08:00:00,8,3,3,67,0,8.49,0.22,48.33,37.54,2
2024-03-07 09:00:00,9,3,3,67,0,10.72,0.22,103.24,39.09,3
2024-03-07 10:00:00,10,3,3,67,0,5.48,0.22,98.87,41.23,3
2024-03-07 11:00:00,11,3,3,67,0,9.4,0.22,138.0,29.67,2
2024-03-07 12:00:00,12,3,3,67,0,13.69,0.22,160.34,24.3,2
2024-03-07 13:00:00,13,3,3,67,0,17.36,0.22,146.13,17.77,1
2024-03-07 14:00:00,14,3,3,67,0,13.79,0.22,135.95,22.84,2
2024-03-07 15:00:00,15,3,3,67,0,12.46,0.22,72.04,29.62,2
2024-03-07 16:00:00,16,3,3,67,0,13.38,0.38,61.39,54.14,4
2024-03-07 17:00:00,17,3,3,67,0,16.0,0.38,21.56,44.6,3
2024-03-07 18:00:00,18,3,3,67,0,11.16,0.38,0.0,54.72,5
2024-03-07 19:00:00,19,3,3,67,0,9.82,0.38,0.0,51.58,4
2024-03-07 20:00:00,20,3,3,67,0,9.24,0.38,0.0,45.65,4
2024-03-07 21:00:00,21,3,3,67,0,7.01,0.38,0.0,34.59,2
2024-03-07 22:00:00,22,3,3,67,0,7.87,0.22,0.0,21.41,2
2024-03-07 23:00:00,23,3,3,67,0,9.66,0.22,0.0,19.69,2
2024-03-08 00:00:00,0,4,3,68,0,6.16,0.12,0.0,2.5,1
2024-03-08 01:00:00,1,4,3,68,0,4.22,0.12,0.0,2.5,1
2024-03-08 02:00:00,2,4,3,68,0,3.64,0.12,0.0,5.29,1
2024-03-08 03:00:00,3,4,3,68,0,0.93,0.12,0.0,18.19,1
2024-03-08 04:00:00,4,4,3,68,0,5.99,0.12,0.0,2.5,1
2024-03-08 05:00:00,5,4,3,68,0,4.57,0.12,0.0,3.44,1
2024-03-08 06:00:00,6,4,3,68,0,5.16,0.12,0.0,18.76,1
2024-03-08 07:00:00,7,4,3,68,0,12.94,0.22,22.66,20.3,1
2024-03-08 08:00:00,8,4,3,68,0,8.36,0.22,61.69,35.95,2
2024-03-08 09:00:00,9,4,3,68,0,7.55,0.22,96.96,47.13,3
2024-03-08 10:00:00,10,4,3,68,0,9.49,0.22,93.47,42.13,3
2024-03-08 11:00:00,11,4,3,68,0,13.85,0.22,139.14,31.15,2
2024-03-08 12:00:00,12,4,3,68,0,12.81,0.22,174.68,25.2,2
2024-03-08 13:00:00,13,4,3,68,0,10.51,0.22,153.38,23.43,2
2024-03-08 14:00:00,14,4,3,68,0,15.72,0.22,130.1,26.77,2
2024-03-08 15:00:00,15,4,3,68,0,12.72,0.22,95.88,39.95,3
2024-03-08 16:00:00,16,4,3,68,0,17.63,0.38,57.43,32.83,3
2024-03-08 17:00:00,17,4,3,68,0,15.54,0.38,13.66,43.17,4
2024-03-08 18:00:00,18,4,3,68,0,11.69,0.38,0.0,58.04,4
2024-03-08 19:00:00,19,4,3,68,0,14.11,0.38,0.0,51.96,4
2024-03-08 20:00:00,20,4,3,68,0,10.48,0.38,0.0,41.31,3
2024-03-08 21:00:00,21,4,3,68,0,10.76,0.38,0.0,43.67,4
2024-03-08 22:00:00,22,4,3,68,0,8.73,0.22,0.0,26.32,2
2024-03-08 23:00:00,23,4,3,68,0,4.86,0.22,0.0,25.67,2
2024-03-09 00:00:00,0,5,3,69,1,4.37,0.1,0.0,10.89,1
2024-03-09 01:00:00,1,5,3,69,1,6.92,0.1,0.0,5.8,1
2024-03-09 02:00:00,2,5,3,69,1,3.69,0.1,0.0,7.37,1
2024-03-09 03:00:00,3,5,3,69,1,3.38,0.1,0.0,13.01,1
2024-03-09 04:00:00,4,5,3,69,1,2.45,0.1,0.0,2.69,1
2024-03-09 05:00:00,5,5,3,69,1,5.71,0.1,0.0,14.45,1
2024-03-09 06:00:00,6,5,3,69,1,9.78,0.1,0.0,9.95,1
2024-03-09 07:00:00,7,5,3,69,1,4.56,0.1,21.68,12.42,1
2024-03-09 08:00:00,8,5,3,69,1,7.95,0.1,55.43,33.57,3
2024-03-09 09:00:00,9,5,3,69,1,12.02,0.1,100.69,33.18,3
2024-03-09 10:00:00,10,5,3,69,1,10.33,0.15,83.53,29.2,2
2024-03-09 11:00:00,11,5,3,69,1,12.6,0.15,149.03,42.91,3
2024-03-09 12:00:00,12,5,3,69,1,10.6,0.15,132.61,45.12,3
2024-03-09 13:00:00,13,5,3,69,1,14.38,0.15,166.83,56.13,4
2024-03-09 14:00:00,14,5,3,69,1,13.65,0.15,122.13,67.84,6
2024-03-09 15:00:00,15,5,3,69,1,16.16,0.15,92.34,62.5,5
2024-03-09 16:00:00,16,5,3,69,1,16.4,0.15,43.45,52.08,4
2024-03-09 17:00:00,17,5,3,69,1,18.7,0.15,23.14,48.4,4
2024-03-09 18:00:00,18,5,3,69,1,13.89,0.15,0.0,42.99,3
2024-03-09 19:00:00,19,5,3,69,1,12.34,0.1,0.0,54.47,4
2024-03-09 20:00:00,20,5,3,69,1,10.87,0.1,0.0,38.2,3
2024-03-09 21:00:00,21,5,3,69,1,8.49,0.1,0.0,23.18,2
2024-03-09 22:00:00,22,5,3,69,1,8.57,0.1,0.0,17.95,1
2024-03-09 23:00:00,23,5,3,69,1,6.1,0.1,0.0,12.82,1
2024-03-10 00:00:00,0,6,3,70,1,6.13,0.1,0.0,3.91,1
2024-03-10 01:00:00,1,6,3,70,1,7.64,0.1,0.0,8.0,1
2024-03-10 02:00:00,2,6,3,70,1,2.49,0.1,0.0,10.44,1
2024-03-10 03:00:00,3,6,3,70,1,6.61,0.1,0.0,3.63,1
2024-03-10 04:00:00,4,6,3,70,1,7.14,0.1,0.0,13.92,1
2024-03-10 05:00:00,5,6,3,70,1,4.77,0.1,0.0,5.92,1
2024-03-10 06:00:00,6,6,3,70,1,1.55,0.1,0.0,9.04,1
2024-03-10 07:00:00,7,6,3,70,1,5.62,0.1,13.96,10.55,1
2024-03-10 08:00:00,8,6,3,70,1,10.63,0.1,48.89,14.85,1
2024-03-10 09:00:00,9,6,3,70,1,9.29,0.1,87.45,32.79,2
2024-03-10 10:00:00,10,6,3,70,1,8.63,0.15,140.06,41.61,3
2024-03-10 11:00:00,11,6,3,70,1,10.82,0.15,165.33,39.04,2
2024-03-10 12:00:00,12,6,3,70,1,14.55,0.15,137.21,55.58,4
2024-03-10 13:00:00,13,6,3,70,1,14.76,0.15,167.79,48.53,4
2024-03-10 14:00:00,14,6,3,70,1,13.68,0.15,118.49,53.56,4
2024-03-10 15:00:00,15,6,3,70,1,13.6,0.15,105.12,48.48,3
2024-03-10 16:00:00,16,6,3,70,1,13.38,0.15,47.26,64.67,4
2024-03-10 17:00:00,17,6,3,70,1,11.82,0.15,20.14,54.61,4
2024-03-10 18:00:00,18,6,3,70,1,16.1,0.15,0.0,37.99,3
2024-03-10 19:00:00,19,6,3,70,1,11.19,0.1,0.0,37.4,2
2024-03-10 20:00:00,20,6,3,70,1,13.06,0.1,0.0,32.37,2
2024-03-10 21:00:00,21,6,3,70,1,12.38,0.1,0.0,24.83,2
2024-03-10 22:00:00,22,6,3,70,1,10.04,0.1,0.0,12.68,1
2024-03-10 23:00:00,23,6,3,70,1,5.97,0.1,0.0,16.12,1
2024-03-11 00:00:00,0,0,3,71,0,6.75,0.12,0.0,11.59,1
2024-03-11 01:00:00,1,0,3,71,0,5.1,0.12,0.0,6.82,1
2024-03-11 02:00:00,2,0,3,71,0,2.84,0.12,0.0,6.65,1
2024-03-11 03:00:00,3,0,3,71,0,5.12,0.12,0.0,2.5,1
2024-03-11 04:00:00,4,0,3,71,0,2.29,0.12,0.0,4.77,1
2024-03-11 05:00:00,5,0,3,71,0,7.52,0.12,0.0,9.39,1
2024-03-11 06:00:00,6,0,3,71,0,5.01,0.12,0.0,16.23,1
2024-03-11 07:00:00,7,0,3,71,0,7.38,0.22,20.66,23.71,2
2024-03-11 08:00:00,8,0,3,71,0,8.75,0.22,43.89,40.98,3
2024-03-11 09:00:00,9,0,3,71,0,8.96,0.22,101.53,44.01,4
2024-03-11 10:00:00,10,0,3,71,0,11.94,0.22,129.25,45.02,3
2024-03-11 11:00:00,11,0,3,71,0,11.03,0.22,168.84,31.3,2
2024-03-11 12:00:00,12,0,3,71,0,14.75,0.22,156.52,25.23,2
2024-03-11 13:00:00,13,0,3,71,0,11.11,0.22,113.36,28.13,2
2024-03-11 14:00:00,14,0,3,71,0,14.56,0.22,119.97,21.68,2
2024-03-11 15:00:00,15,0,3,71,0,18.35,0.22,90.53,53.94,4
2024-03-11 16:00:00,16,0,3,71,0,12.3,0.38,60.94,34.39,2
2024-03-11 17:00:00,17,0,3,71,0,12.45,0.38,14.79,44.74,4
2024-03-11 18:00:00,18,0,3,71,0,14.04,0.38,0.0,61.37,5
2024-03-11 19:00:00,19,0,3,71,0,12.33,0.38,0.0,58.06,4
2024-03-11 20:00:00,20,0,3,71,0,11.47,0.38,0.0,50.81,4
2024-03-11 21:00:00,21,0,3,71,0,10.45,0.38,0.0,34.83,3
2024-03-11 22:00:00,22,0,3,71,0,9.45,0.22,0.0,21.69,1
2024-03-11 23:00:00,23,0,3,71,0,9.2,0.22,0.0,25.98,2
2024-03-12 00:00:00,0,1,3,72,0,6.9,0.12,0.0,10.94,1
2024-03-12 01:00:00,1,1,3,72,0,4.81,0.12,0.0,2.7,1
2024-03-12 02:00:00,2,1,3,72,0,6.14,0.12,0.0,10.3,1
2024-03-12 03:00:00,3,1,3,72,0,8.42,0.12,0.0,3.14,1
2024-03-12 04:00:00,4,1,3,72,0,4.53,0.12,0.0,4.39,1
2024-03-12 05:00:00,5,1,3,72,0,3.34,0.12,0.0,7.31,1
2024-03-12 06:00:00,6,1,3,72,0,8.3,0.12,0.0,11.87,1
2024-03-12 07:00:00,7,1,3,72,0,6.88,0.22,15.47,24.29,2
2024-03-12 08:00:00,8,1,3,72,0,3.98,0.22,49.86,41.64,3
2024-03-12 09:00:00,9,1,3,72,0,11.31,0.22,96.72,43.77,4
2024-03-12 10:00:00,10,1,3,72,0,9.84,0.22,132.5,42.47,3
2024-03-12 11:00:00,11,1,3,72,0,11.94,0.22,119.09,32.2,3
2024-03-12 12:00:00,12,1,3,72,0,13.82,0.22,178.92,18.38,1
2024-03-12 13:00:00,13,1,3,72,0,14.33,0.22,166.29,40.31,3
2024-03-12 14:00:00,14,1,3,72,0,15.87,0.22,135.23,32.72,2
2024-03-12 15:00:00,15,1,3,72,0,13.75,0.22,106.39,33.96,3
2024-03-12 16:00:00,16,1,3,72,0,15.48,0.38,59.1,33.21,2
2024-03-12 17:00:00,17,1,3,72,0,13.43,0.38,22.0,51.77,3
2024-03-12 18:00:00,18,1,3,72,0,14.63,0.38,0.0,55.42,3
2024-03-12 19:00:00,19,1,3,72,0,13.35,0.38,0.0,56.07,4
2024-03-12 20:00:00,20,1,3,72,0,9.04,0.38,0.0,52.43,4
2024-03-12 21:00:00,21,1,3,72,0,11.79,0.38,0.0,36.39,3
2024-03-12 22:00:00,22,1,3,72,0,7.25,0.22,0.0,34.19,3
2024-03-12 23:00:00,23,1,3,72,0,8.74,0.22,0.0,13.25,1
2024-03-13 00:00:00,0,2,3,73,0,6.96,0.12,0.0,2.5,1
2024-03-13 01:00:00,1,2,3,73,0,9.11,0.12,0.0,5.11,1
2024-03-13 02:00:00,2,2,3,73,0,4.49,0.12,0.0,3.56,1
2024-03-13 03:00:00,3,2,3,73,0,4.07,0.12,0.0,8.26,1
2024-03-13 04:00:00,4,2,3,73,0,4.9,0.12,0.0,2.68,1
2024-03-13 05:00:00,5,2,3,73,0,4.83,0.12,0.0,6.62,1
2024-03-13 06:00:00,6,2,3,73,0,7.83,0.12,0.0,17.77,1
2024-03-13 07:00:00,7,2,3,73,0,4.03,0.22,20.77,23.14,2
2024-03-13 08:00:00,8,2,3,73,0,6.36,0.22,57.71,41.5,3
2024-03-13 09:00:00,9,2,3,73,0,7.63,0.22,107.02,38.07,3
2024-03-13 10:00:00,10,2,3,73,0,12.96,0.22,135.89,34.16,3
2024-03-13 11:00:00,11,2,3,73,0,15.69,0.22,154.48,34.62,3
2024-03-13 12:00:00,12,2,3,73,0,13.09,0.22,137.7,20.01,1
2024-03-13 13:00:00,13,2,3,73,0,13.76,0.22,164.12,17.02,1
2024-03-13 14:00:00,14,2,3,73,0,14.74,0.22,133.4,21.21,1
2024-03-13 15:00:00,15,2,3,73,0,17.09,0.22,107.02,39.12,3
2024-03-13 16:00:00,16,2,3,73,0,12.74,0.38,56.36,34.95,3
2024-03-13 17:00:00,17,2,3,73,0,14.57,0.38,15.69,46.47,4
2024-03-13 18:00:00,18,2,3,73,0,15.25,0.38,0.0,59.57,4
2024-03-13 19:00:00,19,2,3,73,0,13.27,0.38,0.0,60.64,4
2024-03-13 20:00:00,20,2,3,73,0,11.44,0.38,0.0,51.23,3
2024-03-13 21:00:00,21,2,3,73,0,11.77,0.38,0.0,37.99,3
2024-03-13 22:00:00,22,2,3,73,0,3.07,0.22,0.0,23.56,1
2024-03-13 23:00:00,23,2,3,73,0,8.62,0.22,0.0,15.76,1
2024-03-14 00:00:00,0,3,3,74,0,5.07,0.12,0.0,2.5,1
2024-03-14 01:00:00,1,3,3,74,0,1.92,0.12,0.0,4.11,1
2024-03-14 02:00:00,2,3,3,74,0,6.11,0.12,0.0,2.5,1
2024-03-14 03:00:00,3,3,3,74,0,7.66,0.12,0.0,11.57,1
2024-03-14 04:00:00,4,3,3,74,0,4.81,0.12,0.0,4.42,1
2024-03-14 05:00:00,5,3,3,74,0,7.49,0.12,0.0,8.94,1
2024-03-14 06:00:00,6,3,3,74,0,9.6,0.12,0.0,12.54,1
2024-03-14 07:00:00,7,3,3,74,0,10.04,0.22,23.62,30.97,3
2024-03-14 08:00:00,8,3,3,74,0,11.9,0.22,55.33,30.29,2
2024-03-14 09:00:00,9,3,3,74,0,11.4,0.22,107.66,37.2,2
2024-03-14 10:00:00,10,3,3,74,0,11.36,0.22,145.92,38.92,3
2024-03-14 11:00:00,11,3,3,74,0,9.21,0.22,168.89,31.51,2
2024-03-14 12:00:00,12,3,3,74,0,12.96,0.22,170.94,31.1,2
2024-03-14 13:00:00,13,3,3,74,0,12.56,0.22,158.0,24.56,2
2024-03-14 14:00:00,14,3,3,74,0,19.08,0.22,143.56,26.23,2
2024-03-14 15:00:00,15,3,3,74,0,14.56,0.22,95.89,29.32,2
2024-03-14 16:00:00,16,3,3,74,0,14.99,0.38,63.89,44.59,3
2024-03-14 17:00:00,17,3,3,74,0,15.35,0.38,22.74,47.36,4
2024-03-14 18:00:00,18,3,3,74,0,13.54,0.38,0.0,52.54,4
2024-03-14 19:00:00,19,3,3,74,0,15.8,0.38,0.0,51.74,5
2024-03-14 20:00:00,20,3,3,74,0,9.96,0.38,0.0,47.36,3
2024-03-14 21:00:00,21,3,3,74,0,10.3,0.38,0.0,29.1,2
2024-03-14 22:00:00,22,3,3,74,0,7.13,0.22,0.0,20.51,1
2024-03-14 23:00:00,23,3,3,74,0,4.77,0.22,0.0,10.19,1
2024-03-15 00:00:00,0,4,3,75,0,5.3,0.12,0.0,16.85,1
2024-03-15 01:00:00,1,4,3,75,0,5.66,0.12,0.0,14.33,1
2024-03-15 02:00:00,2,4,3,75,0,4.37,0.12,0.0,2.5,1
2024-03-15 03:00:00,3,4,3,75,0,3.68,0.12,0.0,7.04,1
2024-03-15 04:00:00,4,4,3,75,0,2.42,0.12,0.0,10.26,1
2024-03-15 05:00:00,5,4,3,75,0,5.57,0.12,0.0,10.72,1
2024-03-15 06:00:00,6,4,3,75,0,3.52,0.12,0.0,10.64,1
2024-03-15 07:00:00,7,4,3,75,0,9.08,0.22,23.98,20.7,2
2024-03-15 08:00:00,8,4,3,75,0,8.93,0.22,52.57,36.77,3
2024-03-15 09:00:00,9,4,3,75,0,7.15,0.22,86.33,36.31,3
2024-03-15 10:00:00,10,4,3,75,0,10.74,0.22,97.53,45.2,4
2024-03-15 11:00:00,11,4,3,75,0,11.06,0.22,164.0,26.35,2
2024-03-15 12:00:00,12,4,3,75,0,14.24,0.22,124.83,25.7,2
2024-03-15 13:00:00,13,4,3,75,0,17.07,0.22,136.58,28.1,2
2024-03-15 14:00:00,14,4,3,75,0,11.14,0.22,139.53,31.42,2
2024-03-15 15:00:00,15,4,3,75,0,15.29,0.22,104.68,38.24,3
2024-03-15 16:00:00,16,4,3,75,0,14.57,0.38,51.63,34.42,3
2024-03-15 17:00:00,17,4,3,75,0,15.74,0.38,20.72,45.55,4
2024-03-15 18:00:00,18,4,3,75,0,14.02,0.38,0.0,57.26,5
2024-03-15 19:00:00,19,4,3,75,0,11.06,0.38,0.0,58.76,4
2024-03-15 20:00:00,20,4,3,75,0,10.72,0.38,0.0,50.26,4
2024-03-15 21:00:00,21,4,3,75,0,8.47,0.38,0.0,38.46,3
2024-03-15 22:00:00,22,4,3,75,0,10.92,0.22,0.0,28.14,2
2024-03-15 23:00:00,23,4,3,75,0,7.6,0.22,0.0,16.71,1
2024-03-16 00:00:00,0,5,3,76,1,10.48,0.1,0.0,4.69,1
2024-03-16 01:00:00,1,5,3,76,1,5.76,0.1,0.0,9.13,1
2024-03-16 02:00:00,2,5,3,76,1,3.97,0.1,0.0,18.04,1
2024-03-16 03:00:00,3,5,3,76,1,2.19,0.1,0.0,6.67,1
2024-03-16 04:00:00,4,5,3,76,1,1.78,0.1,0.0,6.71,1
2024-03-16 05:00:00,5,5,3,76,1,2.71,0.1,0.0,12.31,1
2024-03-16 06:00:00,6,5,3,76,1,7.21,0.1,0.0,5.96,1
2024-03-16 07:00:00,7,5,3,76,1,8.73,0.1,24.12,14.36,1
2024-03-16 08:00:00,8,5,3,76,1,5.76,0.1,55.84,24.81,2
2024-03-16 09:00:00,9,5,3,76,1,12.0,0.1,108.93,26.35,2
2024-03-16 10:00:00,10,5,3,76,1,10.54,0.15,107.99,33.66,3
2024-03-16 11:00:00,11,5,3,76,1,13.01,0.15,173.84,35.04,3
2024-03-16 12:00:00,12,5,3,76,1,16.97,0.15,183.2,48.04,3
2024-03-16 13:00:00,13,5,3,76,1,16.34,0.15,151.79,50.08,4
2024-03-16 14:00:00,14,5,3,76,1,14.51,0.15,112.02,50.28,4
2024-03-16 15:00:00,15,5,3,76,1,13.43,0.15,94.05,52.77,4
2024-03-16 16:00:00,16,5,3,76,1,10.74,0.15,39.69,53.81,4
2024-03-16 17:00:00,17,5,3,76,1,13.1,0.15,21.12,46.3,3
2024-03-16 18:00:00,18,5,3,76,1,13.33,0.15,0.0,49.02,4
2024-03-16 19:00:00,19,5,3,76,1,10.74,0.1,0.0,44.43,3
2024-03-16 20:00:00,20,5,3,76,1,11.24,0.1,0.0,31.23,2
2024-03-16 21:00:00,21,5,3,76,1,10.37,0.1,0.0,23.29,2
2024-03-16 22:00:00,22,5,3,76,1,8.47,0.1,0.0,11.49,1
2024-03-16 23:00:00,23,5,3,76,1,6.41,0.1,0.0,26.04,2
2024-03-17 00:00:00,0,6,3,77,1,7.17,0.1,0.0,3.78,1
2024-03-17 01:00:00,1,6,3,77,1,6.92,0.1,0.0,8.39,1
2024-03-17 02:00:00,2,6,3,77,1,3.35,0.1,0.0,7.1,1
2024-03-17 03:00:00,3,6,3,77,1,8.19,0.1,0.0,17.54,1
2024-03-17 04:00:00,4,6,3,77,1,5.34,0.1,0.0,9.67,1
2024-03-17 05:00:00,5,6,3,77,1,6.07,0.1,0.0,8.86,1
2024-03-17 06:00:00,6,6,3,77,1,8.25,0.1,0.0,18.24,1
2024-03-17 07:00:00,7,6,3,77,1,8.33,0.1,21.95,14.56,1
2024-03-17 08:00:00,8,6,3,77,1,10.98,0.1,57.32,15.21,1
2024-03-17 09:00:00,9,6,3,77,1,10.94,0.1,86.59,28.36,2
2024-03-17 10:00:00,10,6,3,77,1,10.43,0.15,129.37,28.0,2
2024-03-17 11:00:00,11,6,3,77,1,13.59,0.15,148.07,37.9,3
2024-03-17 12:00:00,12,6,3,77,1,11.61,0.15,164.65,47.41,4
2024-03-17 13:00:00,13,6,3,77,1,14.91,0.15,138.23,49.51,4
2024-03-17 14:00:00,14,6,3,77,1,15.13,0.15,107.94,53.65,5
2024-03-17 15:00:00,15,6,3,77,1,14.95,0.15,95.88,45.96,4
2024-03-17 16:00:00,16,6,3,77,1,14.94,0.15,65.15,50.97,4
2024-03-17 17:00:00,17,6,3,77,1,10.93,0.15,21.59,49.58,3
2024-03-17 18:00:00,18,6,3,77,1,12.8,0.15,0.0,41.57,3
2024-03-17 19:00:00,19,6,3,77,1,13.05,0.1,0.0,35.15,3
2024-03-17 20:00:00,20,6,3,77,1,11.98,0.1,0.0,33.64,3
2024-03-17 21:00:00,21,6,3,77,1,8.31,0.1,0.0,28.85,2
2024-03-17 22:00:00,22,6,3,77,1,11.6,0.1,0.0,12.55,1
2024-03-17 23:00:00,23,6,3,77,1,6.13,0.1,0.0,33.71,3
2024-03-18 00:00:00,0,0,3,78,0,8.92,0.12,0.0,6.28,1
2024-03-18 01:00:00,1,0,3,78,0,7.04,0.12,0.0,9.13,1
2024-03-18 02:00:00,2,0,3,78,0,4.4,0.12,0.0,23.03,2
2024-03-18 03:00:00,3,0,3,78,0,9.07,0.12,0.0,7.53,1
2024-03-18 04:00:00,4,0,3,78,0,3.3,0.12,0.0,2.83,1
2024-03-18 05:00:00,5,0,3,78,0,8.03,0.12,0.0,5.75,1
2024-03-18 06:00:00,6,0,3,78,0,8.98,0.12,0.0,20.67,2
2024-03-18 07:00:00,7,0,3,78,0,6.68,0.22,23.32,28.48,2
2024-03-18 08:00:00,8,0,3,78,0,12.01,0.22,56.67,41.39,3
2024-03-18 09:00:00,9,0,3,78,0,10.02,0.22,100.78,44.6,3
2024-03-18 10:00:00,10,0,3,78,0,12.39,0.22,130.77,40.88,3
2024-03-18 11:00:00,11,0,3,78,0,13.54,0.22,156.92,23.96,2
2024-03-18 12:00:00,12,0,3,78,0,13.78,0.22,158.65,28.94,2
2024-03-18 13:00:00,13,0,3,78,0,16.47,0.22,155.22,25.17,2
2024-03-18 14:00:00,14,0,3,78,0,16.93,0.22,149.38,21.56,2
2024-03-18 15:00:00,15,0,3,78,0,12.02,0.22,101.11,29.66,2
2024-03-18 16:00:00,16,0,3,78,0,17.96,0.38,62.74,42.44,3
2024-03-18 17:00:00,17,0,3,78,0,11.52,0.38,22.76,66.08,5
2024-03-18 18:00:00,18,0,3,78,0,16.12,0.38,0.0,61.72,5
2024-03-18 19:00:00,19,0,3,78,0,15.27,0.38,0.0,65.84,4
2024-03-18 20:00:00,20,0,3,78,0,9.63,0.38,0.0,41.58,4
2024-03-18 21:00:00,21,0,3,78,0,9.7,0.38,0.0,41.14,3
2024-03-18 22:00:00,22,0,3,78,0,7.01,0.22,0.0,29.89,2
2024-03-18 23:00:00,23,0,3,78,0,7.59,0.22,0.0,16.77,2
2024-03-19 00:00:00,0,1,3,79,0,6.52,0.12,0.0,3.24,1
2024-03-19 01:00:00,1,1,3,79,0,7.9,0.12,0.0,7.81,1
2024-03-19 02:00:00,2,1,3,79,0,8.46,0.12,0.0,10.67,1
2024-03-19 03:00:00,3,1,3,79,0,8.46,0.12,0.0,5.74,1
2024-03-19 04:00:00,4,1,3,79,0,4.72,0.12,0.0,3.19,1
2024-03-19 05:00:00,5,1,3,79,0,5.92,0.12,0.0,17.74,1
2024-03-19 06:00:00,6,1,3,79,0,3.77,0.12,0.0,13.93,1
2024-03-19 07:00:00,7,1,3,79,0,6.56,0.22,16.73,25.67,2
2024-03-19 08:00:00,8,1,3,79,0,11.31,0.22,58.08,28.91,2
2024-03-19 09:00:00,9,1,3,79,0,13.9,0.22,110.85,38.19,3
2024-03-19 10:00:00,10,1,3,79,0,9.5,0.22,150.24,45.59,3
2024-03-19 11:00:00,11,1,3,79,0,11.99,0.22,173.82,37.29,3
2024-03-19 12:00:00,12,1,3,79,0,14.15,0.22,156.96,27.34,2
2024-03-19 13:00:00,13,1,3,79,0,15.56,0.22,176.98,17.03,1
2024-03-19 14:00:00,14,1,3,79,0,13.88,0.22,148.68,22.92,1
2024-03-19 15:00:00,15,1,3,79,0,16.52,0.22,100.37,45.83,3
2024-03-19 16:00:00,16,1,3,79,0,14.55,0.38,59.9,37.88,3
2024-03-19 17:00:00,17,1,3,79,0,14.97,0.38,20.71,53.24,4
2024-03-19 18:00:00,18,1,3,79,0,15.3,0.38,0.0,52.51,4
2024-03-19 19:00:00,19,1,3,79,0,13.19,0.38,0.0,55.3,3
2024-03-19 20:00:00,20,1,3,79,0,11.09,0.38,0.0,44.04,4
2024-03-19 21:00:00,21,1,3,79,0,10.45,0.38,0.0,32.77,3
2024-03-19 22:00:00,22,1,3,79,0,9.2,0.22,0.0,22.12,2
2024-03-19 23:00:00,23,1,3,79,0,7.43,0.22,0.0,14.38,1
2024-03-20 00:00:00,0,2,3,80,0,6.77,0.12,0.0,4.72,1
2024-03-20 01:00:00,1,2,3,80,0,9.7,0.12,0.0,9.5,1
2024-03-20 02:00:00,2,2,3,80,0,7.12,0.12,0.0,2.5,1
2024-03-20 03:00:00,3,2,3,80,0,5.24,0.12,0.0,2.5,1
2024-03-20 04:00:00,4,2,3,80,0,7.39,0.12,0.0,6.38,1
2024-03-20 05:00:00,5,2,3,80,0,5.83,0.12,0.0,4.18,1
2024-03-20 06:00:00,6,2,3,80,0,9.64,0.12,0.0,10.78,1
2024-03-20 07:00:00,7,2,3,80,0,9.07,0.22,17.98,34.38,3
2024-03-20 08:00:00,8,2,3,80,0,9.32,0.22,54.48,39.15,3
2024-03-20 09:00:00,9,2,3,80,0,11.72,0.22,93.69,40.65,3
2024-03-20 10:00:00,10,2,3,80,0,8.98,0.22,151.11,35.55,3
2024-03-20 11:00:00,11,2,3,80,0,11.07,0.22,176.39,42.2,3
2024-03-20 12:00:00,12,2,3,80,0,11.98,0.22,187.5,19.73,1
2024-03-20 13:00:00,13,2,3,80,0,15.44,0.22,174.15,29.14,2
2024-03-20 14:00:00,14,2,3,80,0,19.12,0.22,150.14,37.61,2
2024-03-20 15:00:00,15,2,3,80,0,20.29,0.22,88.9,32.72,2
2024-03-20 16:00:00,16,2,3,80,0,16.93,0.38,56.76,39.58,3
2024-03-20 17:00:00,17,2,3,80,0,16.16,0.38,18.79,50.64,3
2024-03-20 18:00:00,18,2,3,80,0,10.76,0.38,0.0,59.51,5
2024-03-20 19:00:00,19,2,3,80,0,12.24,0.38,0.0,56.5,5
2024-03-20 20:00:00,20,2,3,80,0,10.55,0.38,0.0,48.9,3
2024-03-20 21:00:00,21,2,3,80,0,9.59,0.38,0.0,31.16,3
2024-03-20 22:00:00,22,2,3,80,0,9.2,0.22,0.0,19.28,1
2024-03-20 23:00:00,23,2,3,80,0,7.38,0.22,0.0,20.61,2
2024-03-21 00:00:00,0,3,3,81,0,3.49,0.12,0.0,2.5,1
2024-03-21 01:00:00,1,3,3,81,0,8.15,0.12,0.0,15.06,1
2024-03-21 02:00:00,2,3,3,81,0,4.01,0.12,0.0,4.9,1
2024-03-21 03:00:00,3,3,3,81,0,6.46,0.12,0.0,20.0,1
2024-03-21 04:00:00,4,3,3,81,0,10.3,0.12,0.0,8.05,1
2024-03-21 05:00:00,5,3,3,81,0,4.82,0.12,0.0,6.72,1
2024-03-21 06:00:00,6,3,3,81,0,2.39,0.12,0.0,19.03,1
2024-03-21 07:00:00,7,3,3,81,0,7.91,0.22,23.51,36.99,3
2024-03-21 08:00:00,8,3,3,81,0,11.89,0.22,66.67,36.03,2
2024-03-21 09:00:00,9,3,3,81,0,14.9,0.22,85.27,41.83,3
2024-03-21 10:00:00,10,3,3,81,0,9.82,0.22,151.98,38.57,2
2024-03-21 11:00:00,11,3,3,81,0,14.48,0.22,158.47,29.03,2
2024-03-21 12:00:00,12,3,3,81,0,13.59,0.22,135.72,26.35,2
2024-03-21 13:00:00,13,3,3,81,0,15.1,0.22,133.23,25.51,2
2024-03-21 14:00:00,14,3,3,81,0,21.1,0.22,134.03,40.04,3
2024-03-21 15:00:00,15,3,3,81,0,12.98,0.22,93.23,30.59,2
2024-03-21 16:00:00,16,3,3,81,0,16.32,0.38,48.17,48.46,4
2024-03-21 17:00:00,17,3,3,81,0,16.25,0.38,16.8,50.82,4
2024-03-21 18:00:00,18,3,3,81,0,16.69,0.38,0.0,59.09,5
2024-03-21 19:00:00,19,3,3,81,0,13.68,0.38,0.0,52.69,4
2024-03-21 20:00:00,20,3,3,81,0,12.9,0.38,0.0,46.46,3
2024-03-21 21:00:00,21,3,3,81,0,10.2,0.38,0.0,33.03,2
2024-03-21 22:00:00,22,3,3,81,0,10.23,0.22,0.0,29.88,2
2024-03-21 23:00:00,23,3,3,81,0,7.8,0.22,0.0,11.46,1
2024-03-22 00:00:00,0,4,3,82,0,8.85,0.12,0.0,2.5,1
2024-03-22 01:00:00,1,4,3,82,0,6.07,0.12,0.0,2.5,1
2024-03-22 02:00:00,2,4,3,82,0,7.07,0.12,0.0,9.04,1
2024-03-22 03:00:00,3,4,3,82,0,6.08,0.12,0.0,2.5,1
2024-03-22 04:00:00,4,4,3,82,0,8.57,0.12,0.0,6.26,1
2024-03-22 05:00:00,5,4,3,82,0,6.71,0.12,0.0,2.5,1
2024-03-22 06:00:00,6,4,3,82,0,4.06,0.12,0.0,9.97,1
2024-03-22 07:00:00,7,4,3,82,0,11.17,0.22,20.72,24.17,2
2024-03-22 08:00:00,8,4,3,82,0,8.04,0.22,42.31,35.38,2
2024-03-22 09:00:00,9,4,3,82,0,9.84,0.22,112.77,39.23,3
2024-03-22 10:00:00,10,4,3,82,0,11.25,0.22,117.31,40.93,3
2024-03-22 11:00:00,11,4,3,82,0,16.39,0.22,180.04,28.49,2
2024-03-22 12:00:00,12,4,3,82,0,10.41,0.22,167.76,30.14,2
2024-03-22 13:00:00,13,4,3,82,0,21.75,0.22,170.64,30.22,2
2024-03-22 14:00:00,14,4,3,82,0,18.09,0.22,125.54,33.18,2
2024-03-22 15:00:00,15,4,3,82,0,16.59,0.22,102.05,32.64,2
2024-03-22 16:00:00,16,4,3,82,0,15.86,0.38,64.24,40.86,3
2024-03-22 17:00:00,17,4,3,82,0,16.04,0.38,23.97,48.39,4
2024-03-22 18:00:00,18,4,3,82,0,15.72,0.38,0.0,58.06,5
2024-03-22 19:00:00,19,4,3,82,0,14.93,0.38,0.0,55.56,4
2024-03-22 20:00:00,20,4,3,82,0,13.55,0.38,0.0,47.89,3
2024-03-22 21:00:00,21,4,3,82,0,11.32,0.38,0.0,44.55,4
2024-03-22 22:00:00,22,4,3,82,0,9.45,0.22,0.0,19.39,1
2024-03-22 23:00:00,23,4,3,82,0,8.34,0.22,0.0,16.4,1
2024-03-23 00:00:00,0,5,3,83,1,7.38,0.1,0.0,8.61,1
2024-03-23 01:00:00,1,5,3,83,1,9.24,0.1,0.0,4.89,1
2024-03-23 02:00:00,2,5,3,83,1,7.66,0.1,0.0,10.72,1
2024-03-23 03:00:00,3,5,3,83,1,0.42,0.1,0.0,8.19,1
2024-03-23 04:00:00,4,5,3,83,1,7.78,0.1,0.0,5.9,1
2024-03-23 05:00:00,5,5,3,83,1,7.36,0.1,0.0,9.79,1
2024-03-23 06:00:00,6,5,3,83,1,7.73,0.1,0.0,21.34,1
2024-03-23 07:00:00,7,5,3,83,1,8.03,0.1,21.42,32.07,2
2024-03-23 08:00:00,8,5,3,83,1,12.26,0.1,58.78,17.73,1
2024-03-23 09:00:00,9,5,3,83,1,13.2,0.1,100.28,24.27,2
2024-03-23 10:00:00,10,5,3,83,1,11.05,0.15,137.81,32.83,3
2024-03-23 11:00:00,11,5,3,83,1,14.62,0.15,106.85,36.18,3
2024-03-23 12:00:00,12,5,3,83,1,12.89,0.15,168.17,48.68,4
2024-03-23 13:00:00,13,5,3,83,1,12.87,0.15,110.89,47.73,3
2024-03-23 14:00:00,14,5,3,83,1,14.88,0.15,148.77,48.81,4
2024-03-23 15:00:00,15,5,3,83,1,18.03,0.15,92.24,49.98,3
2024-03-23 16:00:00,16,5,3,83,1,18.04,0.15,41.89,52.85,5
2024-03-23 17:00:00,17,5,3,83,1,16.66,0.15,19.65,43.37,3
2024-03-23 18:00:00,18,5,3,83,1,16.29,0.15,0.0,45.54,3
2024-03-23 19:00:00,19,5,3,83,1,14.84,0.1,0.0,39.64,3
2024-03-23 20:00:00,20,5,3,83,1,11.31,0.1,0.0,31.26,2
2024-03-23 21:00:00,21,5,3,83,1,12.17,0.1,0.0,30.95,3
2024-03-23 22:00:00,22,5,3,83,1,11.61,0.1,0.0,18.31,1
2024-03-23 23:00:00,23,5,3,83,1,10.31,0.1,0.0,14.7,1
2024-03-24 00:00:00,0,6,3,84,1,10.31,0.1,0.0,6.14,1
2024-03-24 01:00:00,1,6,3,84,1,8.55,0.1,0.0,12.04,1
2024-03-24 02:00:00,2,6,3,84,1,7.34,0.1,0.0,3.11,1
2024-03-24 03:00:00,3,6,3,84,1,8.6,0.1,0.0,14.99,1
2024-03-24 04:00:00,4,6,3,84,1,6.58,0.1,0.0,2.5,1
2024-03-24 05:00:00,5,6,3,84,1,5.37,0.1,0.0,2.5,1
2024-03-24 06:00:00,6,6,3,84,1,7.6,0.1,0.0,8.37,1
2024-03-24 07:00:00,7,6,3,84,1,7.47,0.1,24.05,12.28,1
2024-03-24 08:00:00,8,6,3,84,1,8.82,0.1,67.81,17.07,1
2024-03-24 09:00:00,9,6,3,84,1,11.17,0.1,97.44,21.82,1
2024-03-24 10:00:00,10,6,3,84,1,11.17,0.15,131.27,44.29,3
2024-03-24 11:00:00,11,6,3,84,1,13.35,0.15,173.57,41.41,3
2024-03-24 12:00:00,12,6,3,84,1,11.21,0.15,161.2,56.77,4
2024-03-24 13:00:00,13,6,3,84,1,16.22,0.15,182.08,47.91,3
2024-03-24 14:00:00,14,6,3,84,1,16.3,0.15,139.59,51.49,4
2024-03-24 15:00:00,15,6,3,84,1,14.83,0.15,95.98,48.87,4
2024-03-24 16:00:00,16,6,3,84,1,17.61,0.15,55.28,43.74,4
2024-03-24 17:00:00,17,6,3,84,1,17.67,0.15,19.4,48.2,4
2024-03-24 18:00:00,18,6,3,84,1,11.78,0.15,0.0,41.64,3
2024-03-24 19:00:00,19,6,3,84,1,12.44,0.1,0.0,35.79,3
2024-03-24 20:00:00,20,6,3,84,1,11.22,0.1,0.0,30.48,2
2024-03-24 21:00:00,21,6,3,84,1,9.58,0.1,0.0,28.83,3
2024-03-24 22:00:00,22,6,3,84,1,11.83,0.1,0.0,26.71,2
2024-03-24 23:00:00,23,6,3,84,1,8.58,0.1,0.0,10.12,1
2024-03-25 00:00:00,0,0,3,85,0,7.56,0.12,0.0,2.5,1
2024-03-25 01:00:00,1,0,3,85,0,3.29,0.12,0.0,3.53,1
2024-03-25 02:00:00,2,0,3,85,0,8.07,0.12,0.0,2.5,1
2024-03-25 03:00:00,3,0,3,85,0,4.15,0.12,0.0,2.67,1
2024-03-25 04:00:00,4,0,3,85,0,6.92,0.12,0.0,16.06,1
2024-03-25 05:00:00,5,0,3,85,0,7.85,0.12,0.0,12.35,1
2024-03-25 06:00:00,6,0,3,85,0,10.81,0.12,0.0,19.66,1
2024-03-25 07:00:00,7,0,3,85,0,6.51,0.22,21.56,20.1,2
2024-03-25 08:00:00,8,0,3,85,0,4.29,0.22,47.23,39.21,3
2024-03-25 09:00:00,9,0,3,85,0,11.99,0.22,94.48,40.36,3
2024-03-25 10:00:00,10,0,3,85,0,16.52,0.22,115.4,34.4,3
2024-03-25 11:00:00,11,0,3,85,0,16.6,0.22,146.47,47.02,4
2024-03-25 12:00:00,12,0,3,85,0,15.58,0.22,170.5,27.01,2
2024-03-25 13:00:00,13,0,3,85,0,14.97,0.22,169.01,32.93,2
2024-03-25 14:00:00,14,0,3,85,0,18.07,0.22,155.44,32.12,3
2024-03-25 15:00:00,15,0,3,85,0,14.68,0.22,93.53,26.21,2
2024-03-25 16:00:00,16,0,3,85,0,17.41,0.38,66.35,33.76,3
2024-03-25 17:00:00,17,0,3,85,0,16.97,0.38,23.28,51.59,4
2024-03-25 18:00:00,18,0,3,85,0,17.28,0.38,0.0,53.9,4
2024-03-25 19:00:00,19,0,3,85,0,19.64,0.38,0.0,57.3,4
2024-03-25 20:00:00,20,0,3,85,0,13.7,0.38,0.0,53.08,4
2024-03-25 21:00:00,21,0,3,85,0,10.61,0.38,0.0,28.05,3
2024-03-25 22:00:00,22,0,3,85,0,10.28,0.22,0.0,27.32,2
2024-03-25 23:00:00,23,0,3,85,0,5.59,0.22,0.0,12.85,1
2024-03-26 00:00:00,0,1,3,86,0,6.86,0.12,0.0,9.43,1
2024-03-26 01:00:00,1,1,3,86,0,6.64,0.12,0.0,12.8,1
2024-03-26 02:00:00,2,1,3,86,0,5.91,0.12,0.0,5.02,1
2024-03-26 03:00:00,3,1,3,86,0,7.09,0.12,0.0,4.55,1
2024-03-26 04:00:00,4,1,3,86,0,5.31,0.12,0.0,8.21,1
2024-03-26 05:00:00,5,1,3,86,0,9.7,0.12,0.0,12.53,1
2024-03-26 06:00:00,6,1,3,86,0,8.25,0.12,0.0,28.42,2
2024-03-26 07:00:00,7,1,3,86,0,9.27,0.22,18.52,17.02,1
2024-03-26 08:00:00,8,1,3,86,0,9.84,0.22,66.39,48.35,4
2024-03-26 09:00:00,9,1,3,86,0,12.1,0.22,86.33,48.06,4
2024-03-26 10:00:00,10,1,3,86,0,14.73,0.22,137.95,48.19,4
2024-03-26 11:00:00,11,1,3,86,0,12.55,0.22,154.48,30.54,2
2024-03-26 12:00:00,12,1,3,86,0,14.01,0.22,191.46,23.15,2
2024-03-26 13:00:00,13,1,3,86,0,15.51,0.22,138.64,17.32,1
2024-03-26 14:00:00,14,1,3,86,0,13.93,0.22,144.88,22.86,2
2024-03-26 15:00:00,15,1,3,86,0,15.15,0.22,89.86,35.89,3
2024-03-26 16:00:00,16,1,3,86,0,15.66,0.38,56.14,34.54,3
2024-03-26 17:00:00,17,1,3,86,0,17.87,0.38,11.33,48.73,3
2024-03-26 18:00:00,18,1,3,86,0,15.85,0.38,0.0,57.97,4
2024-03-26 19:00:00,19,1,3,86,0,14.67,0.38,0.0,59.39,4
2024-03-26 20:00:00,20,1,3,86,0,14.78,0.38,0.0,62.35,4
2024-03-26 21:00:00,21,1,3,86,0,11.51,0.38,0.0,34.8,3
2024-03-26 22:00:00,22,1,3,86,0,11.27,0.22,0.0,29.42,2
2024-03-26 23:00:00,23,1,3,86,0,9.08,0.22,0.0,13.82,1
2024-03-27 00:00:00,0,2,3,87,0,8.95,0.12,0.0,2.5,1
2024-03-27 01:00:00,1,2,3,87,0,6.46,0.12,0.0,2.83,1
2024-03-27 02:00:00,2,2,3,87,0,2.24,0.12,0.0,4.93,1
2024-03-27 03:00:00,3,2,3,87,0,6.68,0.12,0.0,7.99,1
2024-03-27 04:00:00,4,2,3,87,0,9.97,0.12,0.0,19.27,1
2024-03-27 05:00:00,5,2,3,87,0,9.47,0.12,0.0,8.57,1
2024-03-27 06:00:00,6,2,3,87,0,10.35,0.12,0.0,12.74,1
2024-03-27 07:00:00,7,2,3,87,0,11.92,0.22,22.98,21.79,2
2024-03-27 08:00:00,8,2,3,87,0,10.83,0.22,64.87,37.09,3
2024-03-27 09:00:00,9,2,3,87,0,12.35,0.22,96.46,42.99,3
2024-03-27 10:00:00,10,2,3,87,0,12.01,0.22,157.17,39.74,3
2024-03-27 11:00:00,11,2,3,87,0,13.82,0.22,154.04,30.52,3
2024-03-27 12:00:00,12,2,3,87,0,16.72,0.22,125.76,29.53,3
2024-03-27 13:00:00,13,2,3,87,0,18.69,0.22,154.22,16.79,1
2024-03-27 14:00:00,14,2,3,87,0,16.5,0.22,120.07,29.08,2
2024-03-27 15:00:00,15,2,3,87,0,16.05,0.22,98.13,30.68,2
2024-03-27 16:00:00,16,2,3,87,0,16.78,0.38,58.53,39.74,3
2024-03-27 17:00:00,17,2,3,87,0,17.48,0.38,25.68,51.39,4
2024-03-27 18:00:00,18,2,3,87,0,12.6,0.38,0.0,53.25,4
2024-03-27 19:00:00,19,2,3,87,0,9.86,0.38,0.0,72.35,5
2024-03-27 20:00:00,20,2,3,87,0,12.14,0.38,0.0,43.14,3
2024-03-27 21:00:00,21,2,3,87,0,9.51,0.38,0.0,42.89,4
2024-03-27 22:00:00,22,2,3,87,0,9.64,0.22,0.0,25.1,2
2024-03-27 23:00:00,23,2,3,87,0,9.16,0.22,0.0,20.91,2
2024-03-28 00:00:00,0,3,3,88,0,7.67,0.12,0.0,2.5,1
2024-03-28 01:00:00,1,3,3,88,0,10.69,0.12,0.0,8.22,1
2024-03-28 02:00:00,2,3,3,88,0,7.94,0.12,0.0,5.24,1
2024-03-28 03:00:00,3,3,3,88,0,7.72,0.12,0.0,8.93,1
2024-03-28 04:00:00,4,3,3,88,0,8.53,0.12,0.0,9.55,1
2024-03-28 05:00:00,5,3,3,88,0,5.51,0.12,0.0,13.69,1
2024-03-28 06:00:00,6,3,3,88,0,10.66,0.12,0.0,23.18,2
2024-03-28 07:00:00,7,3,3,88,0,9.46,0.22,25.69,34.68,3
2024-03-28 08:00:00,8,3,3,88,0,12.16,0.22,67.31,30.22,3
2024-03-28 09:00:00,9,3,3,88,0,9.97,0.22,84.55,35.45,3
2024-03-28 10:00:00,10,3,3,88,0,10.3,0.22,151.64,36.77,2
2024-03-28 11:00:00,11,3,3,88,0,16.25,0.22,172.21,32.2,3
2024-03-28 12:00:00,12,3,3,88,0,16.4,0.22,186.82,23.21,2
2024-03-28 13:00:00,13,3,3,88,0,14.64,0.22,174.81,29.06,2
2024-03-28 14:00:00,14,3,3,88,0,15.21,0.22,147.65,35.58,3
2024-03-28 15:00:00,15,3,3,88,0,19.37,0.22,116.59,37.15,2
2024-03-28 16:00:00,16,3,3,88,0,14.57,0.38,60.37,32.6,3
2024-03-28 17:00:00,17,3,3,88,0,19.73,0.38,25.62,56.84,5
2024-03-28 18:00:00,18,3,3,88,0,13.85,0.38,0.0,53.08,4
2024-03-28 19:00:00,19,3,3,88,0,15.89,0.38,0.0,48.37,4
2024-03-28 20:00:00,20,3,3,88,0,12.75,0.38,0.0,42.58,3
2024-03-28 21:00:00,21,3,3,88,0,13.32,0.38,0.0,40.02,3
2024-03-28 22:00:00,22,3,3,88,0,9.73,0.22,0.0,29.16,2
2024-03-28 23:00:00,23,3,3,88,0,9.29,0.22,0.0,15.42,1
2024-03-29 00:00:00,0,4,3,89,0,8.83,0.12,0.0,3.97,1
2024-03-29 01:00:00,1,4,3,89,0,5.95,0.12,0.0,2.5,1
2024-03-29 02:00:00,2,4,3,89,0,8.93,0.12,0.0,3.39,1
2024-03-29 03:00:00,3,4,3,89,0,6.25,0.12,0.0,2.5,1
2024-03-29 04:00:00,4,4,3,89,0,6.99,0.12,0.0,9.67,1
2024-03-29 05:00:00,5,4,3,89,0,5.96,0.12,0.0,14.06,1
2024-03-29 06:00:00,6,4,3,89,0,3.62,0.12,0.0,19.03,1
2024-03-29 07:00:00,7,4,3,89,0,9.4,0.22,23.8,30.07,2
2024-03-29 08:00:00,8,4,3,89,0,15.81,0.22,60.69,36.41,2
2024-03-29 09:00:00,9,4,3,89,0,13.85,0.22,110.79,47.27,3
2024-03-29 10:00:00,10,4,3,89,0,13.54,0.22,139.3,31.14,3
2024-03-29 11:00:00,11,4,3,89,0,14.25,0.22,157.06,30.68,3
2024-03-29 12:00:00,12,4,3,89,0,15.86,0.22,171.71,28.62,2
2024-03-29 13:00:00,13,4,3,89,0,17.7,0.22,165.34,20.8,1
2024-03-29 14:00:00,14,4,3,89,0,14.75,0.22,134.0,25.12,2
2024-03-29 15:00:00,15,4,3,89,0,19.51,0.22,100.3,31.95,3
2024-03-29 16:00:00,16,4,3,89,0,18.54,0.38,57.96,37.92,2
2024-03-29 17:00:00,17,4,3,89,0,18.05,0.38,25.51,44.66,3
2024-03-29 18:00:00,18,4,3,89,0,16.69,0.38,0.0,54.97,5
2024-03-29 19:00:00,19,4,3,89,0,14.82,0.38,0.0,60.61,5
2024-03-29 20:00:00,20,4,3,89,0,14.92,0.38,0.0,42.21,3
2024-03-29 21:00:00,21,4,3,89,0,13.46,0.38,0.0,30.99,2
2024-03-29 22:00:00,22,4,3,89,0,10.28,0.22,0.0,25.58,2
2024-03-29 23:00:00,23,4,3,89,0,8.63,0.22,0.0,18.77,1
2024-03-30 00:00:00,0,5,3,90,1,9.11,0.1,0.0,2.76,1
2024-03-30 01:00:00,1,5,3,90,1,11.21,0.1,0.0,4.92,1
2024-03-30 02:00:00,2,5,3,90,1,5.14,0.1,0.0,18.1,1
2024-03-30 03:00:00,3,5,3,90,1,4.51,0.1,0.0,8.32,1
2024-03-30 04:00:00,4,5,3,90,1,7.95,0.1,0.0,11.18,1
2024-03-30 05:00:00,5,5,3,90,1,8.22,0.1,0.0,15.11,1
2024-03-30 06:00:00,6,5,3,90,1,9.26,0.1,0.0,11.19,1
2024-03-30 07:00:00,7,5,3,90,1,10.43,0.1,22.42,9.04,1
2024-03-30 08:00:00,8,5,3,90,1,10.71,0.1,55.57,17.6,1
2024-03-30 09:00:00,9,5,3,90,1,15.43,0.1,108.77,29.12,2
2024-03-30 10:00:00,10,5,3,90,1,10.54,0.15,146.98,37.14,3
2024-03-30 11:00:00,11,5,3,90,1,13.29,0.15,176.45,39.39,2
2024-03-30 12:00:00,12,5,3,90,1,15.78,0.15,181.25,46.56,3
2024-03-30 13:00:00,13,5,3,90,1,13.49,0.15,151.88,51.25,4
2024-03-30 14:00:00,14,5,3,90,1,16.92,0.15,135.57,59.37,5
2024-03-30 15:00:00,15,5,3,90,1,20.77,0.15,116.73,51.23,4
2024-03-30 16:00:00,16,5,3,90,1,17.32,0.15,70.08,43.84,4
2024-03-30 17:00:00,17,5,3,90,1,17.24,0.15,19.37,45.75,4
2024-03-30 18:00:00,18,5,3,90,1,13.46,0.15,0.0,47.37,4
2024-03-30 19:00:00,19,5,3,90,1,13.71,0.1,0.0,46.65,4
2024-03-30 20:00:00,20,5,3,90,1,12.99,0.1,0.0,31.32,2
2024-03-30 21:00:00,21,5,3,90,1,11.81,0.1,0.0,25.28,2
2024-03-30 22:00:00,22,5,3,90,1,13.72,0.1,0.0,17.38,2
2024-03-30 23:00:00,23,5,3,90,1,11.06,0.1,0.0,11.38,1
2024-03-31 00:00:00,0,6,3,91,1,6.85,0.1,0.0,6.49,1
2024-03-31 01:00:00,1,6,3,91,1,8.78,0.1,0.0,2.5,1
2024-03-31 02:00:00,2,6,3,91,1,8.78,0.1,0.0,10.08,1
2024-03-31 03:00:00,3,6,3,91,1,9.89,0.1,0.0,13.63,1
2024-03-31 04:00:00,4,6,3,91,1,10.94,0.1,0.0,7.22,1
2024-03-31 05:00:00,5,6,3,91,1,6.25,0.1,0.0,4.9,1
2024-03-31 06:00:00,6,6,3,91,1,7.46,0.1,0.0,12.63,1
2024-03-31 07:00:00,7,6,3,91,1,7.6,0.1,23.42,26.72,2
2024-03-31 08:00:00,8,6,3,91,1,10.85,0.1,69.74,20.43,1
2024-03-31 09:00:00,9,6,3,91,1,13.55,0.1,110.08,26.48,2
2024-03-31 10:00:00,10,6,3,91,1,15.88,0.15,84.74,29.21,2
2024-03-31 11:00:00,11,6,3,91,1,14.96,0.15,136.67,35.6,3
2024-03-31 12:00:00,12,6,3,91,1,15.51,0.15,123.05,48.79,4
2024-03-31 13:00:00,13,6,3,91,1,17.25,0.15,170.45,55.89,3
2024-03-31 14:00:00,14,6,3,91,1,15.77,0.15,145.96,63.59,4
2024-03-31 15:00:00,15,6,3,91,1,21.79,0.15,108.29,53.95,3
2024-03-31 16:00:00,16,6,3,91,1,14.23,0.15,53.89,44.51,3
2024-03-31 17:00:00,17,6,3,91,1,17.31,0.15,25.21,43.48,3
2024-03-31 18:00:00,18,6,3,91,1,20.2,0.15,0.0,45.05,3
2024-03-31 19:00:00,19,6,3,91,1,15.13,0.1,0.0,41.97,3
2024-03-31 20:00:00,20,6,3,91,1,13.53,0.1,0.0,37.89,3
2024-03-31 21:00:00,21,6,3,91,1,11.9,0.1,0.0,22.13,1
2024-03-31 22:00:00,22,6,3,91,1,10.96,0.1,0.0,26.48,2
2024-03-31 23:00:00,23,6,3,91,1,12.86,0.1,0.0,14.74,1
2024-04-01 00:00:00,0,0,4,92,0,4.82,0.12,0.0,2.5,1
2024-04-01 01:00:00,1,0,4,92,0,11.52,0.12,0.0,4.21,1
2024-04-01 02:00:00,2,0,4,92,0,5.1,0.12,0.0,2.5,1
2024-04-01 03:00:00,3,0,4,92,0,7.25,0.12,0.0,9.5,1
2024-04-01 04:00:00,4,0,4,92,0,7.09,0.12,0.0,13.03,1
2024-04-01 05:00:00,5,0,4,92,0,9.63,0.12,0.0,2.5,1
2024-04-01 06:00:00,6,0,4,92,0,6.05,0.12,0.0,26.59,2
2024-04-01 07:00:00,7,0,4,92,0,11.21,0.22,21.22,23.69,2
2024-04-01 08:00:00,8,0,4,92,0,15.54,0.22,63.14,36.72,3
2024-04-01 09:00:00,9,0,4,92,0,10.05,0.22,71.95,42.3,3
2024-04-01 10:00:00,10,0,4,92,0,14.45,0.22,145.36,45.08,3
2024-04-01 11:00:00,11,0,4,92,0,13.96,0.22,111.87,28.03,2
2024-04-01 12:00:00,12,0,4,92,0,17.17,0.22,200.32,23.8,2
2024-04-01 13:00:00,13,0,4,92,0,17.15,0.22,179.26,24.78,2
2024-04-01 14:00:00,14,0,4,92,0,16.33,0.22,136.67,31.7,2
2024-04-01 15:00:00,15,0,4,92,0,18.76,0.22,112.86,40.38,3
2024-04-01 16:00:00,16,0,4,92,0,21.22,0.38,54.01,42.67,4
2024-04-01 17:00:00,17,0,4,92,0,16.73,0.38,23.44,47.46,4
2024-04-01 18:00:00,18,0,4,92,0,17.76,0.38,0.0,58.55,4
2024-04-01 19:00:00,19,0,4,92,0,12.69,0.38,0.0,55.28,4
2024-04-01 20:00:00,20,0,4,92,0,12.16,0.38,0.0,44.84,3
2024-04-01 21:00:00,21,0,4,92,0,13.73,0.38,0.0,35.14,2
2024-04-01 22:00:00,22,0,4,92,0,14.45,0.22,0.0,45.44,4
2024-04-01 23:00:00,23,0,4,92,0,10.99,0.22,0.0,12.21,1
2024-04-02 00:00:00,0,1,4,93,0,8.79,0.12,0.0,2.73,1
2024-04-02 01:00:00,1,1,4,93,0,8.62,0.12,0.0,5.14,1
2024-04-02 02:00:00,2,1,4,93,0,5.62,0.12,0.0,11.03,1
2024-04-02 03:00:00,3,1,4,93,0,9.16,0.12,0.0,2.5,1
2024-04-02 04:00:00,4,1,4,93,0,9.88,0.12,0.0,10.54,1
2024-04-02 05:00:00,5,1,4,93,0,7.71,0.12,0.0,6.33,1
2024-04-02 06:00:00,6,1,4,93,0,8.47,0.12,0.0,18.72,1
2024-04-02 07:00:00,7,1,4,93,0,10.98,0.22,25.36,25.52,2
2024-04-02 08:00:00,8,1,4,93,0,10.78,0.22,65.62,34.17,2
2024-04-02 09:00:00,9,1,4,93,0,12.82,0.22,119.74,36.6,2
2024-04-02 10:00:00,10,1,4,93,0,18.44,0.22,151.66,44.6,3
2024-04-02 11:00:00,11,1,4,93,0,14.95,0.22,157.55,30.62,3
2024-04-02 12:00:00,12,1,4,93,0,15.77,0.22,163.64,23.65,2
2024-04-02 13:00:00,13,1,4,93,0,15.98,0.22,159.22,20.44,2
2024-04-02 14:00:00,14,1,4,93,0,19.27,0.22,113.57,27.82,2
2024-04-02 15:00:00,15,1,4,93,0,17.59,0.22,105.94,38.2,3
2024-04-02 16:00:00,16,1,4,93,0,16.48,0.38,69.35,37.69,3
2024-04-02 17:00:00,17,1,4,93,0,19.92,0.38,21.38,45.37,3
2024-04-02 18:00:00,18,1,4,93,0,19.32,0.38,0.0,63.0,4
2024-04-02 19:00:00,19,1,4,93,0,14.25,0.38,0.0,51.18,3
2024-04-02 20:00:00,20,1,4,93,0,10.51,0.38,0.0,46.32,4
2024-04-02 21:00:00,21,1,4,93,0,14.96,0.38,0.0,40.85,3
2024-04-02 22:00:00,22,1,4,93,0,10.29,0.22,0.0,24.61,2
2024-04-02 23:00:00,23,1,4,93,0,12.03,0.22,0.0,10.17,1
2024-04-03 00:00:00,0,2,4,94,0,5.64,0.12,0.0,6.57,1
2024-04-03 01:00:00,1,2,4,94,0,10.57,0.12,0.0,13.13,1
2024-04-03 02:00:00,2,2,4,94,0,5.87,0.12,0.0,3.18,1
2024-04-03 03:00:00,3,2,4,94,0,9.58,0.12,0.0,3.79,1
2024-04-03 04:00:00,4,2,4,94,0,8.32,0.12,0.0,12.0,1
2024-04-03 05:00:00,5,2,4,94,0,6.88,0.12,0.0,2.5,1
2024-04-03 06:00:00,6,2,4,94,0,8.77,0.12,0.0,22.85,2
2024-04-03 07:00:00,7,2,4,94,0,11.99,0.22,22.0,21.45,2
2024-04-03 08:00:00,8,2,4,94,0,12.04,0.22,69.31,29.81,2
2024-04-03 09:00:00,9,2,4,94,0,14.29,0.22,102.42,40.65,3
2024-04-03 10:00:00,10,2,4,94,0,18.36,0.22,161.65,42.1,3
2024-04-03 11:00:00,11,2,4,94,0,12.49,0.22,132.86,29.73,2
2024-04-03 12:00:00,12,2,4,94,0,19.89,0.22,138.16,20.6,1
2024-04-03 13:00:00,13,2,4,94,0,17.66,0.22,160.08,29.02,2
2024-04-03 14:00:00,14,2,4,94,0,16.15,0.22,126.16,25.25,2
2024-04-03 15:00:00,15,2,4,94,0,15.46,0.22,98.45,26.51,2
2024-04-03 16:00:00,16,2,4,94,0,17.57,0.38,61.09,31.77,2
2024-04-03 17:00:00,17,2,4,94,0,19.29,0.38,25.76,50.3,3
2024-04-03 18:00:00,18,2,4,94,0,16.4,0.38,0.0,50.42,3
2024-04-03 19:00:00,19,2,4,94,0,18.64,0.38,0.0,67.05,6
2024-04-03 20:00:00,20,2,4,94,0,11.51,0.38,0.0,47.54,3
2024-04-03 21:00:00,21,2,4,94,0,13.09,0.38,0.0,31.13,3
2024-04-03 22:00:00,22,2,4,94,0,9.32,0.22,0.0,22.27,1
2024-04-03 23:00:00,23,2,4,94,0,11.34,0.22,0.0,15.62,1
2024-04-04 00:00:00,0,3,4,95,0,11.53,0.12,0.0,14.86,1
2024-04-04 01:00:00,1,3,4,95,0,8.12,0.12,0.0,2.79,1
2024-04-04 02:00:00,2,3,4,95,0,3.25,0.12,0.0,4.44,1
2024-04-04 03:00:00,3,3,4,95,0,8.68,0.12,0.0,7.42,1
2024-04-04 04:00:00,4,3,4,95,0,9.33,0.12,0.0,5.15,1
2024-04-04 05:00:00,5,3,4,95,0,9.77,0.12,0.0,3.46,1
2024-04-04 06:00:00,6,3,4,95,0,12.22,0.12,0.0,15.27,1
2024-04-04 07:00:00,7,3,4,95,0,8.64,0.22,22.81,21.29,2
2024-04-04 08:00:00,8,3,4,95,0,13.35,0.22,52.81,34.2,3
2024-04-04 09:00:00,9,3,4,95,0,15.67,0.22,86.88,52.28,4
2024-04-04 10:00:00,10,3,4,95,0,11.02,0.22,163.97,37.65,3
2024-04-04 11:00:00,11,3,4,95,0,16.43,0.22,173.94,24.12,2
2024-04-04 12:00:00,12,3,4,95,0,15.81,0.22,182.31,23.5,2
2024-04-04 13:00:00,13,3,4,95,0,17.45,0.22,130.65,22.94,2
2024-04-04 14:00:00,14,3,4,95,0,18.81,0.22,151.36,29.08,2
2024-04-04 15:00:00,15,3,4,95,0,17.31,0.22,120.98,33.65,3
2024-04-04 16:00:00,16,3,4,95,0,16.77,0.38,71.93,38.61,3
2024-04-04 17:00:00,17,3,4,95,0,17.69,0.38,25.72,49.79,4
2024-04-04 18:00:00,18,3,4,95,0,14.65,0.38,0.0,59.68,5
2024-04-04 19:00:00,19,3,4,95,0,13.62,0.38,0.0,49.98,4
2024-04-04 20:00:00,20,3,4,95,0,15.94,0.38,0.0,61.4,4
2024-04-04 21:00:00,21,3,4,95,0,10.99,0.38,0.0,32.71,3
2024-04-04 22:00:00,22,3,4,95,0,13.33,0.22,0.0,21.48,2
2024-04-04 23:00:00,23,3,4,95,0,11.71,0.22,0.0,17.31,1
2024-04-05 00:00:00,0,4,4,96,0,6.47,0.12,0.0,4.15,1
2024-04-05 01:00:00,1,4,4,96,0,7.77,0.12,0.0,10.5,1
2024-04-05 02:00:00,2,4,4,96,0,11.02,0.12,0.0,2.91,1
2024-04-05 03:00:00,3,4,4,96,0,6.49,0.12,0.0,11.61,1
2024-04-05 04:00:00,4,4,4,96,0,7.7,0.12,0.0,2.5,1
2024-04-05 05:00:00,5,4,4,96,0,10.05,0.12,0.0,20.6,1
2024-04-05 06:00:00,6,4,4,96,0,11.49,0.12,0.0,14.73,1
2024-04-05 07:00:00,7,4,4,96,0,10.45,0.22,26.42,33.03,2
2024-04-05 08:00:00,8,4,4,96,0,10.97,0.22,60.58,30.92,2
2024-04-05 09:00:00,9,4,4,96,0,16.3,0.22,107.26,45.4,3
2024-04-05 10:00:00,10,4,4,96,0,18.23,0.22,132.21,42.41,3
2024-04-05 11:00:00,11,4,4,96,0,17.91,0.22,194.13,30.13,2
2024-04-05 12:00:00,12,4,4,96,0,17.16,0.22,177.01,18.16,1
2024-04-05 13:00:00,13,4,4,96,0,16.17,0.22,149.36,27.25,2
2024-04-05 14:00:00,14,4,4,96,0,16.63,0.22,130.88,24.26,2
2024-04-05 15:00:00,15,4,4,96,0,19.5,0.22,108.85,40.08,3
2024-04-05 16:00:00,16,4,4,96,0,19.12,0.38,70.16,42.92,3
2024-04-05 17:00:00,17,4,4,96,0,20.59,0.38,19.38,55.8,5
2024-04-05 18:00:00,18,4,4,96,0,18.29,0.38,0.0,58.32,4
2024-04-05 19:00:00,19,4,4,96,0,12.95,0.38,0.0,55.69,4
2024-04-05 20:00:00,20,4,4,96,0,16.85,0.38,0.0,56.37,4
2024-04-05 21:00:00,21,4,4,96,0,11.46,0.38,0.0,53.21,4
2024-04-05 22:00:00,22,4,4,96,0,11.39,0.22,0.0,25.69,2
2024-04-05 23:00:00,23,4,4,96,0,11.46,0.22,0.0,22.67,2
2024-04-06 00:00:00,0,5,4,97,1,14.08,0.1,0.0,4.67,1
2024-04-06 01:00:00,1,5,4,97,1,15.52,0.1,0.0,3.28,1
2024-04-06 02:00:00,2,5,4,97,1,10.01,0.1,0.0,4.8,1
2024-04-06 03:00:00,3,5,4,97,1,8.26,0.1,0.0,4.65,1
2024-04-06 04:00:00,4,5,4,97,1,9.87,0.1,0.0,12.26,1
2024-04-06 05:00:00,5,5,4,97,1,11.07,0.1,0.0,6.83,1
2024-04-06 06:00:00,6,5,4,97,1,9.45,0.1,0.0,6.62,1
2024-04-06 07:00:00,7,5,4,97,1,14.72,0.1,21.11,9.72,1
2024-04-06 08:00:00,8,5,4,97,1,12.79,0.1,61.11,21.33,2
2024-04-06 09:00:00,9,5,4,97,1,14.62,0.1,102.92,29.75,2
2024-04-06 10:00:00,10,5,4,97,1,16.25,0.15,138.73,36.13,3
2024-04-06 11:00:00,11,5,4,97,1,16.97,0.15,188.62,45.64,3
2024-04-06 12:00:00,12,5,4,97,1,18.84,0.15,173.06,47.83,4
2024-04-06 13:00:00,13,5,4,97,1,16.72,0.15,195.12,68.08,6
2024-04-06 14:00:00,14,5,4,97,1,17.34,0.15,129.5,53.72,5
2024-04-06 15:00:00,15,5,4,97,1,16.43,0.15,110.03,51.0,4
2024-04-06 16:00:00,16,5,4,97,1,19.34,0.15,57.18,54.22,5
2024-04-06 17:00:00,17,5,4,97,1,19.52,0.15,25.18,45.62,3
2024-04-06 18:00:00,18,5,4,97,1,18.08,0.15,0.0,41.63,3
2024-04-06 19:00:00,19,5,4,97,1,19.48,0.1,0.0,39.73,3
2024-04-06 20:00:00,20,5,4,97,1,14.91,0.1,0.0,34.81,2
2024-04-06 21:00:00,21,5,4,97,1,14.96,0.1,0.0,31.5,3
2024-04-06 22:00:00,22,5,4,97,1,10.15,0.1,0.0,11.92,1
2024-04-06 23:00:00,23,5,4,97,1,10.35,0.1,0.0,18.51,1
2024-04-07 00:00:00,0,6,4,98,1,11.65,0.1,0.0,2.5,1
2024-04-07 01:00:00,1,6,4,98,1,11.17,0.1,0.0,2.64,1
2024-04-07 02:00:00,2,6,4,98,1,8.38,0.1,0.0,8.83,1
2024-04-07 03:00:00,3,6,4,98,1,8.65,0.1,0.0,2.5,1
2024-04-07 04:00:00,4,6,4,98,1,5.93,0.1,0.0,5.6,1
2024-04-07 05:00:00,5,6,4,98,1,8.75,0.1,0.0,14.2,1
2024-04-07 06:00:00,6,6,4,98,1,12.04,0.1,0.0,14.59,1
2024-04-07 07:00:00,7,6,4,98,1,12.45,0.1,24.65,19.77,1
2024-04-07 08:00:00,8,6,4,98,1,13.51,0.1,60.87,15.89,1
2024-04-07 09:00:00,9,6,4,98,1,13.9,0.1,122.82,24.24,2
2024-04-07 10:00:00,10,6,4,98,1,15.11,0.15,155.22,27.89,2
2024-04-07 11:00:00,11,6,4,98,1,14.98,0.15,157.44,40.53,4
2024-04-07 12:00:00,12,6,4,98,1,18.73,0.15,193.43,44.36,3
2024-04-07 13:00:00,13,6,4,98,1,18.97,0.15,165.67,73.39,5
2024-04-07 14:00:00,14,6,4,98,1,19.61,0.15,106.76,57.34,4
2024-04-07 15:00:00,15,6,4,98,1,17.75,0.15,121.88,54.24,4
2024-04-07 16:00:00,16,6,4,98,1,14.32,0.15,73.03,47.29,4
2024-04-07 17:00:00,17,6,4,98,1,20.32,0.15,27.2,43.93,3
2024-04-07 18:00:00,18,6,4,98,1,16.38,0.15,0.0,42.04,3
2024-04-07 19:00:00,19,6,4,98,1,14.57,0.1,0.0,42.55,3
2024-04-07 20:00:00,20,6,4,98,1,16.48,0.1,0.0,29.64,3
2024-04-07 21:00:00,21,6,4,98,1,13.01,0.1,0.0,20.36,2
2024-04-07 22:00:00,22,6,4,98,1,14.62,0.1,0.0,10.06,1
2024-04-07 23:00:00,23,6,4,98,1,12.53,0.1,0.0,14.72,1
2024-04-08 00:00:00,0,0,4,99,0,11.8,0.12,0.0,4.65,1
2024-04-08 01:00:00,1,0,4,99,0,6.91,0.12,0.0,3.37,1
2024-04-08 02:00:00,2,0,4,99,0,11.56,0.12,0.0,2.5,1
2024-04-08 03:00:00,3,0,4,99,0,9.49,0.12,0.0,3.53,1
2024-04-08 04:00:00,4,0,4,99,0,8.4,0.12,0.0,13.93,1
2024-04-08 05:00:00,5,0,4,99,0,9.93,0.12,0.0,5.17,1
2024-04-08 06:00:00,6,0,4,99,0,6.88,0.12,0.0,17.91,1
2024-04-08 07:00:00,7,0,4,99,0,12.29,0.22,24.51,27.91,2
2024-04-08 08:00:00,8,0,4,99,0,10.62,0.22,73.39,31.0,2
2024-04-08 09:00:00,9,0,4,99,0,11.26,0.22,121.53,37.55,3
2024-04-08 10:00:00,10,0,4,99,0,12.22,0.22,135.03,38.2,3
2024-04-08 11:00:00,11,0,4,99,0,18.69,0.22,159.48,44.44,3
2024-04-08 12:00:00,12,0,4,99,0,16.25,0.22,160.76,30.3,3
2024-04-08 13:00:00,13,0,4,99,0,21.37,0.22,186.45,22.83,2
2024-04-08 14:00:00,14,0,4,99,0,17.73,0.22,127.14,31.36,2
2024-04-08 15:00:00,15,0,4,99,0,15.55,0.22,123.43,25.56,2
2024-04-08 16:00:00,16,0,4,99,0,16.57,0.38,73.39,36.67,3
2024-04-08 17:00:00,17,0,4,99,0,20.77,0.38,21.17,41.24,4
2024-04-08 18:00:00,18,0,4,99,0,17.19,0.38,0.0,56.07,4
2024-04-08 19:00:00,19,0,4,99,0,15.37,0.38,0.0,58.8,4
2024-04-08 20:00:00,20,0,4,99,0,15.58,0.38,0.0,44.47,3
2024-04-08 21:00:00,21,0,4,99,0,14.97,0.38,0.0,31.72,2
2024-04-08 22:00:00,22,0,4,99,0,14.91,0.22,0.0,25.27,2
2024-04-08 23:00:00,23,0,4,99,0,14.37,0.22,0.0,13.07,1
2024-04-09 00:00:00,0,1,4,100,0,9.89,0.12,0.0,3.77,1
2024-04-09 01:00:00,1,1,4,100,0,7.16,0.12,0.0,11.73,1
2024-04-09 02:00:00,2,1,4,100,0,8.48,0.12,0.0,9.38,1
2024-04-09 03:00:00,3,1,4,100,0,9.66,0.12,0.0,7.18,1
2024-04-09 04:00:00,4,1,4,100,0,7.38,0.12,0.0,2.5,1
2024-04-09 05:00:00,5,1,4,100,0,7.9,0.12,0.0,11.25,1
2024-04-09 06:00:00,6,1,4,100,0,11.29,0.12,0.0,14.33,1
2024-04-09 07:00:00,7,1,4,100,0,11.54,0.22,25.05,15.68,1
2024-04-09 08:00:00,8,1,4,100,0,12.91,0.22,65.89,33.33,2
2024-04-09 09:00:00,9,1,4,100,0,12.62,0.22,92.81,39.94,4
2024-04-09 10:00:00,10,1,4,100,0,14.97,0.22,153.2,46.62,3
2024-04-09 11:00:00,11,1,4,100,0,14.79,0.22,170.36,36.07,3
2024-04-09 12:00:00,12,1,4,100,0,19.46,0.22,136.29,23.32,2
2024-04-09 13:00:00,13,1,4,100,0,20.54,0.22,148.83,33.19,3
2024-04-09 14:00:00,14,1,4,100,0,15.28,0.22,163.98,30.29,2
2024-04-09 15:00:00,15,1,4,100,0,17.28,0.22,124.03,29.2,3
2024-04-09 16:00:00,16,1,4,100,0,15.98,0.38,68.15,34.17,3
2024-04-09 17:00:00,17,1,4,100,0,17.17,0.38,27.47,48.76,4
2024-04-09 18:00:00,18,1,4,100,0,17.51,0.38,0.0,51.46,5
2024-04-09 19:00:00,19,1,4,100,0,13.74,0.38,0.0,66.18,5
2024-04-09 20:00:00,20,1,4,100,0,13.59,0.38,0.0,47.62,4
2024-04-09 21:00:00,21,1,4,100,0,12.13,0.38,0.0,30.59,3
2024-04-09 22:00:00,22,1,4,100,0,13.26,0.22,0.0,34.2,2
2024-04-09 23:00:00,23,1,4,100,0,11.78,0.22,0.0,8.2,1
2024-04-10 00:00:00,0,2,4,101,0,9.33,0.12,0.0,6.06,1
2024-04-10 01:00:00,1,2,4,101,0,10.34,0.12,0.0,4.64,1
2024-04-10 02:00:00,2,2,4,101,0,8.39,0.12,0.0,2.5,1
2024-04-10 03:00:00,3,2,4,101,0,8.77,0.12,0.0,14.86,1
2024-04-10 04:00:00,4,2,4,101,0,12.83,0.12,0.0,3.82,1
2024-04-10 05:00:00,5,2,4,101,0,12.66,0.12,0.0,5.77,1
2024-04-10 06:00:00,6,2,4,101,0,8.18,0.12,0.0,18.93,1
2024-04-10 07:00:00,7,2,4,101,0,13.47,0.22,23.2,24.43,2
2024-04-10 08:00:00,8,2,4,101,0,14.64,0.22,53.08,31.75,2
2024-04-10 09:00:00,9,2,4,101,0,12.02,0.22,115.03,39.12,3
2024-04-10 10:00:00,10,2,4,101,0,17.24,0.22,168.93,46.79,4
2024-04-10 11:00:00,11,2,4,101,0,19.89,0.22,163.72,29.75,2
2024-04-10 12:00:00,12,2,4,101,0,15.6,0.22,201.73,38.15,2
2024-04-10 13:00:00,13,2,4,101,0,16.81,0.22,191.72,19.23,2
2024-04-10 14:00:00,14,2,4,101,0,21.18,0.22,152.54,23.95,2
2024-04-10 15:00:00,15,2,4,101,0,19.85,0.22,109.78,29.31,2
2024-04-10 16:00:00,16,2,4,101,0,20.24,0.38,57.0,41.07,3
2024-04-10 17:00:00,17,2,4,101,0,19.32,0.38,16.73,61.98,5
2024-04-10 18:00:00,18,2,4,101,0,18.63,0.38,0.0,55.59,4
2024-04-10 19:00:00,19,2,4,101,0,14.16,0.38,0.0,56.16,5
2024-04-10 20:00:00,20,2,4,101,0,17.7,0.38,0.0,44.94,3
2024-04-10 21:00:00,21,2,4,101,0,16.65,0.38,0.0,29.07,2
2024-04-10 22:00:00,22,2,4,101,0,12.56,0.22,0.0,24.4,2
2024-04-10 23:00:00,23,2,4,101,0,11.73,0.22,0.0,17.39,1
2024-04-11 00:00:00,0,3,4,102,0,7.89,0.12,0.0,2.79,1
2024-04-11 01:00:00,1,3,4,102,0,11.18,0.12,0.0,2.5,1
2024-04-11 02:00:00,2,3,4,102,0,10.8,0.12,0.0,2.5,1
2024-04-11 03:00:00,3,3,4,102,0,9.36,0.12,0.0,15.38,1
2024-04-11 04:00:00,4,3,4,102,0,11.9,0.12,0.0,4.09,1
2024-04-11 05:00:00,5,3,4,102,0,9.49,0.12,0.0,10.47,1
2024-04-11 06:00:00,6,3,4,102,0,12.08,0.12,0.0,20.79,2
2024-04-11 07:00:00,7,3,4,102,0,9.94,0.22,27.73,31.45,2
2024-04-11 08:00:00,8,3,4,102,0,13.14,0.22,51.79,32.78,3
2024-04-11 09:00:00,9,3,4,102,0,14.14,0.22,109.37,43.14,3
2024-04-11 10:00:00,10,3,4,102,0,16.23,0.22,156.76,40.94,3
2024-04-11 11:00:00,11,3,4,102,0,16.24,0.22,157.66,35.82,3
2024-04-11 12:00:00,12,3,4,102,0,17.76,0.22,126.97,27.16,2
2024-04-11 13:00:00,13,3,4,102,0,20.47,0.22,178.31,24.31,2
2024-04-11 14:00:00,14,3,4,102,0,18.44,0.22,133.32,21.75,2
2024-04-11 15:00:00,15,3,4,102,0,16.27,0.22,98.42,35.85,3
2024-04-11 16:00:00,16,3,4,102,0,22.81,0.38,62.36,37.17,2
2024-04-11 17:00:00,17,3,4,102,0,21.58,0.38,23.96,56.92,4
2024-04-11 18:00:00,18,3,4,102,0,15.43,0.38,0.0,58.9,5
2024-04-11 19:00:00,19,3,4,102,0,18.36,0.38,0.0,48.71,3
2024-04-11 20:00:00,20,3,4,102,0,14.77,0.38,0.0,42.74,3
2024-04-11 21:00:00,21,3,4,102,0,15.01,0.38,0.0,32.4,2
2024-04-11 22:00:00,22,3,4,102,0,13.78,0.22,0.0,25.14,2
2024-04-11 23:00:00,23,3,4,102,0,11.51,0.22,0.0,30.38,2
2024-04-12 00:00:00,0,4,4,103,0,9.55,0.12,0.0,9.54,1
2024-04-12 01:00:00,1,4,4,103,0,8.94,0.12,0.0,2.5,1
2024-04-12 02:00:00,2,4,4,103,0,7.99,0.12,0.0,9.75,1
2024-04-12 03:00:00,3,4,4,103,0,7.99,0.12,0.0,6.28,1
2024-04-12 04:00:00,4,4,4,103,0,9.69,0.12,0.0,10.6,1
2024-04-12 05:00:00,5,4,4,103,0,8.89,0.12,0.0,6.96,1
2024-04-12 06:00:00,6,4,4,103,0,12.48,0.12,0.0,31.12,3
2024-04-12 07:00:00,7,4,4,103,0,15.13,0.22,14.9,33.77,2
2024-04-12 08:00:00,8,4,4,103,0,12.2,0.22,64.77,38.63,2
2024-04-12 09:00:00,9,4,4,103,0,15.13,0.22,110.61,39.39,3
2024-04-12 10:00:00,10,4,4,103,0,16.95,0.22,99.27,43.1,3
2024-04-12 11:00:00,11,4,4,103,0,18.1,0.22,200.88,25.68,2
2024-04-12 12:00:00,12,4,4,103,0,18.34,0.22,193.47,35.49,3
2024-04-12 13:00:00,13,4,4,103,0,20.47,0.22,156.31,31.67,2
2024-04-12 14:00:00,14,4,4,103,0,20.45,0.22,170.54,28.21,2
2024-04-12 15:00:00,15,4,4,103,0,17.18,0.22,83.61,28.56,2
2024-04-12 16:00:00,16,4,4,103,0,21.22,0.38,54.8,35.87,3
2024-04-12 17:00:00,17,4,4,103,0,20.76,0.38,16.83,41.3,3
2024-04-12 18:00:00,18,4,4,103,0,16.66,0.38,0.0,48.59,4
2024-04-12 19:00:00,19,4,4,103,0,17.23,0.38,0.0,54.08,3
2024-04-12 20:00:00,20,4,4,103,0,17.32,0.38,0.0,42.76,3
2024-04-12 21:00:00,21,4,4,103,0,14.24,0.38,0.0,28.03,2
2024-04-12 22:00:00,22,4,4,103,0,15.51,0.22,0.0,23.5,2
2024-04-12 23:00:00,23,4,4,103,0,16.88,0.22,0.0,13.47,1
2024-04-13 00:00:00,0,5,4,104,1,9.72,0.1,0.0,2.59,1
2024-04-13 01:00:00,1,5,4,104,1,7.74,0.1,0.0,8.91,1
2024-04-13 02:00:00,2,5,4,104,1,10.61,0.1,0.0,13.11,1
2024-04-13 03:00:00,3,5,4,104,1,11.27,0.1,0.0,9.44,1
2024-04-13 04:00:00,4,5,4,104,1,9.54,0.1,0.0,7.6,1
2024-04-13 05:00:00,5,5,4,104,1,13.4,0.1,0.0,8.82,1
2024-04-13 06:00:00,6,5,4,104,1,8.62,0.1,0.0,9.21,1
2024-04-13 07:00:00,7,5,4,104,1,13.71,0.1,20.12,11.52,1
2024-04-13 08:00:00,8,5,4,104,1,12.32,0.1,75.16,20.22,1
2024-04-13 09:00:00,9,5,4,104,1,18.27,0.1,106.58,27.53,2
2024-04-13 10:00:00,10,5,4,104,1,20.11,0.15,162.8,32.91,3
2024-04-13 11:00:00,11,5,4,104,1,15.79,0.15,151.15,39.75,3
2024-04-13 12:00:00,12,5,4,104,1,17.26,0.15,149.5,45.37,4
2024-04-13 13:00:00,13,5,4,104,1,20.88,0.15,157.17,48.23,4
2024-04-13 14:00:00,14,5,4,104,1,18.88,0.15,146.2,51.17,3
2024-04-13 15:00:00,15,5,4,104,1,19.74,0.15,101.15,51.25,5
2024-04-13 16:00:00,16,5,4,104,1,19.71,0.15,75.16,48.54,4
2024-04-13 17:00:00,17,5,4,104,1,15.32,0.15,25.24,66.25,5
2024-04-13 18:00:00,18,5,4,104,1,18.34,0.15,0.0,48.79,3
2024-04-13 19:00:00,19,5,4,104,1,15.95,0.1,0.0,42.59,3
2024-04-13 20:00:00,20,5,4,104,1,15.14,0.1,0.0,37.02,3
2024-04-13 21:00:00,21,5,4,104,1,17.72,0.1,0.0,41.37,3
2024-04-13 22:00:00,22,5,4,104,1,11.02,0.1,0.0,14.67,1
2024-04-13 23:00:00,23,5,4,104,1,13.95,0.1,0.0,23.37,1
2024-04-14 00:00:00,0,6,4,105,1,10.91,0.1,0.0,2.5,1
2024-04-14 01:00:00,1,6,4,105,1,10.11,0.1,0.0,6.36,1
2024-04-14 02:00:00,2,6,4,105,1,11.75,0.1,0.0,3.19,1
2024-04-14 03:00:00,3,6,4,105,1,10.68,0.1,0.0,2.5,1
2024-04-14 04:00:00,4,6,4,105,1,11.31,0.1,0.0,16.45,1
2024-04-14 05:00:00,5,6,4,105,1,12.61,0.1,0.0,7.7,1
2024-04-14 06:00:00,6,6,4,105,1,10.8,0.1,0.0,8.67,1
2024-04-14 07:00:00,7,6,4,105,1,11.28,0.1,24.85,12.53,1
2024-04-14 08:00:00,8,6,4,105,1,11.54,0.1,57.16,19.13,1
2024-04-14 09:00:00,9,6,4,105,1,13.35,0.1,100.82,22.06,2
2024-04-14 10:00:00,10,6,4,105,1,22.19,0.15,151.38,26.99,2
2024-04-14 11:00:00,11,6,4,105,1,19.99,0.15,202.75,41.33,3
2024-04-14 12:00:00,12,6,4,105,1,15.83,0.15,198.91,49.89,4
2024-04-14 13:00:00,13,6,4,105,1,16.69,0.15,159.6,63.09,5
2024-04-14 14:00:00,14,6,4,105,1,20.79,0.15,164.86,54.51,4
2024-04-14 15:00:00,15,6,4,105,1,21.09,0.15,105.86,53.53,5
2024-04-14 16:00:00,16,6,4,105,1,20.93,0.15,74.52,46.04,4
2024-04-14 17:00:00,17,6,4,105,1,18.82,0.15,28.12,43.02,4
2024-04-14 18:00:00,18,6,4,105,1,18.28,0.15,0.0,45.69,4
2024-04-14 19:00:00,19,6,4,105,1,18.16,0.1,0.0,44.88,4
2024-04-14 20:00:00,20,6,4,105,1,16.47,0.1,0.0,39.92,3
2024-04-14 21:00:00,21,6,4,105,1,10.56,0.1,0.0,26.74,2
2024-04-14 22:00:00,22,6,4,105,1,13.25,0.1,0.0,14.15,1
2024-04-14 23:00:00,23,6,4,105,1,10.8,0.1,0.0,6.64,1
2024-04-15 00:00:00,0,0,4,106,0,11.99,0.12,0.0,2.5,1
2024-04-15 01:00:00,1,0,4,106,0,16.81,0.12,0.0,6.7,1
2024-04-15 02:00:00,2,0,4,106,0,11.08,0.12,0.0,2.5,1
2024-04-15 03:00:00,3,0,4,106,0,9.55,0.12,0.0,2.5,1
2024-04-15 04:00:00,4,0,4,106,0,12.19,0.12,0.0,2.97,1
2024-04-15 05:00:00,5,0,4,106,0,11.81,0.12,0.0,11.22,1
2024-04-15 06:00:00,6,0,4,106,0,12.48,0.12,0.0,22.57,2
2024-04-15 07:00:00,7,0,4,106,0,13.89,0.22,16.35,23.98,2
2024-04-15 08:00:00,8,0,4,106,0,17.99,0.22,66.4,36.43,3
2024-04-15 09:00:00,9,0,4,106,0,12.91,0.22,112.53,41.0,3
2024-04-15 10:00:00,10,0,4,106,0,17.41,0.22,167.19,37.56,3
2024-04-15 11:00:00,11,0,4,106,0,15.82,0.22,203.68,33.07,2
2024-04-15 12:00:00,12,0,4,106,0,19.82,0.22,179.02,23.88,2
2024-04-15 13:00:00,13,0,4,106,0,17.66,0.22,158.31,33.63,3
2024-04-15 14:00:00,14,0,4,106,0,19.17,0.22,127.95,26.44,2
2024-04-15 15:00:00,15,0,4,106,0,19.58,0.22,115.3,33.72,2
2024-04-15 16:00:00,16,0,4,106,0,21.95,0.38,71.12,37.16,3
2024-04-15 17:00:00,17,0,4,106,0,21.34,0.38,23.01,52.53,4
2024-04-15 18:00:00,18,0,4,106,0,16.22,0.38,0.0,52.18,3
2024-04-15 19:00:00,19,0,4,106,0,17.78,0.38,0.0,50.96,3
2024-04-15 20:00:00,20,0,4,106,0,15.05,0.38,0.0,50.32,3
2024-04-15 21:00:00,21,0,4,106,0,12.66,0.38,0.0,35.05,3
2024-04-15 22:00:00,22,0,4,106,0,13.44,0.22,0.0,29.07,2
2024-04-15 23:00:00,23,0,4,106,0,12.06,0.22,0.0,13.54,1
2024-04-16 00:00:00,0,1,4,107,0,16.66,0.12,0.0,5.68,1
2024-04-16 01:00:00,1,1,4,107,0,11.88,0.12,0.0,3.13,1
2024-04-16 02:00:00,2,1,4,107,0,7.76,0.12,0.0,4.79,1
2024-04-16 03:00:00,3,1,4,107,0,9.21,0.12,0.0,2.5,1
2024-04-16 04:00:00,4,1,4,107,0,12.56,0.12,0.0,2.5,1
2024-04-16 05:00:00,5,1,4,107,0,15.19,0.12,0.0,3.26,1
2024-04-16 06:00:00,6,1,4,107,0,8.64,0.12,0.0,18.98,1
2024-04-16 07:00:00,7,1,4,107,0,9.08,0.22,20.19,27.85,2
2024-04-16 08:00:00,8,1,4,107,0,17.79,0.22,61.72,46.22,3
2024-04-16 09:00:00,9,1,4,107,0,16.12,0.22,113.54,45.08,3
2024-04-16 10:00:00,10,1,4,107,0,14.9,0.22,137.51,36.69,3
2024-04-16 11:00:00,11,1,4,107,0,18.91,0.22,201.16,30.53,2
2024-04-16 12:00:00,12,1,4,107,0,13.61,0.22,172.62,17.97,1
2024-04-16 13:00:00,13,1,4,107,0,19.68,0.22,185.35,21.36,1
2024-04-16 14:00:00,14,1,4,107,0,20.83,0.22,155.28,26.09,2
2024-04-16 15:00:00,15,1,4,107,0,22.19,0.22,124.24,37.94,3
2024-04-16 16:00:00,16,1,4,107,0,18.15,0.38,75.29,37.44,3
2024-04-16 17:00:00,17,1,4,107,0,19.85,0.38,27.34,43.61,3
2024-04-16 18:00:00,18,1,4,107,0,17.03,0.38,0.0,60.47,5
2024-04-16 19:00:00,19,1,4,107,0,18.35,0.38,0.0,52.72,5
2024-04-16 20:00:00,20,1,4,107,0,14.85,0.38,0.0,43.35,3
2024-04-16 21:00:00,21,1,4,107,0,14.53,0.38,0.0,33.67,3
2024-04-16 22:00:00,22,1,4,107,0,12.06,0.22,0.0,23.15,2
2024-04-16 23:00:00,23,1,4,107,0,14.15,0.22,0.0,15.56,1
2024-04-17 00:00:00,0,2,4,108,0,13.7,0.12,0.0,8.44,1
2024-04-17 01:00:00,1,2,4,108,0,10.72,0.12,0.0,3.45,1
2024-04-17 02:00:00,2,2,4,108,0,10.76,0.12,0.0,3.55,1
2024-04-17 03:00:00,3,2,4,108,0,7.62,0.12,0.0,8.62,1
2024-04-17 04:00:00,4,2,4,108,0,10.09,0.12,0.0,9.29,1
2024-04-17 05:00:00,5,2,4,108,0,11.09,0.12,0.0,9.37,1
2024-04-17 06:00:00,6,2,4,108,0,17.22,0.12,0.0,13.9,1
2024-04-17 07:00:00,7,2,4,108,0,10.79,0.22,22.45,30.71,2
2024-04-17 08:00:00,8,2,4,108,0,17.15,0.22,72.34,32.29,3
2024-04-17 09:00:00,9,2,4,108,0,17.51,0.22,123.8,44.69,3
2024-04-17 10:00:00,10,2,4,108,0,17.37,0.22,174.46,35.36,3
2024-04-17 11:00:00,11,2,4,108,0,21.53,0.22,205.5,31.18,2
2024-04-17 12:00:00,12,2,4,108,0,19.8,0.22,196.81,19.94,1
2024-04-17 13:00:00,13,2,4,108,0,20.62,0.22,165.55,23.63,2
2024-04-17 14:00:00,14,2,4,108,0,20.24,0.22,159.68,33.0,2
2024-04-17 15:00:00,15,2,4,108,0,22.96,0.22,118.31,37.08,3
2024-04-17 16:00:00,16,2,4,108,0,22.54,0.38,62.64,31.03,2
2024-04-17 17:00:00,17,2,4,108,0,18.59,0.38,27.76,55.14,4
2024-04-17 18:00:00,18,2,4,108,0,16.41,0.38,0.0,52.88,5
2024-04-17 19:00:00,19,2,4,108,0,17.61,0.38,0.0,57.32,5
2024-04-17 20:00:00,20,2,4,108,0,15.21,0.38,0.0,46.51,3
2024-04-17 21:00:00,21,2,4,108,0,15.39,0.38,0.0,31.51,2
2024-04-17 22:00:00,22,2,4,108,0,16.7,0.22,0.0,27.12,2
2024-04-17 23:00:00,23,2,4,108,0,12.1,0.22,0.0,12.51,1
2024-04-18 00:00:00,0,3,4,109,0,12.07,0.12,0.0,8.83,1
2024-04-18 01:00:00,1,3,4,109,0,11.47,0.12,0.0,2.57,1
2024-04-18 02:00:00,2,3,4,109,0,12.56,0.12,0.0,2.5,1
2024-04-18 03:00:00,3,3,4,109,0,6.19,0.12,0.0,9.13,1
2024-04-18 04:00:00,4,3,4,109,0,9.64,0.12,0.0,21.01,2
2024-04-18 05:00:00,5,3,4,109,0,11.78,0.12,0.0,13.9,1
2024-04-18 06:00:00,6,3,4,109,0,14.55,0.12,0.0,19.12,1
2024-04-18 07:00:00,7,3,4,109,0,12.2,0.22,22.07,23.69,2
2024-04-18 08:00:00,8,3,4,109,0,10.64,0.22,76.87,38.53,3
2024-04-18 09:00:00,9,3,4,109,0,16.93,0.22,96.1,39.58,3
2024-04-18 10:00:00,10,3,4,109,0,15.71,0.22,140.45,47.24,3
2024-04-18 11:00:00,11,3,4,109,0,15.81,0.22,151.31,25.05,2
2024-04-18 12:00:00,12,3,4,109,0,17.97,0.22,155.91,24.48,2
2024-04-18 13:00:00,13,3,4,109,0,19.65,0.22,206.4,21.75,2
2024-04-18 14:00:00,14,3,4,109,0,19.31,0.22,165.61,25.54,2
2024-04-18 15:00:00,15,3,4,109,0,16.28,0.22,115.94,29.44,2
2024-04-18 16:00:00,16,3,4,109,0,22.31,0.38,61.59,38.08,2
2024-04-18 17:00:00,17,3,4,109,0,22.57,0.38,28.31,45.1,4
2024-04-18 18:00:00,18,3,4,109,0,20.53,0.38,0.0,53.28,4
2024-04-18 19:00:00,19,3,4,109,0,15.91,0.38,0.0,57.53,4
2024-04-18 20:00:00,20,3,4,109,0,16.58,0.38,0.0,65.82,5
2024-04-18 21:00:00,21,3,4,109,0,15.67,0.38,0.0,32.15,2
2024-04-18 22:00:00,22,3,4,109,0,15.59,0.22,0.0,27.12,2
2024-04-18 23:00:00,23,3,4,109,0,14.52,0.22,0.0,21.63,1
2024-04-19 00:00:00,0,4,4,110,0,10.86,0.12,0.0,7.21,1
2024-04-19 01:00:00,1,4,4,110,0,11.69,0.12,0.0,4.27,1
2024-04-19 02:00:00,2,4,4,110,0,11.94,0.12,0.0,4.21,1
2024-04-19 03:00:00,3,4,4,110,0,13.77,0.12,0.0,12.48,1
2024-04-19 04:00:00,4,4,4,110,0,12.44,0.12,0.0,2.5,1
2024-04-19 05:00:00,5,4,4,110,0,13.11,0.12,0.0,9.1,1
2024-04-19 06:00:00,6,4,4,110,0,12.49,0.12,0.0,13.17,1
2024-04-19 07:00:00,7,4,4,110,0,16.18,0.22,22.61,18.24,2
2024-04-19 08:00:00,8,4,4,110,0,15.39,0.22,63.22,35.48,2
2024-04-19 09:00:00,9,4,4,110,0,14.14,0.22,69.95,38.71,3
2024-04-19 10:00:00,10,4,4,110,0,19.96,0.22,125.38,34.34,3
2024-04-19 11:00:00,11,4,4,110,0,19.76,0.22,197.97,38.92,3
2024-04-19 12:00:00,12,4,4,110,0,18.51,0.22,192.95,21.13,2
2024-04-19 13:00:00,13,4,4,110,0,19.23,0.22,207.3,18.7,2
2024-04-19 14:00:00,14,4,4,110,0,21.28,0.22,175.98,20.44,2
2024-04-19 15:00:00,15,4,4,110,0,21.79,0.22,121.0,33.72,3
2024-04-19 16:00:00,16,4,4,110,0,21.08,0.38,70.84,39.38,3
2024-04-19 17:00:00,17,4,4,110,0,20.81,0.38,25.53,62.88,4
2024-04-19 18:00:00,18,4,4,110,0,22.8,0.38,0.0,53.86,4
2024-04-19 19:00:00,19,4,4,110,0,20.5,0.38,0.0,52.87,4
2024-04-19 20:00:00,20,4,4,110,0,17.54,0.38,0.0,42.27,3
2024-04-19 21:00:00,21,4,4,110,0,17.74,0.38,0.0,36.58,3
2024-04-19 22:00:00,22,4,4,110,0,12.5,0.22,0.0,20.2,1
2024-04-19 23:00:00,23,4,4,110,0,14.16,0.22,0.0,12.41,1
2024-04-20 00:00:00,0,5,4,111,1,16.11,0.1,0.0,8.44,1
2024-04-20 01:00:00,1,5,4,111,1,11.26,0.1,0.0,4.81,1
2024-04-20 02:00:00,2,5,4,111,1,9.51,0.1,0.0,4.76,1
2024-04-20 03:00:00,3,5,4,111,1,9.73,0.1,0.0,4.28,1
2024-04-20 04:00:00,4,5,4,111,1,9.02,0.1,0.0,16.51,1
2024-04-20 05:00:00,5,5,4,111,1,10.13,0.1,0.0,5.92,1
2024-04-20 06:00:00,6,5,4,111,1,11.75,0.1,0.0,12.88,1
2024-04-20 07:00:00,7,5,4,111,1,10.72,0.1,27.18,10.46,1
2024-04-20 08:00:00,8,5,4,111,1,14.77,0.1,71.63,16.28,1
2024-04-20 09:00:00,9,5,4,111,1,17.84,0.1,112.84,25.44,2
2024-04-20 10:00:00,10,5,4,111,1,15.51,0.15,137.29,40.58,3
2024-04-20 11:00:00,11,5,4,111,1,21.57,0.15,181.15,34.82,2
2024-04-20 12:00:00,12,5,4,111,1,20.59,0.15,218.94,55.93,4
2024-04-20 13:00:00,13,5,4,111,1,22.42,0.15,172.17,50.16,3
2024-04-20 14:00:00,14,5,4,111,1,19.54,0.15,174.47,55.57,4
2024-04-20 15:00:00,15,5,4,111,1,22.74,0.15,126.28,52.61,4
2024-04-20 16:00:00,16,5,4,111,1,18.68,0.15,65.45,45.27,3
2024-04-20 17:00:00,17,5,4,111,1,22.14,0.15,28.87,44.41,4
2024-04-20 18:00:00,18,5,4,111,1,19.91,0.15,0.0,43.32,3
2024-04-20 19:00:00,19,5,4,111,1,19.64,0.1,0.0,35.78,2
2024-04-20 20:00:00,20,5,4,111,1,14.97,0.1,0.0,38.75,3
2024-04-20 21:00:00,21,5,4,111,1,14.24,0.1,0.0,25.24,2
2024-04-20 22:00:00,22,5,4,111,1,15.93,0.1,0.0,15.11,1
2024-04-20 23:00:00,23,5,4,111,1,11.63,0.1,0.0,10.54,1
2024-04-21 00:00:00,0,6,4,112,1,13.59,0.1,0.0,12.37,1
2024-04-21 01:00:00,1,6,4,112,1,9.14,0.1,0.0,14.05,1
2024-04-21 02:00:00,2,6,4,112,1,13.07,0.1,0.0,3.92,1
2024-04-21 03:00:00,3,6,4,112,1,8.74,0.1,0.0,2.99,1
2024-04-21 04:00:00,4,6,4,112,1,12.48,0.1,0.0,11.11,1
2024-04-21 05:00:00,5,6,4,112,1,13.12,0.1,0.0,4.55,1
2024-04-21 06:00:00,6,6,4,112,1,11.27,0.1,0.0,12.48,1
2024-04-21 07:00:00,7,6,4,112,1,14.87,0.1,29.0,9.69,1
2024-04-21 08:00:00,8,6,4,112,1,15.43,0.1,67.31,14.61,1
2024-04-21 09:00:00,9,6,4,112,1,15.12,0.1,99.91,19.89,1
2024-04-21 10:00:00,10,6,4,112,1,15.48,0.15,172.32,44.56,3
2024-04-21 11:00:00,11,6,4,112,1,14.78,0.15,172.77,48.35,4
2024-04-21 12:00:00,12,6,4,112,1,20.44,0.15,191.63,47.68,3
2024-04-21 13:00:00,13,6,4,112,1,17.4,0.15,173.83,54.72,4
2024-04-21 14:00:00,14,6,4,112,1,21.22,0.15,138.78,55.68,4
2024-04-21 15:00:00,15,6,4,112,1,20.68,0.15,126.6,65.08,5
2024-04-21 16:00:00,16,6,4,112,1,22.39,0.15,65.84,51.81,4
2024-04-21 17:00:00,17,6,4,112,1,19.93,0.15,20.52,51.4,4
2024-04-21 18:00:00,18,6,4,112,1,19.08,0.15,0.0,51.88,3
2024-04-21 19:00:00,19,6,4,112,1,20.17,0.1,0.0,37.23,2
2024-04-21 20:00:00,20,6,4,112,1,18.17,0.1,0.0,30.6,3
2024-04-21 21:00:00,21,6,4,112,1,16.83,0.1,0.0,31.95,2
2024-04-21 22:00:00,22,6,4,112,1,15.85,0.1,0.0,15.94,1
2024-04-21 23:00:00,23,6,4,112,1,10.63,0.1,0.0,8.22,1
2024-04-22 00:00:00,0,0,4,113,0,14.35,0.12,0.0,5.63,1
2024-04-22 01:00:00,1,0,4,113,0,13.27,0.12,0.0,11.67,1
2024-04-22 02:00:00,2,0,4,113,0,9.51,0.12,0.0,18.26,1
2024-04-22 03:00:00,3,0,4,113,0,10.88,0.12,0.0,15.17,1
2024-04-22 04:00:00,4,0,4,113,0,11.46,0.12,0.0,2.5,1
2024-04-22 05:00:00,5,0,4,113,0,11.77,0.12,0.0,6.92,1
2024-04-22 06:00:00,6,0,4,113,0,13.5,0.12,0.0,10.01,1
2024-04-22 07:00:00,7,0,4,113,0,16.74,0.22,20.46,20.38,2
2024-04-22 08:00:00,8,0,4,113,0,17.24,0.22,72.97,35.89,3
2024-04-22 09:00:00,9,0,4,113,0,13.75,0.22,125.84,41.91,3
2024-04-22 10:00:00,10,0,4,113,0,18.91,0.22,140.58,31.4,3
2024-04-22 11:00:00,11,0,4,113,0,21.53,0.22,158.94,27.44,2
2024-04-22 12:00:00,12,0,4,113,0,20.68,0.22,221.13,35.28,3
2024-04-22 13:00:00,13,0,4,113,0,22.88,0.22,159.77,17.87,1
2024-04-22 14:00:00,14,0,4,113,0,25.23,0.22,143.85,32.1,2
2024-04-22 15:00:00,15,0,4,113,0,23.42,0.22,129.7,29.9,2
2024-04-22 16:00:00,16,0,4,113,0,21.7,0.38,69.12,37.07,3
2024-04-22 17:00:00,17,0,4,113,0,22.79,0.38,19.34,55.59,5
2024-04-22 18:00:00,18,0,4,113,0,20.2,0.38,0.0,54.02,4
2024-04-22 19:00:00,19,0,4,113,0,18.92,0.38,0.0,66.09,4
2024-04-22 20:00:00,20,0,4,113,0,16.96,0.38,0.0,41.46,3
2024-04-22 21:00:00,21,0,4,113,0,19.5,0.38,0.0,39.15,3
2024-04-22 22:00:00,22,0,4,113,0,13.44,0.22,0.0,29.49,2
2024-04-22 23:00:00,23,0,4,113,0,16.94,0.22,0.0,25.04,2
2024-04-23 00:00:00,0,1,4,114,0,14.01,0.12,0.0,8.09,1
2024-04-23 01:00:00,1,1,4,114,0,9.41,0.12,0.0,4.34,1
2024-04-23 02:00:00,2,1,4,114,0,12.45,0.12,0.0,2.5,1
2024-04-23 03:00:00,3,1,4,114,0,7.34,0.12,0.0,3.7,1
2024-04-23 04:00:00,4,1,4,114,0,12.96,0.12,0.0,2.5,1
2024-04-23 05:00:00,5,1,4,114,0,13.98,0.12,0.0,12.97,1
2024-04-23 06:00:00,6,1,4,114,0,11.82,0.12,0.0,14.38,1
2024-04-23 07:00:00,7,1,4,114,0,14.29,0.22,29.23,22.81,2
2024-04-23 08:00:00,8,1,4,114,0,19.16,0.22,54.4,33.34,2
2024-04-23 09:00:00,9,1,4,114,0,15.53,0.22,98.19,44.99,4
2024-04-23 10:00:00,10,1,4,114,0,15.72,0.22,151.84,37.5,2
2024-04-23 11:00:00,11,1,4,114,0,22.01,0.22,210.78,30.98,2
2024-04-23 12:00:00,12,1,4,114,0,24.0,0.22,187.17,24.85,2
2024-04-23 13:00:00,13,1,4,114,0,20.88,0.22,184.68,25.94,2
2024-04-23 14:00:00,14,1,4,114,0,23.4,0.22,178.94,27.96,2
2024-04-23 15:00:00,15,1,4,114,0,24.23,0.22,111.42,39.81,3
2024-04-23 16:00:00,16,1,4,114,0,19.89,0.38,57.98,43.8,3
2024-04-23 17:00:00,17,1,4,114,0,19.9,0.38,24.26,46.07,3
2024-04-23 18:00:00,18,1,4,114,0,22.54,0.38,0.0,67.91,4
2024-04-23 19:00:00,19,1,4,114,0,22.41,0.38,0.0,57.27,4
2024-04-23 20:00:00,20,1,4,114,0,18.96,0.38,0.0,61.78,5
2024-04-23 21:00:00,21,1,4,114,0,14.78,0.38,0.0,35.73,3
2024-04-23 22:00:00,22,1,4,114,0,19.22,0.22,0.0,23.82,1
2024-04-23 23:00:00,23,1,4,114,0,12.98,0.22,0.0,12.58,1
2024-04-24 00:00:00,0,2,4,115,0,12.51,0.12,0.0,2.5,1
2024-04-24 01:00:00,1,2,4,115,0,13.07,0.12,0.0,6.23,1
2024-04-24 02:00:00,2,2,4,115,0,14.99,0.12,0.0,6.53,1
2024-04-24 03:00:00,3,2,4,115,0,13.42,0.12,0.0,5.1,1
2024-04-24 04:00:00,4,2,4,115,0,12.71,0.12,0.0,7.83,1
2024-04-24 05:00:00,5,2,4,115,0,13.31,0.12,0.0,3.47,1
2024-04-24 06:00:00,6,2,4,115,0,13.26,0.12,0.0,14.07,1
2024-04-24 07:00:00,7,2,4,115,0,15.33,0.22,29.35,19.45,1
2024-04-24 08:00:00,8,2,4,115,0,10.36,0.22,78.81,37.29,3
2024-04-24 09:00:00,9,2,4,115,0,16.12,0.22,132.55,41.98,3
2024-04-24 10:00:00,10,2,4,115,0,18.49,0.22,126.21,44.87,3
2024-04-24 11:00:00,11,2,4,115,0,16.91,0.22,158.04,29.32,2
2024-04-24 12:00:00,12,2,4,115,0,21.02,0.22,169.32,31.11,3
2024-04-24 13:00:00,13,2,4,115,0,20.63,0.22,162.26,22.46,2
2024-04-24 14:00:00,14,2,4,115,0,25.05,0.22,165.07,29.15,2
2024-04-24 15:00:00,15,2,4,115,0,24.86,0.22,107.63,29.06,2
2024-04-24 16:00:00,16,2,4,115,0,20.61,0.38,78.81,37.43,3
2024-04-24 17:00:00,17,2,4,115,0,20.74,0.38,29.35,47.65,4
2024-04-24 18:00:00,18,2,4,115,0,20.1,0.38,0.0,62.13,5
2024-04-24 19:00:00,19,2,4,115,0,18.31,0.38,0.0,54.55,4
2024-04-24 20:00:00,20,2,4,115,0,18.4,0.38,0.0,46.41,4
2024-04-24 21:00:00,21,2,4,115,0,15.2,0.38,0.0,48.3,4
2024-04-24 22:00:00,22,2,4,115,0,13.16,0.22,0.0,30.06,2
2024-04-24 23:00:00,23,2,4,115,0,15.46,0.22,0.0,13.74,1
2024-04-25 00:00:00,0,3,4,116,0,14.61,0.12,0.0,8.11,1
2024-04-25 01:00:00,1,3,4,116,0,10.94,0.12,0.0,10.48,1
2024-04-25 02:00:00,2,3,4,116,0,13.84,0.12,0.0,5.7,1
2024-04-25 03:00:00,3,3,4,116,0,10.62,0.12,0.0,9.69,1
2024-04-25 04:00:00,4,3,4,116,0,12.56,0.12,0.0,6.07,1
2024-04-25 05:00:00,5,3,4,116,0,14.19,0.12,0.0,15.3,1
2024-04-25 06:00:00,6,3,4,116,0,13.28,0.12,0.0,8.59,1
2024-04-25 07:00:00,7,3,4,116,0,15.29,0.22,24.38,20.05,1
2024-04-25 08:00:00,8,3,4,116,0,14.56,0.22,71.53,33.44,2
2024-04-25 09:00:00,9,3,4,116,0,16.49,0.22,132.39,45.66,4
2024-04-25 10:00:00,10,3,4,116,0,17.76,0.22,132.22,40.28,3
2024-04-25 11:00:00,11,3,4,116,0,17.89,0.22,179.79,27.73,3
2024-04-25 12:00:00,12,3,4,116,0,20.06,0.22,193.76,25.46,2
2024-04-25 13:00:00,13,3,4,116,0,18.12,0.22,173.85,17.11,1
2024-04-25 14:00:00,14,3,4,116,0,20.73,0.22,178.2,20.36,1
2024-04-25 15:00:00,15,3,4,116,0,21.31,0.22,105.6,26.76,2
2024-04-25 16:00:00,16,3,4,116,0,21.2,0.38,64.36,33.1,3
2024-04-25 17:00:00,17,3,4,116,0,20.73,0.38,23.42,52.1,4
2024-04-25 18:00:00,18,3,4,116,0,20.29,0.38,0.0,57.28,4
2024-04-25 19:00:00,19,3,4,116,0,20.34,0.38,0.0,53.78,5
2024-04-25 20:00:00,20,3,4,116,0,19.93,0.38,0.0,51.04,4
2024-04-25 21:00:00,21,3,4,116,0,15.58,0.38,0.0,41.62,3
2024-04-25 22:00:00,22,3,4,116,0,13.18,0.22,0.0,21.32,2
2024-04-25 23:00:00,23,3,4,116,0,12.3,0.22,0.0,21.68,2
2024-04-26 00:00:00,0,4,4,117,0,12.54,0.12,0.0,2.5,1
2024-04-26 01:00:00,1,4,4,117,0,12.02,0.12,0.0,2.66,1
2024-04-26 02:00:00,2,4,4,117,0,10.68,0.12,0.0,16.98,1
2024-04-26 03:00:00,3,4,4,117,0,9.46,0.12,0.0,6.19,1
2024-04-26 04:00:00,4,4,4,117,0,11.31,0.12,0.0,3.97,1
2024-04-26 05:00:00,5,4,4,117,0,13.08,0.12,0.0,11.48,1
2024-04-26 06:00:00,6,4,4,117,0,14.71,0.12,0.0,19.78,1
2024-04-26 07:00:00,7,4,4,117,0,13.44,0.22,29.58,24.69,2
2024-04-26 08:00:00,8,4,4,117,0,14.93,0.22,62.16,33.26,2
2024-04-26 09:00:00,9,4,4,117,0,15.2,0.22,104.29,43.07,3
2024-04-26 10:00:00,10,4,4,117,0,18.28,0.22,136.66,41.97,4
2024-04-26 11:00:00,11,4,4,117,0,17.85,0.22,202.02,30.24,2
2024-04-26 12:00:00,12,4,4,117,0,21.73,0.22,201.56,35.92,3
2024-04-26 13:00:00,13,4,4,117,0,17.81,0.22,213.29,24.63,2
2024-04-26 14:00:00,14,4,4,117,0,21.16,0.22,173.93,30.28,2
2024-04-26 15:00:00,15,4,4,117,0,22.65,0.22,95.43,37.2,3
2024-04-26 16:00:00,16,4,4,117,0,22.25,0.38,62.21,32.21,3
2024-04-26 17:00:00,17,4,4,117,0,26.77,0.38,29.58,51.16,4
2024-04-26 18:00:00,18,4,4,117,0,21.29,0.38,0.0,59.01,4
2024-04-26 19:00:00,19,4,4,117,0,17.54,0.38,0.0,52.9,4
2024-04-26 20:00:00,20,4,4,117,0,18.15,0.38,0.0,44.12,3
2024-04-26 21:00:00,21,4,4,117,0,13.5,0.38,0.0,29.05,2
2024-04-26 22:00:00,22,4,4,117,0,15.6,0.22,0.0,33.6,3
2024-04-26 23:00:00,23,4,4,117,0,12.88,0.22,0.0,11.79,1
2024-04-27 00:00:00,0,5,4,118,1,15.51,0.1,0.0,2.5,1
2024-04-27 01:00:00,1,5,4,118,1,11.79,0.1,0.0,5.95,1
2024-04-27 02:00:00,2,5,4,118,1,12.16,0.1,0.0,3.56,1
2024-04-27 03:00:00,3,5,4,118,1,10.95,0.1,0.0,2.5,1
2024-04-27 04:00:00,4,5,4,118,1,15.87,0.1,0.0,24.0,2
2024-04-27 05:00:00,5,5,4,118,1,12.25,0.1,0.0,4.74,1
2024-04-27 06:00:00,6,5,4,118,1,17.35,0.1,0.0,7.36,1
2024-04-27 07:00:00,7,5,4,118,1,16.35,0.1,26.61,14.16,1
2024-04-27 08:00:00,8,5,4,118,1,16.89,0.1,64.9,13.29,1
2024-04-27 09:00:00,9,5,4,118,1,17.96,0.1,134.1,25.07,2
2024-04-27 10:00:00,10,5,4,118,1,19.3,0.15,181.76,36.1,3
2024-04-27 11:00:00,11,5,4,118,1,15.86,0.15,214.1,42.77,3
2024-04-27 12:00:00,12,5,4,118,1,20.2,0.15,185.07,51.46,4
2024-04-27 13:00:00,13,5,4,118,1,23.24,0.15,163.68,53.31,3
2024-04-27 14:00:00,14,5,4,118,1,21.95,0.15,161.74,53.0,4
2024-04-27 15:00:00,15,5,4,118,1,19.41,0.15,115.59,55.55,5
2024-04-27 16:00:00,16,5,4,118,1,21.94,0.15,64.34,52.06,4
2024-04-27 17:00:00,17,5,4,118,1,24.96,0.15,21.94,42.87,3
2024-04-27 18:00:00,18,5,4,118,1,23.25,0.15,0.0,44.42,4
2024-04-27 19:00:00,19,5,4,118,1,19.6,0.1,0.0,40.54,3
2024-04-27 20:00:00,20,5,4,118,1,20.42,0.1,0.0,37.12,3
2024-04-27 21:00:00,21,5,4,118,1,16.49,0.1,0.0,26.91,2
2024-04-27 22:00:00,22,5,4,118,1,12.52,0.1,0.0,9.16,1
2024-04-27 23:00:00,23,5,4,118,1,12.87,0.1,0.0,19.49,2
2024-04-28 00:00:00,0,6,4,119,1,16.98,0.1,0.0,12.5,1
2024-04-28 01:00:00,1,6,4,119,1,12.51,0.1,0.0,13.37,1
2024-04-28 02:00:00,2,6,4,119,1,12.07,0.1,0.0,11.04,1
2024-04-28 03:00:00,3,6,4,119,1,11.79,0.1,0.0,13.23,1
2024-04-28 04:00:00,4,6,4,119,1,16.37,0.1,0.0,6.3,1
2024-04-28 05:00:00,5,6,4,119,1,16.31,0.1,0.0,13.65,1
2024-04-28 06:00:00,6,6,4,119,1,18.29,0.1,0.0,10.23,1
2024-04-28 07:00:00,7,6,4,119,1,14.57,0.1,28.19,8.44,1
2024-04-28 08:00:00,8,6,4,119,1,16.68,0.1,66.65,23.24,2
2024-04-28 09:00:00,9,6,4,119,1,14.35,0.1,134.61,26.67,2
2024-04-28 10:00:00,10,6,4,119,1,21.63,0.15,170.3,41.51,3
2024-04-28 11:00:00,11,6,4,119,1,17.55,0.15,165.07,42.12,3
2024-04-28 12:00:00,12,6,4,119,1,21.36,0.15,226.38,45.98,3
2024-04-28 13:00:00,13,6,4,119,1,19.52,0.15,195.81,51.51,5
2024-04-28 14:00:00,14,6,4,119,1,21.04,0.15,160.96,53.99,4
2024-04-28 15:00:00,15,6,4,119,1,20.71,0.15,104.63,54.51,4
2024-04-28 16:00:00,16,6,4,119,1,21.0,0.15,80.04,55.84,4
2024-04-28 17:00:00,17,6,4,119,1,20.64,0.15,28.08,48.27,4
2024-04-28 18:00:00,18,6,4,119,1,19.83,0.15,0.0,39.64,3
2024-04-28 19:00:00,19,6,4,119,1,21.55,0.1,0.0,42.22,3
2024-04-28 20:00:00,20,6,4,119,1,16.47,0.1,0.0,40.62,4
2024-04-28 21:00:00,21,6,4,119,1,17.83,0.1,0.0,25.85,2
2024-04-28 22:00:00,22,6,4,119,1,18.53,0.1,0.0,19.83,1
2024-04-28 23:00:00,23,6,4,119,1,13.86,0.1,0.0,11.82,1
2024-04-29 00:00:00,0,0,4,120,0,12.58,0.12,0.0,4.79,1
2024-04-29 01:00:00,1,0,4,120,0,12.76,0.12,0.0,11.28,1
2024-04-29 02:00:00,2,0,4,120,0,15.08,0.12,0.0,9.43,1
2024-04-29 03:00:00,3,0,4,120,0,12.94,0.12,0.0,22.42,2
2024-04-29 04:00:00,4,0,4,120,0,11.66,0.12,0.0,4.04,1
2024-04-29 05:00:00,5,0,4,120,0,14.19,0.12,0.0,5.66,1
2024-04-29 06:00:00,6,0,4,120,0,11.81,0.12,0.0,9.71,1
2024-04-29 07:00:00,7,0,4,120,0,16.42,0.22,24.48,22.77,2
2024-04-29 08:00:00,8,0,4,120,0,17.08,0.22,80.33,35.13,2
2024-04-29 09:00:00,9,0,4,120,0,16.94,0.22,135.1,38.42,3
2024-04-29 10:00:00,10,0,4,120,0,17.17,0.22,137.67,40.91,3
2024-04-29 11:00:00,11,0,4,120,0,18.28,0.22,197.38,35.18,3
2024-04-29 12:00:00,12,0,4,120,0,22.16,0.22,227.21,26.94,2
2024-04-29 13:00:00,13,0,4,120,0,24.34,0.22,191.54,19.25,2
2024-04-29 14:00:00,14,0,4,120,0,21.11,0.22,162.5,22.94,1
2024-04-29 15:00:00,15,0,4,120,0,23.47,0.22,131.67,32.72,3
2024-04-29 16:00:00,16,0,4,120,0,18.21,0.38,71.09,43.92,4
2024-04-29 17:00:00,17,0,4,120,0,20.71,0.38,20.2,47.48,3
2024-04-29 18:00:00,18,0,4,120,0,21.03,0.38,0.0,48.91,4
2024-04-29 19:00:00,19,0,4,120,0,18.23,0.38,0.0,53.93,4
2024-04-29 20:00:00,20,0,4,120,0,16.97,0.38,0.0,46.9,4
2024-04-29 21:00:00,21,0,4,120,0,16.22,0.38,0.0,43.86,3
2024-04-29 22:00:00,22,0,4,120,0,16.84,0.22,0.0,19.05,1
2024-04-29 23:00:00,23,0,4,120,0,14.68,0.22,0.0,19.48,1
2024-04-30 00:00:00,0,1,4,121,0,9.71,0.12,0.0,2.5,1
2024-04-30 01:00:00,1,1,4,121,0,9.15,0.12,0.0,3.35,1
2024-04-30 02:00:00,2,1,4,121,0,11.68,0.12,0.0,7.18,1
2024-04-30 03:00:00,3,1,4,121,0,13.63,0.12,0.0,10.62,1
2024-04-30 04:00:00,4,1,4,121,0,7.39,0.12,0.0,3.38,1
2024-04-30 05:00:00,5,1,4,121,0,12.39,0.12,0.0,6.7,1
2024-04-30 06:00:00,6,1,4,121,0,13.13,0.12,0.0,14.05,1
2024-04-30 07:00:00,7,1,4,121,0,18.0,0.22,28.1,17.65,1
2024-04-30 08:00:00,8,1,4,121,0,15.66,0.22,67.47,32.47,3
2024-04-30 09:00:00,9,1,4,121,0,18.49,0.22,114.58,50.06,3
2024-04-30 10:00:00,10,1,4,121,0,19.3,0.22,172.1,39.69,3
2024-04-30 11:00:00,11,1,4,121,0,15.96,0.22,216.48,34.67,2
2024-04-30 12:00:00,12,1,4,121,0,22.79,0.22,192.94,24.19,2
2024-04-30 13:00:00,13,1,4,121,0,22.48,0.22,207.51,16.7,1
2024-04-30 14:00:00,14,1,4,121,0,23.57,0.22,174.19,24.96,2
2024-04-30 15:00:00,15,1,4,121,0,30.57,0.22,133.63,38.41,3
2024-04-30 16:00:00,16,1,4,121,0,18.38,0.38,71.33,31.35,2
2024-04-30 17:00:00,17,1,4,121,0,25.5,0.38,23.14,48.14,4
2024-04-30 18:00:00,18,1,4,121,0,20.68,0.38,0.0,58.13,5
2024-04-30 19:00:00,19,1,4,121,0,20.79,0.38,0.0,53.54,3
2024-04-30 20:00:00,20,1,4,121,0,18.92,0.38,0.0,44.26,4
2024-04-30 21:00:00,21,1,4,121,0,16.87,0.38,0.0,35.21,2
2024-04-30 22:00:00,22,1,4,121,0,15.29,0.22,0.0,22.26,2
2024-04-30 23:00:00,23,1,4,121,0,15.88,0.22,0.0,9.74,1
2024-05-01 00:00:00,0,2,5,122,0,11.31,0.12,0.0,3.78,1
2024-05-01 01:00:00,1,2,5,122,0,15.06,0.12,0.0,15.97,1
2024-05-01 02:00:00,2,2,5,122,0,12.22,0.12,0.0,7.86,1
2024-05-01 03:00:00,3,2,5,122,0,10.62,0.12,0.0,3.3,1
2024-05-01 04:00:00,4,2,5,122,0,12.16,0.12,0.0,8.88,1
2024-05-01 05:00:00,5,2,5,122,0,16.07,0.12,0.0,15.4,1
2024-05-01 06:00:00,6,2,5,122,0,13.28,0.12,0.0,11.83,1
2024-05-01 07:00:00,7,2,5,122,0,16.1,0.22,22.36,26.65,2
2024-05-01 08:00:00,8,2,5,122,0,15.13,0.22,63.25,33.77,3
2024-05-01 09:00:00,9,2,5,122,0,19.4,0.22,131.23,49.21,3
2024-05-01 10:00:00,10,2,5,122,0,20.55,0.22,184.31,36.41,3
2024-05-01 11:00:00,11,2,5,122,0,24.08,0.22,191.65,29.19,2
2024-05-01 12:00:00,12,2,5,122,0,21.07,0.22,228.85,27.03,2
2024-05-01 13:00:00,13,2,5,122,0,23.55,0.22,212.67,19.81,1
2024-05-01 14:00:00,14,2,5,122,0,22.91,0.22,156.92,22.08,1
2024-05-01 15:00:00,15,2,5,122,0,25.48,0.22,106.43,39.83,3
2024-05-01 16:00:00,16,2,5,122,0,21.28,0.38,61.74,43.29,3
2024-05-01 17:00:00,17,2,5,122,0,23.7,0.38,27.73,52.12,4
2024-05-01 18:00:00,18,2,5,122,0,21.03,0.38,0.0,52.69,5
2024-05-01 19:00:00,19,2,5,122,0,20.26,0.38,0.0,68.75,5
2024-05-01 20:00:00,20,2,5,122,0,19.36,0.38,0.0,47.04,3
2024-05-01 21:00:00,21,2,5,122,0,18.39,0.38,0.0,35.08,2
2024-05-01 22:00:00,22,2,5,122,0,16.36,0.22,0.0,35.62,3
2024-05-01 23:00:00,23,2,5,122,0,15.81,0.22,0.0,14.95,1
2024-05-02 00:00:00,0,3,5,123,0,17.67,0.12,0.0,2.5,1
2024-05-02 01:00:00,1,3,5,123,0,15.69,0.12,0.0,8.68,1
2024-05-02 02:00:00,2,3,5,123,0,14.96,0.12,0.0,6.19,1
2024-05-02 03:00:00,3,3,5,123,0,12.14,0.12,0.0,9.64,1
2024-05-02 04:00:00,4,3,5,123,0,11.44,0.12,0.0,14.56,1
2024-05-02 05:00:00,5,3,5,123,0,15.63,0.12,0.0,17.51,1
2024-05-02 06:00:00,6,3,5,123,0,16.27,0.12,0.0,12.5,1
2024-05-02 07:00:00,7,3,5,123,0,18.49,0.22,27.3,22.36,2
2024-05-02 08:00:00,8,3,5,123,0,15.55,0.22,81.19,28.53,2
2024-05-02 09:00:00,9,3,5,123,0,17.59,0.22,105.65,38.36,3
2024-05-02 10:00:00,10,3,5,123,0,16.06,0.22,157.04,38.26,3
2024-05-02 11:00:00,11,3,5,123,0,19.76,0.22,193.03,38.54,3
2024-05-02 12:00:00,12,3,5,123,0,23.58,0.22,220.36,24.38,2
2024-05-02 13:00:00,13,3,5,123,0,21.45,0.22,168.09,28.4,2
2024-05-02 14:00:00,14,3,5,123,0,24.16,0.22,133.63,23.17,1
2024-05-02 15:00:00,15,3,5,123,0,22.67,0.22,131.21,28.23,2
2024-05-02 16:00:00,16,3,5,123,0,23.53,0.38,56.66,37.47,3
2024-05-02 17:00:00,17,3,5,123,0,20.08,0.38,30.24,49.65,4
2024-05-02 18:00:00,18,3,5,123,0,21.76,0.38,0.0,52.38,4
2024-05-02 19:00:00,19,3,5,123,0,14.57,0.38,0.0,50.5,4
2024-05-02 20:00:00,20,3,5,123,0,18.97,0.38,0.0,44.76,4
2024-05-02 21:00:00,21,3,5,123,0,14.79,0.38,0.0,37.64,2
2024-05-02 22:00:00,22,3,5,123,0,19.17,0.22,0.0,25.55,2
2024-05-02 23:00:00,23,3,5,123,0,17.1,0.22,0.0,11.47,1
2024-05-03 00:00:00,0,4,5,124,0,15.61,0.12,0.0,2.5,1
2024-05-03 01:00:00,1,4,5,124,0,16.92,0.12,0.0,9.33,1
2024-05-03 02:00:00,2,4,5,124,0,11.49,0.12,0.0,4.47,1
2024-05-03 03:00:00,3,4,5,124,0,16.71,0.12,0.0,2.5,1
2024-05-03 04:00:00,4,4,5,124,0,15.25,0.12,0.0,12.78,1
2024-05-03 05:00:00,5,4,5,124,0,13.41,0.12,0.0,3.42,1
2024-05-03 06:00:00,6,4,5,124,0,16.95,0.12,0.0,20.38,1
2024-05-03 07:00:00,7,4,5,124,0,13.5,0.22,30.34,21.45,1
2024-05-03 08:00:00,8,4,5,124,0,15.27,0.22,74.14,31.5,3
2024-05-03 09:00:00,9,4,5,124,0,17.0,0.22,135.77,42.11,4
2024-05-03 10:00:00,10,4,5,124,0,18.45,0.22,151.16,37.49,2
2024-05-03 11:00:00,11,4,5,124,0,18.6,0.22,146.09,28.74,2
2024-05-03 12:00:00,12,4,5,124,0,24.19,0.22,218.95,25.84,2
2024-05-03 13:00:00,13,4,5,124,0,22.03,0.22,167.81,18.46,1
2024-05-03 14:00:00,14,4,5,124,0,23.75,0.22,132.49,26.07,2
2024-05-03 15:00:00,15,4,5,124,0,22.07,0.22,98.9,33.14,3
2024-05-03 16:00:00,16,4,5,124,0,19.4,0.38,77.57,35.0,3
2024-05-03 17:00:00,17,4,5,124,0,23.08,0.38,27.21,40.13,3
2024-05-03 18:00:00,18,4,5,124,0,17.92,0.38,0.0,54.48,4
2024-05-03 19:00:00,19,4,5,124,0,20.58,0.38,0.0,54.04,4
2024-05-03 20:00:00,20,4,5,124,0,16.77,0.38,0.0,45.41,4
2024-05-03 21:00:00,21,4,5,124,0,22.19,0.38,0.0,28.36,2
2024-05-03 22:00:00,22,4,5,124,0,18.74,0.22,0.0,25.98,2
2024-05-03 23:00:00,23,4,5,124,0,15.92,0.22,0.0,19.94,2
2024-05-04 00:00:00,0,5,5,125,1,17.37,0.1,0.0,6.13,1
2024-05-04 01:00:00,1,5,5,125,1,12.35,0.1,0.0,2.7,1
2024-05-04 02:00:00,2,5,5,125,1,14.63,0.1,0.0,9.54,1
2024-05-04 03:00:00,3,5,5,125,1,13.77,0.1,0.0,16.29,1
2024-05-04 04:00:00,4,5,5,125,1,14.07,0.1,0.0,4.28,1
2024-05-04 05:00:00,5,5,5,125,1,16.59,0.1,0.0,5.23,1
2024-05-04 06:00:00,6,5,5,125,1,16.3,0.1,0.0,17.44,1
2024-05-04 07:00:00,7,5,5,125,1,16.45,0.1,20.58,12.68,1
2024-05-04 08:00:00,8,5,5,125,1,13.77,0.1,54.21,12.43,1
2024-05-04 09:00:00,9,5,5,125,1,16.46,0.1,123.36,36.93,3
2024-05-04 10:00:00,10,5,5,125,1,19.42,0.15,181.64,25.54,2
2024-05-04 11:00:00,11,5,5,125,1,21.06,0.15,175.48,35.29,3
2024-05-04 12:00:00,12,5,5,125,1,19.65,0.15,231.22,44.73,3
2024-05-04 13:00:00,13,5,5,125,1,27.53,0.15,212.52,57.5,5
2024-05-04 14:00:00,14,5,5,125,1,26.24,0.15,143.67,59.15,5
2024-05-04 15:00:00,15,5,5,125,1,24.58,0.15,121.49,48.1,4
2024-05-04 16:00:00,16,5,5,125,1,23.35,0.15,81.75,46.64,3
2024-05-04 17:00:00,17,5,5,125,1,22.28,0.15,22.25,48.4,4
2024-05-04 18:00:00,18,5,5,125,1,20.01,0.15,0.0,52.46,5
2024-05-04 19:00:00,19,5,5,125,1,21.03,0.1,0.0,33.41,2
2024-05-04 20:00:00,20,5,5,125,1,20.18,0.1,0.0,27.45,2
2024-05-04 21:00:00,21,5,5,125,1,15.89,0.1,0.0,22.88,1
2024-05-04 22:00:00,22,5,5,125,1,17.75,0.1,0.0,12.11,1
2024-05-04 23:00:00,23,5,5,125,1,15.56,0.1,0.0,18.71,2
2024-05-05 00:00:00,0,6,5,126,1,11.19,0.1,0.0,6.83,1
2024-05-05 01:00:00,1,6,5,126,1,12.49,0.1,0.0,13.17,1
2024-05-05 02:00:00,2,6,5,126,1,12.88,0.1,0.0,8.85,1
2024-05-05 03:00:00,3,6,5,126,1,17.31,0.1,0.0,10.96,1
2024-05-05 04:00:00,4,6,5,126,1,14.82,0.1,0.0,4.95,1
2024-05-05 05:00:00,5,6,5,126,1,11.54,0.1,0.0,2.5,1
2024-05-05 06:00:00,6,6,5,126,1,15.97,0.1,0.0,9.38,1
2024-05-05 07:00:00,7,6,5,126,1,12.94,0.1,30.55,18.42,1
2024-05-05 08:00:00,8,6,5,126,1,19.41,0.1,71.1,29.63,2
2024-05-05 09:00:00,9,6,5,126,1,17.59,0.1,137.94,24.1,2
2024-05-05 10:00:00,10,6,5,126,1,19.64,0.15,186.96,36.49,2
2024-05-05 11:00:00,11,6,5,126,1,23.69,0.15,216.18,38.57,3
2024-05-05 12:00:00,12,6,5,126,1,19.5,0.15,189.78,47.16,4
2024-05-05 13:00:00,13,6,5,126,1,20.07,0.15,177.63,53.27,4
2024-05-05 14:00:00,14,6,5,126,1,22.2,0.15,146.3,64.3,4
2024-05-05 15:00:00,15,6,5,126,1,25.61,0.15,137.09,56.59,4
2024-05-05 16:00:00,16,6,5,126,1,20.33,0.15,60.25,52.6,4
2024-05-05 17:00:00,17,6,5,126,1,17.2,0.15,29.36,55.86,4
2024-05-05 18:00:00,18,6,5,126,1,21.17,0.15,0.0,40.42,3
2024-05-05 19:00:00,19,6,5,126,1,22.14,0.1,0.0,39.39,3
2024-05-05 20:00:00,20,6,5,126,1,22.23,0.1,0.0,36.25,3
2024-05-05 21:00:00,21,6,5,126,1,17.61,0.1,0.0,22.66,2
2024-05-05 22:00:00,22,6,5,126,1,16.42,0.1,0.0,15.97,1
2024-05-05 23:00:00,23,6,5,126,1,18.34,0.1,0.0,13.16,1
2024-05-06 00:00:00,0,0,5,127,0,11.42,0.12,0.0,4.79,1
2024-05-06 01:00:00,1,0,5,127,0,13.59,0.12,0.0,2.5,1
2024-05-06 02:00:00,2,0,5,127,0,14.25,0.12,0.0,2.5,1
2024-05-06 03:00:00,3,0,5,127,0,14.6,0.12,0.0,2.5,1
2024-05-06 04:00:00,4,0,5,127,0,12.85,0.12,0.0,9.67,1
2024-05-06 05:00:00,5,0,5,127,0,14.44,0.12,0.0,5.23,1
2024-05-06 06:00:00,6,0,5,127,0,10.19,0.12,0.0,17.32,1
2024-05-06 07:00:00,7,0,5,127,0,14.88,0.22,24.91,24.3,2
2024-05-06 08:00:00,8,0,5,127,0,18.31,0.22,70.63,34.98,3
2024-05-06 09:00:00,9,0,5,127,0,16.73,0.22,129.96,36.55,3
2024-05-06 10:00:00,10,0,5,127,0,20.11,0.22,158.21,38.97,2
2024-05-06 11:00:00,11,0,5,127,0,22.09,0.22,164.68,32.85,2
2024-05-06 12:00:00,12,0,5,127,0,21.55,0.22,203.31,28.5,2
2024-05-06 13:00:00,13,0,5,127,0,23.37,0.22,170.6,18.78,2
2024-05-06 14:00:00,14,0,5,127,0,21.6,0.22,158.96,24.34,2
2024-05-06 15:00:00,15,0,5,127,0,23.28,0.22,138.38,37.68,2
2024-05-06 16:00:00,16,0,5,127,0,24.75,0.38,69.74,41.96,3
2024-05-06 17:00:00,17,0,5,127,0,23.34,0.38,30.64,47.49,4
2024-05-06 18:00:00,18,0,5,127,0,21.06,0.38,0.0,50.44,4
2024-05-06 19:00:00,19,0,5,127,0,21.65,0.38,0.0,59.06,4
2024-05-06 20:00:00,20,0,5,127,0,21.42,0.38,0.0,46.59,4
2024-05-06 21:00:00,21,0,5,127,0,14.6,0.38,0.0,30.45,3
2024-05-06 22:00:00,22,0,5,127,0,19.72,0.22,0.0,24.34,2
2024-05-06 23:00:00,23,0,5,127,0,15.52,0.22,0.0,10.29,1
2024-05-07 00:00:00,0,1,5,128,0,16.17,0.12,0.0,9.22,1
2024-05-07 01:00:00,1,1,5,128,0,16.92,0.12,0.0,2.5,1
2024-05-07 02:00:00,2,1,5,128,0,11.28,0.12,0.0,11.09,1
2024-05-07 03:00:00,3,1,5,128,0,12.44,0.12,0.0,6.47,1
2024-05-07 04:00:00,4,1,5,128,0,13.45,0.12,0.0,2.5,1
2024-05-07 05:00:00,5,1,5,128,0,12.96,0.12,0.0,6.92,1
2024-05-07 06:00:00,6,1,5,128,0,18.79,0.12,0.0,12.76,1
2024-05-07 07:00:00,7,1,5,128,0,14.64,0.22,25.75,20.22,1
2024-05-07 08:00:00,8,1,5,128,0,16.45,0.22,71.94,35.93,3
2024-05-07 09:00:00,9,1,5,128,0,19.27,0.22,96.09,50.32,4
2024-05-07 10:00:00,10,1,5,128,0,17.75,0.22,182.86,35.22,3
2024-05-07 11:00:00,11,1,5,128,0,20.57,0.22,182.31,31.0,3
2024-05-07 12:00:00,12,1,5,128,0,23.03,0.22,127.46,24.66,2
2024-05-07 13:00:00,13,1,5,128,0,22.52,0.22,194.4,23.71,2
2024-05-07 14:00:00,14,1,5,128,0,23.5,0.22,148.83,18.44,1
2024-05-07 15:00:00,15,1,5,128,0,22.8,0.22,138.82,38.71,3
2024-05-07 16:00:00,16,1,5,128,0,20.66,0.38,66.84,53.86,4
2024-05-07 17:00:00,17,1,5,128,0,23.83,0.38,23.0,47.84,4
2024-05-07 18:00:00,18,1,5,128,0,25.9,0.38,0.0,58.85,4
2024-05-07 19:00:00,19,1,5,128,0,21.39,0.38,0.0,56.8,4
2024-05-07 20:00:00,20,1,5,128,0,20.6,0.38,0.0,42.38,3
2024-05-07 21:00:00,21,1,5,128,0,20.24,0.38,0.0,33.64,2
2024-05-07 22:00:00,22,1,5,128,0,15.02,0.22,0.0,22.43,2
2024-05-07 23:00:00,23,1,5,128,0,19.76,0.22,0.0,14.06,1
2024-05-08 00:00:00,0,2,5,129,0,15.88,0.12,0.0,5.21,1
2024-05-08 01:00:00,1,2,5,129,0,17.95,0.12,0.0,5.55,1
2024-05-08 02:00:00,2,2,5,129,0,12.72,0.12,0.0,2.5,1
2024-05-08 03:00:00,3,2,5,129,0,17.65,0.12,0.0,5.71,1
2024-05-08 04:00:00,4,2,5,129,0,15.74,0.12,0.0,5.14,1
2024-05-08 05:00:00,5,2,5,129,0,15.79,0.12,0.0,14.22,1
2024-05-08 06:00:00,6,2,5,129,0,15.95,0.12,0.0,17.95,1
2024-05-08 07:00:00,7,2,5,129,0,16.02,0.22,28.49,28.25,2
2024-05-08 08:00:00,8,2,5,129,0,20.12,0.22,67.83,40.25,3
2024-05-08 09:00:00,9,2,5,129,0,19.3,0.22,119.38,37.47,3
2024-05-08 10:00:00,10,2,5,129,0,16.37,0.22,169.73,41.49,3
2024-05-08 11:00:00,11,2,5,129,0,19.28,0.22,195.46,26.83,2
2024-05-08 12:00:00,12,2,5,129,0,22.18,0.22,226.75,32.67,2
2024-05-08 13:00:00,13,2,5,129,0,23.97,0.22,208.64,25.99,2
2024-05-08 14:00:00,14,2,5,129,0,23.73,0.22,131.93,21.41,1
2024-05-08 15:00:00,15,2,5,129,0,26.45,0.22,99.85,32.84,2
2024-05-08 16:00:00,16,2,5,129,0,19.94,0.38,69.19,33.86,3
2024-05-08 17:00:00,17,2,5,129,0,23.63,0.38,30.84,45.87,4
2024-05-08 18:00:00,18,2,5,129,0,18.91,0.38,0.0,56.63,4
2024-05-08 19:00:00,19,2,5,129,0,23.03,0.38,0.0,52.32,4
2024-05-08 20:00:00,20,2,5,129,0,20.12,0.38,0.0,45.41,3
2024-05-08 21:00:00,21,2,5,129,0,19.85,0.38,0.0,39.34,3
2024-05-08 22:00:00,22,2,5,129,0,15.99,0.22,0.0,24.44,2
2024-05-08 23:00:00,23,2,5,129,0,19.07,0.22,0.0,11.26,1
2024-05-09 00:00:00,0,3,5,130,0,17.72,0.12,0.0,2.5,1
2024-05-09 01:00:00,1,3,5,130,0,16.01,0.12,0.0,8.5,1
2024-05-09 02:00:00,2,3,5,130,0,14.08,0.12,0.0,8.42,1
2024-05-09 03:00:00,3,3,5,130,0,15.33,0.12,0.0,5.9,1
2024-05-09 04:00:00,4,3,5,130,0,12.93,0.12,0.0,20.77,2
2024-05-09 05:00:00,5,3,5,130,0,16.55,0.12,0.0,6.86,1
2024-05-09 06:00:00,6,3,5,130,0,18.94,0.12,0.0,20.62,2
2024-05-09 07:00:00,7,3,5,130,0,18.81,0.22,30.93,20.77,2
2024-05-09 08:00:00,8,3,5,130,0,16.42,0.22,64.41,38.94,3
2024-05-09 09:00:00,9,3,5,130,0,19.89,0.22,139.67,37.06,2
2024-05-09 10:00:00,10,3,5,130,0,17.88,0.22,171.16,42.02,3
2024-05-09 11:00:00,11,3,5,130,0,22.82,0.22,222.99,29.46,2
2024-05-09 12:00:00,12,3,5,130,0,23.61,0.22,234.89,27.04,2
2024-05-09 13:00:00,13,3,5,130,0,19.76,0.22,165.92,23.88,2
2024-05-09 14:00:00,14,3,5,130,0,21.68,0.22,189.31,28.7,2
2024-05-09 15:00:00,15,3,5,130,0,23.61,0.22,99.3,25.96,2
2024-05-09 16:00:00,16,3,5,130,0,23.4,0.38,62.65,36.46,2
2024-05-09 17:00:00,17,3,5,130,0,21.08,0.38,24.24,53.55,4
2024-05-09 18:00:00,18,3,5,130,0,23.49,0.38,0.0,61.79,4
2024-05-09 19:00:00,19,3,5,130,0,22.17,0.38,0.0,56.98,5
2024-05-09 20:00:00,20,3,5,130,0,20.08,0.38,0.0,52.54,4
2024-05-09 21:00:00,21,3,5,130,0,17.66,0.38,0.0,33.14,3
2024-05-09 22:00:00,22,3,5,130,0,19.98,0.22,0.0,17.17,2
2024-05-09 23:00:00,23,3,5,130,0,19.98,0.22,0.0,12.22,1
2024-05-10 00:00:00,0,4,5,131,0,14.83,0.12,0.0,5.37,1
2024-05-10 01:00:00,1,4,5,131,0,13.77,0.12,0.0,6.03,1
2024-05-10 02:00:00,2,4,5,131,0,15.48,0.12,0.0,6.87,1
2024-05-10 03:00:00,3,4,5,131,0,13.61,0.12,0.0,5.14,1
2024-05-10 04:00:00,4,4,5,131,0,14.22,0.12,0.0,5.87,1
2024-05-10 05:00:00,5,4,5,131,0,16.48,0.12,0.0,12.31,1
2024-05-10 06:00:00,6,4,5,131,0,11.97,0.12,0.0,11.14,1
2024-05-10 07:00:00,7,4,5,131,0,19.46,0.22,31.02,24.54,2
2024-05-10 08:00:00,8,4,5,131,0,18.18,0.22,72.06,37.28,3
2024-05-10 09:00:00,9,4,5,131,0,18.5,0.22,102.96,38.69,3
2024-05-10 10:00:00,10,4,5,131,0,20.44,0.22,133.14,37.06,3
2024-05-10 11:00:00,11,4,5,131,0,21.75,0.22,198.12,40.1,3
2024-05-10 12:00:00,12,4,5,131,0,19.4,0.22,235.59,25.31,2
2024-05-10 13:00:00,13,4,5,131,0,26.65,0.22,223.65,41.48,3
2024-05-10 14:00:00,14,4,5,131,0,24.24,0.22,169.61,25.76,2
2024-05-10 15:00:00,15,4,5,131,0,25.21,0.22,140.08,36.55,3
2024-05-10 16:00:00,16,4,5,131,0,26.06,0.38,72.25,32.05,2
2024-05-10 17:00:00,17,4,5,131,0,21.62,0.38,26.78,41.71,3
2024-05-10 18:00:00,18,4,5,131,0,23.81,0.38,0.0,51.34,4
2024-05-10 19:00:00,19,4,5,131,0,21.29,0.38,0.0,60.06,5
2024-05-10 20:00:00,20,4,5,131,0,22.32,0.38,0.0,45.43,3
2024-05-10 21:00:00,21,4,5,131,0,15.07,0.38,0.0,28.82,2
2024-05-10 22:00:00,22,4,5,131,0,17.84,0.22,0.0,25.52,2
2024-05-10 23:00:00,23,4,5,131,0,15.62,0.22,0.0,19.47,1
2024-05-11 00:00:00,0,5,5,132,1,16.81,0.1,0.0,3.7,1
2024-05-11 01:00:00,1,5,5,132,1,16.09,0.1,0.0,12.15,1
2024-05-11 02:00:00,2,5,5,132,1,13.24,0.1,0.0,2.6,1
2024-05-11 03:00:00,3,5,5,132,1,13.06,0.1,0.0,11.76,1
2024-05-11 04:00:00,4,5,5,132,1,14.43,0.1,0.0,13.97,1
2024-05-11 05:00:00,5,5,5,132,1,13.36,0.1,0.0,5.87,1
2024-05-11 06:00:00,6,5,5,132,1,17.63,0.1,0.0,17.58,1
2024-05-11 07:00:00,7,5,5,132,1,16.24,0.1,23.06,22.24,2
2024-05-11 08:00:00,8,5,5,132,1,12.37,0.1,47.75,20.17,2
2024-05-11 09:00:00,9,5,5,132,1,18.73,0.1,140.49,22.83,2
2024-05-11 10:00:00,10,5,5,132,1,18.7,0.15,167.48,51.95,4
2024-05-11 11:00:00,11,5,5,132,1,18.72,0.15,224.3,38.46,3
2024-05-11 12:00:00,12,5,5,132,1,20.54,0.15,232.22,59.1,4
2024-05-11 13:00:00,13,5,5,132,1,24.03,0.15,187.85,67.23,4
2024-05-11 14:00:00,14,5,5,132,1,26.97,0.15,165.66,56.9,5
2024-05-11 15:00:00,15,5,5,132,1,25.11,0.15,133.17,48.87,3
2024-05-11 16:00:00,16,5,5,132,1,23.1,0.15,83.2,51.52,4
2024-05-11 17:00:00,17,5,5,132,1,24.72,0.15,28.58,62.13,6
2024-05-11 18:00:00,18,5,5,132,1,22.1,0.15,0.0,41.19,3
2024-05-11 19:00:00,19,5,5,132,1,20.59,0.1,0.0,40.28,3
2024-05-11 20:00:00,20,5,5,132,1,18.47,0.1,0.0,26.91,2
2024-05-11 21:00:00,21,5,5,132,1,15.98,0.1,0.0,24.74,2
2024-05-11 22:00:00,22,5,5,132,1,17.41,0.1,0.0,20.93,2
2024-05-11 23:00:00,23,5,5,132,1,17.3,0.1,0.0,8.28,1
2024-05-12 00:00:00,0,6,5,133,1,15.91,0.1,0.0,16.89,1
2024-05-12 01:00:00,1,6,5,133,1,14.47,0.1,0.0,2.5,1
2024-05-12 02:00:00,2,6,5,133,1,12.91,0.1,0.0,4.8,1
2024-05-12 03:00:00,3,6,5,133,1,15.85,0.1,0.0,15.37,1
2024-05-12 04:00:00,4,6,5,133,1,12.17,0.1,0.0,7.08,1
2024-05-12 05:00:00,5,6,5,133,1,16.86,0.1,0.0,20.35,1
2024-05-12 06:00:00,6,6,5,133,1,14.1,0.1,0.0,4.28,1
2024-05-12 07:00:00,7,6,5,133,1,15.63,0.1,22.82,11.82,1
2024-05-12 08:00:00,8,6,5,133,1,15.41,0.1,68.36,20.07,1
2024-05-12 09:00:00,9,6,5,133,1,18.63,0.1,138.35,40.12,3
2024-05-12 10:00:00,10,6,5,133,1,22.88,0.15,181.83,33.39,2
2024-05-12 11:00:00,11,6,5,133,1,23.17,0.15,196.82,44.48,3
2024-05-12 12:00:00,12,6,5,133,1,25.13,0.15,176.16,48.98,3
2024-05-12 13:00:00,13,6,5,133,1,25.01,0.15,179.51,53.2,3
2024-05-12 14:00:00,14,6,5,133,1,22.26,0.15,156.2,52.31,4
2024-05-12 15:00:00,15,6,5,133,1,23.97,0.15,128.66,55.26,4
2024-05-12 16:00:00,16,6,5,133,1,22.9,0.15,83.77,48.73,4
2024-05-12 17:00:00,17,6,5,133,1,26.63,0.15,24.88,50.25,4
2024-05-12 18:00:00,18,6,5,133,1,20.78,0.15,0.0,44.35,3
2024-05-12 19:00:00,19,6,5,133,1,23.92,0.1,0.0,39.03,3
2024-05-12 20:00:00,20,6,5,133,1,22.72,0.1,0.0,43.35,3
2024-05-12 21:00:00,21,6,5,133,1,23.29,0.1,0.0,22.23,2
2024-05-12 22:00:00,22,6,5,133,1,17.52,0.1,0.0,10.86,1
2024-05-12 23:00:00,23,6,5,133,1,18.56,0.1,0.0,9.71,1
2024-05-13 00:00:00,0,0,5,134,0,20.82,0.12,0.0,2.5,1
2024-05-13 01:00:00,1,0,5,134,0,14.22,0.12,0.0,4.08,1
2024-05-13 02:00:00,2,0,5,134,0,11.89,0.12,0.0,14.17,1
2024-05-13 03:00:00,3,0,5,134,0,11.03,0.12,0.0,14.53,1
2024-05-13 04:00:00,4,0,5,134,0,16.38,0.12,0.0,3.88,1
2024-05-13 05:00:00,5,0,5,134,0,11.69,0.12,0.0,11.13,1
2024-05-13 06:00:00,6,0,5,134,0,15.51,0.12,0.0,18.75,1
2024-05-13 07:00:00,7,0,5,134,0,18.16,0.22,25.7,18.51,1
2024-05-13 08:00:00,8,0,5,134,0,18.86,0.22,72.91,42.08,3
2024-05-13 09:00:00,9,0,5,134,0,20.64,0.22,112.97,36.49,3
2024-05-13 10:00:00,10,0,5,134,0,21.53,0.22,133.25,36.67,3
2024-05-13 11:00:00,11,0,5,134,0,24.85,0.22,225.55,26.63,2
2024-05-13 12:00:00,12,0,5,134,0,21.42,0.22,170.2,26.37,2
2024-05-13 13:00:00,13,0,5,134,0,22.76,0.22,203.39,19.75,1
2024-05-13 14:00:00,14,0,5,134,0,23.07,0.22,127.78,22.96,2
2024-05-13 15:00:00,15,0,5,134,0,26.45,0.22,90.46,37.56,3
2024-05-13 16:00:00,16,0,5,134,0,26.42,0.38,74.91,35.15,2
2024-05-13 17:00:00,17,0,5,134,0,25.02,0.38,28.18,47.96,4
2024-05-13 18:00:00,18,0,5,134,0,25.69,0.38,0.0,50.42,4
2024-05-13 19:00:00,19,0,5,134,0,19.93,0.38,0.0,49.32,4
2024-05-13 20:00:00,20,0,5,134,0,24.42,0.38,0.0,47.61,3
2024-05-13 21:00:00,21,0,5,134,0,22.83,0.38,0.0,31.87,2
2024-05-13 22:00:00,22,0,5,134,0,19.96,0.22,0.0,36.72,2
2024-05-13 23:00:00,23,0,5,134,0,20.85,0.22,0.0,30.98,2
2024-05-14 00:00:00,0,1,5,135,0,13.09,0.12,0.0,2.5,1
2024-05-14 01:00:00,1,1,5,135,0,14.56,0.12,0.0,2.5,1
2024-05-14 02:00:00,2,1,5,135,0,13.64,0.12,0.0,16.71,1
2024-05-14 03:00:00,3,1,5,135,0,16.38,0.12,0.0,7.63,1
2024-05-14 04:00:00,4,1,5,135,0,13.01,0.12,0.0,6.69,1
2024-05-14 05:00:00,5,1,5,135,0,17.12,0.12,0.0,3.09,1
2024-05-14 06:00:00,6,1,5,135,0,19.14,0.12,0.0,29.63,2
2024-05-14 07:00:00,7,1,5,135,0,18.83,0.22,26.55,20.27,2
2024-05-14 08:00:00,8,1,5,135,0,19.21,0.22,84.22,39.58,3
2024-05-14 09:00:00,9,1,5,135,0,17.96,0.22,140.51,45.27,3
2024-05-14 10:00:00,10,1,5,135,0,19.54,0.22,170.62,32.72,3
2024-05-14 11:00:00,11,1,5,135,0,24.94,0.22,154.8,27.93,2
2024-05-14 12:00:00,12,1,5,135,0,25.03,0.22,219.47,19.65,2
2024-05-14 13:00:00,13,1,5,135,0,24.19,0.22,217.96,16.51,1
2024-05-14 14:00:00,14,1,5,135,0,23.93,0.22,105.49,24.48,2
2024-05-14 15:00:00,15,1,5,135,0,20.89,0.22,128.93,27.48,2
2024-05-14 16:00:00,16,1,5,135,0,22.63,0.38,69.91,33.86,3
2024-05-14 17:00:00,17,1,5,135,0,28.09,0.38,26.77,42.67,3
2024-05-14 18:00:00,18,1,5,135,0,20.91,0.38,0.0,53.64,4
2024-05-14 19:00:00,19,1,5,135,0,22.82,0.38,0.0,66.16,4
2024-05-14 20:00:00,20,1,5,135,0,23.25,0.38,0.0,48.26,3
2024-05-14 21:00:00,21,1,5,135,0,17.43,0.38,0.0,31.77,2
2024-05-14 22:00:00,22,1,5,135,0,19.01,0.22,0.0,24.99,2
2024-05-14 23:00:00,23,1,5,135,0,19.31,0.22,0.0,16.14,1
2024-05-15 00:00:00,0,2,5,136,0,16.58,0.12,0.0,6.35,1
2024-05-15 01:00:00,1,2,5,136,0,21.49,0.12,0.0,3.69,1
2024-05-15 02:00:00,2,2,5,136,0,11.92,0.12,0.0,2.5,1
2024-05-15 03:00:00,3,2,5,136,0,17.2,0.12,0.0,9.59,1
2024-05-15 04:00:00,4,2,5,136,0,14.91,0.12,0.0,2.5,1
2024-05-15 05:00:00,5,2,5,136,0,17.3,0.12,0.0,12.78,1
2024-05-15 06:00:00,6,2,5,136,0,17.43,0.12,0.0,12.59,1
2024-05-15 07:00:00,7,2,5,136,0,16.12,0.22,29.25,30.65,2
2024-05-15 08:00:00,8,2,5,136,0,19.25,0.22,53.6,31.21,2
2024-05-15 09:00:00,9,2,5,136,0,16.37,0.22,115.93,37.19,3
2024-05-15 10:00:00,10,2,5,136,0,22.59,0.22,168.14,38.57,3
2024-05-15 11:00:00,11,2,5,136,0,23.18,0.22,177.0,27.3,2
2024-05-15 12:00:00,12,2,5,136,0,24.9,0.22,190.36,36.38,3
2024-05-15 13:00:00,13,2,5,136,0,26.53,0.22,206.92,20.1,2
2024-05-15 14:00:00,14,2,5,136,0,25.65,0.22,192.49,21.77,2
2024-05-15 15:00:00,15,2,5,136,0,25.38,0.22,108.64,34.36,3
2024-05-15 16:00:00,16,2,5,136,0,23.15,0.38,68.48,30.21,2
2024-05-15 17:00:00,17,2,5,136,0,22.99,0.38,24.92,41.67,3
2024-05-15 18:00:00,18,2,5,136,0,26.0,0.38,0.0,67.58,6
2024-05-15 19:00:00,19,2,5,136,0,25.46,0.38,0.0,58.15,4
2024-05-15 20:00:00,20,2,5,136,0,20.9,0.38,0.0,47.89,3
2024-05-15 21:00:00,21,2,5,136,0,20.18,0.38,0.0,30.88,2
2024-05-15 22:00:00,22,2,5,136,0,16.98,0.22,0.0,24.61,2
2024-05-15 23:00:00,23,2,5,136,0,19.93,0.22,0.0,12.17,1
2024-05-16 00:00:00,0,3,5,137,0,18.03,0.12,0.0,2.97,1
2024-05-16 01:00:00,1,3,5,137,0,19.79,0.12,0.0,10.15,1
2024-05-16 02:00:00,2,3,5,137,0,13.65,0.12,0.0,6.87,1
2024-05-16 03:00:00,3,3,5,137,0,14.48,0.12,0.0,3.51,1
2024-05-16 04:00:00,4,3,5,137,0,15.87,0.12,0.0,2.5,1
2024-05-16 05:00:00,5,3,5,137,0,17.2,0.12,0.0,25.03,2
2024-05-16 06:00:00,6,3,5,137,0,16.27,0.12,0.0,10.34,1
2024-05-16 07:00:00,7,3,5,137,0,15.99,0.22,31.53,28.79,2
2024-05-16 08:00:00,8,3,5,137,0,20.7,0.22,72.5,32.27,2
2024-05-16 09:00:00,9,3,5,137,0,21.68,0.22,103.64,42.0,4
2024-05-16 10:00:00,10,3,5,137,0,19.7,0.22,154.32,34.7,3
2024-05-16 11:00:00,11,3,5,137,0,25.45,0.22,174.45,27.69,2
2024-05-16 12:00:00,12,3,5,137,0,26.11,0.22,220.98,21.39,2
2024-05-16 13:00:00,13,3,5,137,0,24.83,0.22,175.6,23.42,2
2024-05-16 14:00:00,14,3,5,137,0,25.22,0.22,176.1,22.25,1
2024-05-16 15:00:00,15,3,5,137,0,26.34,0.22,112.72,32.39,2
2024-05-16 16:00:00,16,3,5,137,0,23.34,0.38,52.93,45.28,4
2024-05-16 17:00:00,17,3,5,137,0,24.62,0.38,28.91,43.45,3
2024-05-16 18:00:00,18,3,5,137,0,19.46,0.38,0.0,50.7,4
2024-05-16 19:00:00,19,3,5,137,0,24.49,0.38,0.0,64.84,4
2024-05-16 20:00:00,20,3,5,137,0,18.41,0.38,0.0,50.1,3
2024-05-16 21:00:00,21,3,5,137,0,23.24,0.38,0.0,34.0,2
2024-05-16 22:00:00,22,3,5,137,0,18.28,0.22,0.0,19.98,1
2024-05-16 23:00:00,23,3,5,137,0,17.31,0.22,0.0,9.2,1
2024-05-17 00:00:00,0,4,5,138,0,15.59,0.12,0.0,2.5,1
2024-05-17 01:00:00,1,4,5,138,0,15.47,0.12,0.0,5.64,1
2024-05-17 02:00:00,2,4,5,138,0,18.39,0.12,0.0,10.8,1
2024-05-17 03:00:00,3,4,5,138,0,10.4,0.12,0.0,5.64,1
2024-05-17 04:00:00,4,4,5,138,0,18.1,0.12,0.0,6.6,1
2024-05-17 05:00:00,5,4,5,138,0,16.73,0.12,0.0,14.97,1
2024-05-17 06:00:00,6,4,5,138,0,14.43,0.12,0.0,16.71,1
2024-05-17 07:00:00,7,4,5,138,0,15.73,0.22,27.12,21.21,2
2024-05-17 08:00:00,8,4,5,138,0,22.44,0.22,80.76,34.75,3
2024-05-17 09:00:00,9,4,5,138,0,18.49,0.22,140.91,47.13,3
2024-05-17 10:00:00,10,4,5,138,0,19.37,0.22,193.45,39.57,3
2024-05-17 11:00:00,11,4,5,138,0,25.15,0.22,227.56,41.51,3
2024-05-17 12:00:00,12,4,5,138,0,24.59,0.22,213.07,21.52,2
2024-05-17 13:00:00,13,4,5,138,0,22.83,0.22,164.76,18.77,1
2024-05-17 14:00:00,14,4,5,138,0,25.64,0.22,173.85,27.07,2
2024-05-17 15:00:00,15,4,5,138,0,23.33,0.22,129.99,32.48,2
2024-05-17 16:00:00,16,4,5,138,0,27.41,0.38,81.9,32.72,2
2024-05-17 17:00:00,17,4,5,138,0,26.83,0.38,31.61,45.21,3
2024-05-17 18:00:00,18,4,5,138,0,24.98,0.38,0.0,63.31,5
2024-05-17 19:00:00,19,4,5,138,0,23.6,0.38,0.0,57.24,4
2024-05-17 20:00:00,20,4,5,138,0,25.2,0.38,0.0,44.17,3
2024-05-17 21:00:00,21,4,5,138,0,20.38,0.38,0.0,30.26,2
2024-05-17 22:00:00,22,4,5,138,0,16.72,0.22,0.0,23.62,2
2024-05-17 23:00:00,23,4,5,138,0,18.78,0.22,0.0,20.47,2
2024-05-18 00:00:00,0,5,5,139,1,21.16,0.1,0.0,7.32,1
2024-05-18 01:00:00,1,5,5,139,1,14.16,0.1,0.0,6.72,1
2024-05-18 02:00:00,2,5,5,139,1,14.97,0.1,0.0,13.16,1
2024-05-18 03:00:00,3,5,5,139,1,16.36,0.1,0.0,3.05,1
2024-05-18 04:00:00,4,5,5,139,1,15.59,0.1,0.0,4.48,1
2024-05-18 05:00:00,5,5,5,139,1,14.23,0.1,0.0,9.16,1
2024-05-18 06:00:00,6,5,5,139,1,19.23,0.1,0.0,9.81,1
2024-05-18 07:00:00,7,5,5,139,1,22.66,0.1,28.25,11.93,1
2024-05-18 08:00:00,8,5,5,139,1,19.62,0.1,85.07,24.58,2
2024-05-18 09:00:00,9,5,5,139,1,18.72,0.1,118.49,19.02,2
2024-05-18 10:00:00,10,5,5,139,1,18.72,0.15,139.65,28.56,2
2024-05-18 11:00:00,11,5,5,139,1,23.54,0.15,167.64,37.35,3
2024-05-18 12:00:00,12,5,5,139,1,26.27,0.15,174.44,51.98,4
2024-05-18 13:00:00,13,5,5,139,1,25.8,0.15,214.11,51.66,5
2024-05-18 14:00:00,14,5,5,139,1,25.35,0.15,193.92,70.09,6
2024-05-18 15:00:00,15,5,5,139,1,24.35,0.15,116.2,59.64,4
2024-05-18 16:00:00,16,5,5,139,1,23.17,0.15,81.28,47.88,4
2024-05-18 17:00:00,17,5,5,139,1,26.52,0.15,22.09,49.65,4
2024-05-18 18:00:00,18,5,5,139,1,25.89,0.15,0.0,46.17,3
2024-05-18 19:00:00,19,5,5,139,1,19.93,0.1,0.0,49.63,3
2024-05-18 20:00:00,20,5,5,139,1,25.0,0.1,0.0,32.21,2
2024-05-18 21:00:00,21,5,5,139,1,21.67,0.1,0.0,22.52,2
2024-05-18 22:00:00,22,5,5,139,1,22.03,0.1,0.0,19.47,1
2024-05-18 23:00:00,23,5,5,139,1,15.34,0.1,0.0,10.8,1
2024-05-19 00:00:00,0,6,5,140,1,14.4,0.1,0.0,10.67,1
2024-05-19 01:00:00,1,6,5,140,1,16.04,0.1,0.0,15.14,1
2024-05-19 02:00:00,2,6,5,140,1,16.84,0.1,0.0,3.52,1
2024-05-19 03:00:00,3,6,5,140,1,19.26,0.1,0.0,4.52,1
2024-05-19 04:00:00,4,6,5,140,1,17.25,0.1,0.0,14.93,1
2024-05-19 05:00:00,5,6,5,140,1,15.85,0.1,0.0,8.5,1
2024-05-19 06:00:00,6,6,5,140,1,15.08,0.1,0.0,10.36,1
2024-05-19 07:00:00,7,6,5,140,1,20.63,0.1,28.07,19.17,1
2024-05-19 08:00:00,8,6,5,140,1,17.44,0.1,85.27,17.67,1
2024-05-19 09:00:00,9,6,5,140,1,23.92,0.1,139.31,29.75,2
2024-05-19 10:00:00,10,6,5,140,1,21.39,0.15,194.37,29.17,2
2024-05-19 11:00:00,11,6,5,140,1,26.35,0.15,205.7,39.58,3
2024-05-19 12:00:00,12,6,5,140,1,25.56,0.15,192.23,58.45,4
2024-05-19 13:00:00,13,6,5,140,1,24.72,0.15,196.3,53.68,4
2024-05-19 14:00:00,14,6,5,140,1,24.46,0.15,180.74,51.16,4
2024-05-19 15:00:00,15,6,5,140,1,24.99,0.15,143.4,49.23,3
2024-05-19 16:00:00,16,6,5,140,1,26.35,0.15,60.02,49.41,3
2024-05-19 17:00:00,17,6,5,140,1,25.15,0.15,27.98,51.57,4
2024-05-19 18:00:00,18,6,5,140,1,23.01,0.15,0.0,36.46,3
2024-05-19 19:00:00,19,6,5,140,1,22.84,0.1,0.0,38.3,3
2024-05-19 20:00:00,20,6,5,140,1,22.12,0.1,0.0,36.01,2
2024-05-19 21:00:00,21,6,5,140,1,16.41,0.1,0.0,26.11,2
2024-05-19 22:00:00,22,6,5,140,1,20.29,0.1,0.0,19.36,1
2024-05-19 23:00:00,23,6,5,140,1,16.21,0.1,0.0,8.89,1
2024-05-20 00:00:00,0,0,5,141,0,14.97,0.12,0.0,5.52,1
2024-05-20 01:00:00,1,0,5,141,0,13.1,0.12,0.0,11.15,1
2024-05-20 02:00:00,2,0,5,141,0,12.39,0.12,0.0,3.09,1
2024-05-20 03:00:00,3,0,5,141,0,13.1,0.12,0.0,5.41,1
2024-05-20 04:00:00,4,0,5,141,0,14.56,0.12,0.0,2.5,1
2024-05-20 05:00:00,5,0,5,141,0,20.38,0.12,0.0,10.66,1
2024-05-20 06:00:00,6,0,5,141,0,16.22,0.12,0.0,11.51,1
2024-05-20 07:00:00,7,0,5,141,0,18.66,0.22,30.4,18.87,1
2024-05-20 08:00:00,8,0,5,141,0,20.31,0.22,85.46,32.77,2
2024-05-20 09:00:00,9,0,5,141,0,21.07,0.22,109.84,43.89,3
2024-05-20 10:00:00,10,0,5,141,0,21.95,0.22,167.57,35.4,3
2024-05-20 11:00:00,11,0,5,141,0,20.92,0.22,229.47,26.41,2
2024-05-20 12:00:00,12,0,5,141,0,27.25,0.22,210.42,28.34,2
2024-05-20 13:00:00,13,0,5,141,0,28.75,0.22,229.47,19.23,1
2024-05-20 14:00:00,14,0,5,141,0,22.27,0.22,193.96,40.03,3
2024-05-20 15:00:00,15,0,5,141,0,23.76,0.22,100.99,37.94,3
2024-05-20 16:00:00,16,0,5,141,0,25.08,0.38,78.39,46.69,3
2024-05-20 17:00:00,17,0,5,141,0,23.21,0.38,28.57,48.58,3
2024-05-20 18:00:00,18,0,5,141,0,25.36,0.38,0.0,52.06,3
2024-05-20 19:00:00,19,0,5,141,0,21.85,0.38,0.0,61.17,5
2024-05-20 20:00:00,20,0,5,141,0,26.43,0.38,0.0,42.13,3
2024-05-20 21:00:00,21,0,5,141,0,23.19,0.38,0.0,27.91,2
2024-05-20 22:00:00,22,0,5,141,0,19.94,0.22,0.0,27.27,2
2024-05-20 23:00:00,23,0,5,141,0,20.36,0.22,0.0,9.9,1
2024-05-21 00:00:00,0,1,5,142,0,19.62,0.12,0.0,4.54,1
2024-05-21 01:00:00,1,1,5,142,0,15.49,0.12,0.0,4.26,1
2024-05-21 02:00:00,2,1,5,142,0,14.49,0.12,0.0,9.51,1
2024-05-21 03:00:00,3,1,5,142,0,16.1,0.12,0.0,2.5,1
2024-05-21 04:00:00,4,1,5,142,0,17.84,0.12,0.0,2.5,1
2024-05-21 05:00:00,5,1,5,142,0,16.9,0.12,0.0,7.14,1
2024-05-21 06:00:00,6,1,5,142,0,14.26,0.12,0.0,7.06,1
2024-05-21 07:00:00,7,1,5,142,0,16.84,0.22,30.28,25.17,2
2024-05-21 08:00:00,8,1,5,142,0,19.51,0.22,82.77,36.17,3
2024-05-21 09:00:00,9,1,5,142,0,20.8,0.22,136.02,42.32,4
2024-05-21 10:00:00,10,1,5,142,0,26.19,0.22,195.23,37.14,3
2024-05-21 11:00:00,11,1,5,142,0,20.68,0.22,177.41,42.65,3
2024-05-21 12:00:00,12,1,5,142,0,25.49,0.22,240.29,26.77,2
2024-05-21 13:00:00,13,1,5,142,0,28.26,0.22,183.17,26.68,2
2024-05-21 14:00:00,14,1,5,142,0,30.32,0.22,149.76,22.88,2
2024-05-21 15:00:00,15,1,5,142,0,25.14,0.22,135.95,31.1,2
2024-05-21 16:00:00,16,1,5,142,0,26.76,0.38,85.65,33.61,3
2024-05-21 17:00:00,17,1,5,142,0,26.42,0.38,29.94,48.4,4
2024-05-21 18:00:00,18,1,5,142,0,24.87,0.38,0.0,51.62,3
2024-05-21 19:00:00,19,1,5,142,0,23.25,0.38,0.0,58.73,4
2024-05-21 20:00:00,20,1,5,142,0,23.11,0.38,0.0,46.36,4
2024-05-21 21:00:00,21,1,5,142,0,15.88,0.38,0.0,26.17,2
2024-05-21 22:00:00,22,1,5,142,0,21.02,0.22,0.0,21.48,1
2024-05-21 23:00:00,23,1,5,142,0,18.7,0.22,0.0,23.53,2
2024-05-22 00:00:00,0,2,5,143,0,17.1,0.12,0.0,14.27,1
2024-05-22 01:00:00,1,2,5,143,0,20.85,0.12,0.0,7.92,1
2024-05-22 02:00:00,2,2,5,143,0,14.91,0.12,0.0,4.0,1
2024-05-22 03:00:00,3,2,5,143,0,15.28,0.12,0.0,12.59,1
2024-05-22 04:00:00,4,2,5,143,0,20.24,0.12,0.0,5.1,1
2024-05-22 05:00:00,5,2,5,143,0,15.09,0.12,0.0,15.24,1
2024-05-22 06:00:00,6,2,5,143,0,16.45,0.12,0.0,14.99,1
2024-05-22 07:00:00,7,2,5,143,0,18.29,0.22,28.44,22.15,2
2024-05-22 08:00:00,8,2,5,143,0,21.47,0.22,85.83,38.99,2
2024-05-22 09:00:00,9,2,5,143,0,21.5,0.22,133.12,36.98,3
2024-05-22 10:00:00,10,2,5,143,0,19.79,0.22,167.15,34.83,2
2024-05-22 11:00:00,11,2,5,143,0,22.52,0.22,177.93,25.46,2
2024-05-22 12:00:00,12,2,5,143,0,23.41,0.22,171.59,26.83,2
2024-05-22 13:00:00,13,2,5,143,0,25.26,0.22,175.38,22.51,2
2024-05-22 14:00:00,14,2,5,143,0,26.77,0.22,151.51,47.61,3
2024-05-22 15:00:00,15,2,5,143,0,26.92,0.22,133.86,34.56,2
2024-05-22 16:00:00,16,2,5,143,0,22.36,0.38,70.11,35.59,3
2024-05-22 17:00:00,17,2,5,143,0,27.54,0.38,28.85,47.11,3
2024-05-22 18:00:00,18,2,5,143,0,25.13,0.38,0.0,56.17,5
2024-05-22 19:00:00,19,2,5,143,0,26.35,0.38,0.0,52.2,4
2024-05-22 20:00:00,20,2,5,143,0,23.27,0.38,0.0,39.5,3
2024-05-22 21:00:00,21,2,5,143,0,23.29,0.38,0.0,28.88,3
2024-05-22 22:00:00,22,2,5,143,0,20.72,0.22,0.0,23.13,2
2024-05-22 23:00:00,23,2,5,143,0,21.28,0.22,0.0,9.09,1
2024-05-23 00:00:00,0,3,5,144,0,18.73,0.12,0.0,4.9,1
2024-05-23 01:00:00,1,3,5,144,0,16.69,0.12,0.0,10.74,1
2024-05-23 02:00:00,2,3,5,144,0,20.94,0.12,0.0,2.5,1
2024-05-23 03:00:00,3,3,5,144,0,18.0,0.12,0.0,3.14,1
2024-05-23 04:00:00,4,3,5,144,0,17.54,0.12,0.0,4.99,1
2024-05-23 05:00:00,5,3,5,144,0,14.34,0.12,0.0,6.74,1
2024-05-23 06:00:00,6,3,5,144,0,15.11,0.12,0.0,14.45,1
2024-05-23 07:00:00,7,3,5,144,0,19.31,0.22,23.58,16.99,1
2024-05-23 08:00:00,8,3,5,144,0,20.22,0.22,86.0,41.61,3
2024-05-23 09:00:00,9,3,5,144,0,19.99,0.22,116.5,39.98,3
2024-05-23 10:00:00,10,3,5,144,0,22.8,0.22,150.33,34.54,3
2024-05-23 11:00:00,11,3,5,144,0,26.9,0.22,230.92,31.99,2
2024-05-23 12:00:00,12,3,5,144,0,26.15,0.22,243.25,29.94,2
2024-05-23 13:00:00,13,3,5,144,0,23.27,0.22,230.92,18.66,2
2024-05-23 14:00:00,14,3,5,144,0,25.83,0.22,150.17,26.99,2
2024-05-23 15:00:00,15,3,5,144,0,24.61,0.22,100.81,39.94,3
2024-05-23 16:00:00,16,3,5,144,0,25.27,0.38,77.06,45.06,3
2024-05-23 17:00:00,17,3,5,144,0,24.72,0.38,29.47,51.96,3
2024-05-23 18:00:00,18,3,5,144,0,23.8,0.38,0.0,52.59,4
2024-05-23 19:00:00,19,3,5,144,0,21.21,0.38,0.0,50.67,5
2024-05-23 20:00:00,20,3,5,144,0,22.26,0.38,0.0,43.11,3
2024-05-23 21:00:00,21,3,5,144,0,20.1,0.38,0.0,41.73,3
2024-05-23 22:00:00,22,3,5,144,0,14.07,0.22,0.0,28.15,2
2024-05-23 23:00:00,23,3,5,144,0,22.83,0.22,0.0,19.19,2
2024-05-24 00:00:00,0,4,5,145,0,20.0,0.12,0.0,4.6,1
2024-05-24 01:00:00,1,4,5,145,0,16.27,0.12,0.0,2.5,1
2024-05-24 02:00:00,2,4,5,145,0,16.56,0.12,0.0,6.53,1
2024-05-24 03:00:00,3,4,5,145,0,14.01,0.12,0.0,2.5,1
2024-05-24 04:00:00,4,4,5,145,0,19.92,0.12,0.0,11.75,1
2024-05-24 05:00:00,5,4,5,145,0,20.82,0.12,0.0,4.76,1
2024-05-24 06:00:00,6,4,5,145,0,18.13,0.12,0.0,15.39,1
2024-05-24 07:00:00,7,4,5,145,0,20.9,0.22,30.71,26.68,2
2024-05-24 08:00:00,8,4,5,145,0,20.41,0.22,86.17,57.72,4
2024-05-24 09:00:00,9,4,5,145,0,18.68,0.22,133.9,40.58,3
2024-05-24 10:00:00,10,4,5,145,0,21.82,0.22,185.13,37.95,3
2024-05-24 11:00:00,11,4,5,145,0,24.12,0.22,231.38,36.65,2
2024-05-24 12:00:00,12,4,5,145,0,23.98,0.22,196.12,23.5,2
2024-05-24 13:00:00,13,4,5,145,0,25.25,0.22,162.29,20.96,2
2024-05-24 14:00:00,14,4,5,145,0,26.0,0.22,177.57,22.46,2
2024-05-24 15:00:00,15,4,5,145,0,26.19,0.22,102.79,32.32,2
2024-05-24 16:00:00,16,4,5,145,0,26.29,0.38,86.17,34.75,2
2024-05-24 17:00:00,17,4,5,145,0,23.56,0.38,32.09,56.23,5
2024-05-24 18:00:00,18,4,5,145,0,23.46,0.38,0.0,59.15,4
2024-05-24 19:00:00,19,4,5,145,0,21.29,0.38,0.0,55.41,5
2024-05-24 20:00:00,20,4,5,145,0,24.6,0.38,0.0,46.74,4
2024-05-24 21:00:00,21,4,5,145,0,17.14,0.38,0.0,30.88,2
2024-05-24 22:00:00,22,4,5,145,0,22.37,0.22,0.0,24.82,2
2024-05-24 23:00:00,23,4,5,145,0,21.63,0.22,0.0,14.0,1
2024-05-25 00:00:00,0,5,5,146,1,17.35,0.1,0.0,19.51,2
2024-05-25 01:00:00,1,5,5,146,1,11.95,0.1,0.0,6.0,1
2024-05-25 02:00:00,2,5,5,146,1,15.93,0.1,0.0,9.64,1
2024-05-25 03:00:00,3,5,5,146,1,16.36,0.1,0.0,10.12,1
2024-05-25 04:00:00,4,5,5,146,1,14.64,0.1,0.0,3.85,1
2024-05-25 05:00:00,5,5,5,146,1,16.13,0.1,0.0,7.32,1
2024-05-25 06:00:00,6,5,5,146,1,21.01,0.1,0.0,14.13,1
2024-05-25 07:00:00,7,5,5,146,1,20.32,0.1,31.97,9.1,1
2024-05-25 08:00:00,8,5,5,146,1,18.34,0.1,59.71,33.23,2
2024-05-25 09:00:00,9,5,5,146,1,18.29,0.1,120.97,25.76,2
2024-05-25 10:00:00,10,5,5,146,1,22.13,0.15,159.48,30.14,2
2024-05-25 11:00:00,11,5,5,146,1,23.56,0.15,224.8,36.64,2
2024-05-25 12:00:00,12,5,5,146,1,26.01,0.15,178.88,58.96,5
2024-05-25 13:00:00,13,5,5,146,1,24.75,0.15,201.25,52.7,4
2024-05-25 14:00:00,14,5,5,146,1,27.34,0.15,156.98,57.09,4
2024-05-25 15:00:00,15,5,5,146,1,30.36,0.15,136.02,48.75,4
2024-05-25 16:00:00,16,5,5,146,1,27.95,0.15,73.73,46.88,4
2024-05-25 17:00:00,17,5,5,146,1,25.72,0.15,26.23,52.37,4
2024-05-25 18:00:00,18,5,5,146,1,24.66,0.15,0.0,53.38,4
2024-05-25 19:00:00,19,5,5,146,1,23.27,0.1,0.0,37.01,3
2024-05-25 20:00:00,20,5,5,146,1,25.14,0.1,0.0,35.62,3
2024-05-25 21:00:00,21,5,5,146,1,20.23,0.1,0.0,27.09,2
2024-05-25 22:00:00,22,5,5,146,1,20.28,0.1,0.0,22.92,2
2024-05-25 23:00:00,23,5,5,146,1,19.09,0.1,0.0,14.63,1
2024-05-26 00:00:00,0,6,5,147,1,17.08,0.1,0.0,10.82,1
2024-05-26 01:00:00,1,6,5,147,1,14.54,0.1,0.0,2.5,1
2024-05-26 02:00:00,2,6,5,147,1,17.43,0.1,0.0,9.09,1
2024-05-26 03:00:00,3,6,5,147,1,16.49,0.1,0.0,2.5,1
2024-05-26 04:00:00,4,6,5,147,1,17.79,0.1,0.0,9.11,1
2024-05-26 05:00:00,5,6,5,147,1,16.22,0.1,0.0,15.17,1
2024-05-26 06:00:00,6,6,5,147,1,20.52,0.1,0.0,11.24,1
2024-05-26 07:00:00,7,6,5,147,1,17.36,0.1,29.41,17.16,1
2024-05-26 08:00:00,8,6,5,147,1,23.75,0.1,86.49,23.48,2
2024-05-26 09:00:00,9,6,5,147,1,18.12,0.1,130.25,29.82,3
2024-05-26 10:00:00,10,6,5,147,1,23.78,0.15,144.27,33.98,2
2024-05-26 11:00:00,11,6,5,147,1,25.07,0.15,187.13,43.22,3
2024-05-26 12:00:00,12,6,5,147,1,23.56,0.15,221.35,55.28,4
2024-05-26 13:00:00,13,6,5,147,1,26.8,0.15,232.24,70.76,6
2024-05-26 14:00:00,14,6,5,147,1,29.01,0.15,165.47,51.52,4
2024-05-26 15:00:00,15,6,5,147,1,22.18,0.15,142.43,50.91,4
2024-05-26 16:00:00,16,6,5,147,1,27.45,0.15,61.21,54.53,5
2024-05-26 17:00:00,17,6,5,147,1,20.96,0.15,22.77,59.67,4
2024-05-26 18:00:00,18,6,5,147,1,23.22,0.15,0.0,38.37,3
2024-05-26 19:00:00,19,6,5,147,1,27.37,0.1,0.0,35.77,3
2024-05-26 20:00:00,20,6,5,147,1,21.75,0.1,0.0,33.79,3
2024-05-26 21:00:00,21,6,5,147,1,19.27,0.1,0.0,21.53,2
2024-05-26 22:00:00,22,6,5,147,1,19.93,0.1,0.0,18.45,1
2024-05-26 23:00:00,23,6,5,147,1,23.25,0.1,0.0,16.6,1
2024-05-27 00:00:00,0,0,5,148,0,14.55,0.12,0.0,4.86,1
2024-05-27 01:00:00,1,0,5,148,0,15.31,0.12,0.0,3.0,1
2024-05-27 02:00:00,2,0,5,148,0,19.91,0.12,0.0,9.31,1
2024-05-27 03:00:00,3,0,5,148,0,20.46,0.12,0.0,2.5,1
2024-05-27 04:00:00,4,0,5,148,0,16.71,0.12,0.0,2.96,1
2024-05-27 05:00:00,5,0,5,148,0,14.94,0.12,0.0,9.72,1
2024-05-27 06:00:00,6,0,5,148,0,22.4,0.12,0.0,16.79,1
2024-05-27 07:00:00,7,0,5,148,0,22.43,0.22,28.7,27.09,2
2024-05-27 08:00:00,8,0,5,148,0,21.81,0.22,79.64,32.58,3
2024-05-27 09:00:00,9,0,5,148,0,20.12,0.22,132.2,35.92,2
2024-05-27 10:00:00,10,0,5,148,0,22.94,0.22,147.96,34.9,3
2024-05-27 11:00:00,11,0,5,148,0,23.92,0.22,232.64,26.67,2
2024-05-27 12:00:00,12,0,5,148,0,25.94,0.22,241.93,20.61,1
2024-05-27 13:00:00,13,0,5,148,0,28.98,0.22,232.64,16.79,1
2024-05-27 14:00:00,14,0,5,148,0,28.33,0.22,161.28,21.1,2
2024-05-27 15:00:00,15,0,5,148,0,24.59,0.22,135.51,37.95,3
2024-05-27 16:00:00,16,0,5,148,0,29.33,0.38,78.3,34.3,2
2024-05-27 17:00:00,17,0,5,148,0,26.7,0.38,32.27,50.71,4
2024-05-27 18:00:00,18,0,5,148,0,26.65,0.38,0.0,49.0,3
2024-05-27 19:00:00,19,0,5,148,0,27.18,0.38,0.0,53.19,4
2024-05-27 20:00:00,20,0,5,148,0,20.82,0.38,0.0,44.94,3
2024-05-27 21:00:00,21,0,5,148,0,21.67,0.38,0.0,38.45,3
2024-05-27 22:00:00,22,0,5,148,0,19.39,0.22,0.0,25.23,2
2024-05-27 23:00:00,23,0,5,148,0,16.11,0.22,0.0,12.45,1
2024-05-28 00:00:00,0,1,5,149,0,19.03,0.12,0.0,7.54,1
2024-05-28 01:00:00,1,1,5,149,0,22.56,0.12,0.0,5.37,1
2024-05-28 02:00:00,2,1,5,149,0,13.36,0.12,0.0,2.5,1
2024-05-28 03:00:00,3,1,5,149,0,16.81,0.12,0.0,7.62,1
2024-05-28 04:00:00,4,1,5,149,0,18.32,0.12,0.0,10.17,1
2024-05-28 05:00:00,5,1,5,149,0,17.79,0.12,0.0,14.06,1
2024-05-28 06:00:00,6,1,5,149,0,18.11,0.12,0.0,13.32,1
2024-05-28 07:00:00,7,1,5,149,0,16.77,0.22,28.86,25.33,2
2024-05-28 08:00:00,8,1,5,149,0,21.04,0.22,82.99,37.0,3
2024-05-28 09:00:00,9,1,5,149,0,20.36,0.22,127.95,35.64,3
2024-05-28 10:00:00,10,1,5,149,0,18.78,0.22,173.33,42.08,3
2024-05-28 11:00:00,11,1,5,149,0,26.76,0.22,207.46,32.61,2
2024-05-28 12:00:00,12,1,5,149,0,27.32,0.22,210.45,21.53,1
2024-05-28 13:00:00,13,1,5,149,0,26.3,0.22,157.91,24.95,2
2024-05-28 14:00:00,14,1,5,149,0,27.16,0.22,155.85,20.34,1
2024-05-28 15:00:00,15,1,5,149,0,29.02,0.22,132.73,35.59,3
2024-05-28 16:00:00,16,1,5,149,0,27.15,0.38,73.78,37.69,3
2024-05-28 17:00:00,17,1,5,149,0,28.01,0.38,27.84,45.39,3
2024-05-28 18:00:00,18,1,5,149,0,24.81,0.38,0.0,50.32,4
2024-05-28 19:00:00,19,1,5,149,0,26.99,0.38,0.0,51.63,4
2024-05-28 20:00:00,20,1,5,149,0,23.81,0.38,0.0,41.51,3
2024-05-28 21:00:00,21,1,5,149,0,22.26,0.38,0.0,37.0,2
2024-05-28 22:00:00,22,1,5,149,0,18.04,0.22,0.0,27.79,2
2024-05-28 23:00:00,23,1,5,149,0,19.94,0.22,0.0,19.59,1
2024-05-29 00:00:00,0,2,5,150,0,16.8,0.12,0.0,2.5,1
2024-05-29 01:00:00,1,2,5,150,0,16.39,0.12,0.0,2.5,1
2024-05-29 02:00:00,2,2,5,150,0,15.53,0.12,0.0,2.5,1
2024-05-29 03:00:00,3,2,5,150,0,14.86,0.12,0.0,2.5,1
2024-05-29 04:00:00,4,2,5,150,0,21.41,0.12,0.0,11.44,1
2024-05-29 05:00:00,5,2,5,150,0,20.33,0.12,0.0,14.66,1
2024-05-29 06:00:00,6,2,5,150,0,22.3,0.12,0.0,13.93,1
2024-05-29 07:00:00,7,2,5,150,0,17.05,0.22,29.89,40.61,3
2024-05-29 08:00:00,8,2,5,150,0,20.84,0.22,81.93,31.66,3
2024-05-29 09:00:00,9,2,5,150,0,19.41,0.22,120.88,39.62,3
2024-05-29 10:00:00,10,2,5,150,0,21.9,0.22,180.04,60.8,5
2024-05-29 11:00:00,11,2,5,150,0,22.66,0.22,207.12,29.72,2
2024-05-29 12:00:00,12,2,5,150,0,28.01,0.22,207.15,30.01,2
2024-05-29 13:00:00,13,2,5,150,0,25.53,0.22,212.27,26.45,2
2024-05-29 14:00:00,14,2,5,150,0,28.96,0.22,198.15,22.53,2
2024-05-29 15:00:00,15,2,5,150,0,28.2,0.22,128.26,52.83,4
2024-05-29 16:00:00,16,2,5,150,0,31.43,0.38,76.33,41.53,3
2024-05-29 17:00:00,17,2,5,150,0,23.37,0.38,32.37,48.49,4
2024-05-29 18:00:00,18,2,5,150,0,28.05,0.38,0.0,50.6,4
2024-05-29 19:00:00,19,2,5,150,0,26.79,0.38,0.0,54.54,4
2024-05-29 20:00:00,20,2,5,150,0,21.34,0.38,0.0,52.74,4
2024-05-29 21:00:00,21,2,5,150,0,24.01,0.38,0.0,33.59,3
2024-05-29 22:00:00,22,2,5,150,0,21.37,0.22,0.0,26.05,2
2024-05-29 23:00:00,23,2,5,150,0,19.04,0.22,0.0,17.83,2
2024-05-30 00:00:00,0,3,5,151,0,16.93,0.12,0.0,2.5,1
2024-05-30 01:00:00,1,3,5,151,0,16.35,0.12,0.0,2.5,1
2024-05-30 02:00:00,2,3,5,151,0,21.39,0.12,0.0,9.05,1
2024-05-30 03:00:00,3,3,5,151,0,17.12,0.12,0.0,3.85,1
2024-05-30 04:00:00,4,3,5,151,0,18.85,0.12,0.0,6.09,1
2024-05-30 05:00:00,5,3,5,151,0,16.2,0.12,0.0,9.14,1
2024-05-30 06:00:00,6,3,5,151,0,17.02,0.12,0.0,13.48,1
2024-05-30 07:00:00,7,3,5,151,0,21.78,0.22,29.7,37.7,3
2024-05-30 08:00:00,8,3,5,151,0,18.12,0.22,68.29,42.92,3
2024-05-30 09:00:00,9,3,5,151,0,21.29,0.22,113.4,38.39,3
2024-05-30 10:00:00,10,3,5,151,0,23.48,0.22,171.42,36.87,3
2024-05-30 11:00:00,11,3,5,151,0,24.84,0.22,228.2,36.54,3
2024-05-30 12:00:00,12,3,5,151,0,25.29,0.22,235.71,30.18,3
2024-05-30 13:00:00,13,3,5,151,0,27.24,0.22,181.55,19.22,1
2024-05-30 14:00:00,14,3,5,151,0,28.33,0.22,190.17,21.94,1
2024-05-30 15:00:00,15,3,5,151,0,28.59,0.22,114.16,32.25,3
2024-05-30 16:00:00,16,3,5,151,0,24.97,0.38,59.79,45.86,4
2024-05-30 17:00:00,17,3,5,151,0,25.88,0.38,27.1,45.09,4
2024-05-30 18:00:00,18,3,5,151,0,28.04,0.38,0.0,59.7,5
2024-05-30 19:00:00,19,3,5,151,0,26.41,0.38,0.0,52.42,4
2024-05-30 20:00:00,20,3,5,151,0,20.66,0.38,0.0,47.13,4
2024-05-30 21:00:00,21,3,5,151,0,22.82,0.38,0.0,41.51,3
2024-05-30 22:00:00,22,3,5,151,0,16.87,0.22,0.0,20.31,2
2024-05-30 23:00:00,23,3,5,151,0,19.71,0.22,0.0,15.87,1
2024-05-31 00:00:00,0,4,5,152,0,22.5,0.12,0.0,2.5,1
2024-05-31 01:00:00,1,4,5,152,0,16.01,0.12,0.0,20.28,1
2024-05-31 02:00:00,2,4,5,152,0,15.74,0.12,0.0,4.11,1
2024-05-31 03:00:00,3,4,5,152,0,18.76,0.12,0.0,11.71,1
2024-05-31 04:00:00,4,4,5,152,0,14.32,0.12,0.0,2.5,1
2024-05-31 05:00:00,5,4,5,152,0,16.64,0.12,0.0,16.83,1
2024-05-31 06:00:00,6,4,5,152,0,19.89,0.12,0.0,19.97,1
2024-05-31 07:00:00,7,4,5,152,0,18.47,0.22,27.37,33.77,3
2024-05-31 08:00:00,8,4,5,152,0,20.47,0.22,67.19,41.67,3
2024-05-31 09:00:00,9,4,5,152,0,23.72,0.22,146.63,38.71,3
2024-05-31 10:00:00,10,4,5,152,0,24.37,0.22,154.91,32.37,2
2024-05-31 11:00:00,11,4,5,152,0,25.27,0.22,213.08,30.57,2
2024-05-31 12:00:00,12,4,5,152,0,25.09,0.22,202.57,23.73,2
2024-05-31 13:00:00,13,4,5,152,0,27.31,0.22,207.03,23.99,2
2024-05-31 14:00:00,14,4,5,152,0,26.82,0.22,185.81,27.5,2
2024-05-31 15:00:00,15,4,5,152,0,28.15,0.22,104.92,41.82,3
2024-05-31 16:00:00,16,4,5,152,0,26.07,0.38,76.65,44.07,3
2024-05-31 17:00:00,17,4,5,152,0,26.2,0.38,32.47,56.92,4
2024-05-31 18:00:00,18,4,5,152,0,23.79,0.38,0.0,54.27,4
2024-05-31 19:00:00,19,4,5,152,0,24.67,0.38,0.0,60.54,4
2024-05-31 20:00:00,20,4,5,152,0,21.91,0.38,0.0,52.01,3
2024-05-31 21:00:00,21,4,5,152,0,20.01,0.38,0.0,43.38,3
2024-05-31 22:00:00,22,4,5,152,0,21.46,0.22,0.0,25.19,2
2024-05-31 23:00:00,23,4,5,152,0,20.16,0.22,0.0,28.74,2
2024-06-01 00:00:00,0,5,6,153,1,20.38,0.1,0.0,21.61,2
2024-06-01 01:00:00,1,5,6,153,1,17.16,0.1,0.0,3.22,1
2024-06-01 02:00:00,2,5,6,153,1,18.34,0.1,0.0,7.94,1
2024-06-01 03:00:00,3,5,6,153,1,18.46,0.1,0.0,11.3,1
2024-06-01 04:00:00,4,5,6,153,1,18.41,0.1,0.0,9.88,1
2024-06-01 05:00:00,5,5,6,153,1,16.37,0.1,0.0,4.44,1
2024-06-01 06:00:00,6,5,6,153,1,19.12,0.1,0.0,6.54,1
2024-06-01 07:00:00,7,5,6,153,1,20.58,0.1,26.16,9.83,1
2024-06-01 08:00:00,8,5,6,153,1,21.07,0.1,87.31,14.84,1
2024-06-01 09:00:00,9,5,6,153,1,18.18,0.1,124.86,26.58,2
2024-06-01 10:00:00,10,5,6,153,1,23.97,0.15,165.32,48.26,3
2024-06-01 11:00:00,11,5,6,153,1,29.28,0.15,204.04,36.94,3
2024-06-01 12:00:00,12,5,6,153,1,25.17,0.15,223.03,48.68,3
2024-06-01 13:00:00,13,5,6,153,1,25.23,0.15,177.3,54.12,4
2024-06-01 14:00:00,14,5,6,153,1,27.93,0.15,161.64,67.34,5
2024-06-01 15:00:00,15,5,6,153,1,27.98,0.15,118.32,57.96,5
2024-06-01 16:00:00,16,5,6,153,1,29.57,0.15,85.69,51.61,4
2024-06-01 17:00:00,17,5,6,153,1,24.17,0.15,25.16,42.99,4
2024-06-01 18:00:00,18,5,6,153,1,27.35,0.15,0.0,46.09,3
2024-06-01 19:00:00,19,5,6,153,1,26.04,0.1,0.0,46.98,3
2024-06-01 20:00:00,20,5,6,153,1,23.36,0.1,0.0,28.92,3
2024-06-01 21:00:00,21,5,6,153,1,23.03,0.1,0.0,26.75,2
2024-06-01 22:00:00,22,5,6,153,1,23.12,0.1,0.0,20.94,2
2024-06-01 23:00:00,23,5,6,153,1,21.6,0.1,0.0,16.71,1
2024-06-02 00:00:00,0,6,6,154,1,16.65,0.1,0.0,10.91,1
2024-06-02 01:00:00,1,6,6,154,1,19.78,0.1,0.0,15.1,1
2024-06-02 02:00:00,2,6,6,154,1,17.51,0.1,0.0,2.5,1
2024-06-02 03:00:00,3,6,6,154,1,17.62,0.1,0.0,16.12,1
2024-06-02 04:00:00,4,6,6,154,1,17.79,0.1,0.0,2.65,1
2024-06-02 05:00:00,5,6,6,154,1,17.84,0.1,0.0,12.73,1
2024-06-02 06:00:00,6,6,6,154,1,21.32,0.1,0.0,18.79,1
2024-06-02 07:00:00,7,6,6,154,1,19.8,0.1,26.24,11.28,1
2024-06-02 08:00:00,8,6,6,154,1,18.94,0.1,71.72,14.8,1
2024-06-02 09:00:00,9,6,6,154,1,21.68,0.1,116.55,23.19,2
2024-06-02 10:00:00,10,6,6,154,1,24.12,0.15,199.28,30.78,2
2024-06-02 11:00:00,11,6,6,154,1,27.43,0.15,195.16,40.44,3
2024-06-02 12:00:00,12,6,6,154,1,27.21,0.15,193.9,54.14,5
2024-06-02 13:00:00,13,6,6,154,1,25.1,0.15,215.57,53.71,5
2024-06-02 14:00:00,14,6,6,154,1,32.27,0.15,173.04,58.45,5
2024-06-02 15:00:00,15,6,6,154,1,28.0,0.15,134.58,50.69,4
2024-06-02 16:00:00,16,6,6,154,1,29.85,0.15,87.42,47.08,4
2024-06-02 17:00:00,17,6,6,154,1,26.5,0.15,32.22,44.23,3
2024-06-02 18:00:00,18,6,6,154,1,27.07,0.15,0.0,45.89,4
2024-06-02 19:00:00,19,6,6,154,1,26.65,0.1,0.0,43.91,3
2024-06-02 20:00:00,20,6,6,154,1,26.2,0.1,0.0,39.64,3
2024-06-02 21:00:00,21,6,6,154,1,24.58,0.1,0.0,28.79,3
2024-06-02 22:00:00,22,6,6,154,1,22.92,0.1,0.0,18.32,2
2024-06-02 23:00:00,23,6,6,154,1,19.34,0.1,0.0,11.26,1
2024-06-03 00:00:00,0,0,6,155,0,17.9,0.12,0.0,2.5,1
2024-06-03 01:00:00,1,0,6,155,0,18.92,0.12,0.0,2.9,1
2024-06-03 02:00:00,2,0,6,155,0,19.62,0.12,0.0,2.5,1
2024-06-03 03:00:00,3,0,6,155,0,17.14,0.12,0.0,5.74,1
2024-06-03 04:00:00,4,0,6,155,0,19.88,0.12,0.0,2.88,1
2024-06-03 05:00:00,5,0,6,155,0,21.16,0.12,0.0,6.72,1
2024-06-03 06:00:00,6,0,6,155,0,17.21,0.12,0.0,16.14,1
2024-06-03 07:00:00,7,0,6,155,0,18.41,0.22,32.54,22.15,1
2024-06-03 08:00:00,8,0,6,155,0,21.01,0.22,62.42,32.23,2
2024-06-03 09:00:00,9,0,6,155,0,23.2,0.22,133.17,38.0,2
2024-06-03 10:00:00,10,0,6,155,0,22.83,0.22,199.52,46.36,4
2024-06-03 11:00:00,11,0,6,155,0,27.79,0.22,223.55,31.54,2
2024-06-03 12:00:00,12,0,6,155,0,26.97,0.22,188.09,27.72,2
2024-06-03 13:00:00,13,0,6,155,0,26.99,0.22,188.49,19.46,1
2024-06-03 14:00:00,14,0,6,155,0,24.54,0.22,164.76,21.0,2
2024-06-03 15:00:00,15,0,6,155,0,24.95,0.22,118.88,25.76,2
2024-06-03 16:00:00,16,0,6,155,0,27.97,0.38,87.53,35.14,2
2024-06-03 17:00:00,17,0,6,155,0,22.65,0.38,21.17,59.99,4
2024-06-03 18:00:00,18,0,6,155,0,28.14,0.38,0.0,57.76,4
2024-06-03 19:00:00,19,0,6,155,0,24.77,0.38,0.0,52.94,4
2024-06-03 20:00:00,20,0,6,155,0,30.36,0.38,0.0,52.38,4
2024-06-03 21:00:00,21,0,6,155,0,27.2,0.38,0.0,29.38,2
2024-06-03 22:00:00,22,0,6,155,0,20.93,0.22,0.0,32.15,3
2024-06-03 23:00:00,23,0,6,155,0,19.87,0.22,0.0,23.55,2
2024-06-04 00:00:00,0,1,6,156,0,21.15,0.12,0.0,3.1,1
2024-06-04 01:00:00,1,1,6,156,0,21.77,0.12,0.0,3.66,1
2024-06-04 02:00:00,2,1,6,156,0,14.59,0.12,0.0,6.54,1
2024-06-04 03:00:00,3,1,6,156,0,14.12,0.12,0.0,2.5,1
2024-06-04 04:00:00,4,1,6,156,0,16.62,0.12,0.0,5.79,1
2024-06-04 05:00:00,5,1,6,156,0,19.53,0.12,0.0,23.78,2
2024-06-04 06:00:00,6,1,6,156,0,20.15,0.12,0.0,11.94,1
2024-06-04 07:00:00,7,1,6,156,0,22.33,0.22,31.39,22.97,2
2024-06-04 08:00:00,8,1,6,156,0,19.0,0.22,68.67,34.7,3
2024-06-04 09:00:00,9,1,6,156,0,18.06,0.22,140.79,46.88,4
2024-06-04 10:00:00,10,1,6,156,0,25.7,0.22,180.98,40.56,3
2024-06-04 11:00:00,11,1,6,156,0,23.54,0.22,221.74,35.95,3
2024-06-04 12:00:00,12,1,6,156,0,22.19,0.22,197.75,22.54,1
2024-06-04 13:00:00,13,1,6,156,0,27.31,0.22,210.68,26.68,2
2024-06-04 14:00:00,14,1,6,156,0,29.11,0.22,156.2,20.89,2
2024-06-04 15:00:00,15,1,6,156,0,27.45,0.22,91.72,26.71,2
2024-06-04 16:00:00,16,1,6,156,0,26.61,0.38,87.61,43.59,4
2024-06-04 17:00:00,17,1,6,156,0,26.71,0.38,22.84,44.36,3
2024-06-04 18:00:00,18,1,6,156,0,25.49,0.38,0.0,49.04,4
2024-06-04 19:00:00,19,1,6,156,0,22.5,0.38,0.0,54.82,4
2024-06-04 20:00:00,20,1,6,156,0,22.56,0.38,0.0,49.87,4
2024-06-04 21:00:00,21,1,6,156,0,23.74,0.38,0.0,28.41,2
2024-06-04 22:00:00,22,1,6,156,0,22.04,0.22,0.0,24.01,2
2024-06-04 23:00:00,23,1,6,156,0,20.53,0.22,0.0,17.75,1
2024-06-05 00:00:00,0,2,6,157,0,17.28,0.12,0.0,7.58,1
2024-06-05 01:00:00,1,2,6,157,0,18.11,0.12,0.0,2.5,1
2024-06-05 02:00:00,2,2,6,157,0,13.62,0.12,0.0,6.15,1
2024-06-05 03:00:00,3,2,6,157,0,18.16,0.12,0.0,6.73,1
2024-06-05 04:00:00,4,2,6,157,0,20.83,0.12,0.0,5.86,1
2024-06-05 05:00:00,5,2,6,157,0,15.52,0.12,0.0,15.25,1
2024-06-05 06:00:00,6,2,6,157,0,18.1,0.12,0.0,13.6,1
2024-06-05 07:00:00,7,2,6,157,0,20.96,0.22,28.0,27.03,2
2024-06-05 08:00:00,8,2,6,157,0,24.01,0.22,82.93,36.04,3
2024-06-05 09:00:00,9,2,6,157,0,21.91,0.22,124.65,43.26,3
2024-06-05 10:00:00,10,2,6,157,0,22.71,0.22,192.08,38.82,3
2024-06-05 11:00:00,11,2,6,157,0,21.37,0.22,233.09,30.41,3
2024-06-05 12:00:00,12,2,6,157,0,26.55,0.22,245.11,32.96,3
2024-06-05 13:00:00,13,2,6,157,0,31.22,0.22,210.62,20.76,1
2024-06-05 14:00:00,14,2,6,157,0,28.19,0.22,151.02,22.65,2
2024-06-05 15:00:00,15,2,6,157,0,27.76,0.22,119.0,39.91,3
2024-06-05 16:00:00,16,2,6,157,0,28.28,0.38,83.46,34.77,3
2024-06-05 17:00:00,17,2,6,157,0,27.11,0.38,32.67,42.12,3
2024-06-05 18:00:00,18,2,6,157,0,24.71,0.38,0.0,54.98,4
2024-06-05 19:00:00,19,2,6,157,0,26.95,0.38,0.0,49.54,4
2024-06-05 20:00:00,20,2,6,157,0,24.55,0.38,0.0,39.07,3
2024-06-05 21:00:00,21,2,6,157,0,22.84,0.38,0.0,33.81,3
2024-06-05 22:00:00,22,2,6,157,0,19.56,0.22,0.0,28.13,2
2024-06-05 23:00:00,23,2,6,157,0,22.91,0.22,0.0,21.92,2
2024-06-06 00:00:00,0,3,6,158,0,20.7,0.12,0.0,10.4,1
2024-06-06 01:00:00,1,3,6,158,0,17.47,0.12,0.0,2.5,1
2024-06-06 02:00:00,2,3,6,158,0,20.08,0.12,0.0,3.54,1
2024-06-06 03:00:00,3,3,6,158,0,16.91,0.12,0.0,8.98,1
2024-06-06 04:00:00,4,3,6,158,0,16.52,0.12,0.0,5.26,1
2024-06-06 05:00:00,5,3,6,158,0,17.06,0.12,0.0,5.26,1
2024-06-06 06:00:00,6,3,6,158,0,15.83,0.12,0.0,8.21,1
2024-06-06 07:00:00,7,3,6,158,0,21.35,0.22,24.99,23.84,2
2024-06-06 08:00:00,8,3,6,158,0,17.95,0.22,71.07,30.32,2
2024-06-06 09:00:00,9,3,6,158,0,20.45,0.22,116.4,43.15,3
2024-06-06 10:00:00,10,3,6,158,0,20.05,0.22,175.11,35.95,3
2024-06-06 11:00:00,11,3,6,158,0,25.24,0.22,212.39,28.53,2
2024-06-06 12:00:00,12,3,6,158,0,26.14,0.22,248.38,28.55,3
2024-06-06 13:00:00,13,3,6,158,0,26.59,0.22,153.28,20.35,2
2024-06-06 14:00:00,14,3,6,158,0,25.65,0.22,175.32,22.14,2
2024-06-06 15:00:00,15,3,6,158,0,25.56,0.22,124.37,33.41,2
2024-06-06 16:00:00,16,3,6,158,0,28.67,0.38,87.25,34.68,2
2024-06-06 17:00:00,17,3,6,158,0,26.14,0.38,30.17,47.11,3
2024-06-06 18:00:00,18,3,6,158,0,27.08,0.38,0.0,65.23,6
2024-06-06 19:00:00,19,3,6,158,0,23.64,0.38,0.0,55.44,3
2024-06-06 20:00:00,20,3,6,158,0,24.57,0.38,0.0,45.93,3
2024-06-06 21:00:00,21,3,6,158,0,25.52,0.38,0.0,39.56,3
2024-06-06 22:00:00,22,3,6,158,0,22.79,0.22,0.0,18.66,1
2024-06-06 23:00:00,23,3,6,158,0,19.58,0.22,0.0,21.31,2
2024-06-07 00:00:00,0,4,6,159,0,19.99,0.12,0.0,2.5,1
2024-06-07 01:00:00,1,4,6,159,0,18.2,0.12,0.0,14.71,1
2024-06-07 02:00:00,2,4,6,159,0,18.2,0.12,0.0,2.5,1
2024-06-07 03:00:00,3,4,6,159,0,17.36,0.12,0.0,5.46,1
2024-06-07 04:00:00,4,4,6,159,0,17.86,0.12,0.0,2.5,1
2024-06-07 05:00:00,5,4,6,159,0,19.11,0.12,0.0,12.95,1
2024-06-07 06:00:00,6,4,6,159,0,17.49,0.12,0.0,20.7,2
2024-06-07 07:00:00,7,4,6,159,0,18.48,0.22,26.77,29.3,2
2024-06-07 08:00:00,8,4,6,159,0,18.94,0.22,87.9,32.05,3
2024-06-07 09:00:00,9,4,6,159,0,19.81,0.22,135.34,43.34,3
2024-06-07 10:00:00,10,4,6,159,0,21.87,0.22,178.6,48.14,3
2024-06-07 11:00:00,11,4,6,159,0,25.83,0.22,218.69,29.85,2
2024-06-07 12:00:00,12,4,6,159,0,24.76,0.22,248.62,23.92,2
2024-06-07 13:00:00,13,4,6,159,0,28.37,0.22,175.64,25.78,2
2024-06-07 14:00:00,14,4,6,159,0,27.91,0.22,156.0,22.35,2
2024-06-07 15:00:00,15,4,6,159,0,24.08,0.22,105.6,27.72,2
2024-06-07 16:00:00,16,4,6,159,0,29.15,0.38,74.9,31.16,2
2024-06-07 17:00:00,17,4,6,159,0,28.97,0.38,29.77,51.05,4
2024-06-07 18:00:00,18,4,6,159,0,24.56,0.38,0.0,53.14,3
2024-06-07 19:00:00,19,4,6,159,0,26.35,0.38,0.0,56.62,4
2024-06-07 20:00:00,20,4,6,159,0,22.59,0.38,0.0,45.67,3
2024-06-07 21:00:00,21,4,6,159,0,23.21,0.38,0.0,40.27,3
2024-06-07 22:00:00,22,4,6,159,0,19.19,0.22,0.0,33.11,2
2024-06-07 23:00:00,23,4,6,159,0,16.93,0.22,0.0,15.34,1
2024-06-08 00:00:00,0,5,6,160,1,18.81,0.1,0.0,17.04,2
2024-06-08 01:00:00,1,5,6,160,1,18.54,0.1,0.0,4.06,1
2024-06-08 02:00:00,2,5,6,160,1,17.49,0.1,0.0,3.8,1
2024-06-08 03:00:00,3,5,6,160,1,15.75,0.1,0.0,8.17,1
2024-06-08 04:00:00,4,5,6,160,1,17.49,0.1,0.0,9.97,1
2024-06-08 05:00:00,5,5,6,160,1,19.32,0.1,0.0,16.23,1
2024-06-08 06:00:00,6,5,6,160,1,19.49,0.1,0.0,9.99,1
2024-06-08 07:00:00,7,5,6,160,1,20.98,0.1,26.77,14.72,1
2024-06-08 08:00:00,8,5,6,160,1,20.48,0.1,85.14,41.61,3
2024-06-08 09:00:00,9,5,6,160,1,25.46,0.1,136.36,21.5,2
2024-06-08 10:00:00,10,5,6,160,1,22.06,0.15,193.24,31.34,2
2024-06-08 11:00:00,11,5,6,160,1,26.59,0.15,174.98,43.93,3
2024-06-08 12:00:00,12,5,6,160,1,29.01,0.15,248.83,61.36,5
2024-06-08 13:00:00,13,5,6,160,1,28.41,0.15,195.77,51.7,4
2024-06-08 14:00:00,14,5,6,160,1,27.54,0.15,150.0,49.41,4
2024-06-08 15:00:00,15,5,6,160,1,27.06,0.15,122.4,62.86,4
2024-06-08 16:00:00,16,5,6,160,1,30.02,0.15,87.98,47.51,4
2024-06-08 17:00:00,17,5,6,160,1,24.6,0.15,27.31,43.39,4
2024-06-08 18:00:00,18,5,6,160,1,24.71,0.15,0.0,41.84,3
2024-06-08 19:00:00,19,5,6,160,1,24.82,0.1,0.0,37.46,3
2024-06-08 20:00:00,20,5,6,160,1,26.88,0.1,0.0,35.73,3
2024-06-08 21:00:00,21,5,6,160,1,23.87,0.1,0.0,29.66,2
2024-06-08 22:00:00,22,5,6,160,1,19.89,0.1,0.0,17.42,1
2024-06-08 23:00:00,23,5,6,160,1,19.99,0.1,0.0,11.08,1
2024-06-09 00:00:00,0,6,6,161,1,18.45,0.1,0.0,13.07,1
2024-06-09 01:00:00,1,6,6,161,1,17.47,0.1,0.0,4.14,1
2024-06-09 02:00:00,2,6,6,161,1,20.34,0.1,0.0,4.11,1
2024-06-09 03:00:00,3,6,6,161,1,15.47,0.1,0.0,7.53,1
2024-06-09 04:00:00,4,6,6,161,1,21.6,0.1,0.0,2.89,1
2024-06-09 05:00:00,5,6,6,161,1,20.54,0.1,0.0,3.34,1
2024-06-09 06:00:00,6,6,6,161,1,21.86,0.1,0.0,8.14,1
2024-06-09 07:00:00,7,6,6,161,1,19.79,0.1,28.51,12.05,1
2024-06-09 08:00:00,8,6,6,161,1,21.62,0.1,88.05,24.68,2
2024-06-09 09:00:00,9,6,6,161,1,20.35,0.1,145.87,24.64,2
2024-06-09 10:00:00,10,6,6,161,1,23.46,0.15,190.44,30.57,2
2024-06-09 11:00:00,11,6,6,161,1,26.7,0.15,236.41,37.07,3
2024-06-09 12:00:00,12,6,6,161,1,29.34,0.15,233.78,54.22,4
2024-06-09 13:00:00,13,6,6,161,1,25.33,0.15,151.68,51.22,4
2024-06-09 14:00:00,14,6,6,161,1,27.31,0.15,196.67,51.4,3
2024-06-09 15:00:00,15,6,6,161,1,27.91,0.15,102.02,52.4,4
2024-06-09 16:00:00,16,6,6,161,1,25.25,0.15,82.26,55.64,4
2024-06-09 17:00:00,17,6,6,161,1,28.73,0.15,22.11,48.78,4
2024-06-09 18:00:00,18,6,6,161,1,25.3,0.15,0.0,46.24,3
2024-06-09 19:00:00,19,6,6,161,1,25.32,0.1,0.0,37.95,2
2024-06-09 20:00:00,20,6,6,161,1,23.6,0.1,0.0,37.11,3
2024-06-09 21:00:00,21,6,6,161,1,21.64,0.1,0.0,29.28,3
2024-06-09 22:00:00,22,6,6,161,1,21.91,0.1,0.0,19.95,1
2024-06-09 23:00:00,23,6,6,161,1,20.28,0.1,0.0,16.89,1
2024-06-10 00:00:00,0,0,6,162,0,19.03,0.12,0.0,18.25,1
2024-06-10 01:00:00,1,0,6,162,0,17.52,0.12,0.0,12.81,1
2024-06-10 02:00:00,2,0,6,162,0,19.12,0.12,0.0,2.5,1
2024-06-10 03:00:00,3,0,6,162,0,21.62,0.12,0.0,2.5,1
2024-06-10 04:00:00,4,0,6,162,0,18.76,0.12,0.0,10.83,1
2024-06-10 05:00:00,5,0,6,162,0,20.97,0.12,0.0,9.82,1
2024-06-10 06:00:00,6,0,6,162,0,17.0,0.12,0.0,25.16,2
2024-06-10 07:00:00,7,0,6,162,0,21.13,0.22,32.81,30.54,2
2024-06-10 08:00:00,8,0,6,162,0,19.82,0.22,76.7,32.95,2
2024-06-10 09:00:00,9,0,6,162,0,20.36,0.22,122.27,36.49,3
2024-06-10 10:00:00,10,0,6,162,0,23.13,0.22,180.5,43.1,3
2024-06-10 11:00:00,11,0,6,162,0,28.2,0.22,209.77,28.01,2
2024-06-10 12:00:00,12,0,6,162,0,28.75,0.22,226.57,23.24,2
2024-06-10 13:00:00,13,0,6,162,0,28.13,0.22,136.42,20.33,2
2024-06-10 14:00:00,14,0,6,162,0,25.08,0.22,150.98,25.4,2
2024-06-10 15:00:00,15,0,6,162,0,27.92,0.22,115.37,35.82,3
2024-06-10 16:00:00,16,0,6,162,0,28.74,0.38,79.13,36.21,2
2024-06-10 17:00:00,17,0,6,162,0,27.99,0.38,29.61,48.54,3
2024-06-10 18:00:00,18,0,6,162,0,23.16,0.38,0.0,54.54,5
2024-06-10 19:00:00,19,0,6,162,0,24.03,0.38,0.0,59.7,5
2024-06-10 20:00:00,20,0,6,162,0,24.48,0.38,0.0,53.18,3
2024-06-10 21:00:00,21,0,6,162,0,24.38,0.38,0.0,39.61,3
2024-06-10 22:00:00,22,0,6,162,0,17.63,0.22,0.0,35.38,3
2024-06-10 23:00:00,23,0,6,162,0,20.49,0.22,0.0,9.99,1
2024-06-11 00:00:00,0,1,6,163,0,20.16,0.12,0.0,11.84,1
2024-06-11 01:00:00,1,1,6,163,0,20.78,0.12,0.0,3.12,1
2024-06-11 02:00:00,2,1,6,163,0,19.96,0.12,0.0,3.78,1
2024-06-11 03:00:00,3,1,6,163,0,19.57,0.12,0.0,2.5,1
2024-06-11 04:00:00,4,1,6,163,0,16.98,0.12,0.0,8.63,1
2024-06-11 05:00:00,5,1,6,163,0,15.26,0.12,0.0,3.6,1
2024-06-11 06:00:00,6,1,6,163,0,19.08,0.12,0.0,17.16,1
2024-06-11 07:00:00,7,1,6,163,0,22.91,0.22,27.56,19.78,1
2024-06-11 08:00:00,8,1,6,163,0,24.9,0.22,79.51,37.35,3
2024-06-11 09:00:00,9,1,6,163,0,24.83,0.22,148.28,47.86,4
2024-06-11 10:00:00,10,1,6,163,0,25.56,0.22,175.78,40.35,3
2024-06-11 11:00:00,11,1,6,163,0,26.67,0.22,183.15,29.8,2
2024-06-11 12:00:00,12,1,6,163,0,25.83,0.22,170.98,25.09,2
2024-06-11 13:00:00,13,1,6,163,0,27.48,0.22,222.9,18.05,1
2024-06-11 14:00:00,14,1,6,163,0,31.57,0.22,182.82,24.18,2
2024-06-11 15:00:00,15,1,6,163,0,26.52,0.22,118.99,33.62,2
2024-06-11 16:00:00,16,1,6,163,0,31.47,0.38,88.17,32.47,2
2024-06-11 17:00:00,17,1,6,163,0,27.09,0.38,27.23,41.4,3
2024-06-11 18:00:00,18,1,6,163,0,29.59,0.38,0.0,58.55,4
2024-06-11 19:00:00,19,1,6,163,0,23.09,0.38,0.0,53.28,4
2024-06-11 20:00:00,20,1,6,163,0,25.87,0.38,0.0,47.55,3
2024-06-11 21:00:00,21,1,6,163,0,21.93,0.38,0.0,37.53,3
2024-06-11 22:00:00,22,1,6,163,0,19.28,0.22,0.0,25.71,2
2024-06-11 23:00:00,23,1,6,163,0,21.34,0.22,0.0,18.83,1
2024-06-12 00:00:00,0,2,6,164,0,21.98,0.12,0.0,2.5,1
2024-06-12 01:00:00,1,2,6,164,0,17.48,0.12,0.0,6.12,1
2024-06-12 02:00:00,2,2,6,164,0,15.67,0.12,0.0,2.5,1
2024-06-12 03:00:00,3,2,6,164,0,18.31,0.12,0.0,5.26,1
2024-06-12 04:00:00,4,2,6,164,0,18.49,0.12,0.0,2.5,1
2024-06-12 05:00:00,5,2,6,164,0,20.26,0.12,0.0,21.04,1
2024-06-12 06:00:00,6,2,6,164,0,21.86,0.12,0.0,13.14,1
2024-06-12 07:00:00,7,2,6,164,0,20.88,0.22,26.92,20.2,2
2024-06-12 08:00:00,8,2,6,164,0,25.92,0.22,80.8,33.97,2
2024-06-12 09:00:00,9,2,6,164,0,23.95,0.22,126.09,40.05,3
2024-06-12 10:00:00,10,2,6,164,0,24.1,0.22,173.76,33.17,3
2024-06-12 11:00:00,11,2,6,164,0,22.78,0.22,199.29,36.38,3
2024-06-12 12:00:00,12,2,6,164,0,26.51,0.22,233.68,31.22,2
2024-06-12 13:00:00,13,2,6,164,0,27.16,0.22,210.77,35.63,2
2024-06-12 14:00:00,14,2,6,164,0,30.25,0.22,186.48,32.59,2
2024-06-12 15:00:00,15,2,6,164,0,29.42,0.22,130.25,37.7,3
2024-06-12 16:00:00,16,2,6,164,0,25.97,0.38,60.65,39.72,3
2024-06-12 17:00:00,17,2,6,164,0,28.17,0.38,29.04,49.87,3
2024-06-12 18:00:00,18,2,6,164,0,28.38,0.38,0.0,54.79,4
2024-06-12 19:00:00,19,2,6,164,0,29.05,0.38,0.0,56.01,4
2024-06-12 20:00:00,20,2,6,164,0,26.57,0.38,0.0,48.16,4
2024-06-12 21:00:00,21,2,6,164,0,25.02,0.38,0.0,35.41,2
2024-06-12 22:00:00,22,2,6,164,0,22.32,0.22,0.0,30.83,2
2024-06-12 23:00:00,23,2,6,164,0,21.77,0.22,0.0,11.56,1
2024-06-13 00:00:00,0,3,6,165,0,22.55,0.12,0.0,7.13,1
2024-06-13 01:00:00,1,3,6,165,0,16.59,0.12,0.0,3.82,1
2024-06-13 02:00:00,2,3,6,165,0,18.06,0.12,0.0,8.0,1
2024-06-13 03:00:00,3,3,6,165,0,17.04,0.12,0.0,13.58,1
2024-06-13 04:00:00,4,3,6,165,0,19.52,0.12,0.0,7.94,1
2024-06-13 05:00:00,5,3,6,165,0,21.72,0.12,0.0,17.7,1
2024-06-13 06:00:00,6,3,6,165,0,18.86,0.12,0.0,21.74,2
2024-06-13 07:00:00,7,3,6,165,0,16.31,0.22,29.57,28.91,2
2024-06-13 08:00:00,8,3,6,165,0,21.47,0.22,82.02,39.58,3
2024-06-13 09:00:00,9,3,6,165,0,25.41,0.22,120.17,37.81,3
2024-06-13 10:00:00,10,3,6,165,0,25.96,0.22,147.98,39.7,3
2024-06-13 11:00:00,11,3,6,165,0,26.94,0.22,236.99,38.19,3
2024-06-13 12:00:00,12,3,6,165,0,26.56,0.22,203.87,38.33,3
2024-06-13 13:00:00,13,3,6,165,0,25.36,0.22,226.28,17.99,1
2024-06-13 14:00:00,14,3,6,165,0,29.45,0.22,201.19,19.86,1
2024-06-13 15:00:00,15,3,6,165,0,26.92,0.22,144.69,28.3,2
2024-06-13 16:00:00,16,3,6,165,0,32.79,0.38,74.49,38.31,3
2024-06-13 17:00:00,17,3,6,165,0,29.06,0.38,28.66,63.27,5
2024-06-13 18:00:00,18,3,6,165,0,25.96,0.38,0.0,55.29,5
2024-06-13 19:00:00,19,3,6,165,0,24.86,0.38,0.0,53.31,4
2024-06-13 20:00:00,20,3,6,165,0,24.7,0.38,0.0,42.43,4
2024-06-13 21:00:00,21,3,6,165,0,23.11,0.38,0.0,34.43,2
2024-06-13 22:00:00,22,3,6,165,0,24.53,0.22,0.0,44.27,4
2024-06-13 23:00:00,23,3,6,165,0,21.46,0.22,0.0,11.82,1
2024-06-14 00:00:00,0,4,6,166,0,18.68,0.12,0.0,2.5,1
2024-06-14 01:00:00,1,4,6,166,0,23.13,0.12,0.0,10.03,1
2024-06-14 02:00:00,2,4,6,166,0,18.94,0.12,0.0,13.23,1
2024-06-14 03:00:00,3,4,6,166,0,20.21,0.12,0.0,3.03,1
2024-06-14 04:00:00,4,4,6,166,0,17.63,0.12,0.0,6.56,1
2024-06-14 05:00:00,5,4,6,166,0,20.07,0.12,0.0,12.6,1
2024-06-14 06:00:00,6,4,6,166,0,20.76,0.12,0.0,15.19,1
2024-06-14 07:00:00,7,4,6,166,0,17.4,0.22,32.52,27.37,2
2024-06-14 08:00:00,8,4,6,166,0,26.41,0.22,73.61,40.63,3
2024-06-14 09:00:00,9,4,6,166,0,26.26,0.22,126.46,41.17,3
2024-06-14 10:00:00,10,4,6,166,0,24.17,0.22,194.35,37.03,3
2024-06-14 11:00:00,11,4,6,166,0,23.97,0.22,229.47,25.72,2
2024-06-14 12:00:00,12,4,6,166,0,27.91,0.22,243.68,20.02,1
2024-06-14 13:00:00,13,4,6,166,0,28.18,0.22,200.24,18.65,1
2024-06-14 14:00:00,14,4,6,166,0,29.22,0.22,191.97,30.93,2
2024-06-14 15:00:00,15,4,6,166,0,29.06,0.22,148.5,41.41,3
2024-06-14 16:00:00,16,4,6,166,0,29.52,0.38,76.59,32.92,2
2024-06-14 17:00:00,17,4,6,166,0,30.9,0.38,26.91,52.54,4
2024-06-14 18:00:00,18,4,6,166,0,28.35,0.38,0.0,50.75,3
2024-06-14 19:00:00,19,4,6,166,0,24.08,0.38,0.0,48.73,3
2024-06-14 20:00:00,20,4,6,166,0,27.69,0.38,0.0,59.68,5
2024-06-14 21:00:00,21,4,6,166,0,26.96,0.38,0.0,30.1,2
2024-06-14 22:00:00,22,4,6,166,0,28.68,0.22,0.0,25.34,2
2024-06-14 23:00:00,23,4,6,166,0,18.93,0.22,0.0,8.57,1
2024-06-15 00:00:00,0,5,6,167,1,20.71,0.1,0.0,12.43,1
2024-06-15 01:00:00,1,5,6,167,1,15.26,0.1,0.0,6.25,1
2024-06-15 02:00:00,2,5,6,167,1,20.04,0.1,0.0,8.01,1
2024-06-15 03:00:00,3,5,6,167,1,17.66,0.1,0.0,8.34,1
2024-06-15 04:00:00,4,5,6,167,1,22.78,0.1,0.0,3.84,1
2024-06-15 05:00:00,5,5,6,167,1,17.88,0.1,0.0,5.62,1
2024-06-15 06:00:00,6,5,6,167,1,16.85,0.1,0.0,5.65,1
2024-06-15 07:00:00,7,5,6,167,1,20.32,0.1,31.74,15.51,1
2024-06-15 08:00:00,8,5,6,167,1,18.51,0.1,80.38,19.08,1
2024-06-15 09:00:00,9,5,6,167,1,25.26,0.1,129.91,25.39,2
2024-06-15 10:00:00,10,5,6,167,1,20.92,0.15,177.69,36.92,3
2024-06-15 11:00:00,11,5,6,167,1,26.32,0.15,222.75,43.37,4
2024-06-15 12:00:00,12,5,6,167,1,23.14,0.15,218.99,48.45,4
2024-06-15 13:00:00,13,5,6,167,1,27.45,0.15,155.38,58.16,5
2024-06-15 14:00:00,14,5,6,167,1,31.88,0.15,201.35,53.27,4
2024-06-15 15:00:00,15,5,6,167,1,29.48,0.15,148.55,47.94,4
2024-06-15 16:00:00,16,5,6,167,1,26.86,0.15,64.11,48.75,4
2024-06-15 17:00:00,17,5,6,167,1,28.03,0.15,27.59,44.16,3
2024-06-15 18:00:00,18,5,6,167,1,27.33,0.15,0.0,50.78,4
2024-06-15 19:00:00,19,5,6,167,1,27.2,0.1,0.0,44.72,3
2024-06-15 20:00:00,20,5,6,167,1,22.32,0.1,0.0,29.94,2
2024-06-15 21:00:00,21,5,6,167,1,24.94,0.1,0.0,20.99,1
2024-06-15 22:00:00,22,5,6,167,1,17.06,0.1,0.0,14.92,1
2024-06-15 23:00:00,23,5,6,167,1,20.0,0.1,0.0,11.68,1
2024-06-16 00:00:00,0,6,6,168,1,19.33,0.1,0.0,7.18,1
2024-06-16 01:00:00,1,6,6,168,1,20.78,0.1,0.0,4.65,1
2024-06-16 02:00:00,2,6,6,168,1,19.06,0.1,0.0,8.43,1
2024-06-16 03:00:00,3,6,6,168,1,16.03,0.1,0.0,4.39,1
2024-06-16 04:00:00,4,6,6,168,1,17.04,0.1,0.0,17.94,1
2024-06-16 05:00:00,5,6,6,168,1,19.91,0.1,0.0,7.69,1
2024-06-16 06:00:00,6,6,6,168,1,20.15,0.1,0.0,14.88,1
2024-06-16 07:00:00,7,6,6,168,1,20.18,0.1,28.26,18.63,1
2024-06-16 08:00:00,8,6,6,168,1,21.58,0.1,71.69,18.1,1
2024-06-16 09:00:00,9,6,6,168,1,25.23,0.1,128.64,23.11,2
2024-06-16 10:00:00,10,6,6,168,1,24.1,0.15,189.35,27.6,2
2024-06-16 11:00:00,11,6,6,168,1,26.16,0.15,146.8,38.18,3
2024-06-16 12:00:00,12,6,6,168,1,31.72,0.15,231.73,48.98,3
2024-06-16 13:00:00,13,6,6,168,1,25.32,0.15,217.57,50.39,3
2024-06-16 14:00:00,14,6,6,168,1,24.97,0.15,178.74,53.11,4
2024-06-16 15:00:00,15,6,6,168,1,30.41,0.15,128.1,64.98,6
2024-06-16 16:00:00,16,6,6,168,1,27.31,0.15,50.54,48.67,4
2024-06-16 17:00:00,17,6,6,168,1,27.53,0.15,27.22,49.1,3
2024-06-16 18:00:00,18,6,6,168,1,25.81,0.15,0.0,49.04,3
2024-06-16 19:00:00,19,6,6,168,1,25.82,0.1,0.0,51.28,3
2024-06-16 20:00:00,20,6,6,168,1,28.33,0.1,0.0,36.22,3
2024-06-16 21:00:00,21,6,6,168,1,25.44,0.1,0.0,17.53,1
2024-06-16 22:00:00,22,6,6,168,1,24.27,0.1,0.0,18.68,1
2024-06-16 23:00:00,23,6,6,168,1,18.51,0.1,0.0,8.01,1
2024-06-17 00:00:00,0,0,6,169,0,18.08,0.12,0.0,2.5,1
2024-06-17 01:00:00,1,0,6,169,0,13.91,0.12,0.0,4.97,1
2024-06-17 02:00:00,2,0,6,169,0,17.47,0.12,0.0,10.23,1
2024-06-17 03:00:00,3,0,6,169,0,20.83,0.12,0.0,5.2,1
2024-06-17 04:00:00,4,0,6,169,0,20.12,0.12,0.0,2.5,1
2024-06-17 05:00:00,5,0,6,169,0,19.15,0.12,0.0,13.67,1
2024-06-17 06:00:00,6,0,6,169,0,20.34,0.12,0.0,11.03,1
2024-06-17 07:00:00,7,0,6,169,0,20.04,0.22,25.84,16.16,1
2024-06-17 08:00:00,8,0,6,169,0,23.04,0.22,81.52,32.62,3
2024-06-17 09:00:00,9,0,6,169,0,25.45,0.22,143.85,37.84,3
2024-06-17 10:00:00,10,0,6,169,0,21.98,0.22,164.92,39.03,3
2024-06-17 11:00:00,11,0,6,169,0,27.02,0.22,211.32,35.7,2
2024-06-17 12:00:00,12,0,6,169,0,29.32,0.22,247.27,21.1,2
2024-06-17 13:00:00,13,0,6,169,0,27.42,0.22,188.59,23.38,2
2024-06-17 14:00:00,14,0,6,169,0,30.15,0.22,201.44,33.69,3
2024-06-17 15:00:00,15,0,6,169,0,34.55,0.22,106.09,29.79,2
2024-06-17 16:00:00,16,0,6,169,0,28.54,0.38,88.37,38.26,3
2024-06-17 17:00:00,17,0,6,169,0,29.04,0.38,32.91,63.38,6
2024-06-17 18:00:00,18,0,6,169,0,25.98,0.38,0.0,57.09,4
2024-06-17 19:00:00,19,0,6,169,0,26.78,0.38,0.0,54.17,5
2024-06-17 20:00:00,20,0,6,169,0,26.13,0.38,0.0,49.68,3
2024-06-17 21:00:00,21,0,6,169,0,24.31,0.38,0.0,39.1,3
2024-06-17 22:00:00,22,0,6,169,0,20.59,0.22,0.0,26.13,2
2024-06-17 23:00:00,23,0,6,169,0,21.83,0.22,0.0,26.58,2
2024-06-18 00:00:00,0,1,6,170,0,23.39,0.12,0.0,3.5,1
2024-06-18 01:00:00,1,1,6,170,0,20.56,0.12,0.0,2.5,1
2024-06-18 02:00:00,2,1,6,170,0,21.09,0.12,0.0,7.19,1
2024-06-18 03:00:00,3,1,6,170,0,18.52,0.12,0.0,4.53,1
2024-06-18 04:00:00,4,1,6,170,0,20.67,0.12,0.0,13.24,1
2024-06-18 05:00:00,5,1,6,170,0,20.22,0.12,0.0,14.2,1
2024-06-18 06:00:00,6,1,6,170,0,18.56,0.12,0.0,15.98,1
2024-06-18 07:00:00,7,1,6,170,0,22.13,0.22,32.92,26.84,2
2024-06-18 08:00:00,8,1,6,170,0,20.72,0.22,80.99,33.48,2
2024-06-18 09:00:00,9,1,6,170,0,22.73,0.22,115.94,42.68,3
2024-06-18 10:00:00,10,1,6,170,0,25.67,0.22,197.04,31.82,2
2024-06-18 11:00:00,11,1,6,170,0,27.09,0.22,175.28,38.96,3
2024-06-18 12:00:00,12,1,6,170,0,25.15,0.22,187.11,26.86,2
2024-06-18 13:00:00,13,1,6,170,0,30.43,0.22,185.97,26.03,2
2024-06-18 14:00:00,14,1,6,170,0,29.97,0.22,201.47,25.37,2
2024-06-18 15:00:00,15,1,6,170,0,27.59,0.22,126.29,33.22,2
2024-06-18 16:00:00,16,1,6,170,0,25.75,0.38,51.88,36.47,3
2024-06-18 17:00:00,17,1,6,170,0,28.04,0.38,32.92,50.89,3
2024-06-18 18:00:00,18,1,6,170,0,26.64,0.38,0.0,54.92,4
2024-06-18 19:00:00,19,1,6,170,0,26.72,0.38,0.0,54.51,5
2024-06-18 20:00:00,20,1,6,170,0,24.56,0.38,0.0,39.51,3
2024-06-18 21:00:00,21,1,6,170,0,19.98,0.38,0.0,35.8,3
2024-06-18 22:00:00,22,1,6,170,0,21.93,0.22,0.0,28.04,2
2024-06-18 23:00:00,23,1,6,170,0,20.89,0.22,0.0,19.14,2
2024-06-19 00:00:00,0,2,6,171,0,21.8,0.12,0.0,8.0,1
2024-06-19 01:00:00,1,2,6,171,0,18.34,0.12,0.0,2.5,1
2024-06-19 02:00:00,2,2,6,171,0,22.6,0.12,0.0,5.74,1
2024-06-19 03:00:00,3,2,6,171,0,15.25,0.12,0.0,5.13,1
2024-06-19 04:00:00,4,2,6,171,0,21.86,0.12,0.0,3.8,1
2024-06-19 05:00:00,5,2,6,171,0,19.29,0.12,0.0,14.28,1
2024-06-19 06:00:00,6,2,6,171,0,22.25,0.12,0.0,15.89,1
2024-06-19 07:00:00,7,2,6,171,0,21.73,0.22,30.65,29.77,2
2024-06-19 08:00:00,8,2,6,171,0,25.06,0.22,70.51,29.54,2
2024-06-19 09:00:00,9,2,6,171,0,23.3,0.22,112.87,39.37,3
2024-06-19 10:00:00,10,2,6,171,0,23.17,0.22,178.21,31.56,2
2024-06-19 11:00:00,11,2,6,171,0,29.41,0.22,237.33,39.66,3
2024-06-19 12:00:00,12,2,6,171,0,27.38,0.22,250.0,30.94,2
2024-06-19 13:00:00,13,2,6,171,0,28.84,0.22,231.51,33.56,2
2024-06-19 14:00:00,14,2,6,171,0,31.37,0.22,178.01,33.37,2
2024-06-19 15:00:00,15,2,6,171,0,27.01,0.22,135.62,32.88,2
2024-06-19 16:00:00,16,2,6,171,0,30.09,0.38,77.9,35.58,3
2024-06-19 17:00:00,17,2,6,171,0,27.22,0.38,24.92,51.14,5
2024-06-19 18:00:00,18,2,6,171,0,27.34,0.38,0.0,53.7,4
2024-06-19 19:00:00,19,2,6,171,0,26.71,0.38,0.0,58.22,4
2024-06-19 20:00:00,20,2,6,171,0,22.36,0.38,0.0,45.26,4
2024-06-19 21:00:00,21,2,6,171,0,22.51,0.38,0.0,39.01,3
2024-06-19 22:00:00,22,2,6,171,0,25.48,0.22,0.0,21.82,1
2024-06-19 23:00:00,23,2,6,171,0,23.34,0.22,0.0,19.62,1
2024-06-20 00:00:00,0,3,6,172,0,20.48,0.12,0.0,2.5,1
2024-06-20 01:00:00,1,3,6,172,0,20.3,0.12,0.0,4.04,1
2024-06-20 02:00:00,2,3,6,172,0,18.72,0.12,0.0,2.5,1
2024-06-20 03:00:00,3,3,6,172,0,21.85,0.12,0.0,4.49,1
2024-06-20 04:00:00,4,3,6,172,0,18.91,0.12,0.0,2.5,1
2024-06-20 05:00:00,5,3,6,172,0,20.27,0.12,0.0,6.13,1
2024-06-20 06:00:00,6,3,6,172,0,22.9,0.12,0.0,16.95,1
2024-06-20 07:00:00,7,3,6,172,0,20.09,0.22,29.77,21.97,2
2024-06-20 08:00:00,8,3,6,172,0,25.96,0.22,84.96,32.74,3
2024-06-20 09:00:00,9,3,6,172,0,21.08,0.22,127.2,38.15,2
2024-06-20 10:00:00,10,3,6,172,0,28.69,0.22,150.04,34.42,3
2024-06-20 11:00:00,11,3,6,172,0,25.9,0.22,237.33,26.57,2
2024-06-20 12:00:00,12,3,6,172,0,27.19,0.22,249.99,28.94,3
2024-06-20 13:00:00,13,3,6,172,0,24.69,0.22,201.98,30.35,3
2024-06-20 14:00:00,14,3,6,172,0,28.06,0.22,183.92,25.57,2
2024-06-20 15:00:00,15,3,6,172,0,27.06,0.22,148.65,38.39,2
2024-06-20 16:00:00,16,3,6,172,0,27.76,0.38,86.76,48.42,4
2024-06-20 17:00:00,17,3,6,172,0,28.2,0.38,23.19,47.28,3
2024-06-20 18:00:00,18,3,6,172,0,29.59,0.38,0.0,53.0,4
2024-06-20 19:00:00,19,3,6,172,0,27.06,0.38,0.0,52.77,5
2024-06-20 20:00:00,20,3,6,172,0,26.05,0.38,0.0,49.21,4
2024-06-20 21:00:00,21,3,6,172,0,21.95,0.38,0.0,52.54,4
2024-06-20 22:00:00,22,3,6,172,0,21.09,0.22,0.0,19.87,1
2024-06-20 23:00:00,23,3,6,172,0,25.24,0.22,0.0,30.56,2
2024-06-21 00:00:00,0,4,6,173,0,19.2,0.12,0.0,2.73,1
2024-06-21 01:00:00,1,4,6,173,0,23.19,0.12,0.0,4.03,1
2024-06-21 02:00:00,2,4,6,173,0,18.89,0.12,0.0,8.75,1
2024-06-21 03:00:00,3,4,6,173,0,19.21,0.12,0.0,21.78,2
2024-06-21 04:00:00,4,4,6,173,0,21.52,0.12,0.0,2.5,1
2024-06-21 05:00:00,5,4,6,173,0,22.42,0.12,0.0,5.26,1
2024-06-21 06:00:00,6,4,6,173,0,20.45,0.12,0.0,26.87,2
2024-06-21 07:00:00,7,4,6,173,0,20.93,0.22,30.13,16.96,1
2024-06-21 08:00:00,8,4,6,173,0,22.8,0.22,79.47,30.79,3
2024-06-21 09:00:00,9,4,6,173,0,24.89,0.22,124.21,41.36,3
2024-06-21 10:00:00,10,4,6,173,0,27.29,0.22,201.46,35.06,3
2024-06-21 11:00:00,11,4,6,173,0,26.72,0.22,219.04,31.04,2
2024-06-21 12:00:00,12,4,6,173,0,28.98,0.22,207.72,26.86,2
2024-06-21 13:00:00,13,4,6,173,0,31.82,0.22,186.22,23.17,2
2024-06-21 14:00:00,14,4,6,173,0,29.8,0.22,175.51,31.32,2
2024-06-21 15:00:00,15,4,6,173,0,29.83,0.22,113.36,40.57,3
2024-06-21 16:00:00,16,4,6,173,0,26.0,0.38,88.38,45.47,3
2024-06-21 17:00:00,17,4,6,173,0,23.28,0.38,21.82,44.14,3
2024-06-21 18:00:00,18,4,6,173,0,28.52,0.38,0.0,63.21,5
2024-06-21 19:00:00,19,4,6,173,0,26.52,0.38,0.0,71.36,6
2024-06-21 20:00:00,20,4,6,173,0,24.47,0.38,0.0,49.14,4
2024-06-21 21:00:00,21,4,6,173,0,24.7,0.38,0.0,34.22,2
2024-06-21 22:00:00,22,4,6,173,0,22.79,0.22,0.0,25.84,2
2024-06-21 23:00:00,23,4,6,173,0,23.97,0.22,0.0,10.04,1
2024-06-22 00:00:00,0,5,6,174,1,20.91,0.1,0.0,10.49,1
2024-06-22 01:00:00,1,5,6,174,1,18.45,0.1,0.0,5.09,1
2024-06-22 02:00:00,2,5,6,174,1,21.43,0.1,0.0,24.55,2
2024-06-22 03:00:00,3,5,6,174,1,18.84,0.1,0.0,14.63,1
2024-06-22 04:00:00,4,5,6,174,1,20.5,0.1,0.0,11.84,1
2024-06-22 05:00:00,5,5,6,174,1,18.99,0.1,0.0,10.88,1
2024-06-22 06:00:00,6,5,6,174,1,19.44,0.1,0.0,3.58,1
2024-06-22 07:00:00,7,5,6,174,1,21.94,0.1,32.91,21.34,1
2024-06-22 08:00:00,8,5,6,174,1,23.01,0.1,88.36,9.85,1
2024-06-22 09:00:00,9,5,6,174,1,25.24,0.1,148.61,23.23,1
2024-06-22 10:00:00,10,5,6,174,1,25.03,0.15,181.91,32.42,3
2024-06-22 11:00:00,11,5,6,174,1,23.1,0.15,231.4,42.6,4
2024-06-22 12:00:00,12,5,6,174,1,26.95,0.15,226.34,63.19,5
2024-06-22 13:00:00,13,5,6,174,1,30.19,0.15,174.36,63.18,5
2024-06-22 14:00:00,14,5,6,174,1,28.51,0.15,184.57,48.51,3
2024-06-22 15:00:00,15,5,6,174,1,28.78,0.15,135.35,49.77,4
2024-06-22 16:00:00,16,5,6,174,1,31.08,0.15,83.95,61.37,4
2024-06-22 17:00:00,17,5,6,174,1,27.18,0.15,28.45,46.77,3
2024-06-22 18:00:00,18,5,6,174,1,24.73,0.15,0.0,39.15,3
2024-06-22 19:00:00,19,5,6,174,1,26.45,0.1,0.0,42.36,3
2024-06-22 20:00:00,20,5,6,174,1,24.6,0.1,0.0,36.18,3
2024-06-22 21:00:00,21,5,6,174,1,22.34,0.1,0.0,20.46,2
2024-06-22 22:00:00,22,5,6,174,1,22.63,0.1,0.0,21.35,2
2024-06-22 23:00:00,23,5,6,174,1,22.76,0.1,0.0,5.97,1
2024-06-23 00:00:00,0,6,6,175,1,20.78,0.1,0.0,17.57,1
2024-06-23 01:00:00,1,6,6,175,1,20.62,0.1,0.0,12.67,1
2024-06-23 02:00:00,2,6,6,175,1,23.14,0.1,0.0,13.57,1
2024-06-23 03:00:00,3,6,6,175,1,18.65,0.1,0.0,7.76,1
2024-06-23 04:00:00,4,6,6,175,1,20.07,0.1,0.0,16.64,1
2024-06-23 05:00:00,5,6,6,175,1,18.99,0.1,0.0,11.1,1
2024-06-23 06:00:00,6,6,6,175,1,19.11,0.1,0.0,19.24,1
2024-06-23 07:00:00,7,6,6,175,1,20.67,0.1,27.63,14.44,1
2024-06-23 08:00:00,8,6,6,175,1,22.09,0.1,63.97,27.82,2
2024-06-23 09:00:00,9,6,6,175,1,25.06,0.1,148.57,22.73,2
2024-06-23 10:00:00,10,6,6,175,1,30.33,0.15,201.38,29.41,2
2024-06-23 11:00:00,11,6,6,175,1,25.41,0.15,221.6,43.5,4
2024-06-23 12:00:00,12,6,6,175,1,27.04,0.15,213.19,46.98,4
2024-06-23 13:00:00,13,6,6,175,1,28.54,0.15,203.13,54.44,3
2024-06-23 14:00:00,14,6,6,175,1,29.96,0.15,195.53,48.49,4
2024-06-23 15:00:00,15,6,6,175,1,29.87,0.15,148.57,57.08,4
2024-06-23 16:00:00,16,6,6,175,1,31.74,0.15,71.69,59.29,4
2024-06-23 17:00:00,17,6,6,175,1,23.82,0.15,24.54,44.72,3
2024-06-23 18:00:00,18,6,6,175,1,23.1,0.15,0.0,46.69,4
2024-06-23 19:00:00,19,6,6,175,1,25.85,0.1,0.0,46.15,3
2024-06-23 20:00:00,20,6,6,175,1,27.83,0.1,0.0,40.49,3
2024-06-23 21:00:00,21,6,6,175,1,21.21,0.1,0.0,23.45,2
2024-06-23 22:00:00,22,6,6,175,1,17.03,0.1,0.0,12.31,1
2024-06-23 23:00:00,23,6,6,175,1,22.98,0.1,0.0,13.59,1
2024-06-24 00:00:00,0,0,6,176,0,21.35,0.12,0.0,9.76,1
2024-06-24 01:00:00,1,0,6,176,0,17.89,0.12,0.0,2.5,1
2024-06-24 02:00:00,2,0,6,176,0,17.6,0.12,0.0,12.57,1
2024-06-24 03:00:00,3,0,6,176,0,17.46,0.12,0.0,8.14,1
2024-06-24 04:00:00,4,0,6,176,0,19.79,0.12,0.0,3.41,1
2024-06-24 05:00:00,5,0,6,176,0,18.82,0.12,0.0,19.87,1
2024-06-24 06:00:00,6,0,6,176,0,21.85,0.12,0.0,12.85,1
2024-06-24 07:00:00,7,0,6,176,0,16.19,0.22,31.79,17.28,1
2024-06-24 08:00:00,8,0,6,176,0,21.39,0.22,80.43,41.17,3
2024-06-24 09:00:00,9,0,6,176,0,22.15,0.22,148.53,37.92,2
2024-06-24 10:00:00,10,0,6,176,0,25.18,0.22,184.45,37.23,2
2024-06-24 11:00:00,11,0,6,176,0,25.82,0.22,194.29,28.77,3
2024-06-24 12:00:00,12,0,6,176,0,29.53,0.22,222.22,30.53,2
2024-06-24 13:00:00,13,0,6,176,0,25.01,0.22,237.13,24.95,2
2024-06-24 14:00:00,14,0,6,176,0,29.32,0.22,129.03,21.28,1
2024-06-24 15:00:00,15,0,6,176,0,30.52,0.22,125.57,28.06,2
2024-06-24 16:00:00,16,0,6,176,0,32.94,0.38,88.31,33.66,3
2024-06-24 17:00:00,17,0,6,176,0,27.77,0.38,26.92,46.4,4
2024-06-24 18:00:00,18,0,6,176,0,28.58,0.38,0.0,62.18,5
2024-06-24 19:00:00,19,0,6,176,0,23.29,0.38,0.0,54.35,4
2024-06-24 20:00:00,20,0,6,176,0,20.91,0.38,0.0,57.13,5
2024-06-24 21:00:00,21,0,6,176,0,26.09,0.38,0.0,34.36,3
2024-06-24 22:00:00,22,0,6,176,0,23.09,0.22,0.0,20.3,2
2024-06-24 23:00:00,23,0,6,176,0,24.26,0.22,0.0,9.27,1
2024-06-25 00:00:00,0,1,6,177,0,18.17,0.12,0.0,12.18,1
2024-06-25 01:00:00,1,1,6,177,0,21.17,0.12,0.0,8.67,1
2024-06-25 02:00:00,2,1,6,177,0,23.36,0.12,0.0,2.5,1
2024-06-25 03:00:00,3,1,6,177,0,20.3,0.12,0.0,2.5,1
2024-06-25 04:00:00,4,1,6,177,0,20.18,0.12,0.0,2.5,1
2024-06-25 05:00:00,5,1,6,177,0,20.14,0.12,0.0,12.58,1
2024-06-25 06:00:00,6,1,6,177,0,17.78,0.12,0.0,21.27,2
2024-06-25 07:00:00,7,1,6,177,0,24.67,0.22,32.88,18.13,1
2024-06-25 08:00:00,8,1,6,177,0,21.94,0.22,58.62,31.04,2
2024-06-25 09:00:00,9,1,6,177,0,25.46,0.22,145.38,54.07,5
2024-06-25 10:00:00,10,1,6,177,0,22.62,0.22,201.24,42.84,3
2024-06-25 11:00:00,11,1,6,177,0,24.6,0.22,192.65,26.39,2
2024-06-25 12:00:00,12,1,6,177,0,30.86,0.22,249.69,22.04,2
2024-06-25 13:00:00,13,1,6,177,0,28.09,0.22,188.96,32.86,2
2024-06-25 14:00:00,14,1,6,177,0,32.19,0.22,187.74,24.08,2
2024-06-25 15:00:00,15,1,6,177,0,29.3,0.22,125.19,30.7,2
2024-06-25 16:00:00,16,1,6,177,0,25.6,0.38,74.43,35.64,3
2024-06-25 17:00:00,17,1,6,177,0,30.57,0.38,26.5,46.71,4
2024-06-25 18:00:00,18,1,6,177,0,26.81,0.38,0.0,60.19,5
2024-06-25 19:00:00,19,1,6,177,0,28.35,0.38,0.0,56.62,4
2024-06-25 20:00:00,20,1,6,177,0,25.8,0.38,0.0,51.59,3
2024-06-25 21:00:00,21,1,6,177,0,21.37,0.38,0.0,31.42,3
2024-06-25 22:00:00,22,1,6,177,0,23.49,0.22,0.0,18.29,1
2024-06-25 23:00:00,23,1,6,177,0,26.35,0.22,0.0,12.77,1
2024-06-26 00:00:00,0,2,6,178,0,21.96,0.12,0.0,4.12,1
2024-06-26 01:00:00,1,2,6,178,0,20.07,0.12,0.0,7.6,1
2024-06-26 02:00:00,2,2,6,178,0,21.83,0.12,0.0,3.83,1
2024-06-26 03:00:00,3,2,6,178,0,19.93,0.12,0.0,2.5,1
2024-06-26 04:00:00,4,2,6,178,0,20.1,0.12,0.0,2.5,1
2024-06-26 05:00:00,5,2,6,178,0,18.0,0.12,0.0,26.67,2
2024-06-26 06:00:00,6,2,6,178,0,21.44,0.12,0.0,19.92,2
2024-06-26 07:00:00,7,2,6,178,0,24.08,0.22,25.05,25.27,2
2024-06-26 08:00:00,8,2,6,178,0,21.54,0.22,87.72,35.8,3
2024-06-26 09:00:00,9,2,6,178,0,27.36,0.22,138.83,39.03,3
2024-06-26 10:00:00,10,2,6,178,0,25.62,0.22,186.11,37.79,3
2024-06-26 11:00:00,11,2,6,178,0,25.24,0.22,230.72,26.93,2
2024-06-26 12:00:00,12,2,6,178,0,30.04,0.22,206.89,24.93,2
2024-06-26 13:00:00,13,2,6,178,0,28.27,0.22,197.72,27.31,2
2024-06-26 14:00:00,14,2,6,178,0,30.86,0.22,196.55,24.81,2
2024-06-26 15:00:00,15,2,6,178,0,28.93,0.22,106.64,25.71,2
2024-06-26 16:00:00,16,2,6,178,0,29.22,0.38,54.96,40.11,3
2024-06-26 17:00:00,17,2,6,178,0,29.83,0.38,27.21,49.55,3
2024-06-26 18:00:00,18,2,6,178,0,28.63,0.38,0.0,61.03,4
2024-06-26 19:00:00,19,2,6,178,0,23.02,0.38,0.0,54.53,4
2024-06-26 20:00:00,20,2,6,178,0,23.56,0.38,0.0,51.69,4
2024-06-26 21:00:00,21,2,6,178,0,26.37,0.38,0.0,28.32,2
2024-06-26 22:00:00,22,2,6,178,0,22.95,0.22,0.0,21.34,1
2024-06-26 23:00:00,23,2,6,178,0,20.96,0.22,0.0,13.61,1
2024-06-27 00:00:00,0,3,6,179,0,18.31,0.12,0.0,5.35,1
2024-06-27 01:00:00,1,3,6,179,0,18.07,0.12,0.0,10.59,1
2024-06-27 02:00:00,2,3,6,179,0,15.69,0.12,0.0,6.71,1
2024-06-27 03:00:00,3,3,6,179,0,19.36,0.12,0.0,2.5,1
2024-06-27 04:00:00,4,3,6,179,0,18.54,0.12,0.0,9.1,1
2024-06-27 05:00:00,5,3,6,179,0,18.3,0.12,0.0,5.45,1
2024-06-27 06:00:00,6,3,6,179,0,20.89,0.12,0.0,12.91,1
2024-06-27 07:00:00,7,3,6,179,0,22.79,0.22,22.53,27.27,2
2024-06-27 08:00:00,8,3,6,179,0,27.45,0.22,72.03,32.03,3
2024-06-27 09:00:00,9,3,6,179,0,21.54,0.22,135.46,44.58,3
2024-06-27 10:00:00,10,3,6,179,0,28.18,0.22,201.03,32.76,3
2024-06-27 11:00:00,11,3,6,179,0,29.01,0.22,236.8,27.08,2
2024-06-27 12:00:00,12,3,6,179,0,26.54,0.22,249.44,20.78,2
2024-06-27 13:00:00,13,3,6,179,0,29.3,0.22,180.96,20.42,1
2024-06-27 14:00:00,14,3,6,179,0,28.48,0.22,201.03,22.81,2
2024-06-27 15:00:00,15,3,6,179,0,29.93,0.22,137.49,28.4,2
2024-06-27 16:00:00,16,3,6,179,0,32.41,0.38,70.68,37.1,3
2024-06-27 17:00:00,17,3,6,179,0,30.1,0.38,28.07,41.98,3
2024-06-27 18:00:00,18,3,6,179,0,29.12,0.38,0.0,49.14,4
2024-06-27 19:00:00,19,3,6,179,0,26.2,0.38,0.0,57.2,4
2024-06-27 20:00:00,20,3,6,179,0,22.89,0.38,0.0,42.02,3
2024-06-27 21:00:00,21,3,6,179,0,24.15,0.38,0.0,32.0,3
2024-06-27 22:00:00,22,3,6,179,0,25.68,0.22,0.0,25.73,2
2024-06-27 23:00:00,23,3,6,179,0,19.01,0.22,0.0,26.48,2
2024-06-28 00:00:00,0,4,6,180,0,18.97,0.12,0.0,5.16,1
2024-06-28 01:00:00,1,4,6,180,0,20.53,0.12,0.0,12.13,1
2024-06-28 02:00:00,2,4,6,180,0,17.81,0.12,0.0,6.59,1
2024-06-28 03:00:00,3,4,6,180,0,18.03,0.12,0.0,19.77,1
2024-06-28 04:00:00,4,4,6,180,0,18.93,0.12,0.0,12.03,1
2024-06-28 05:00:00,5,4,6,180,0,17.55,0.12,0.0,8.6,1
2024-06-28 06:00:00,6,4,6,180,0,19.13,0.12,0.0,18.02,1
2024-06-28 07:00:00,7,4,6,180,0,23.52,0.22,18.96,22.56,2
2024-06-28 08:00:00,8,4,6,180,0,20.7,0.22,77.74,34.02,2
2024-06-28 09:00:00,9,4,6,180,0,21.42,0.22,97.94,55.13,4
2024-06-28 10:00:00,10,4,6,180,0,24.65,0.22,147.37,33.84,2
2024-06-28 11:00:00,11,4,6,180,0,28.58,0.22,170.34,30.51,3
2024-06-28 12:00:00,12,4,6,180,0,27.75,0.22,188.19,26.72,2
2024-06-28 13:00:00,13,4,6,180,0,28.01,0.22,192.67,21.03,2
2024-06-28 14:00:00,14,4,6,180,0,29.53,0.22,165.07,27.87,2
2024-06-28 15:00:00,15,4,6,180,0,26.12,0.22,142.26,31.05,3
2024-06-28 16:00:00,16,4,6,180,0,30.43,0.38,79.91,40.74,4
2024-06-28 17:00:00,17,4,6,180,0,29.71,0.38,21.4,43.58,4
2024-06-28 18:00:00,18,4,6,180,0,27.33,0.38,0.0,52.23,4
2024-06-28 19:00:00,19,4,6,180,0,29.12,0.38,0.0,51.43,4
2024-06-28 20:00:00,20,4,6,180,0,23.65,0.38,0.0,41.24,3
2024-06-28 21:00:00,21,4,6,180,0,26.87,0.38,0.0,42.13,3
2024-06-28 22:00:00,22,4,6,180,0,23.63,0.22,0.0,23.0,2
2024-06-28 23:00:00,23,4,6,180,0,21.44,0.22,0.0,20.62,1
2024-06-29 00:00:00,0,5,6,181,1,21.08,0.1,0.0,5.14,1
2024-06-29 01:00:00,1,5,6,181,1,20.11,0.1,0.0,7.74,1
2024-06-29 02:00:00,2,5,6,181,1,22.27,0.1,0.0,19.69,2
2024-06-29 03:00:00,3,5,6,181,1,17.5,0.1,0.0,13.21,1
2024-06-29 04:00:00,4,5,6,181,1,18.3,0.1,0.0,13.63,1
2024-06-29 05:00:00,5,5,6,181,1,22.4,0.1,0.0,7.44,1
2024-06-29 06:00:00,6,5,6,181,1,19.93,0.1,0.0,5.58,1
2024-06-29 07:00:00,7,5,6,181,1,23.96,0.1,32.8,9.47,1
2024-06-29 08:00:00,8,5,6,181,1,26.76,0.1,76.14,17.16,2
2024-06-29 09:00:00,9,5,6,181,1,23.85,0.1,113.12,35.15,3
2024-06-29 10:00:00,10,5,6,181,1,27.31,0.15,170.17,35.01,2
2024-06-29 11:00:00,11,5,6,181,1,24.85,0.15,236.5,47.8,4
2024-06-29 12:00:00,12,5,6,181,1,29.7,0.15,172.31,51.11,5
2024-06-29 13:00:00,13,5,6,181,1,29.39,0.15,194.76,51.37,4
2024-06-29 14:00:00,14,5,6,181,1,30.43,0.15,142.65,52.76,4
2024-06-29 15:00:00,15,5,6,181,1,28.37,0.15,132.57,54.89,4
2024-06-29 16:00:00,16,5,6,181,1,26.16,0.15,64.8,62.81,6
2024-06-29 17:00:00,17,5,6,181,1,29.99,0.15,28.44,45.78,4
2024-06-29 18:00:00,18,5,6,181,1,24.07,0.15,0.0,44.06,3
2024-06-29 19:00:00,19,5,6,181,1,26.52,0.1,0.0,36.22,2
2024-06-29 20:00:00,20,5,6,181,1,27.83,0.1,0.0,36.98,3
2024-06-29 21:00:00,21,5,6,181,1,25.04,0.1,0.0,23.79,2
2024-06-29 22:00:00,22,5,6,181,1,27.26,0.1,0.0,18.56,1
2024-06-29 23:00:00,23,5,6,181,1,24.21,0.1,0.0,9.81,1
2024-06-30 00:00:00,0,6,6,182,1,19.86,0.1,0.0,13.19,1
2024-06-30 01:00:00,1,6,6,182,1,20.43,0.1,0.0,11.68,1
2024-06-30 02:00:00,2,6,6,182,1,19.78,0.1,0.0,3.11,1
2024-06-30 03:00:00,3,6,6,182,1,16.54,0.1,0.0,2.68,1
2024-06-30 04:00:00,4,6,6,182,1,17.99,0.1,0.0,7.22,1
2024-06-30 05:00:00,5,6,6,182,1,19.25,0.1,0.0,5.87,1
2024-06-30 06:00:00,6,6,6,182,1,17.09,0.1,0.0,12.3,1
2024-06-30 07:00:00,7,6,6,182,1,22.3,0.1,23.25,17.13,1
2024-06-30 08:00:00,8,6,6,182,1,22.91,0.1,56.64,33.23,3
2024-06-30 09:00:00,9,6,6,182,1,21.35,0.1,134.27,24.58,2
2024-06-30 10:00:00,10,6,6,182,1,26.8,0.15,188.5,27.44,2
2024-06-30 11:00:00,11,6,6,182,1,28.63,0.15,187.48,39.36,3
2024-06-30 12:00:00,12,6,6,182,1,28.69,0.15,201.78,43.71,4
2024-06-30 13:00:00,13,6,6,182,1,28.38,0.15,186.4,50.68,3
2024-06-30 14:00:00,14,6,6,182,1,30.71,0.15,155.68,56.41,5
2024-06-30 15:00:00,15,6,6,182,1,31.06,0.15,142.57,53.31,3
2024-06-30 16:00:00,16,6,6,182,1,30.15,0.15,64.98,53.04,4
2024-06-30 17:00:00,17,6,6,182,1,27.38,0.15,27.8,44.82,4
2024-06-30 18:00:00,18,6,6,182,1,28.79,0.15,0.0,38.04,3
2024-06-30 19:00:00,19,6,6,182,1,29.59,0.1,0.0,52.26,4
2024-06-30 20:00:00,20,6,6,182,1,24.8,0.1,0.0,31.94,3
2024-06-30 21:00:00,21,6,6,182,1,28.9,0.1,0.0,17.76,1
2024-06-30 22:00:00,22,6,6,182,1,22.36,0.1,0.0,18.06,1
2024-06-30 23:00:00,23,6,6,182,1,22.27,0.1,0.0,13.78,1
2024-07-01 00:00:00,0,0,7,183,0,19.86,0.12,0.0,2.5,1
2024-07-01 01:00:00,1,0,7,183,0,20.86,0.12,0.0,4.42,1
2024-07-01 02:00:00,2,0,7,183,0,16.43,0.12,0.0,6.95,1
2024-07-01 03:00:00,3,0,7,183,0,18.65,0.12,0.0,10.84,1
2024-07-01 04:00:00,4,0,7,183,0,17.73,0.12,0.0,12.7,1
2024-07-01 05:00:00,5,0,7,183,0,20.68,0.12,0.0,11.07,1
2024-07-01 06:00:00,6,0,7,183,0,23.19,0.12,0.0,19.84,1
2024-07-01 07:00:00,7,0,7,183,0,23.53,0.22,32.16,29.23,2
2024-07-01 08:00:00,8,0,7,183,0,18.7,0.22,68.24,36.73,3
2024-07-01 09:00:00,9,0,7,183,0,28.83,0.22,132.88,49.98,3
2024-07-01 10:00:00,10,0,7,183,0,26.63,0.22,163.84,46.37,3
2024-07-01 11:00:00,11,0,7,183,0,25.69,0.22,236.12,23.01,2
2024-07-01 12:00:00,12,0,7,183,0,28.59,0.22,198.69,18.77,2
2024-07-01 13:00:00,13,0,7,183,0,29.42,0.22,197.82,24.51,2
2024-07-01 14:00:00,14,0,7,183,0,28.24,0.22,199.15,25.12,2
2024-07-01 15:00:00,15,0,7,183,0,30.14,0.22,111.9,28.5,2
2024-07-01 16:00:00,16,0,7,183,0,28.36,0.38,78.11,38.68,3
2024-07-01 17:00:00,17,0,7,183,0,28.26,0.38,21.66,55.88,4
2024-07-01 18:00:00,18,0,7,183,0,26.9,0.38,0.0,53.1,4
2024-07-01 19:00:00,19,0,7,183,0,24.38,0.38,0.0,53.71,5
2024-07-01 20:00:00,20,0,7,183,0,26.33,0.38,0.0,48.35,3
2024-07-01 21:00:00,21,0,7,183,0,25.91,0.38,0.0,36.94,3
2024-07-01 22:00:00,22,0,7,183,0,24.48,0.22,0.0,27.64,2
2024-07-01 23:00:00,23,0,7,183,0,23.88,0.22,0.0,8.79,1
2024-07-02 00:00:00,0,1,7,184,0,21.89,0.12,0.0,16.21,1
2024-07-02 01:00:00,1,1,7,184,0,19.38,0.12,0.0,8.46,1
2024-07-02 02:00:00,2,1,7,184,0,21.63,0.12,0.0,24.17,2
2024-07-02 03:00:00,3,1,7,184,0,17.06,0.12,0.0,8.52,1
2024-07-02 04:00:00,4,1,7,184,0,18.15,0.12,0.0,3.18,1
2024-07-02 05:00:00,5,1,7,184,0,18.52,0.12,0.0,8.63,1
2024-07-02 06:00:00,6,1,7,184,0,23.4,0.12,0.0,11.91,1
2024-07-02 07:00:00,7,1,7,184,0,24.16,0.22,26.74,29.45,3
2024-07-02 08:00:00,8,1,7,184,0,24.46,0.22,87.86,38.32,3
2024-07-02 09:00:00,9,1,7,184,0,26.92,0.22,134.71,44.67,4
2024-07-02 10:00:00,10,1,7,184,0,24.31,0.22,166.76,33.11,2
2024-07-02 11:00:00,11,1,7,184,0,27.98,0.22,215.48,41.84,3
2024-07-02 12:00:00,12,1,7,184,0,28.06,0.22,248.5,28.68,2
2024-07-02 13:00:00,13,1,7,184,0,30.8,0.22,220.48,15.79,1
2024-07-02 14:00:00,14,1,7,184,0,29.38,0.22,200.27,25.87,2
2024-07-02 15:00:00,15,1,7,184,0,29.01,0.22,147.76,35.99,3
2024-07-02 16:00:00,16,1,7,184,0,30.69,0.38,82.83,38.15,3
2024-07-02 17:00:00,17,1,7,184,0,30.86,0.38,24.77,57.11,4
2024-07-02 18:00:00,18,1,7,184,0,26.98,0.38,0.0,52.71,4
2024-07-02 19:00:00,19,1,7,184,0,27.16,0.38,0.0,56.95,5
2024-07-02 20:00:00,20,1,7,184,0,23.96,0.38,0.0,43.78,3
2024-07-02 21:00:00,21,1,7,184,0,19.78,0.38,0.0,32.16,3
2024-07-02 22:00:00,22,1,7,184,0,23.89,0.22,0.0,18.23,1
2024-07-02 23:00:00,23,1,7,184,0,23.5,0.22,0.0,15.34,1
2024-07-03 00:00:00,0,2,7,185,0,21.8,0.12,0.0,3.48,1
2024-07-03 01:00:00,1,2,7,185,0,16.58,0.12,0.0,8.02,1
2024-07-03 02:00:00,2,2,7,185,0,19.28,0.12,0.0,9.88,1
2024-07-03 03:00:00,3,2,7,185,0,15.38,0.12,0.0,2.5,1
2024-07-03 04:00:00,4,2,7,185,0,22.72,0.12,0.0,3.02,1
2024-07-03 05:00:00,5,2,7,185,0,18.31,0.12,0.0,8.14,1
2024-07-03 06:00:00,6,2,7,185,0,23.79,0.12,0.0,23.17,2
2024-07-03 07:00:00,7,2,7,185,0,24.2,0.22,30.19,21.4,2
2024-07-03 08:00:00,8,2,7,185,0,21.72,0.22,80.88,27.22,2
2024-07-03 09:00:00,9,2,7,185,0,22.55,0.22,139.72,48.53,4
2024-07-03 10:00:00,10,2,7,185,0,26.81,0.22,195.49,40.74,3
2024-07-03 11:00:00,11,2,7,185,0,25.62,0.22,198.1,33.43,2
2024-07-03 12:00:00,12,2,7,185,0,28.55,0.22,248.26,31.44,2
2024-07-03 13:00:00,13,2,7,185,0,28.18,0.22,176.73,24.31,2
2024-07-03 14:00:00,14,2,7,185,0,26.08,0.22,175.94,34.85,2
2024-07-03 15:00:00,15,2,7,185,0,25.35,0.22,144.71,36.2,3
2024-07-03 16:00:00,16,2,7,185,0,30.1,0.38,87.72,40.48,3
2024-07-03 17:00:00,17,2,7,185,0,28.02,0.38,30.57,44.29,3
2024-07-03 18:00:00,18,2,7,185,0,27.24,0.38,0.0,50.7,4
2024-07-03 19:00:00,19,2,7,185,0,28.7,0.38,0.0,62.81,5
2024-07-03 20:00:00,20,2,7,185,0,28.45,0.38,0.0,42.02,4
2024-07-03 21:00:00,21,2,7,185,0,24.27,0.38,0.0,45.71,4
2024-07-03 22:00:00,22,2,7,185,0,22.84,0.22,0.0,31.28,3
2024-07-03 23:00:00,23,2,7,185,0,23.31,0.22,0.0,13.67,1
2024-07-04 00:00:00,0,3,7,186,0,18.6,0.12,0.0,3.06,1
2024-07-04 01:00:00,1,3,7,186,0,20.96,0.12,0.0,3.44,1
2024-07-04 02:00:00,2,3,7,186,0,21.12,0.12,0.0,2.5,1
2024-07-04 03:00:00,3,3,7,186,0,21.21,0.12,0.0,9.62,1
2024-07-04 04:00:00,4,3,7,186,0,16.14,0.12,0.0,9.6,1
2024-07-04 05:00:00,5,3,7,186,0,18.99,0.12,0.0,8.16,1
2024-07-04 06:00:00,6,3,7,186,0,19.55,0.12,0.0,10.13,1
2024-07-04 07:00:00,7,3,7,186,0,22.54,0.22,26.81,34.68,2
2024-07-04 08:00:00,8,3,7,186,0,24.51,0.22,87.68,30.97,2
2024-07-04 09:00:00,9,3,7,186,0,27.84,0.22,109.66,40.16,3
2024-07-04 10:00:00,10,3,7,186,0,25.15,0.22,189.96,36.19,2
2024-07-04 11:00:00,11,3,7,186,0,26.35,0.22,218.28,27.03,2
2024-07-04 12:00:00,12,3,7,186,0,30.68,0.22,217.52,18.98,1
2024-07-04 13:00:00,13,3,7,186,0,29.77,0.22,221.85,17.79,1
2024-07-04 14:00:00,14,3,7,186,0,32.21,0.22,148.06,23.34,2
2024-07-04 15:00:00,15,3,7,186,0,30.42,0.22,147.46,32.73,2
2024-07-04 16:00:00,16,3,7,186,0,27.36,0.38,87.68,45.4,3
2024-07-04 17:00:00,17,3,7,186,0,26.51,0.38,28.92,45.96,4
2024-07-04 18:00:00,18,3,7,186,0,25.28,0.38,0.0,52.55,4
2024-07-04 19:00:00,19,3,7,186,0,28.67,0.38,0.0,50.0,3
2024-07-04 20:00:00,20,3,7,186,0,28.52,0.38,0.0,44.17,3
2024-07-04 21:00:00,21,3,7,186,0,28.54,0.38,0.0,34.02,3
2024-07-04 22:00:00,22,3,7,186,0,25.24,0.22,0.0,23.78,2
2024-07-04 23:00:00,23,3,7,186,0,24.67,0.22,0.0,12.87,1
2024-07-05 00:00:00,0,4,7,187,0,20.18,0.12,0.0,6.97,1
2024-07-05 01:00:00,1,4,7,187,0,18.23,0.12,0.0,9.23,1
2024-07-05 02:00:00,2,4,7,187,0,21.74,0.12,0.0,8.48,1
2024-07-05 03:00:00,3,4,7,187,0,20.71,0.12,0.0,4.4,1
2024-07-05 04:00:00,4,4,7,187,0,20.26,0.12,0.0,11.09,1
2024-07-05 05:00:00,5,4,7,187,0,21.32,0.12,0.0,7.49,1
2024-07-05 06:00:00,6,4,7,187,0,21.98,0.12,0.0,20.58,2
2024-07-05 07:00:00,7,4,7,187,0,24.94,0.22,26.78,34.92,2
2024-07-05 08:00:00,8,4,7,187,0,26.17,0.22,80.22,27.85,2
2024-07-05 09:00:00,9,4,7,187,0,25.96,0.22,110.81,42.58,4
2024-07-05 10:00:00,10,4,7,187,0,27.86,0.22,171.41,47.05,3
2024-07-05 11:00:00,11,4,7,187,0,28.4,0.22,235.16,32.28,2
2024-07-05 12:00:00,12,4,7,187,0,27.49,0.22,230.72,33.48,2
2024-07-05 13:00:00,13,4,7,187,0,30.72,0.22,210.63,27.57,2
2024-07-05 14:00:00,14,4,7,187,0,26.91,0.22,180.83,23.62,2
2024-07-05 15:00:00,15,4,7,187,0,31.98,0.22,122.74,37.75,3
2024-07-05 16:00:00,16,4,7,187,0,27.31,0.38,87.58,31.65,2
2024-07-05 17:00:00,17,4,7,187,0,29.78,0.38,25.52,46.92,4
2024-07-05 18:00:00,18,4,7,187,0,26.72,0.38,0.0,55.66,4
2024-07-05 19:00:00,19,4,7,187,0,28.48,0.38,0.0,54.06,5
2024-07-05 20:00:00,20,4,7,187,0,26.1,0.38,0.0,42.19,3
2024-07-05 21:00:00,21,4,7,187,0,21.68,0.38,0.0,34.77,3
2024-07-05 22:00:00,22,4,7,187,0,24.42,0.22,0.0,24.53,2
2024-07-05 23:00:00,23,4,7,187,0,21.22,0.22,0.0,11.33,1
2024-07-06 00:00:00,0,5,7,188,1,23.13,0.1,0.0,18.77,1
2024-07-06 01:00:00,1,5,7,188,1,20.57,0.1,0.0,4.58,1
2024-07-06 02:00:00,2,5,7,188,1,20.86,0.1,0.0,5.52,1
2024-07-06 03:00:00,3,5,7,188,1,17.98,0.1,0.0,9.16,1
2024-07-06 04:00:00,4,5,7,188,1,18.89,0.1,0.0,6.38,1
2024-07-06 05:00:00,5,5,7,188,1,19.65,0.1,0.0,8.74,1
2024-07-06 06:00:00,6,5,7,188,1,23.08,0.1,0.0,14.85,1
2024-07-06 07:00:00,7,5,7,188,1,25.75,0.1,28.68,7.95,1
2024-07-06 08:00:00,8,5,7,188,1,21.99,0.1,74.73,27.17,2
2024-07-06 09:00:00,9,5,7,188,1,27.05,0.1,107.29,23.49,2
2024-07-06 10:00:00,10,5,7,188,1,21.85,0.15,174.41,27.75,2
2024-07-06 11:00:00,11,5,7,188,1,25.01,0.15,132.66,40.28,3
2024-07-06 12:00:00,12,5,7,188,1,26.52,0.15,212.89,48.69,3
2024-07-06 13:00:00,13,5,7,188,1,26.52,0.15,208.48,47.79,3
2024-07-06 14:00:00,14,5,7,188,1,26.56,0.15,181.26,58.45,4
2024-07-06 15:00:00,15,5,7,188,1,30.73,0.15,101.85,48.86,3
2024-07-06 16:00:00,16,5,7,188,1,29.3,0.15,79.34,51.59,4
2024-07-06 17:00:00,17,5,7,188,1,29.99,0.15,24.6,48.69,4
2024-07-06 18:00:00,18,5,7,188,1,29.82,0.15,0.0,42.74,4
2024-07-06 19:00:00,19,5,7,188,1,27.93,0.1,0.0,38.11,3
2024-07-06 20:00:00,20,5,7,188,1,27.51,0.1,0.0,39.17,3
2024-07-06 21:00:00,21,5,7,188,1,24.76,0.1,0.0,23.31,2
2024-07-06 22:00:00,22,5,7,188,1,21.23,0.1,0.0,17.13,1
2024-07-06 23:00:00,23,5,7,188,1,24.51,0.1,0.0,9.54,1
2024-07-07 00:00:00,0,6,7,189,1,20.21,0.1,0.0,5.2,1
2024-07-07 01:00:00,1,6,7,189,1,18.72,0.1,0.0,3.85,1
2024-07-07 02:00:00,2,6,7,189,1,19.74,0.1,0.0,6.79,1
2024-07-07 03:00:00,3,6,7,189,1,18.1,0.1,0.0,7.33,1
2024-07-07 04:00:00,4,6,7,189,1,19.26,0.1,0.0,5.82,1
2024-07-07 05:00:00,5,6,7,189,1,21.28,0.1,0.0,6.01,1
2024-07-07 06:00:00,6,6,7,189,1,22.08,0.1,0.0,18.2,2
2024-07-07 07:00:00,7,6,7,189,1,20.63,0.1,21.02,14.15,1
2024-07-07 08:00:00,8,6,7,189,1,22.65,0.1,76.85,24.61,2
2024-07-07 09:00:00,9,6,7,189,1,27.07,0.1,146.93,26.35,2
2024-07-07 10:00:00,10,6,7,189,1,27.21,0.15,199.15,29.33,2
2024-07-07 11:00:00,11,6,7,189,1,31.57,0.15,226.25,42.36,3
2024-07-07 12:00:00,12,6,7,189,1,30.82,0.15,206.54,51.54,4
2024-07-07 13:00:00,13,6,7,189,1,31.54,0.15,178.02,50.58,4
2024-07-07 14:00:00,14,6,7,189,1,26.98,0.15,199.15,50.15,4
2024-07-07 15:00:00,15,6,7,189,1,31.45,0.15,142.15,53.12,5
2024-07-07 16:00:00,16,6,7,189,1,29.65,0.15,67.99,45.16,3
2024-07-07 17:00:00,17,6,7,189,1,28.15,0.15,27.84,38.59,3
2024-07-07 18:00:00,18,6,7,189,1,28.79,0.15,0.0,44.8,3
2024-07-07 19:00:00,19,6,7,189,1,29.31,0.1,0.0,35.68,3
2024-07-07 20:00:00,20,6,7,189,1,27.22,0.1,0.0,33.14,3
2024-07-07 21:00:00,21,6,7,189,1,23.17,0.1,0.0,23.08,2
2024-07-07 22:00:00,22,6,7,189,1,25.11,0.1,0.0,13.62,1
2024-07-07 23:00:00,23,6,7,189,1,21.15,0.1,0.0,17.2,1
2024-07-08 00:00:00,0,0,7,190,0,21.84,0.12,0.0,7.56,1
2024-07-08 01:00:00,1,0,7,190,0,20.01,0.12,0.0,9.39,1
2024-07-08 02:00:00,2,0,7,190,0,19.67,0.12,0.0,13.61,1
2024-07-08 03:00:00,3,0,7,190,0,21.47,0.12,0.0,8.31,1
2024-07-08 04:00:00,4,0,7,190,0,18.03,0.12,0.0,3.67,1
2024-07-08 05:00:00,5,0,7,190,0,24.5,0.12,0.0,4.9,1
2024-07-08 06:00:00,6,0,7,190,0,17.76,0.12,0.0,11.49,1
2024-07-08 07:00:00,7,0,7,190,0,21.25,0.22,32.49,31.12,2
2024-07-08 08:00:00,8,0,7,190,0,24.39,0.22,80.03,31.27,3
2024-07-08 09:00:00,9,0,7,190,0,26.11,0.22,119.54,36.77,3
2024-07-08 10:00:00,10,0,7,190,0,26.04,0.22,198.88,40.22,3
2024-07-08 11:00:00,11,0,7,190,0,27.33,0.22,234.27,28.53,3
2024-07-08 12:00:00,12,0,7,190,0,29.3,0.22,177.53,21.38,2
2024-07-08 13:00:00,13,0,7,190,0,28.81,0.22,234.27,21.72,2
2024-07-08 14:00:00,14,0,7,190,0,32.56,0.22,183.72,22.64,2
2024-07-08 15:00:00,15,0,7,190,0,31.62,0.22,134.11,46.3,4
2024-07-08 16:00:00,16,0,7,190,0,31.52,0.38,87.25,42.85,3
2024-07-08 17:00:00,17,0,7,190,0,27.34,0.38,26.38,55.01,5
2024-07-08 18:00:00,18,0,7,190,0,28.32,0.38,0.0,59.76,4
2024-07-08 19:00:00,19,0,7,190,0,26.84,0.38,0.0,54.86,5
2024-07-08 20:00:00,20,0,7,190,0,24.23,0.38,0.0,57.79,4
2024-07-08 21:00:00,21,0,7,190,0,25.66,0.38,0.0,33.15,3
2024-07-08 22:00:00,22,0,7,190,0,22.57,0.22,0.0,24.68,2
2024-07-08 23:00:00,23,0,7,190,0,23.75,0.22,0.0,23.84,2
2024-07-09 00:00:00,0,1,7,191,0,19.28,0.12,0.0,13.12,1
2024-07-09 01:00:00,1,1,7,191,0,24.07,0.12,0.0,2.5,1
2024-07-09 02:00:00,2,1,7,191,0,18.34,0.12,0.0,12.75,1
2024-07-09 03:00:00,3,1,7,191,0,20.4,0.12,0.0,7.54,1
2024-07-09 04:00:00,4,1,7,191,0,21.71,0.12,0.0,2.5,1
2024-07-09 05:00:00,5,1,7,191,0,19.49,0.12,0.0,3.74,1
2024-07-09 06:00:00,6,1,7,191,0,23.13,0.12,0.0,10.53,1
2024-07-09 07:00:00,7,1,7,191,0,20.0,0.22,30.03,28.29,2
2024-07-09 08:00:00,8,1,7,191,0,26.57,0.22,82.6,32.1,3
2024-07-09 09:00:00,9,1,7,191,0,24.99,0.22,146.52,42.53,3
2024-07-09 10:00:00,10,1,7,191,0,25.06,0.22,160.33,40.14,3
2024-07-09 11:00:00,11,1,7,191,0,26.86,0.22,202.32,27.91,2
2024-07-09 12:00:00,12,1,7,191,0,30.11,0.22,226.51,24.7,2
2024-07-09 13:00:00,13,1,7,191,0,28.12,0.22,179.6,19.22,2
2024-07-09 14:00:00,14,1,7,191,0,28.29,0.22,170.3,24.54,2
2024-07-09 15:00:00,15,1,7,191,0,29.52,0.22,137.61,30.14,2
2024-07-09 16:00:00,16,1,7,191,0,27.43,0.38,73.27,40.04,4
2024-07-09 17:00:00,17,1,7,191,0,32.93,0.38,32.45,55.44,5
2024-07-09 18:00:00,18,1,7,191,0,27.36,0.38,0.0,49.7,3
2024-07-09 19:00:00,19,1,7,191,0,29.12,0.38,0.0,50.57,5
2024-07-09 20:00:00,20,1,7,191,0,26.67,0.38,0.0,52.18,4
2024-07-09 21:00:00,21,1,7,191,0,22.99,0.38,0.0,31.73,2
2024-07-09 22:00:00,22,1,7,191,0,23.65,0.22,0.0,35.41,3
2024-07-09 23:00:00,23,1,7,191,0,24.03,0.22,0.0,22.08,2
2024-07-10 00:00:00,0,2,7,192,0,21.06,0.12,0.0,2.5,1
2024-07-10 01:00:00,1,2,7,192,0,23.03,0.12,0.0,6.87,1
2024-07-10 02:00:00,2,2,7,192,0,22.19,0.12,0.0,4.46,1
2024-07-10 03:00:00,3,2,7,192,0,21.81,0.12,0.0,2.5,1
2024-07-10 04:00:00,4,2,7,192,0,19.22,0.12,0.0,2.5,1
2024-07-10 05:00:00,5,2,7,192,0,18.48,0.12,0.0,6.39,1
2024-07-10 06:00:00,6,2,7,192,0,20.21,0.12,0.0,8.14,1
2024-07-10 07:00:00,7,2,7,192,0,22.87,0.22,24.76,19.43,1
2024-07-10 08:00:00,8,2,7,192,0,24.77,0.22,75.44,36.48,2
2024-07-10 09:00:00,9,2,7,192,0,20.63,0.22,117.07,37.59,3
2024-07-10 10:00:00,10,2,7,192,0,26.25,0.22,137.79,38.7,3
2024-07-10 11:00:00,11,2,7,192,0,27.79,0.22,200.45,29.87,2
2024-07-10 12:00:00,12,2,7,192,0,27.95,0.22,219.67,20.01,1
2024-07-10 13:00:00,13,2,7,192,0,31.89,0.22,233.59,29.0,2
2024-07-10 14:00:00,14,2,7,192,0,30.65,0.22,196.8,18.93,1
2024-07-10 15:00:00,15,2,7,192,0,32.59,0.22,146.31,38.56,3
2024-07-10 16:00:00,16,2,7,192,0,29.37,0.38,84.07,34.26,2
2024-07-10 17:00:00,17,2,7,192,0,31.18,0.38,29.8,45.95,4
2024-07-10 18:00:00,18,2,7,192,0,31.78,0.38,0.0,56.14,4
2024-07-10 19:00:00,19,2,7,192,0,30.1,0.38,0.0,55.0,5
2024-07-10 20:00:00,20,2,7,192,0,24.08,0.38,0.0,47.92,3
2024-07-10 21:00:00,21,2,7,192,0,24.47,0.38,0.0,36.45,3
2024-07-10 22:00:00,22,2,7,192,0,22.99,0.22,0.0,26.17,2
2024-07-10 23:00:00,23,2,7,192,0,23.45,0.22,0.0,16.51,1
2024-07-11 00:00:00,0,3,7,193,0,22.82,0.12,0.0,14.21,1
2024-07-11 01:00:00,1,3,7,193,0,18.98,0.12,0.0,2.5,1
2024-07-11 02:00:00,2,3,7,193,0,20.29,0.12,0.0,3.4,1
2024-07-11 03:00:00,3,3,7,193,0,15.94,0.12,0.0,5.11,1
2024-07-11 04:00:00,4,3,7,193,0,23.04,0.12,0.0,2.5,1
2024-07-11 05:00:00,5,3,7,193,0,19.63,0.12,0.0,2.73,1
2024-07-11 06:00:00,6,3,7,193,0,21.56,0.12,0.0,8.89,1
2024-07-11 07:00:00,7,3,7,193,0,21.87,0.22,24.1,19.55,2
2024-07-11 08:00:00,8,3,7,193,0,25.98,0.22,86.86,37.49,3
2024-07-11 09:00:00,9,3,7,193,0,19.31,0.22,113.14,36.57,2
2024-07-11 10:00:00,10,3,7,193,0,26.25,0.22,128.65,35.17,3
2024-07-11 11:00:00,11,3,7,193,0,27.27,0.22,205.52,30.56,2
2024-07-11 12:00:00,12,3,7,193,0,27.61,0.22,245.67,22.98,2
2024-07-11 13:00:00,13,3,7,193,0,32.77,0.22,221.65,22.58,2
2024-07-11 14:00:00,14,3,7,193,0,28.04,0.22,192.08,30.28,2
2024-07-11 15:00:00,15,3,7,193,0,31.53,0.22,129.27,35.01,2
2024-07-11 16:00:00,16,3,7,193,0,30.53,0.38,74.85,45.47,4
2024-07-11 17:00:00,17,3,7,193,0,31.84,0.38,22.47,43.91,3
2024-07-11 18:00:00,18,3,7,193,0,27.19,0.38,0.0,58.63,4
2024-07-11 19:00:00,19,3,7,193,0,26.02,0.38,0.0,49.24,4
2024-07-11 20:00:00,20,3,7,193,0,28.47,0.38,0.0,40.32,3
2024-07-11 21:00:00,21,3,7,193,0,25.83,0.38,0.0,36.52,3
2024-07-11 22:00:00,22,3,7,193,0,20.6,0.22,0.0,27.29,2
2024-07-11 23:00:00,23,3,7,193,0,21.41,0.22,0.0,11.17,1
2024-07-12 00:00:00,0,4,7,194,0,22.23,0.12,0.0,2.5,1
2024-07-12 01:00:00,1,4,7,194,0,22.34,0.12,0.0,6.8,1
2024-07-12 02:00:00,2,4,7,194,0,18.8,0.12,0.0,2.5,1
2024-07-12 03:00:00,3,4,7,194,0,14.16,0.12,0.0,2.5,1
2024-07-12 04:00:00,4,4,7,194,0,21.21,0.12,0.0,5.34,1
2024-07-12 05:00:00,5,4,7,194,0,18.22,0.12,0.0,16.64,1
2024-07-12 06:00:00,6,4,7,194,0,17.42,0.12,0.0,14.42,1
2024-07-12 07:00:00,7,4,7,194,0,16.83,0.22,32.3,20.51,1
2024-07-12 08:00:00,8,4,7,194,0,25.33,0.22,65.51,37.6,3
2024-07-12 09:00:00,9,4,7,194,0,25.25,0.22,145.84,51.45,5
2024-07-12 10:00:00,10,4,7,194,0,25.84,0.22,108.56,40.83,3
2024-07-12 11:00:00,11,4,7,194,0,30.27,0.22,232.84,27.68,2
2024-07-12 12:00:00,12,4,7,194,0,29.8,0.22,230.17,20.58,2
2024-07-12 13:00:00,13,4,7,194,0,32.56,0.22,208.21,39.94,3
2024-07-12 14:00:00,14,4,7,194,0,27.04,0.22,169.79,23.17,2
2024-07-12 15:00:00,15,4,7,194,0,29.92,0.22,145.84,33.09,2
2024-07-12 16:00:00,16,4,7,194,0,26.59,0.38,83.67,42.51,3
2024-07-12 17:00:00,17,4,7,194,0,28.86,0.38,24.92,45.63,4
2024-07-12 18:00:00,18,4,7,194,0,28.03,0.38,0.0,53.43,5
2024-07-12 19:00:00,19,4,7,194,0,28.75,0.38,0.0,65.86,5
2024-07-12 20:00:00,20,4,7,194,0,26.38,0.38,0.0,46.53,3
2024-07-12 21:00:00,21,4,7,194,0,26.24,0.38,0.0,38.36,3
2024-07-12 22:00:00,22,4,7,194,0,25.11,0.22,0.0,31.66,2
2024-07-12 23:00:00,23,4,7,194,0,26.8,0.22,0.0,17.66,2
2024-07-13 00:00:00,0,5,7,195,1,20.83,0.1,0.0,4.42,1
2024-07-13 01:00:00,1,5,7,195,1,18.79,0.1,0.0,3.63,1
2024-07-13 02:00:00,2,5,7,195,1,20.66,0.1,0.0,16.72,1
2024-07-13 03:00:00,3,5,7,195,1,18.39,0.1,0.0,6.07,1
2024-07-13 04:00:00,4,5,7,195,1,23.13,0.1,0.0,2.5,1
2024-07-13 05:00:00,5,5,7,195,1,20.1,0.1,0.0,28.44,2
2024-07-13 06:00:00,6,5,7,195,1,20.33,0.1,0.0,13.77,1
2024-07-13 07:00:00,7,5,7,195,1,21.56,0.1,23.22,10.55,1
2024-07-13 08:00:00,8,5,7,195,1,25.14,0.1,80.32,17.8,1
2024-07-13 09:00:00,9,5,7,195,1,24.68,0.1,145.59,20.92,1
2024-07-13 10:00:00,10,5,7,195,1,25.01,0.15,174.42,29.71,3
2024-07-13 11:00:00,11,5,7,195,1,30.83,0.15,160.08,36.56,3
2024-07-13 12:00:00,12,5,7,195,1,26.82,0.15,216.36,41.32,4
2024-07-13 13:00:00,13,5,7,195,1,29.4,0.15,170.69,53.79,3
2024-07-13 14:00:00,14,5,7,195,1,31.13,0.15,194.1,60.17,5
2024-07-13 15:00:00,15,5,7,195,1,26.74,0.15,137.29,63.21,4
2024-07-13 16:00:00,16,5,7,195,1,30.79,0.15,74.4,60.05,5
2024-07-13 17:00:00,17,5,7,195,1,27.22,0.15,27.09,49.69,4
2024-07-13 18:00:00,18,5,7,195,1,30.18,0.15,0.0,45.78,3
2024-07-13 19:00:00,19,5,7,195,1,25.57,0.1,0.0,47.25,4
2024-07-13 20:00:00,20,5,7,195,1,27.68,0.1,0.0,28.72,2
2024-07-13 21:00:00,21,5,7,195,1,27.21,0.1,0.0,20.23,1
2024-07-13 22:00:00,22,5,7,195,1,25.43,0.1,0.0,15.17,1
2024-07-13 23:00:00,23,5,7,195,1,23.0,0.1,0.0,9.6,1
2024-07-14 00:00:00,0,6,7,196,1,21.0,0.1,0.0,4.59,1
2024-07-14 01:00:00,1,6,7,196,1,19.52,0.1,0.0,5.92,1
2024-07-14 02:00:00,2,6,7,196,1,23.11,0.1,0.0,7.06,1
2024-07-14 03:00:00,3,6,7,196,1,18.6,0.1,0.0,9.16,1
2024-07-14 04:00:00,4,6,7,196,1,18.1,0.1,0.0,7.92,1
2024-07-14 05:00:00,5,6,7,196,1,22.0,0.1,0.0,5.96,1
2024-07-14 06:00:00,6,6,7,196,1,19.87,0.1,0.0,6.69,1
2024-07-14 07:00:00,7,6,7,196,1,20.6,0.1,25.51,14.53,1
2024-07-14 08:00:00,8,6,7,196,1,20.82,0.1,72.36,25.96,2
2024-07-14 09:00:00,9,6,7,196,1,24.03,0.1,145.33,24.25,2
2024-07-14 10:00:00,10,6,7,196,1,26.13,0.15,129.72,30.34,2
2024-07-14 11:00:00,11,6,7,196,1,27.99,0.15,183.16,40.45,3
2024-07-14 12:00:00,12,6,7,196,1,30.44,0.15,244.41,50.53,4
2024-07-14 13:00:00,13,6,7,196,1,30.38,0.15,202.94,50.2,4
2024-07-14 14:00:00,14,6,7,196,1,29.45,0.15,156.65,49.76,3
2024-07-14 15:00:00,15,6,7,196,1,29.6,0.15,145.33,49.26,4
2024-07-14 16:00:00,16,6,7,196,1,30.85,0.15,76.62,49.54,4
2024-07-14 17:00:00,17,6,7,196,1,31.88,0.15,26.98,44.91,4
2024-07-14 18:00:00,18,6,7,196,1,28.79,0.15,0.0,40.04,3
2024-07-14 19:00:00,19,6,7,196,1,26.56,0.1,0.0,38.68,3
2024-07-14 20:00:00,20,6,7,196,1,24.31,0.1,0.0,41.35,3
2024-07-14 21:00:00,21,6,7,196,1,22.11,0.1,0.0,23.63,2
2024-07-14 22:00:00,22,6,7,196,1,25.04,0.1,0.0,13.1,1
2024-07-14 23:00:00,23,6,7,196,1,23.66,0.1,0.0,19.57,1
2024-07-15 00:00:00,0,0,7,197,0,22.62,0.12,0.0,9.55,1
2024-07-15 01:00:00,1,0,7,197,0,20.41,0.12,0.0,5.48,1
2024-07-15 02:00:00,2,0,7,197,0,22.98,0.12,0.0,12.64,1
2024-07-15 03:00:00,3,0,7,197,0,19.03,0.12,0.0,6.88,1
2024-07-15 04:00:00,4,0,7,197,0,22.08,0.12,0.0,7.6,1
2024-07-15 05:00:00,5,0,7,197,0,20.59,0.12,0.0,7.61,1
2024-07-15 06:00:00,6,0,7,197,0,20.25,0.12,0.0,21.11,2
2024-07-15 07:00:00,7,0,7,197,0,23.68,0.22,26.42,18.8,1
2024-07-15 08:00:00,8,0,7,197,0,24.52,0.22,65.26,39.74,3
2024-07-15 09:00:00,9,0,7,197,0,25.71,0.22,136.39,60.38,4
2024-07-15 10:00:00,10,0,7,197,0,26.46,0.22,132.75,44.86,4
2024-07-15 11:00:00,11,0,7,197,0,27.42,0.22,196.36,34.5,3
2024-07-15 12:00:00,12,0,7,197,0,33.31,0.22,139.93,22.32,2
2024-07-15 13:00:00,13,0,7,197,0,31.7,0.22,166.66,36.23,2
2024-07-15 14:00:00,14,0,7,197,0,31.27,0.22,152.33,22.34,2
2024-07-15 15:00:00,15,0,7,197,0,30.22,0.22,145.06,32.23,2
2024-07-15 16:00:00,16,0,7,197,0,31.84,0.38,83.02,38.21,3
2024-07-15 17:00:00,17,0,7,197,0,30.37,0.38,26.13,40.99,3
2024-07-15 18:00:00,18,0,7,197,0,28.59,0.38,0.0,56.7,4
2024-07-15 19:00:00,19,0,7,197,0,26.89,0.38,0.0,51.8,4
2024-07-15 20:00:00,20,0,7,197,0,26.13,0.38,0.0,39.05,3
2024-07-15 21:00:00,21,0,7,197,0,18.66,0.38,0.0,38.78,3
2024-07-15 22:00:00,22,0,7,197,0,24.13,0.22,0.0,24.54,2
2024-07-15 23:00:00,23,0,7,197,0,21.52,0.22,0.0,9.82,1
2024-07-16 00:00:00,0,1,7,198,0,24.65,0.12,0.0,9.69,1
2024-07-16 01:00:00,1,1,7,198,0,20.7,0.12,0.0,2.5,1
2024-07-16 02:00:00,2,1,7,198,0,17.79,0.12,0.0,2.5,1
2024-07-16 03:00:00,3,1,7,198,0,19.9,0.12,0.0,7.8,1
2024-07-16 04:00:00,4,1,7,198,0,18.07,0.12,0.0,2.5,1
2024-07-16 05:00:00,5,1,7,198,0,21.61,0.12,0.0,8.25,1
2024-07-16 06:00:00,6,1,7,198,0,22.04,0.12,0.0,17.41,1
2024-07-16 07:00:00,7,1,7,198,0,24.41,0.22,28.99,19.04,1
2024-07-16 08:00:00,8,1,7,198,0,22.12,0.22,71.65,31.87,3
2024-07-16 09:00:00,9,1,7,198,0,25.06,0.22,117.25,42.4,3
2024-07-16 10:00:00,10,1,7,198,0,23.56,0.22,196.24,43.8,3
2024-07-16 11:00:00,11,1,7,198,0,28.9,0.22,146.72,42.59,3
2024-07-16 12:00:00,12,1,7,198,0,29.57,0.22,239.89,32.38,3
2024-07-16 13:00:00,13,1,7,198,0,30.32,0.22,186.2,29.07,3
2024-07-16 14:00:00,14,1,7,198,0,29.83,0.22,155.02,27.78,2
2024-07-16 15:00:00,15,1,7,198,0,30.83,0.22,131.95,29.0,2
2024-07-16 16:00:00,16,1,7,198,0,33.03,0.38,60.37,42.62,3
2024-07-16 17:00:00,17,1,7,198,0,28.76,0.38,25.07,46.79,3
2024-07-16 18:00:00,18,1,7,198,0,28.81,0.38,0.0,50.92,3
2024-07-16 19:00:00,19,1,7,198,0,25.32,0.38,0.0,54.93,5
2024-07-16 20:00:00,20,1,7,198,0,24.55,0.38,0.0,54.63,4
2024-07-16 21:00:00,21,1,7,198,0,25.19,0.38,0.0,29.48,2
2024-07-16 22:00:00,22,1,7,198,0,25.91,0.22,0.0,45.97,3
2024-07-16 23:00:00,23,1,7,198,0,21.98,0.22,0.0,13.65,1
2024-07-17 00:00:00,0,2,7,199,0,20.98,0.12,0.0,2.5,1
2024-07-17 01:00:00,1,2,7,199,0,19.84,0.12,0.0,3.14,1
2024-07-17 02:00:00,2,2,7,199,0,19.09,0.12,0.0,17.78,1
2024-07-17 03:00:00,3,2,7,199,0,20.58,0.12,0.0,2.67,1
2024-07-17 04:00:00,4,2,7,199,0,17.16,0.12,0.0,2.5,1
2024-07-17 05:00:00,5,2,7,199,0,23.22,0.12,0.0,12.83,1
2024-07-17 06:00:00,6,2,7,199,0,20.12,0.12,0.0,19.89,1
2024-07-17 07:00:00,7,2,7,199,0,23.93,0.22,23.51,17.33,1
2024-07-17 08:00:00,8,2,7,199,0,21.15,0.22,74.42,42.43,4
2024-07-17 09:00:00,9,2,7,199,0,26.33,0.22,101.09,41.59,3
2024-07-17 10:00:00,10,2,7,199,0,27.63,0.22,167.64,37.43,3
2024-07-17 11:00:00,11,2,7,199,0,28.26,0.22,168.44,28.14,2
2024-07-17 12:00:00,12,2,7,199,0,26.54,0.22,219.87,21.74,1
2024-07-17 13:00:00,13,2,7,199,0,29.82,0.22,184.2,24.09,2
2024-07-17 14:00:00,14,2,7,199,0,27.45,0.22,179.17,21.96,1
2024-07-17 15:00:00,15,2,7,199,0,29.48,0.22,144.49,39.22,3
2024-07-17 16:00:00,16,2,7,199,0,31.88,0.38,85.91,62.78,4
2024-07-17 17:00:00,17,2,7,199,0,30.91,0.38,18.45,47.87,4
2024-07-17 18:00:00,18,2,7,199,0,28.55,0.38,0.0,68.84,5
2024-07-17 19:00:00,19,2,7,199,0,25.54,0.38,0.0,56.09,4
2024-07-17 20:00:00,20,2,7,199,0,27.57,0.38,0.0,46.29,4
2024-07-17 21:00:00,21,2,7,199,0,25.03,0.38,0.0,36.7,3
2024-07-17 22:00:00,22,2,7,199,0,19.05,0.22,0.0,26.48,2
2024-07-17 23:00:00,23,2,7,199,0,24.05,0.22,0.0,17.97,1
2024-07-18 00:00:00,0,3,7,200,0,21.4,0.12,0.0,8.07,1
2024-07-18 01:00:00,1,3,7,200,0,23.05,0.12,0.0,2.89,1
2024-07-18 02:00:00,2,3,7,200,0,17.96,0.12,0.0,5.85,1
2024-07-18 03:00:00,3,3,7,200,0,13.63,0.12,0.0,8.29,1
2024-07-18 04:00:00,4,3,7,200,0,20.71,0.12,0.0,10.22,1
2024-07-18 05:00:00,5,3,7,200,0,21.23,0.12,0.0,4.14,1
2024-07-18 06:00:00,6,3,7,200,0,18.06,0.12,0.0,12.99,1
2024-07-18 07:00:00,7,3,7,200,0,20.52,0.22,19.52,21.67,2
2024-07-18 08:00:00,8,3,7,200,0,29.2,0.22,85.74,29.77,2
2024-07-18 09:00:00,9,3,7,200,0,24.37,0.22,88.74,42.09,3
2024-07-18 10:00:00,10,3,7,200,0,27.74,0.22,146.68,39.83,3
2024-07-18 11:00:00,11,3,7,200,0,26.18,0.22,196.32,40.25,3
2024-07-18 12:00:00,12,3,7,200,0,24.33,0.22,232.97,21.41,2
2024-07-18 13:00:00,13,3,7,200,0,28.97,0.22,119.84,22.48,1
2024-07-18 14:00:00,14,3,7,200,0,29.28,0.22,171.33,32.08,2
2024-07-18 15:00:00,15,3,7,200,0,29.18,0.22,140.6,35.24,3
2024-07-18 16:00:00,16,3,7,200,0,29.58,0.38,85.68,49.91,4
2024-07-18 17:00:00,17,3,7,200,0,29.84,0.38,25.43,49.77,4
2024-07-18 18:00:00,18,3,7,200,0,28.21,0.38,0.0,54.93,4
2024-07-18 19:00:00,19,3,7,200,0,24.95,0.38,0.0,52.63,4
2024-07-18 20:00:00,20,3,7,200,0,27.25,0.38,0.0,42.73,3
2024-07-18 21:00:00,21,3,7,200,0,21.08,0.38,0.0,34.59,3
2024-07-18 22:00:00,22,3,7,200,0,19.58,0.22,0.0,23.61,2
2024-07-18 23:00:00,23,3,7,200,0,23.96,0.22,0.0,15.08,1
2024-07-19 00:00:00,0,4,7,201,0,22.45,0.12,0.0,14.97,1
2024-07-19 01:00:00,1,4,7,201,0,20.52,0.12,0.0,6.89,1
2024-07-19 02:00:00,2,4,7,201,0,17.35,0.12,0.0,2.5,1
2024-07-19 03:00:00,3,4,7,201,0,18.55,0.12,0.0,2.5,1
2024-07-19 04:00:00,4,4,7,201,0,19.61,0.12,0.0,5.38,1
2024-07-19 05:00:00,5,4,7,201,0,17.44,0.12,0.0,6.45,1
2024-07-19 06:00:00,6,4,7,201,0,19.95,0.12,0.0,23.15,2
2024-07-19 07:00:00,7,4,7,201,0,23.77,0.22,27.15,23.38,2
2024-07-19 08:00:00,8,4,7,201,0,26.53,0.22,75.05,32.71,2
2024-07-19 09:00:00,9,4,7,201,0,24.13,0.22,115.05,47.89,3
2024-07-19 10:00:00,10,4,7,201,0,27.77,0.22,192.96,38.42,3
2024-07-19 11:00:00,11,4,7,201,0,23.64,0.22,229.72,23.38,2
2024-07-19 12:00:00,12,4,7,201,0,29.82,0.22,218.35,23.43,1
2024-07-19 13:00:00,13,4,7,201,0,27.69,0.22,204.48,25.74,2
2024-07-19 14:00:00,14,4,7,201,0,30.41,0.22,191.5,23.27,2
2024-07-19 15:00:00,15,4,7,201,0,29.47,0.22,94.4,35.37,3
2024-07-19 16:00:00,16,4,7,201,0,32.44,0.38,75.58,43.8,3
2024-07-19 17:00:00,17,4,7,201,0,27.55,0.38,31.78,51.61,5
2024-07-19 18:00:00,18,4,7,201,0,29.76,0.38,0.0,55.78,4
2024-07-19 19:00:00,19,4,7,201,0,26.91,0.38,0.0,55.42,4
2024-07-19 20:00:00,20,4,7,201,0,25.94,0.38,0.0,44.12,3
2024-07-19 21:00:00,21,4,7,201,0,24.6,0.38,0.0,30.93,2
2024-07-19 22:00:00,22,4,7,201,0,21.98,0.22,0.0,28.11,2
2024-07-19 23:00:00,23,4,7,201,0,22.44,0.22,0.0,13.01,1
2024-07-20 00:00:00,0,5,7,202,1,21.29,0.1,0.0,4.2,1
2024-07-20 01:00:00,1,5,7,202,1,21.1,0.1,0.0,6.32,1
2024-07-20 02:00:00,2,5,7,202,1,20.29,0.1,0.0,6.67,1
2024-07-20 03:00:00,3,5,7,202,1,21.55,0.1,0.0,8.51,1
2024-07-20 04:00:00,4,5,7,202,1,21.97,0.1,0.0,3.28,1
2024-07-20 05:00:00,5,5,7,202,1,18.52,0.1,0.0,7.7,1
2024-07-20 06:00:00,6,5,7,202,1,23.15,0.1,0.0,8.6,1
2024-07-20 07:00:00,7,5,7,202,1,20.08,0.1,31.79,16.52,1
2024-07-20 08:00:00,8,5,7,202,1,24.83,0.1,80.87,22.35,2
2024-07-20 09:00:00,9,5,7,202,1,26.19,0.1,143.56,25.39,2
2024-07-20 10:00:00,10,5,7,202,1,22.42,0.15,179.76,34.32,2
2024-07-20 11:00:00,11,5,7,202,1,27.64,0.15,224.39,40.95,4
2024-07-20 12:00:00,12,5,7,202,1,27.55,0.15,187.18,55.52,4
2024-07-20 13:00:00,13,5,7,202,1,27.76,0.15,188.19,60.04,4
2024-07-20 14:00:00,14,5,7,202,1,32.48,0.15,194.59,52.95,4
2024-07-20 15:00:00,15,5,7,202,1,28.64,0.15,143.56,47.84,3
2024-07-20 16:00:00,16,5,7,202,1,28.17,0.15,63.37,53.56,4
2024-07-20 17:00:00,17,5,7,202,1,29.43,0.15,28.93,42.29,4
2024-07-20 18:00:00,18,5,7,202,1,29.86,0.15,0.0,50.73,3
2024-07-20 19:00:00,19,5,7,202,1,27.17,0.1,0.0,36.08,3
2024-07-20 20:00:00,20,5,7,202,1,28.58,0.1,0.0,37.56,2
2024-07-20 21:00:00,21,5,7,202,1,26.01,0.1,0.0,24.86,2
2024-07-20 22:00:00,22,5,7,202,1,19.3,0.1,0.0,30.41,2
2024-07-20 23:00:00,23,5,7,202,1,21.39,0.1,0.0,19.27,1
2024-07-21 00:00:00,0,6,7,203,1,20.27,0.1,0.0,2.5,1
2024-07-21 01:00:00,1,6,7,203,1,21.56,0.1,0.0,3.25,1
2024-07-21 02:00:00,2,6,7,203,1,14.85,0.1,0.0,10.1,1
2024-07-21 03:00:00,3,6,7,203,1,25.03,0.1,0.0,12.97,1
2024-07-21 04:00:00,4,6,7,203,1,21.16,0.1,0.0,3.07,1
2024-07-21 05:00:00,5,6,7,203,1,20.9,0.1,0.0,12.93,1
2024-07-21 06:00:00,6,6,7,203,1,23.76,0.1,0.0,11.05,1
2024-07-21 07:00:00,7,6,7,203,1,27.12,0.1,31.72,15.15,1
2024-07-21 08:00:00,8,6,7,203,1,25.38,0.1,68.44,14.84,1
2024-07-21 09:00:00,9,6,7,203,1,26.83,0.1,105.12,35.74,3
2024-07-21 10:00:00,10,6,7,203,1,26.49,0.15,187.04,34.18,3
2024-07-21 11:00:00,11,6,7,203,1,27.15,0.15,211.24,39.77,3
2024-07-21 12:00:00,12,6,7,203,1,27.52,0.15,183.1,47.78,4
2024-07-21 13:00:00,13,6,7,203,1,27.61,0.15,166.86,52.17,4
2024-07-21 14:00:00,14,6,7,203,1,28.39,0.15,166.48,56.17,5
2024-07-21 15:00:00,15,6,7,203,1,27.23,0.15,105.35,53.21,4
2024-07-21 16:00:00,16,6,7,203,1,29.61,0.15,64.1,44.81,4
2024-07-21 17:00:00,17,6,7,203,1,25.89,0.15,28.35,41.37,3
2024-07-21 18:00:00,18,6,7,203,1,28.85,0.15,0.0,47.82,4
2024-07-21 19:00:00,19,6,7,203,1,27.36,0.1,0.0,42.78,4
2024-07-21 20:00:00,20,6,7,203,1,26.52,0.1,0.0,43.32,3
2024-07-21 21:00:00,21,6,7,203,1,23.89,0.1,0.0,20.28,1
2024-07-21 22:00:00,22,6,7,203,1,29.79,0.1,0.0,17.07,1
2024-07-21 23:00:00,23,6,7,203,1,25.15,0.1,0.0,11.86,1
2024-07-22 00:00:00,0,0,7,204,0,18.89,0.12,0.0,2.5,1
2024-07-22 01:00:00,1,0,7,204,0,21.05,0.12,0.0,4.31,1
2024-07-22 02:00:00,2,0,7,204,0,18.87,0.12,0.0,7.99,1
2024-07-22 03:00:00,3,0,7,204,0,17.88,0.12,0.0,2.5,1
2024-07-22 04:00:00,4,0,7,204,0,17.4,0.12,0.0,12.16,1
2024-07-22 05:00:00,5,0,7,204,0,21.45,0.12,0.0,3.61,1
2024-07-22 06:00:00,6,0,7,204,0,20.01,0.12,0.0,16.5,1
2024-07-22 07:00:00,7,0,7,204,0,24.35,0.22,31.64,17.99,2
2024-07-22 08:00:00,8,0,7,204,0,25.6,0.22,84.97,33.22,2
2024-07-22 09:00:00,9,0,7,204,0,27.66,0.22,142.9,41.91,3
2024-07-22 10:00:00,10,0,7,204,0,24.5,0.22,171.48,38.06,3
2024-07-22 11:00:00,11,0,7,204,0,28.36,0.22,181.16,24.87,2
2024-07-22 12:00:00,12,0,7,204,0,29.71,0.22,217.01,19.88,1
2024-07-22 13:00:00,13,0,7,204,0,28.29,0.22,226.57,19.2,1
2024-07-22 14:00:00,14,0,7,204,0,28.2,0.22,193.69,26.86,2
2024-07-22 15:00:00,15,0,7,204,0,33.13,0.22,118.38,32.17,3
2024-07-22 16:00:00,16,0,7,204,0,30.2,0.38,77.99,34.66,2
2024-07-22 17:00:00,17,0,7,204,0,30.51,0.38,22.88,50.28,4
2024-07-22 18:00:00,18,0,7,204,0,26.8,0.38,0.0,56.91,5
2024-07-22 19:00:00,19,0,7,204,0,24.97,0.38,0.0,51.59,5
2024-07-22 20:00:00,20,0,7,204,0,25.07,0.38,0.0,47.01,3
2024-07-22 21:00:00,21,0,7,204,0,24.66,0.38,0.0,35.8,2
2024-07-22 22:00:00,22,0,7,204,0,21.49,0.22,0.0,21.7,2
2024-07-22 23:00:00,23,0,7,204,0,22.39,0.22,0.0,12.73,1
2024-07-23 00:00:00,0,1,7,205,0,17.97,0.12,0.0,3.61,1
2024-07-23 01:00:00,1,1,7,205,0,18.32,0.12,0.0,7.91,1
2024-07-23 02:00:00,2,1,7,205,0,21.4,0.12,0.0,9.01,1
2024-07-23 03:00:00,3,1,7,205,0,21.09,0.12,0.0,7.3,1
2024-07-23 04:00:00,4,1,7,205,0,19.27,0.12,0.0,2.5,1
2024-07-23 05:00:00,5,1,7,205,0,18.52,0.12,0.0,4.51,1
2024-07-23 06:00:00,6,1,7,205,0,19.3,0.12,0.0,17.28,1
2024-07-23 07:00:00,7,1,7,205,0,21.64,0.22,26.15,27.06,2
2024-07-23 08:00:00,8,1,7,205,0,24.88,0.22,84.76,35.11,3
2024-07-23 09:00:00,9,1,7,205,0,26.74,0.22,140.86,40.07,3
2024-07-23 10:00:00,10,1,7,205,0,25.19,0.22,193.22,43.55,4
2024-07-23 11:00:00,11,1,7,205,0,25.08,0.22,227.6,24.18,2
2024-07-23 12:00:00,12,1,7,205,0,28.96,0.22,195.59,22.45,1
2024-07-23 13:00:00,13,1,7,205,0,27.57,0.22,195.14,30.9,2
2024-07-23 14:00:00,14,1,7,205,0,28.68,0.22,160.5,33.2,2
2024-07-23 15:00:00,15,1,7,205,0,32.54,0.22,113.96,28.13,2
2024-07-23 16:00:00,16,1,7,205,0,31.37,0.38,55.86,35.02,3
2024-07-23 17:00:00,17,1,7,205,0,29.53,0.38,27.72,49.8,4
2024-07-23 18:00:00,18,1,7,205,0,25.88,0.38,0.0,54.1,4
2024-07-23 19:00:00,19,1,7,205,0,27.81,0.38,0.0,55.96,4
2024-07-23 20:00:00,20,1,7,205,0,28.31,0.38,0.0,41.39,3
2024-07-23 21:00:00,21,1,7,205,0,24.14,0.38,0.0,38.97,3
2024-07-23 22:00:00,22,1,7,205,0,26.29,0.22,0.0,25.37,2
2024-07-23 23:00:00,23,1,7,205,0,24.97,0.22,0.0,13.5,1
2024-07-24 00:00:00,0,2,7,206,0,24.65,0.12,0.0,8.6,1
2024-07-24 01:00:00,1,2,7,206,0,21.14,0.12,0.0,5.71,1
2024-07-24 02:00:00,2,2,7,206,0,21.2,0.12,0.0,7.16,1
2024-07-24 03:00:00,3,2,7,206,0,22.69,0.12,0.0,5.01,1
2024-07-24 04:00:00,4,2,7,206,0,20.92,0.12,0.0,3.59,1
2024-07-24 05:00:00,5,2,7,206,0,19.53,0.12,0.0,11.03,1
2024-07-24 06:00:00,6,2,7,206,0,20.43,0.12,0.0,20.61,2
2024-07-24 07:00:00,7,2,7,206,0,22.84,0.22,31.38,31.06,2
2024-07-24 08:00:00,8,2,7,206,0,20.98,0.22,60.16,33.42,2
2024-07-24 09:00:00,9,2,7,206,0,24.57,0.22,141.56,36.67,3
2024-07-24 10:00:00,10,2,7,206,0,28.35,0.22,161.42,41.03,3
2024-07-24 11:00:00,11,2,7,206,0,22.98,0.22,166.22,27.55,2
2024-07-24 12:00:00,12,2,7,206,0,31.46,0.22,227.07,23.43,2
2024-07-24 13:00:00,13,2,7,206,0,31.43,0.22,225.09,27.14,2
2024-07-24 14:00:00,14,2,7,206,0,28.77,0.22,159.48,24.21,2
2024-07-24 15:00:00,15,2,7,206,0,30.95,0.22,137.43,27.48,2
2024-07-24 16:00:00,16,2,7,206,0,29.7,0.38,51.22,36.21,3
2024-07-24 17:00:00,17,2,7,206,0,31.65,0.38,22.72,52.21,4
2024-07-24 18:00:00,18,2,7,206,0,30.36,0.38,0.0,58.96,5
2024-07-24 19:00:00,19,2,7,206,0,24.56,0.38,0.0,64.85,5
2024-07-24 20:00:00,20,2,7,206,0,27.33,0.38,0.0,45.61,4
2024-07-24 21:00:00,21,2,7,206,0,24.45,0.38,0.0,33.26,2
2024-07-24 22:00:00,22,2,7,206,0,23.73,0.22,0.0,27.19,2
2024-07-24 23:00:00,23,2,7,206,0,20.9,0.22,0.0,10.59,1
2024-07-25 00:00:00,0,3,7,207,0,24.79,0.12,0.0,11.58,1
2024-07-25 01:00:00,1,3,7,207,0,22.58,0.12,0.0,8.53,1
2024-07-25 02:00:00,2,3,7,207,0,18.52,0.12,0.0,4.85,1
2024-07-25 03:00:00,3,3,7,207,0,17.16,0.12,0.0,5.84,1
2024-07-25 04:00:00,4,3,7,207,0,19.23,0.12,0.0,10.07,1
2024-07-25 05:00:00,5,3,7,207,0,21.37,0.12,0.0,21.94,2
2024-07-25 06:00:00,6,3,7,207,0,21.77,0.12,0.0,14.61,1
2024-07-25 07:00:00,7,3,7,207,0,24.84,0.22,26.17,20.89,1
2024-07-25 08:00:00,8,3,7,207,0,25.12,0.22,61.44,33.85,3
2024-07-25 09:00:00,9,3,7,207,0,26.77,0.22,141.83,46.29,3
2024-07-25 10:00:00,10,3,7,207,0,26.78,0.22,172.31,39.57,3
2024-07-25 11:00:00,11,3,7,207,0,24.55,0.22,203.06,38.95,3
2024-07-25 12:00:00,12,3,7,207,0,27.97,0.22,191.78,19.24,2
2024-07-25 13:00:00,13,3,7,207,0,31.28,0.22,182.51,22.66,2
2024-07-25 14:00:00,14,3,7,207,0,29.56,0.22,188.7,30.27,2
2024-07-25 15:00:00,15,3,7,207,0,30.84,0.22,141.57,27.09,2
2024-07-25 16:00:00,16,3,7,207,0,29.02,0.38,82.15,31.35,3
2024-07-25 17:00:00,17,3,7,207,0,27.1,0.38,30.63,52.5,4
2024-07-25 18:00:00,18,3,7,207,0,28.12,0.38,0.0,53.2,4
2024-07-25 19:00:00,19,3,7,207,0,27.95,0.38,0.0,57.62,4
2024-07-25 20:00:00,20,3,7,207,0,24.81,0.38,0.0,42.22,3
2024-07-25 21:00:00,21,3,7,207,0,24.36,0.38,0.0,32.35,2
2024-07-25 22:00:00,22,3,7,207,0,21.66,0.22,0.0,26.51,2
2024-07-25 23:00:00,23,3,7,207,0,24.57,0.22,0.0,10.59,1
2024-07-26 00:00:00,0,4,7,208,0,20.67,0.12,0.0,2.5,1
2024-07-26 01:00:00,1,4,7,208,0,23.37,0.12,0.0,5.06,1
2024-07-26 02:00:00,2,4,7,208,0,23.02,0.12,0.0,2.5,1
2024-07-26 03:00:00,3,4,7,208,0,19.63,0.12,0.0,2.5,1
2024-07-26 04:00:00,4,4,7,208,0,17.95,0.12,0.0,10.0,1
2024-07-26 05:00:00,5,4,7,208,0,16.29,0.12,0.0,10.2,1
2024-07-26 06:00:00,6,4,7,208,0,18.32,0.12,0.0,18.36,1
2024-07-26 07:00:00,7,4,7,208,0,19.55,0.22,28.06,25.28,2
2024-07-26 08:00:00,8,4,7,208,0,26.26,0.22,55.74,27.36,2
2024-07-26 09:00:00,9,4,7,208,0,25.03,0.22,117.0,36.2,3
2024-07-26 10:00:00,10,4,7,208,0,26.87,0.22,174.61,35.04,3
2024-07-26 11:00:00,11,4,7,208,0,22.86,0.22,210.37,39.2,3
2024-07-26 12:00:00,12,4,7,208,0,25.94,0.22,203.52,29.11,2
2024-07-26 13:00:00,13,4,7,208,0,30.9,0.22,217.09,30.44,3
2024-07-26 14:00:00,14,4,7,208,0,30.2,0.22,166.21,31.95,2
2024-07-26 15:00:00,15,4,7,208,0,29.5,0.22,124.72,36.48,2
2024-07-26 16:00:00,16,4,7,208,0,30.76,0.38,76.56,32.95,2
2024-07-26 17:00:00,17,4,7,208,0,32.4,0.38,31.05,48.34,4
2024-07-26 18:00:00,18,4,7,208,0,27.89,0.38,0.0,52.76,4
2024-07-26 19:00:00,19,4,7,208,0,27.43,0.38,0.0,51.81,4
2024-07-26 20:00:00,20,4,7,208,0,26.48,0.38,0.0,52.61,4
2024-07-26 21:00:00,21,4,7,208,0,29.58,0.38,0.0,35.5,2
2024-07-26 22:00:00,22,4,7,208,0,19.3,0.22,0.0,23.16,2
2024-07-26 23:00:00,23,4,7,208,0,23.66,0.22,0.0,21.54,2
2024-07-27 00:00:00,0,5,7,209,1,20.99,0.1,0.0,2.65,1
2024-07-27 01:00:00,1,5,7,209,1,21.56,0.1,0.0,10.56,1
2024-07-27 02:00:00,2,5,7,209,1,18.62,0.1,0.0,2.5,1
2024-07-27 03:00:00,3,5,7,209,1,19.66,0.1,0.0,7.73,1
2024-07-27 04:00:00,4,5,7,209,1,21.35,0.1,0.0,3.65,1
2024-07-27 05:00:00,5,5,7,209,1,26.66,0.1,0.0,5.3,1
2024-07-27 06:00:00,6,5,7,209,1,22.84,0.1,0.0,14.19,1
2024-07-27 07:00:00,7,5,7,209,1,20.56,0.1,31.07,10.48,1
2024-07-27 08:00:00,8,5,7,209,1,22.62,0.1,83.88,13.74,1
2024-07-27 09:00:00,9,5,7,209,1,23.85,0.1,111.73,27.45,2
2024-07-27 10:00:00,10,5,7,209,1,22.46,0.15,147.85,36.21,3
2024-07-27 11:00:00,11,5,7,209,1,26.6,0.15,190.75,35.1,2
2024-07-27 12:00:00,12,5,7,209,1,29.76,0.15,177.8,58.01,4
2024-07-27 13:00:00,13,5,7,209,1,26.54,0.15,201.48,51.32,4
2024-07-27 14:00:00,14,5,7,209,1,31.69,0.15,163.55,53.06,4
2024-07-27 15:00:00,15,5,7,209,1,30.74,0.15,130.25,46.58,4
2024-07-27 16:00:00,16,5,7,209,1,28.12,0.15,83.88,52.33,4
2024-07-27 17:00:00,17,5,7,209,1,28.81,0.15,30.56,42.68,4
2024-07-27 18:00:00,18,5,7,209,1,31.49,0.15,0.0,42.37,3
2024-07-27 19:00:00,19,5,7,209,1,28.73,0.1,0.0,43.52,3
2024-07-27 20:00:00,20,5,7,209,1,26.07,0.1,0.0,31.51,2
2024-07-27 21:00:00,21,5,7,209,1,24.28,0.1,0.0,22.63,2
2024-07-27 22:00:00,22,5,7,209,1,23.62,0.1,0.0,16.65,1
2024-07-27 23:00:00,23,5,7,209,1,21.24,0.1,0.0,13.88,1
2024-07-28 00:00:00,0,6,7,210,1,16.98,0.1,0.0,11.78,1
2024-07-28 01:00:00,1,6,7,210,1,24.48,0.1,0.0,2.5,1
2024-07-28 02:00:00,2,6,7,210,1,20.2,0.1,0.0,11.53,1
2024-07-28 03:00:00,3,6,7,210,1,20.52,0.1,0.0,10.83,1
2024-07-28 04:00:00,4,6,7,210,1,19.78,0.1,0.0,4.72,1
2024-07-28 05:00:00,5,6,7,210,1,18.92,0.1,0.0,9.92,1
2024-07-28 06:00:00,6,6,7,210,1,20.81,0.1,0.0,11.03,1
2024-07-28 07:00:00,7,6,7,210,1,19.02,0.1,27.96,15.62,1
2024-07-28 08:00:00,8,6,7,210,1,27.98,0.1,82.38,18.57,1
2024-07-28 09:00:00,9,6,7,210,1,22.25,0.1,117.27,20.19,1
2024-07-28 10:00:00,10,6,7,210,1,23.95,0.15,161.16,34.55,2
2024-07-28 11:00:00,11,6,7,210,1,26.34,0.15,224.61,37.4,3
2024-07-28 12:00:00,12,6,7,210,1,30.83,0.15,236.6,55.46,5
2024-07-28 13:00:00,13,6,7,210,1,29.08,0.15,224.61,67.72,5
2024-07-28 14:00:00,14,6,7,210,1,27.08,0.15,134.39,53.96,4
2024-07-28 15:00:00,15,6,7,210,1,32.23,0.15,111.86,49.3,4
2024-07-28 16:00:00,16,6,7,210,1,31.01,0.15,74.36,47.36,4
2024-07-28 17:00:00,17,6,7,210,1,30.13,0.15,23.67,53.25,3
2024-07-28 18:00:00,18,6,7,210,1,29.69,0.15,0.0,47.83,3
2024-07-28 19:00:00,19,6,7,210,1,32.01,0.1,0.0,44.49,4
2024-07-28 20:00:00,20,6,7,210,1,30.39,0.1,0.0,41.13,3
2024-07-28 21:00:00,21,6,7,210,1,23.35,0.1,0.0,21.83,1
2024-07-28 22:00:00,22,6,7,210,1,26.67,0.1,0.0,16.82,1
2024-07-28 23:00:00,23,6,7,210,1,22.99,0.1,0.0,9.5,1
2024-07-29 00:00:00,0,0,7,211,0,22.14,0.12,0.0,5.98,1
2024-07-29 01:00:00,1,0,7,211,0,16.96,0.12,0.0,8.29,1
2024-07-29 02:00:00,2,0,7,211,0,19.51,0.12,0.0,2.5,1
2024-07-29 03:00:00,3,0,7,211,0,18.05,0.12,0.0,11.27,1
2024-07-29 04:00:00,4,0,7,211,0,21.51,0.12,0.0,3.39,1
2024-07-29 05:00:00,5,0,7,211,0,22.49,0.12,0.0,8.06,1
2024-07-29 06:00:00,6,0,7,211,0,16.99,0.12,0.0,19.34,1
2024-07-29 07:00:00,7,0,7,211,0,22.14,0.22,24.29,26.22,2
2024-07-29 08:00:00,8,0,7,211,0,25.63,0.22,74.93,33.81,3
2024-07-29 09:00:00,9,0,7,211,0,24.31,0.22,104.78,43.32,3
2024-07-29 10:00:00,10,0,7,211,0,27.43,0.22,126.69,38.13,3
2024-07-29 11:00:00,11,0,7,211,0,27.88,0.22,198.45,31.44,2
2024-07-29 12:00:00,12,0,7,211,0,28.9,0.22,235.93,24.95,2
2024-07-29 13:00:00,13,0,7,211,0,28.47,0.22,221.98,17.26,1
2024-07-29 14:00:00,14,0,7,211,0,27.08,0.22,165.46,24.4,2
2024-07-29 15:00:00,15,0,7,211,0,27.44,0.22,140.28,33.82,3
2024-07-29 16:00:00,16,0,7,211,0,30.93,0.38,67.71,49.69,4
2024-07-29 17:00:00,17,0,7,211,0,29.05,0.38,20.19,47.09,3
2024-07-29 18:00:00,18,0,7,211,0,27.94,0.38,0.0,62.66,5
2024-07-29 19:00:00,19,0,7,211,0,26.33,0.38,0.0,52.06,4
2024-07-29 20:00:00,20,0,7,211,0,25.36,0.38,0.0,53.23,4
2024-07-29 21:00:00,21,0,7,211,0,26.77,0.38,0.0,46.28,3
2024-07-29 22:00:00,22,0,7,211,0,22.71,0.22,0.0,19.14,1
2024-07-29 23:00:00,23,0,7,211,0,19.5,0.22,0.0,11.22,1
2024-07-30 00:00:00,0,1,7,212,0,22.59,0.12,0.0,4.69,1
2024-07-30 01:00:00,1,1,7,212,0,19.89,0.12,0.0,2.5,1
2024-07-30 02:00:00,2,1,7,212,0,19.87,0.12,0.0,2.5,1
2024-07-30 03:00:00,3,1,7,212,0,22.85,0.12,0.0,5.23,1
2024-07-30 04:00:00,4,1,7,212,0,19.76,0.12,0.0,2.5,1
2024-07-30 05:00:00,5,1,7,212,0,20.88,0.12,0.0,2.53,1
2024-07-30 06:00:00,6,1,7,212,0,18.74,0.12,0.0,9.87,1
2024-07-30 07:00:00,7,1,7,212,0,21.7,0.22,30.97,20.28,1
2024-07-30 08:00:00,8,1,7,212,0,24.56,0.22,78.41,41.06,4
2024-07-30 09:00:00,9,1,7,212,0,21.52,0.22,138.62,39.18,3
2024-07-30 10:00:00,10,1,7,212,0,26.33,0.22,189.59,40.74,3
2024-07-30 11:00:00,11,1,7,212,0,27.34,0.22,179.09,29.32,2
2024-07-30 12:00:00,12,1,7,212,0,28.25,0.22,235.24,22.56,2
2024-07-30 13:00:00,13,1,7,212,0,31.04,0.22,183.07,25.24,2
2024-07-30 14:00:00,14,1,7,212,0,30.13,0.22,154.45,25.0,2
2024-07-30 15:00:00,15,1,7,212,0,32.59,0.22,118.53,34.86,3
2024-07-30 16:00:00,16,1,7,212,0,27.48,0.38,66.98,39.53,3
2024-07-30 17:00:00,17,1,7,212,0,29.24,0.38,30.31,44.21,3
2024-07-30 18:00:00,18,1,7,212,0,28.34,0.38,0.0,61.42,4
2024-07-30 19:00:00,19,1,7,212,0,25.0,0.38,0.0,62.22,4
2024-07-30 20:00:00,20,1,7,212,0,27.84,0.38,0.0,40.39,3
2024-07-30 21:00:00,21,1,7,212,0,29.28,0.38,0.0,37.77,3
2024-07-30 22:00:00,22,1,7,212,0,23.31,0.22,0.0,27.47,2
2024-07-30 23:00:00,23,1,7,212,0,23.14,0.22,0.0,9.03,1
2024-07-31 00:00:00,0,2,7,213,0,21.22,0.12,0.0,4.87,1
2024-07-31 01:00:00,1,2,7,213,0,18.83,0.12,0.0,5.86,1
2024-07-31 02:00:00,2,2,7,213,0,16.12,0.12,0.0,2.5,1
2024-07-31 03:00:00,3,2,7,213,0,18.18,0.12,0.0,2.5,1
2024-07-31 04:00:00,4,2,7,213,0,16.97,0.12,0.0,3.57,1
2024-07-31 05:00:00,5,2,7,213,0,23.67,0.12,0.0,7.02,1
2024-07-31 06:00:00,6,2,7,213,0,20.82,0.12,0.0,11.46,1
2024-07-31 07:00:00,7,2,7,213,0,21.4,0.22,30.82,20.57,1
2024-07-31 08:00:00,8,2,7,213,0,25.07,0.22,73.1,28.72,2
2024-07-31 09:00:00,9,2,7,213,0,22.34,0.22,126.25,45.39,4
2024-07-31 10:00:00,10,2,7,213,0,24.35,0.22,189.02,36.05,3
2024-07-31 11:00:00,11,2,7,213,0,27.22,0.22,183.18,30.24,3
2024-07-31 12:00:00,12,2,7,213,0,30.18,0.22,167.71,32.28,2
2024-07-31 13:00:00,13,2,7,213,0,29.92,0.22,197.8,18.03,1
2024-07-31 14:00:00,14,2,7,213,0,29.91,0.22,173.33,23.39,2
2024-07-31 15:00:00,15,2,7,213,0,29.74,0.22,118.33,34.11,3
2024-07-31 16:00:00,16,2,7,213,0,30.22,0.38,82.92,40.61,3
2024-07-31 17:00:00,17,2,7,213,0,29.32,0.38,17.96,43.97,3
2024-07-31 18:00:00,18,2,7,213,0,26.06,0.38,0.0,55.63,4
2024-07-31 19:00:00,19,2,7,213,0,27.18,0.38,0.0,50.22,4
2024-07-31 20:00:00,20,2,7,213,0,23.73,0.38,0.0,42.43,3
2024-07-31 21:00:00,21,2,7,213,0,24.75,0.38,0.0,29.11,2
2024-07-31 22:00:00,22,2,7,213,0,22.33,0.22,0.0,31.17,3
2024-07-31 23:00:00,23,2,7,213,0,27.17,0.22,0.0,12.69,1
2024-08-01 00:00:00,0,3,8,214,0,20.92,0.12,0.0,12.92,1
2024-08-01 01:00:00,1,3,8,214,0,17.4,0.12,0.0,2.5,1
2024-08-01 02:00:00,2,3,8,214,0,19.44,0.12,0.0,7.24,1
2024-08-01 03:00:00,3,3,8,214,0,20.58,0.12,0.0,2.5,1
2024-08-01 04:00:00,4,3,8,214,0,23.05,0.12,0.0,4.5,1
2024-08-01 05:00:00,5,3,8,214,0,19.03,0.12,0.0,2.5,1
2024-08-01 06:00:00,6,3,8,214,0,17.84,0.12,0.0,16.99,1
2024-08-01 07:00:00,7,3,8,214,0,23.67,0.22,28.63,21.7,1
2024-08-01 08:00:00,8,3,8,214,0,20.48,0.22,61.93,33.28,2
2024-08-01 09:00:00,9,3,8,214,0,23.66,0.22,109.82,38.85,3
2024-08-01 10:00:00,10,3,8,214,0,25.32,0.22,186.08,39.46,3
2024-08-01 11:00:00,11,3,8,214,0,26.9,0.22,217.64,28.14,2
2024-08-01 12:00:00,12,3,8,214,0,29.45,0.22,226.08,24.62,2
2024-08-01 13:00:00,13,3,8,214,0,27.5,0.22,181.64,19.17,2
2024-08-01 14:00:00,14,3,8,214,0,28.82,0.22,186.42,29.61,2
2024-08-01 15:00:00,15,3,8,214,0,29.51,0.22,102.98,29.19,2
2024-08-01 16:00:00,16,3,8,214,0,29.67,0.38,82.67,37.33,2
2024-08-01 17:00:00,17,3,8,214,0,29.06,0.38,26.13,55.86,4
2024-08-01 18:00:00,18,3,8,214,0,28.94,0.38,0.0,55.81,4
2024-08-01 19:00:00,19,3,8,214,0,28.72,0.38,0.0,57.57,4
2024-08-01 20:00:00,20,3,8,214,0,26.62,0.38,0.0,47.58,3
2024-08-01 21:00:00,21,3,8,214,0,25.44,0.38,0.0,34.22,3
2024-08-01 22:00:00,22,3,8,214,0,20.08,0.22,0.0,24.34,2
2024-08-01 23:00:00,23,3,8,214,0,22.14,0.22,0.0,9.71,1
2024-08-02 00:00:00,0,4,8,215,0,21.91,0.12,0.0,2.5,1
2024-08-02 01:00:00,1,4,8,215,0,21.61,0.12,0.0,2.5,1
2024-08-02 02:00:00,2,4,8,215,0,18.27,0.12,0.0,3.32,1
2024-08-02 03:00:00,3,4,8,215,0,18.17,0.12,0.0,2.5,1
2024-08-02 04:00:00,4,4,8,215,0,18.51,0.12,0.0,4.62,1
2024-08-02 05:00:00,5,4,8,215,0,21.23,0.12,0.0,15.04,1
2024-08-02 06:00:00,6,4,8,215,0,23.02,0.12,0.0,21.42,2
2024-08-02 07:00:00,7,4,8,215,0,21.17,0.22,21.95,25.66,2
2024-08-02 08:00:00,8,4,8,215,0,25.01,0.22,67.54,32.42,2
2024-08-02 09:00:00,9,4,8,215,0,24.73,0.22,138.6,39.95,3
2024-08-02 10:00:00,10,4,8,215,0,25.53,0.22,146.25,42.74,3
2024-08-02 11:00:00,11,4,8,215,0,26.56,0.22,175.3,30.63,3
2024-08-02 12:00:00,12,4,8,215,0,29.51,0.22,210.55,35.8,3
2024-08-02 13:00:00,13,4,8,215,0,29.46,0.22,184.89,25.21,2
2024-08-02 14:00:00,14,4,8,215,0,33.86,0.22,187.86,28.4,2
2024-08-02 15:00:00,15,4,8,215,0,27.78,0.22,119.27,33.52,3
2024-08-02 16:00:00,16,4,8,215,0,30.35,0.38,75.84,37.2,2
2024-08-02 17:00:00,17,4,8,215,0,27.76,0.38,30.49,47.82,3
2024-08-02 18:00:00,18,4,8,215,0,26.28,0.38,0.0,55.61,4
2024-08-02 19:00:00,19,4,8,215,0,26.96,0.38,0.0,55.39,4
2024-08-02 20:00:00,20,4,8,215,0,26.05,0.38,0.0,41.55,3
2024-08-02 21:00:00,21,4,8,215,0,30.32,0.38,0.0,27.19,2
2024-08-02 22:00:00,22,4,8,215,0,22.82,0.22,0.0,21.61,2
2024-08-02 23:00:00,23,4,8,215,0,19.72,0.22,0.0,12.74,1
2024-08-03 00:00:00,0,5,8,216,1,21.44,0.1,0.0,13.57,1
2024-08-03 01:00:00,1,5,8,216,1,15.95,0.1,0.0,11.25,1
2024-08-03 02:00:00,2,5,8,216,1,19.41,0.1,0.0,3.61,1
2024-08-03 03:00:00,3,5,8,216,1,19.46,0.1,0.0,5.5,1
2024-08-03 04:00:00,4,5,8,216,1,21.19,0.1,0.0,6.02,1
2024-08-03 05:00:00,5,5,8,216,1,22.04,0.1,0.0,20.84,2
2024-08-03 06:00:00,6,5,8,216,1,19.88,0.1,0.0,10.88,1
2024-08-03 07:00:00,7,5,8,216,1,21.63,0.1,20.2,24.78,2
2024-08-03 08:00:00,8,5,8,216,1,21.6,0.1,63.41,20.52,1
2024-08-03 09:00:00,9,5,8,216,1,22.17,0.1,119.32,25.88,2
2024-08-03 10:00:00,10,5,8,216,1,26.34,0.15,160.35,26.03,2
2024-08-03 11:00:00,11,5,8,216,1,24.38,0.15,179.56,40.51,3
2024-08-03 12:00:00,12,5,8,216,1,27.13,0.15,202.21,52.34,3
2024-08-03 13:00:00,13,5,8,216,1,26.77,0.15,160.77,51.08,4
2024-08-03 14:00:00,14,5,8,216,1,30.36,0.15,172.82,61.6,5
2024-08-03 15:00:00,15,5,8,216,1,33.03,0.15,83.09,61.0,4
2024-08-03 16:00:00,16,5,8,216,1,26.65,0.15,72.04,44.11,3
2024-08-03 17:00:00,17,5,8,216,1,25.05,0.15,24.72,40.98,3
2024-08-03 18:00:00,18,5,8,216,1,27.71,0.15,0.0,51.78,4
2024-08-03 19:00:00,19,5,8,216,1,26.96,0.1,0.0,37.12,3
2024-08-03 20:00:00,20,5,8,216,1,26.16,0.1,0.0,30.26,3
2024-08-03 21:00:00,21,5,8,216,1,23.53,0.1,0.0,19.53,2
2024-08-03 22:00:00,22,5,8,216,1,22.73,0.1,0.0,15.37,1
2024-08-03 23:00:00,23,5,8,216,1,22.66,0.1,0.0,9.93,1
2024-08-04 00:00:00,0,6,8,217,1,22.91,0.1,0.0,4.2,1
2024-08-04 01:00:00,1,6,8,217,1,16.13,0.1,0.0,15.77,1
2024-08-04 02:00:00,2,6,8,217,1,18.8,0.1,0.0,15.3,1
2024-08-04 03:00:00,3,6,8,217,1,19.8,0.1,0.0,6.31,1
2024-08-04 04:00:00,4,6,8,217,1,17.7,0.1,0.0,13.1,1
2024-08-04 05:00:00,5,6,8,217,1,23.5,0.1,0.0,9.16,1
2024-08-04 06:00:00,6,6,8,217,1,19.56,0.1,0.0,15.82,1
2024-08-04 07:00:00,7,6,8,217,1,21.79,0.1,25.85,22.89,2
2024-08-04 08:00:00,8,6,8,217,1,24.19,0.1,78.18,18.05,1
2024-08-04 09:00:00,9,6,8,217,1,23.19,0.1,119.16,17.3,1
2024-08-04 10:00:00,10,6,8,217,1,21.97,0.15,184.46,38.24,3
2024-08-04 11:00:00,11,6,8,217,1,26.01,0.15,203.6,38.48,3
2024-08-04 12:00:00,12,6,8,217,1,29.96,0.15,179.4,52.85,4
2024-08-04 13:00:00,13,6,8,217,1,28.03,0.15,158.68,68.99,5
2024-08-04 14:00:00,14,6,8,217,1,27.51,0.15,160.73,54.56,4
2024-08-04 15:00:00,15,6,8,217,1,31.22,0.15,112.52,62.25,5
2024-08-04 16:00:00,16,6,8,217,1,28.54,0.15,75.36,53.86,4
2024-08-04 17:00:00,17,6,8,217,1,27.68,0.15,24.21,54.68,3
2024-08-04 18:00:00,18,6,8,217,1,28.2,0.15,0.0,46.63,4
2024-08-04 19:00:00,19,6,8,217,1,28.41,0.1,0.0,42.89,3
2024-08-04 20:00:00,20,6,8,217,1,30.43,0.1,0.0,35.56,3
2024-08-04 21:00:00,21,6,8,217,1,26.02,0.1,0.0,24.74,2
2024-08-04 22:00:00,22,6,8,217,1,25.39,0.1,0.0,35.27,3
2024-08-04 23:00:00,23,6,8,217,1,20.86,0.1,0.0,12.93,1
2024-08-05 00:00:00,0,0,8,218,0,18.72,0.12,0.0,9.84,1
2024-08-05 01:00:00,1,0,8,218,0,20.1,0.12,0.0,2.5,1
2024-08-05 02:00:00,2,0,8,218,0,19.69,0.12,0.0,18.95,1
2024-08-05 03:00:00,3,0,8,218,0,17.15,0.12,0.0,12.4,1
2024-08-05 04:00:00,4,0,8,218,0,19.13,0.12,0.0,2.62,1
2024-08-05 05:00:00,5,0,8,218,0,20.78,0.12,0.0,11.09,1
2024-08-05 06:00:00,6,0,8,218,0,21.49,0.12,0.0,17.3,1
2024-08-05 07:00:00,7,0,8,218,0,22.82,0.22,27.39,28.94,2
2024-08-05 08:00:00,8,0,8,218,0,23.6,0.22,80.39,34.9,2
2024-08-05 09:00:00,9,0,8,218,0,23.29,0.22,119.28,37.2,2
2024-08-05 10:00:00,10,0,8,218,0,24.57,0.22,140.2,34.12,3
2024-08-05 11:00:00,11,0,8,218,0,24.41,0.22,189.98,32.16,3
2024-08-05 12:00:00,12,0,8,218,0,31.41,0.22,219.7,21.4,1
2024-08-05 13:00:00,13,0,8,218,0,28.66,0.22,182.13,38.71,3
2024-08-05 14:00:00,14,0,8,218,0,28.69,0.22,177.26,27.07,2
2024-08-05 15:00:00,15,0,8,218,0,27.45,0.22,137.25,26.79,2
2024-08-05 16:00:00,16,0,8,218,0,35.01,0.38,74.17,37.66,3
2024-08-05 17:00:00,17,0,8,218,0,26.49,0.38,26.64,49.42,4
2024-08-05 18:00:00,18,0,8,218,0,26.99,0.38,0.0,73.21,6
2024-08-05 19:00:00,19,0,8,218,0,27.64,0.38,0.0,50.76,4
2024-08-05 20:00:00,20,0,8,218,0,26.8,0.38,0.0,41.85,3
2024-08-05 21:00:00,21,0,8,218,0,26.22,0.38,0.0,34.7,3
2024-08-05 22:00:00,22,0,8,218,0,26.63,0.22,0.0,25.98,2
2024-08-05 23:00:00,23,0,8,218,0,22.82,0.22,0.0,16.92,1
2024-08-06 00:00:00,0,1,8,219,0,18.6,0.12,0.0,7.62,1
2024-08-06 01:00:00,1,1,8,219,0,19.4,0.12,0.0,6.16,1
2024-08-06 02:00:00,2,1,8,219,0,20.03,0.12,0.0,17.23,1
2024-08-06 03:00:00,3,1,8,219,0,23.38,0.12,0.0,6.52,1
2024-08-06 04:00:00,4,1,8,219,0,16.62,0.12,0.0,2.84,1
2024-08-06 05:00:00,5,1,8,219,0,22.32,0.12,0.0,13.34,1
2024-08-06 06:00:00,6,1,8,219,0,21.07,0.12,0.0,19.04,1
2024-08-06 07:00:00,7,1,8,219,0,23.42,0.22,20.2,21.91,1
2024-08-06 08:00:00,8,1,8,219,0,22.74,0.22,76.22,28.93,2
2024-08-06 09:00:00,9,1,8,219,0,22.56,0.22,98.92,39.35,3
2024-08-06 10:00:00,10,1,8,219,0,27.04,0.22,185.4,39.14,3
2024-08-06 11:00:00,11,1,8,219,0,28.05,0.22,203.72,24.09,2
2024-08-06 12:00:00,12,1,8,219,0,29.72,0.22,179.71,21.61,1
2024-08-06 13:00:00,13,1,8,219,0,28.55,0.22,185.86,18.17,1
2024-08-06 14:00:00,14,1,8,219,0,27.87,0.22,156.72,21.28,1
2024-08-06 15:00:00,15,1,8,219,0,26.13,0.22,128.99,32.96,3
2024-08-06 16:00:00,16,1,8,219,0,30.71,0.38,81.33,38.46,2
2024-08-06 17:00:00,17,1,8,219,0,29.42,0.38,22.48,44.69,3
2024-08-06 18:00:00,18,1,8,219,0,25.85,0.38,0.0,59.3,4
2024-08-06 19:00:00,19,1,8,219,0,25.67,0.38,0.0,59.96,4
2024-08-06 20:00:00,20,1,8,219,0,24.6,0.38,0.0,41.42,3
2024-08-06 21:00:00,21,1,8,219,0,21.28,0.38,0.0,42.39,4
2024-08-06 22:00:00,22,1,8,219,0,21.31,0.22,0.0,26.14,2
2024-08-06 23:00:00,23,1,8,219,0,19.48,0.22,0.0,19.1,1
2024-08-07 00:00:00,0,2,8,220,0,19.82,0.12,0.0,9.29,1
2024-08-07 01:00:00,1,2,8,220,0,18.37,0.12,0.0,4.88,1
2024-08-07 02:00:00,2,2,8,220,0,16.09,0.12,0.0,11.16,1
2024-08-07 03:00:00,3,2,8,220,0,23.22,0.12,0.0,6.22,1
2024-08-07 04:00:00,4,2,8,220,0,21.85,0.12,0.0,12.92,1
2024-08-07 05:00:00,5,2,8,220,0,18.29,0.12,0.0,2.83,1
2024-08-07 06:00:00,6,2,8,220,0,21.19,0.12,0.0,23.64,2
2024-08-07 07:00:00,7,2,8,220,0,22.51,0.22,24.66,36.72,3
2024-08-07 08:00:00,8,2,8,220,0,25.26,0.22,75.62,36.02,2
2024-08-07 09:00:00,9,2,8,220,0,22.54,0.22,99.44,45.19,4
2024-08-07 10:00:00,10,2,8,220,0,27.65,0.22,147.83,38.79,3
2024-08-07 11:00:00,11,2,8,220,0,25.58,0.22,211.32,24.15,2
2024-08-07 12:00:00,12,2,8,220,0,25.04,0.22,153.47,20.12,1
2024-08-07 13:00:00,13,2,8,220,0,29.95,0.22,215.11,24.78,2
2024-08-07 14:00:00,14,2,8,220,0,31.59,0.22,117.98,22.34,2
2024-08-07 15:00:00,15,2,8,220,0,34.35,0.22,91.64,49.01,3
2024-08-07 16:00:00,16,2,8,220,0,26.61,0.38,66.47,42.05,4
2024-08-07 17:00:00,17,2,8,220,0,29.9,0.38,27.6,55.69,4
2024-08-07 18:00:00,18,2,8,220,0,26.89,0.38,0.0,50.61,4
2024-08-07 19:00:00,19,2,8,220,0,28.24,0.38,0.0,53.99,5
2024-08-07 20:00:00,20,2,8,220,0,22.53,0.38,0.0,42.02,3
2024-08-07 21:00:00,21,2,8,220,0,21.65,0.38,0.0,40.78,4
2024-08-07 22:00:00,22,2,8,220,0,21.33,0.22,0.0,19.85,1
2024-08-07 23:00:00,23,2,8,220,0,21.83,0.22,0.0,17.29,1
2024-08-08 00:00:00,0,3,8,221,0,19.29,0.12,0.0,2.5,1
2024-08-08 01:00:00,1,3,8,221,0,21.09,0.12,0.0,3.31,1
2024-08-08 02:00:00,2,3,8,221,0,21.33,0.12,0.0,4.24,1
2024-08-08 03:00:00,3,3,8,221,0,20.31,0.12,0.0,14.1,1
2024-08-08 04:00:00,4,3,8,221,0,22.51,0.12,0.0,10.28,1
2024-08-08 05:00:00,5,3,8,221,0,20.61,0.12,0.0,9.55,1
2024-08-08 06:00:00,6,3,8,221,0,18.14,0.12,0.0,10.63,1
2024-08-08 07:00:00,7,3,8,221,0,24.33,0.22,20.67,19.84,2
2024-08-08 08:00:00,8,3,8,221,0,21.6,0.22,70.34,32.62,3
2024-08-08 09:00:00,9,3,8,221,0,25.93,0.22,107.14,40.47,3
2024-08-08 10:00:00,10,3,8,221,0,28.55,0.22,181.23,37.71,3
2024-08-08 11:00:00,11,3,8,221,0,27.52,0.22,210.47,35.82,2
2024-08-08 12:00:00,12,3,8,221,0,24.65,0.22,214.96,22.55,2
2024-08-08 13:00:00,13,3,8,221,0,26.6,0.22,172.53,27.49,2
2024-08-08 14:00:00,14,3,8,221,0,31.58,0.22,181.58,27.47,2
2024-08-08 15:00:00,15,3,8,221,0,28.77,0.22,94.59,28.62,2
2024-08-08 16:00:00,16,3,8,221,0,29.09,0.38,54.26,39.73,3
2024-08-08 17:00:00,17,3,8,221,0,29.95,0.38,21.87,47.99,4
2024-08-08 18:00:00,18,3,8,221,0,29.03,0.38,0.0,49.15,3
2024-08-08 19:00:00,19,3,8,221,0,27.16,0.38,0.0,49.92,4
2024-08-08 20:00:00,20,3,8,221,0,24.98,0.38,0.0,49.82,4
2024-08-08 21:00:00,21,3,8,221,0,23.48,0.38,0.0,31.78,2
2024-08-08 22:00:00,22,3,8,221,0,24.53,0.22,0.0,26.26,2
2024-08-08 23:00:00,23,3,8,221,0,22.71,0.22,0.0,20.87,1
2024-08-09 00:00:00,0,4,8,222,0,19.98,0.12,0.0,4.23,1
2024-08-09 01:00:00,1,4,8,222,0,21.87,0.12,0.0,11.58,1
2024-08-09 02:00:00,2,4,8,222,0,18.95,0.12,0.0,2.5,1
2024-08-09 03:00:00,3,4,8,222,0,17.33,0.12,0.0,11.54,1
2024-08-09 04:00:00,4,4,8,222,0,17.69,0.12,0.0,2.5,1
2024-08-09 05:00:00,5,4,8,222,0,17.75,0.12,0.0,9.67,1
2024-08-09 06:00:00,6,4,8,222,0,19.95,0.12,0.0,18.71,1
2024-08-09 07:00:00,7,4,8,222,0,24.0,0.22,29.97,34.57,2
2024-08-09 08:00:00,8,4,8,222,0,21.13,0.22,77.0,52.21,4
2024-08-09 09:00:00,9,4,8,222,0,24.41,0.22,135.35,36.63,2
2024-08-09 10:00:00,10,4,8,222,0,24.01,0.22,151.14,50.99,5
2024-08-09 11:00:00,11,4,8,222,0,26.01,0.22,171.37,32.78,3
2024-08-09 12:00:00,12,4,8,222,0,24.55,0.22,196.41,22.04,2
2024-08-09 13:00:00,13,4,8,222,0,27.92,0.22,216.09,31.14,2
2024-08-09 14:00:00,14,4,8,222,0,28.48,0.22,153.38,28.5,2
2024-08-09 15:00:00,15,4,8,222,0,30.11,0.22,121.13,33.16,3
2024-08-09 16:00:00,16,4,8,222,0,29.31,0.38,71.76,38.02,3
2024-08-09 17:00:00,17,4,8,222,0,25.97,0.38,26.52,57.68,4
2024-08-09 18:00:00,18,4,8,222,0,29.74,0.38,0.0,57.72,4
2024-08-09 19:00:00,19,4,8,222,0,26.95,0.38,0.0,58.49,4
2024-08-09 20:00:00,20,4,8,222,0,25.72,0.38,0.0,52.08,3
2024-08-09 21:00:00,21,4,8,222,0,24.02,0.38,0.0,30.83,2
2024-08-09 22:00:00,22,4,8,222,0,21.7,0.22,0.0,29.61,2
2024-08-09 23:00:00,23,4,8,222,0,21.97,0.22,0.0,17.05,1
2024-08-10 00:00:00,0,5,8,223,1,21.37,0.1,0.0,15.56,1
2024-08-10 01:00:00,1,5,8,223,1,16.13,0.1,0.0,11.27,1
2024-08-10 02:00:00,2,5,8,223,1,18.05,0.1,0.0,2.5,1
2024-08-10 03:00:00,3,5,8,223,1,18.45,0.1,0.0,4.96,1
2024-08-10 04:00:00,4,5,8,223,1,19.64,0.1,0.0,12.47,1
2024-08-10 05:00:00,5,5,8,223,1,22.01,0.1,0.0,8.27,1
2024-08-10 06:00:00,6,5,8,223,1,18.88,0.1,0.0,8.12,1
2024-08-10 07:00:00,7,5,8,223,1,20.46,0.1,17.23,9.85,1
2024-08-10 08:00:00,8,5,8,223,1,21.64,0.1,75.29,17.25,1
2024-08-10 09:00:00,9,5,8,223,1,22.36,0.1,111.23,25.75,2
2024-08-10 10:00:00,10,5,8,223,1,24.56,0.15,170.95,32.0,3
2024-08-10 11:00:00,11,5,8,223,1,28.0,0.15,166.31,44.36,3
2024-08-10 12:00:00,12,5,8,223,1,25.39,0.15,226.8,44.67,3
2024-08-10 13:00:00,13,5,8,223,1,29.14,0.15,213.06,53.07,5
2024-08-10 14:00:00,14,5,8,223,1,25.38,0.15,173.31,55.67,4
2024-08-10 15:00:00,15,5,8,223,1,27.84,0.15,131.51,55.99,5
2024-08-10 16:00:00,16,5,8,223,1,28.13,0.15,63.39,50.34,3
2024-08-10 17:00:00,17,5,8,223,1,31.64,0.15,24.06,46.56,3
2024-08-10 18:00:00,18,5,8,223,1,26.94,0.15,0.0,40.61,3
2024-08-10 19:00:00,19,5,8,223,1,22.06,0.1,0.0,42.91,3
2024-08-10 20:00:00,20,5,8,223,1,21.25,0.1,0.0,33.87,2
2024-08-10 21:00:00,21,5,8,223,1,24.03,0.1,0.0,24.36,2
2024-08-10 22:00:00,22,5,8,223,1,23.89,0.1,0.0,16.98,1
2024-08-10 23:00:00,23,5,8,223,1,22.21,0.1,0.0,8.2,1
2024-08-11 00:00:00,0,6,8,224,1,20.68,0.1,0.0,7.5,1
2024-08-11 01:00:00,1,6,8,224,1,21.87,0.1,0.0,4.45,1
2024-08-11 02:00:00,2,6,8,224,1,17.97,0.1,0.0,6.8,1
2024-08-11 03:00:00,3,6,8,224,1,20.67,0.1,0.0,8.28,1
2024-08-11 04:00:00,4,6,8,224,1,15.79,0.1,0.0,5.74,1
2024-08-11 05:00:00,5,6,8,224,1,17.74,0.1,0.0,2.56,1
2024-08-11 06:00:00,6,6,8,224,1,16.73,0.1,0.0,19.07,1
2024-08-11 07:00:00,7,6,8,224,1,20.83,0.1,29.75,9.83,1
2024-08-11 08:00:00,8,6,8,224,1,22.49,0.1,67.63,18.83,2
2024-08-11 09:00:00,9,6,8,224,1,24.11,0.1,119.49,27.26,2
2024-08-11 10:00:00,10,6,8,224,1,25.3,0.15,150.92,36.97,3
2024-08-11 11:00:00,11,6,8,224,1,24.53,0.15,206.93,35.51,2
2024-08-11 12:00:00,12,6,8,224,1,27.04,0.15,203.06,47.75,3
2024-08-11 13:00:00,13,6,8,224,1,25.22,0.15,162.94,60.99,5
2024-08-11 14:00:00,14,6,8,224,1,31.44,0.15,139.08,67.42,5
2024-08-11 15:00:00,15,6,8,224,1,28.27,0.15,86.01,51.13,4
2024-08-11 16:00:00,16,6,8,224,1,27.73,0.15,62.33,51.44,5
2024-08-11 17:00:00,17,6,8,224,1,31.39,0.15,29.02,44.65,4
2024-08-11 18:00:00,18,6,8,224,1,24.93,0.15,0.0,44.11,3
2024-08-11 19:00:00,19,6,8,224,1,24.13,0.1,0.0,45.63,4
2024-08-11 20:00:00,20,6,8,224,1,22.98,0.1,0.0,30.63,2
2024-08-11 21:00:00,21,6,8,224,1,23.74,0.1,0.0,26.13,2
2024-08-11 22:00:00,22,6,8,224,1,23.45,0.1,0.0,21.23,2
2024-08-11 23:00:00,23,6,8,224,1,22.86,0.1,0.0,14.29,1
2024-08-12 00:00:00,0,0,8,225,0,25.41,0.12,0.0,2.5,1
2024-08-12 01:00:00,1,0,8,225,0,14.97,0.12,0.0,6.99,1
2024-08-12 02:00:00,2,0,8,225,0,20.19,0.12,0.0,2.5,1
2024-08-12 03:00:00,3,0,8,225,0,17.69,0.12,0.0,2.5,1
2024-08-12 04:00:00,4,0,8,225,0,17.8,0.12,0.0,2.5,1
2024-08-12 05:00:00,5,0,8,225,0,18.23,0.12,0.0,4.89,1
2024-08-12 06:00:00,6,0,8,225,0,18.45,0.12,0.0,10.55,1
2024-08-12 07:00:00,7,0,8,225,0,24.67,0.22,25.63,23.95,2
2024-08-12 08:00:00,8,0,8,225,0,24.19,0.22,65.8,47.55,4
2024-08-12 09:00:00,9,0,8,225,0,23.85,0.22,93.97,40.42,3
2024-08-12 10:00:00,10,0,8,225,0,27.8,0.22,159.52,39.9,3
2024-08-12 11:00:00,11,0,8,225,0,23.28,0.22,188.91,35.76,3
2024-08-12 12:00:00,12,0,8,225,0,24.67,0.22,162.89,35.06,3
2024-08-12 13:00:00,13,0,8,225,0,23.77,0.22,150.27,23.23,2
2024-08-12 14:00:00,14,0,8,225,0,27.23,0.22,170.24,21.42,2
2024-08-12 15:00:00,15,0,8,225,0,29.12,0.22,131.79,40.61,3
2024-08-12 16:00:00,16,0,8,225,0,28.84,0.38,71.85,35.42,3
2024-08-12 17:00:00,17,0,8,225,0,28.43,0.38,29.64,55.38,4
2024-08-12 18:00:00,18,0,8,225,0,24.51,0.38,0.0,58.91,4
2024-08-12 19:00:00,19,0,8,225,0,27.91,0.38,0.0,59.55,4
2024-08-12 20:00:00,20,0,8,225,0,25.57,0.38,0.0,52.86,3
2024-08-12 21:00:00,21,0,8,225,0,25.27,0.38,0.0,36.62,3
2024-08-12 22:00:00,22,0,8,225,0,18.72,0.22,0.0,23.47,2
2024-08-12 23:00:00,23,0,8,225,0,21.92,0.22,0.0,19.62,1
2024-08-13 00:00:00,0,1,8,226,0,17.81,0.12,0.0,2.5,1
2024-08-13 01:00:00,1,1,8,226,0,18.59,0.12,0.0,11.66,1
2024-08-13 02:00:00,2,1,8,226,0,19.96,0.12,0.0,18.31,1
2024-08-13 03:00:00,3,1,8,226,0,18.9,0.12,0.0,2.5,1
2024-08-13 04:00:00,4,1,8,226,0,17.18,0.12,0.0,2.5,1
2024-08-13 05:00:00,5,1,8,226,0,19.4,0.12,0.0,12.49,1
2024-08-13 06:00:00,6,1,8,226,0,17.12,0.12,0.0,15.43,1
2024-08-13 07:00:00,7,1,8,226,0,23.52,0.22,27.41,18.3,2
2024-08-13 08:00:00,8,1,8,226,0,22.01,0.22,68.62,29.98,3
2024-08-13 09:00:00,9,1,8,226,0,25.95,0.22,114.82,44.17,3
2024-08-13 10:00:00,10,1,8,226,0,23.96,0.22,179.35,40.11,3
2024-08-13 11:00:00,11,1,8,226,0,25.17,0.22,199.17,25.68,2
2024-08-13 12:00:00,12,1,8,226,0,25.72,0.22,199.28,32.96,2
2024-08-13 13:00:00,13,1,8,226,0,29.8,0.22,186.41,27.06,2
2024-08-13 14:00:00,14,1,8,226,0,27.13,0.22,166.52,24.83,2
2024-08-13 15:00:00,15,1,8,226,0,30.01,0.22,109.84,30.23,2
2024-08-13 16:00:00,16,1,8,226,0,27.78,0.38,77.58,35.6,2
2024-08-13 17:00:00,17,1,8,226,0,24.1,0.38,22.17,44.54,4
2024-08-13 18:00:00,18,1,8,226,0,26.11,0.38,0.0,70.06,5
2024-08-13 19:00:00,19,1,8,226,0,23.86,0.38,0.0,53.76,4
2024-08-13 20:00:00,20,1,8,226,0,25.08,0.38,0.0,49.16,3
2024-08-13 21:00:00,21,1,8,226,0,21.34,0.38,0.0,29.77,2
2024-08-13 22:00:00,22,1,8,226,0,24.27,0.22,0.0,23.92,2
2024-08-13 23:00:00,23,1,8,226,0,21.03,0.22,0.0,15.88,1
2024-08-14 00:00:00,0,2,8,227,0,19.74,0.12,0.0,5.69,1
2024-08-14 01:00:00,1,2,8,227,0,20.61,0.12,0.0,2.5,1
2024-08-14 02:00:00,2,2,8,227,0,20.73,0.12,0.0,4.04,1
2024-08-14 03:00:00,3,2,8,227,0,18.59,0.12,0.0,11.09,1
2024-08-14 04:00:00,4,2,8,227,0,17.26,0.12,0.0,2.5,1
2024-08-14 05:00:00,5,2,8,227,0,15.75,0.12,0.0,24.9,2
2024-08-14 06:00:00,6,2,8,227,0,18.72,0.12,0.0,15.67,1
2024-08-14 07:00:00,7,2,8,227,0,19.9,0.22,21.75,25.7,2
2024-08-14 08:00:00,8,2,8,227,0,22.55,0.22,78.97,29.95,2
2024-08-14 09:00:00,9,2,8,227,0,22.94,0.22,125.01,42.35,3
2024-08-14 10:00:00,10,2,8,227,0,26.3,0.22,123.65,39.16,3
2024-08-14 11:00:00,11,2,8,227,0,24.91,0.22,185.64,25.64,2
2024-08-14 12:00:00,12,2,8,227,0,27.05,0.22,206.9,31.57,2
2024-08-14 13:00:00,13,2,8,227,0,30.33,0.22,171.58,19.77,2
2024-08-14 14:00:00,14,2,8,227,0,29.14,0.22,126.44,24.83,2
2024-08-14 15:00:00,15,2,8,227,0,28.51,0.22,121.31,39.53,3
2024-08-14 16:00:00,16,2,8,227,0,27.26,0.38,78.97,32.61,3
2024-08-14 17:00:00,17,2,8,227,0,26.7,0.38,24.52,44.53,3
2024-08-14 18:00:00,18,2,8,227,0,25.47,0.38,0.0,55.12,4
2024-08-14 19:00:00,19,2,8,227,0,25.05,0.38,0.0,55.33,4
2024-08-14 20:00:00,20,2,8,227,0,26.44,0.38,0.0,49.56,4
2024-08-14 21:00:00,21,2,8,227,0,23.19,0.38,0.0,47.19,3
2024-08-14 22:00:00,22,2,8,227,0,19.64,0.22,0.0,33.6,2
2024-08-14 23:00:00,23,2,8,227,0,24.67,0.22,0.0,19.06,2
2024-08-15 00:00:00,0,3,8,228,0,20.65,0.12,0.0,7.6,1
2024-08-15 01:00:00,1,3,8,228,0,16.4,0.12,0.0,3.06,1
2024-08-15 02:00:00,2,3,8,228,0,17.83,0.12,0.0,2.5,1
2024-08-15 03:00:00,3,3,8,228,0,18.76,0.12,0.0,28.7,2
2024-08-15 04:00:00,4,3,8,228,0,22.12,0.12,0.0,3.71,1
2024-08-15 05:00:00,5,3,8,228,0,17.0,0.12,0.0,6.24,1
2024-08-15 06:00:00,6,3,8,228,0,21.96,0.12,0.0,9.9,1
2024-08-15 07:00:00,7,3,8,228,0,23.84,0.22,23.69,26.62,2
2024-08-15 08:00:00,8,3,8,228,0,20.99,0.22,58.41,33.37,3
2024-08-15 09:00:00,9,3,8,228,0,22.99,0.22,87.43,50.34,4
2024-08-15 10:00:00,10,3,8,228,0,22.76,0.22,165.61,48.25,4
2024-08-15 11:00:00,11,3,8,228,0,25.64,0.22,202.45,29.27,2
2024-08-15 12:00:00,12,3,8,228,0,27.01,0.22,185.19,32.33,2
2024-08-15 13:00:00,13,3,8,228,0,29.19,0.22,185.48,22.89,2
2024-08-15 14:00:00,14,3,8,228,0,30.55,0.22,132.6,22.07,1
2024-08-15 15:00:00,15,3,8,228,0,27.05,0.22,118.52,28.5,2
2024-08-15 16:00:00,16,3,8,228,0,24.44,0.38,73.76,39.71,3
2024-08-15 17:00:00,17,3,8,228,0,27.83,0.38,23.9,46.02,4
2024-08-15 18:00:00,18,3,8,228,0,27.67,0.38,0.0,57.09,4
2024-08-15 19:00:00,19,3,8,228,0,26.54,0.38,0.0,57.95,4
2024-08-15 20:00:00,20,3,8,228,0,24.18,0.38,0.0,46.01,3
2024-08-15 21:00:00,21,3,8,228,0,23.79,0.38,0.0,31.97,2
2024-08-15 22:00:00,22,3,8,228,0,25.28,0.22,0.0,23.82,2
2024-08-15 23:00:00,23,3,8,228,0,21.81,0.22,0.0,22.13,2
2024-08-16 00:00:00,0,4,8,229,0,19.17,0.12,0.0,2.5,1
2024-08-16 01:00:00,1,4,8,229,0,18.12,0.12,0.0,2.5,1
2024-08-16 02:00:00,2,4,8,229,0,18.28,0.12,0.0,2.85,1
2024-08-16 03:00:00,3,4,8,229,0,21.73,0.12,0.0,12.63,1
2024-08-16 04:00:00,4,4,8,229,0,18.26,0.12,0.0,13.67,1
2024-08-16 05:00:00,5,4,8,229,0,19.08,0.12,0.0,11.09,1
2024-08-16 06:00:00,6,4,8,229,0,18.95,0.12,0.0,20.76,2
2024-08-16 07:00:00,7,4,8,229,0,23.15,0.22,29.18,21.12,1
2024-08-16 08:00:00,8,4,8,229,0,26.08,0.22,58.44,30.9,2
2024-08-16 09:00:00,9,4,8,229,0,24.35,0.22,131.75,42.26,3
2024-08-16 10:00:00,10,4,8,229,0,24.91,0.22,141.18,41.79,3
2024-08-16 11:00:00,11,4,8,229,0,26.03,0.22,155.33,39.87,3
2024-08-16 12:00:00,12,4,8,229,0,22.22,0.22,198.51,19.63,2
2024-08-16 13:00:00,13,4,8,229,0,29.27,0.22,210.35,22.74,2
2024-08-16 14:00:00,14,4,8,229,0,28.55,0.22,116.2,22.15,2
2024-08-16 15:00:00,15,4,8,229,0,29.31,0.22,113.71,25.28,2
2024-08-16 16:00:00,16,4,8,229,0,26.86,0.38,73.42,37.42,3
2024-08-16 17:00:00,17,4,8,229,0,27.01,0.38,25.79,50.59,4
2024-08-16 18:00:00,18,4,8,229,0,26.17,0.38,0.0,53.89,4
2024-08-16 19:00:00,19,4,8,229,0,28.0,0.38,0.0,54.05,4
2024-08-16 20:00:00,20,4,8,229,0,23.99,0.38,0.0,45.8,3
2024-08-16 21:00:00,21,4,8,229,0,27.62,0.38,0.0,28.98,3
2024-08-16 22:00:00,22,4,8,229,0,23.02,0.22,0.0,24.3,2
2024-08-16 23:00:00,23,4,8,229,0,18.4,0.22,0.0,8.89,1
2024-08-17 00:00:00,0,5,8,230,1,19.57,0.1,0.0,10.45,1
2024-08-17 01:00:00,1,5,8,230,1,17.73,0.1,0.0,3.98,1
2024-08-17 02:00:00,2,5,8,230,1,14.14,0.1,0.0,14.74,1
2024-08-17 03:00:00,3,5,8,230,1,21.56,0.1,0.0,2.5,1
2024-08-17 04:00:00,4,5,8,230,1,19.94,0.1,0.0,15.07,1
2024-08-17 05:00:00,5,5,8,230,1,20.1,0.1,0.0,5.09,1
2024-08-17 06:00:00,6,5,8,230,1,20.15,0.1,0.0,20.4,1
2024-08-17 07:00:00,7,5,8,230,1,18.1,0.1,29.06,16.49,1
2024-08-17 08:00:00,8,5,8,230,1,21.1,0.1,69.17,27.26,2
2024-08-17 09:00:00,9,5,8,230,1,25.04,0.1,105.97,24.92,2
2024-08-17 10:00:00,10,5,8,230,1,22.55,0.15,128.32,37.82,2
2024-08-17 11:00:00,11,5,8,230,1,20.8,0.15,187.86,42.13,3
2024-08-17 12:00:00,12,5,8,230,1,26.44,0.15,220.67,43.84,3
2024-08-17 13:00:00,13,5,8,230,1,27.41,0.15,174.57,50.09,3
2024-08-17 14:00:00,14,5,8,230,1,28.46,0.15,154.78,64.41,5
2024-08-17 15:00:00,15,5,8,230,1,29.82,0.15,131.21,52.28,3
2024-08-17 16:00:00,16,5,8,230,1,29.46,0.15,71.85,49.98,4
2024-08-17 17:00:00,17,5,8,230,1,28.21,0.15,20.09,45.27,3
2024-08-17 18:00:00,18,5,8,230,1,29.29,0.15,0.0,40.7,3
2024-08-17 19:00:00,19,5,8,230,1,22.82,0.1,0.0,38.46,3
2024-08-17 20:00:00,20,5,8,230,1,25.66,0.1,0.0,33.02,3
2024-08-17 21:00:00,21,5,8,230,1,24.61,0.1,0.0,23.43,2
2024-08-17 22:00:00,22,5,8,230,1,19.59,0.1,0.0,24.75,2
2024-08-17 23:00:00,23,5,8,230,1,17.85,0.1,0.0,10.07,1
2024-08-18 00:00:00,0,6,8,231,1,18.24,0.1,0.0,15.57,1
2024-08-18 01:00:00,1,6,8,231,1,17.61,0.1,0.0,4.86,1
2024-08-18 02:00:00,2,6,8,231,1,19.94,0.1,0.0,6.78,1
2024-08-18 03:00:00,3,6,8,231,1,17.03,0.1,0.0,4.5,1
2024-08-18 04:00:00,4,6,8,231,1,16.72,0.1,0.0,7.51,1
2024-08-18 05:00:00,5,6,8,231,1,17.71,0.1,0.0,7.7,1
2024-08-18 06:00:00,6,6,8,231,1,21.97,0.1,0.0,14.56,1
2024-08-18 07:00:00,7,6,8,231,1,20.79,0.1,25.81,12.66,1
2024-08-18 08:00:00,8,6,8,231,1,21.61,0.1,66.48,27.97,2
2024-08-18 09:00:00,9,6,8,231,1,23.04,0.1,96.17,22.29,2
2024-08-18 10:00:00,10,6,8,231,1,27.14,0.15,144.99,34.55,2
2024-08-18 11:00:00,11,6,8,231,1,24.27,0.15,194.67,44.44,3
2024-08-18 12:00:00,12,6,8,231,1,29.43,0.15,194.49,55.36,3
2024-08-18 13:00:00,13,6,8,231,1,28.01,0.15,181.53,50.56,3
2024-08-18 14:00:00,14,6,8,231,1,27.77,0.15,177.11,60.37,5
2024-08-18 15:00:00,15,6,8,231,1,33.27,0.15,126.45,68.89,6
2024-08-18 16:00:00,16,6,8,231,1,25.98,0.15,76.32,54.63,5
2024-08-18 17:00:00,17,6,8,231,1,26.89,0.15,24.89,43.17,3
2024-08-18 18:00:00,18,6,8,231,1,24.33,0.15,0.0,42.24,3
2024-08-18 19:00:00,19,6,8,231,1,27.67,0.1,0.0,41.07,3
2024-08-18 20:00:00,20,6,8,231,1,27.94,0.1,0.0,31.04,2
2024-08-18 21:00:00,21,6,8,231,1,26.6,0.1,0.0,32.61,2
2024-08-18 22:00:00,22,6,8,231,1,24.42,0.1,0.0,12.45,1
2024-08-18 23:00:00,23,6,8,231,1,20.37,0.1,0.0,8.72,1
2024-08-19 00:00:00,0,0,8,232,0,18.9,0.12,0.0,2.92,1
2024-08-19 01:00:00,1,0,8,232,0,15.49,0.12,0.0,10.02,1
2024-08-19 02:00:00,2,0,8,232,0,22.41,0.12,0.0,5.35,1
2024-08-19 03:00:00,3,0,8,232,0,19.1,0.12,0.0,9.1,1
2024-08-19 04:00:00,4,0,8,232,0,17.35,0.12,0.0,6.06,1
2024-08-19 05:00:00,5,0,8,232,0,21.49,0.12,0.0,9.6,1
2024-08-19 06:00:00,6,0,8,232,0,17.68,0.12,0.0,12.64,1
2024-08-19 07:00:00,7,0,8,232,0,21.48,0.22,21.6,26.12,2
2024-08-19 08:00:00,8,0,8,232,0,21.53,0.22,72.65,39.87,3
2024-08-19 09:00:00,9,0,8,232,0,24.44,0.22,122.38,37.46,3
2024-08-19 10:00:00,10,0,8,232,0,24.33,0.22,148.53,36.66,3
2024-08-19 11:00:00,11,0,8,232,0,22.76,0.22,200.63,32.07,3
2024-08-19 12:00:00,12,0,8,232,0,26.85,0.22,143.78,26.91,2
2024-08-19 13:00:00,13,0,8,232,0,29.59,0.22,165.19,19.02,1
2024-08-19 14:00:00,14,0,8,232,0,27.94,0.22,151.6,34.48,2
2024-08-19 15:00:00,15,0,8,232,0,29.72,0.22,96.2,31.69,3
2024-08-19 16:00:00,16,0,8,232,0,25.9,0.38,51.85,35.8,2
2024-08-19 17:00:00,17,0,8,232,0,27.44,0.38,24.29,63.62,5
2024-08-19 18:00:00,18,0,8,232,0,25.45,0.38,0.0,57.4,4
2024-08-19 19:00:00,19,0,8,232,0,27.16,0.38,0.0,58.09,5
2024-08-19 20:00:00,20,0,8,232,0,24.52,0.38,0.0,47.54,4
2024-08-19 21:00:00,21,0,8,232,0,24.55,0.38,0.0,33.9,3
2024-08-19 22:00:00,22,0,8,232,0,24.05,0.22,0.0,28.0,2
2024-08-19 23:00:00,23,0,8,232,0,22.05,0.22,0.0,10.43,1
2024-08-20 00:00:00,0,1,8,233,0,20.08,0.12,0.0,5.31,1
2024-08-20 01:00:00,1,1,8,233,0,16.74,0.12,0.0,2.5,1
2024-08-20 02:00:00,2,1,8,233,0,18.23,0.12,0.0,2.5,1
2024-08-20 03:00:00,3,1,8,233,0,17.0,0.12,0.0,2.5,1
2024-08-20 04:00:00,4,1,8,233,0,17.55,0.12,0.0,3.09,1
2024-08-20 05:00:00,5,1,8,233,0,17.99,0.12,0.0,5.71,1
2024-08-20 06:00:00,6,1,8,233,0,17.57,0.12,0.0,7.97,1
2024-08-20 07:00:00,7,1,8,233,0,16.65,0.22,25.73,32.11,3
2024-08-20 08:00:00,8,1,8,233,0,20.43,0.22,74.29,38.84,3
2024-08-20 09:00:00,9,1,8,233,0,23.45,0.22,108.3,36.98,3
2024-08-20 10:00:00,10,1,8,233,0,21.66,0.22,162.87,34.92,2
2024-08-20 11:00:00,11,1,8,233,0,25.6,0.22,182.4,26.44,2
2024-08-20 12:00:00,12,1,8,233,0,30.4,0.22,216.21,22.89,2
2024-08-20 13:00:00,13,1,8,233,0,29.44,0.22,177.35,20.95,1
2024-08-20 14:00:00,14,1,8,233,0,31.18,0.22,152.87,40.63,4
2024-08-20 15:00:00,15,1,8,233,0,28.85,0.22,108.19,30.28,2
2024-08-20 16:00:00,16,1,8,233,0,30.23,0.38,66.29,39.12,3
2024-08-20 17:00:00,17,1,8,233,0,25.95,0.38,22.55,44.58,4
2024-08-20 18:00:00,18,1,8,233,0,25.31,0.38,0.0,59.46,4
2024-08-20 19:00:00,19,1,8,233,0,20.09,0.38,0.0,52.86,4
2024-08-20 20:00:00,20,1,8,233,0,26.73,0.38,0.0,41.68,3
2024-08-20 21:00:00,21,1,8,233,0,26.15,0.38,0.0,31.44,3
2024-08-20 22:00:00,22,1,8,233,0,20.66,0.22,0.0,22.43,2
2024-08-20 23:00:00,23,1,8,233,0,20.06,0.22,0.0,17.35,1
2024-08-21 00:00:00,0,2,8,234,0,17.92,0.12,0.0,4.99,1
2024-08-21 01:00:00,1,2,8,234,0,19.4,0.12,0.0,6.23,1
2024-08-21 02:00:00,2,2,8,234,0,20.38,0.12,0.0,10.34,1
2024-08-21 03:00:00,3,2,8,234,0,14.48,0.12,0.0,2.5,1
2024-08-21 04:00:00,4,2,8,234,0,18.95,0.12,0.0,4.7,1
2024-08-21 05:00:00,5,2,8,234,0,18.08,0.12,0.0,6.13,1
2024-08-21 06:00:00,6,2,8,234,0,19.65,0.12,0.0,16.93,1
2024-08-21 07:00:00,7,2,8,234,0,21.38,0.22,21.71,25.44,2
2024-08-21 08:00:00,8,2,8,234,0,21.29,0.22,76.7,29.19,2
2024-08-21 09:00:00,9,2,8,234,0,22.75,0.22,129.0,43.09,4
2024-08-21 10:00:00,10,2,8,234,0,23.83,0.22,118.48,35.4,2
2024-08-21 11:00:00,11,2,8,234,0,27.4,0.22,154.43,37.73,3
2024-08-21 12:00:00,12,2,8,234,0,27.33,0.22,211.04,23.92,2
2024-08-21 13:00:00,13,2,8,234,0,27.73,0.22,193.92,19.88,2
2024-08-21 14:00:00,14,2,8,234,0,25.25,0.22,170.16,32.59,2
2024-08-21 15:00:00,15,2,8,234,0,27.2,0.22,104.64,28.7,2
2024-08-21 16:00:00,16,2,8,234,0,29.59,0.38,76.7,42.31,3
2024-08-21 17:00:00,17,2,8,234,0,27.37,0.38,25.54,50.47,3
2024-08-21 18:00:00,18,2,8,234,0,27.82,0.38,0.0,62.59,5
2024-08-21 19:00:00,19,2,8,234,0,28.99,0.38,0.0,57.57,4
2024-08-21 20:00:00,20,2,8,234,0,26.33,0.38,0.0,52.47,3
2024-08-21 21:00:00,21,2,8,234,0,23.15,0.38,0.0,34.74,3
2024-08-21 22:00:00,22,2,8,234,0,20.65,0.22,0.0,34.93,3
2024-08-21 23:00:00,23,2,8,234,0,15.35,0.22,0.0,14.49,1
2024-08-22 00:00:00,0,3,8,235,0,18.98,0.12,0.0,2.5,1
2024-08-22 01:00:00,1,3,8,235,0,17.87,0.12,0.0,2.5,1
2024-08-22 02:00:00,2,3,8,235,0,18.81,0.12,0.0,2.5,1
2024-08-22 03:00:00,3,3,8,235,0,17.55,0.12,0.0,17.31,1
2024-08-22 04:00:00,4,3,8,235,0,17.39,0.12,0.0,5.81,1
2024-08-22 05:00:00,5,3,8,235,0,14.97,0.12,0.0,2.5,1
2024-08-22 06:00:00,6,3,8,235,0,17.44,0.12,0.0,17.33,1
2024-08-22 07:00:00,7,3,8,235,0,21.31,0.22,27.77,21.91,1
2024-08-22 08:00:00,8,3,8,235,0,24.99,0.22,52.12,42.59,3
2024-08-22 09:00:00,9,3,8,235,0,22.66,0.22,128.43,44.65,3
2024-08-22 10:00:00,10,3,8,235,0,24.81,0.22,134.29,40.88,3
2024-08-22 11:00:00,11,3,8,235,0,27.26,0.22,153.3,28.17,2
2024-08-22 12:00:00,12,3,8,235,0,24.77,0.22,196.51,37.47,3
2024-08-22 13:00:00,13,3,8,235,0,27.92,0.22,154.9,24.03,2
2024-08-22 14:00:00,14,3,8,235,0,26.21,0.22,138.42,28.85,2
2024-08-22 15:00:00,15,3,8,235,0,29.59,0.22,118.47,28.92,2
2024-08-22 16:00:00,16,3,8,235,0,27.99,0.38,44.94,36.02,3
2024-08-22 17:00:00,17,3,8,235,0,27.78,0.38,28.44,42.7,3
2024-08-22 18:00:00,18,3,8,235,0,24.83,0.38,0.0,53.92,5
2024-08-22 19:00:00,19,3,8,235,0,26.77,0.38,0.0,56.96,4
2024-08-22 20:00:00,20,3,8,235,0,28.32,0.38,0.0,40.67,3
2024-08-22 21:00:00,21,3,8,235,0,20.84,0.38,0.0,29.25,2
2024-08-22 22:00:00,22,3,8,235,0,20.88,0.22,0.0,21.98,1
2024-08-22 23:00:00,23,3,8,235,0,20.82,0.22,0.0,11.2,1
2024-08-23 00:00:00,0,4,8,236,0,20.79,0.12,0.0,2.5,1
2024-08-23 01:00:00,1,4,8,236,0,17.3,0.12,0.0,2.59,1
2024-08-23 02:00:00,2,4,8,236,0,12.25,0.12,0.0,6.9,1
2024-08-23 03:00:00,3,4,8,236,0,20.47,0.12,0.0,2.5,1
2024-08-23 04:00:00,4,4,8,236,0,19.44,0.12,0.0,2.5,1
2024-08-23 05:00:00,5,4,8,236,0,14.93,0.12,0.0,9.32,1
2024-08-23 06:00:00,6,4,8,236,0,18.0,0.12,0.0,20.31,1
2024-08-23 07:00:00,7,4,8,236,0,23.39,0.22,22.84,35.48,3
2024-08-23 08:00:00,8,4,8,236,0,24.35,0.22,66.42,30.68,2
2024-08-23 09:00:00,9,4,8,236,0,24.63,0.22,123.23,37.64,3
2024-08-23 10:00:00,10,4,8,236,0,23.69,0.22,118.11,34.53,2
2024-08-23 11:00:00,11,4,8,236,0,25.41,0.22,204.14,48.52,4
2024-08-23 12:00:00,12,4,8,236,0,26.02,0.22,159.83,22.73,2
2024-08-23 13:00:00,13,4,8,236,0,29.34,0.22,172.11,38.48,3
2024-08-23 14:00:00,14,4,8,236,0,25.83,0.22,173.3,27.29,2
2024-08-23 15:00:00,15,4,8,236,0,26.14,0.22,117.55,37.79,2
2024-08-23 16:00:00,16,4,8,236,0,29.6,0.38,70.0,39.02,3
2024-08-23 17:00:00,17,4,8,236,0,26.99,0.38,20.9,46.95,3
2024-08-23 18:00:00,18,4,8,236,0,29.04,0.38,0.0,53.81,3
2024-08-23 19:00:00,19,4,8,236,0,23.91,0.38,0.0,48.49,3
2024-08-23 20:00:00,20,4,8,236,0,23.93,0.38,0.0,50.22,4
2024-08-23 21:00:00,21,4,8,236,0,20.9,0.38,0.0,41.88,4
2024-08-23 22:00:00,22,4,8,236,0,21.47,0.22,0.0,19.54,1
2024-08-23 23:00:00,23,4,8,236,0,17.29,0.22,0.0,12.35,1
2024-08-24 00:00:00,0,5,8,237,1,18.13,0.1,0.0,2.92,1
2024-08-24 01:00:00,1,5,8,237,1,15.44,0.1,0.0,13.33,1
2024-08-24 02:00:00,2,5,8,237,1,19.2,0.1,0.0,2.5,1
2024-08-24 03:00:00,3,5,8,237,1,19.07,0.1,0.0,7.54,1
2024-08-24 04:00:00,4,5,8,237,1,14.35,0.1,0.0,16.84,1
2024-08-24 05:00:00,5,5,8,237,1,20.98,0.1,0.0,7.14,1
2024-08-24 06:00:00,6,5,8,237,1,24.1,0.1,0.0,10.89,1
2024-08-24 07:00:00,7,5,8,237,1,20.23,0.1,22.54,8.78,1
2024-08-24 08:00:00,8,5,8,237,1,20.06,0.1,75.4,17.96,1
2024-08-24 09:00:00,9,5,8,237,1,28.29,0.1,108.58,22.3,2
2024-08-24 10:00:00,10,5,8,237,1,21.3,0.15,129.9,32.02,2
2024-08-24 11:00:00,11,5,8,237,1,25.18,0.15,173.03,55.81,5
2024-08-24 12:00:00,12,5,8,237,1,26.53,0.15,177.82,60.46,4
2024-08-24 13:00:00,13,5,8,237,1,29.66,0.15,203.22,62.44,4
2024-08-24 14:00:00,14,5,8,237,1,28.19,0.15,144.18,54.82,4
2024-08-24 15:00:00,15,5,8,237,1,26.64,0.15,107.79,52.14,4
2024-08-24 16:00:00,16,5,8,237,1,25.57,0.15,75.68,45.89,4
2024-08-24 17:00:00,17,5,8,237,1,26.29,0.15,26.52,48.48,4
2024-08-24 18:00:00,18,5,8,237,1,24.16,0.15,0.0,38.17,3
2024-08-24 19:00:00,19,5,8,237,1,25.23,0.1,0.0,40.37,3
2024-08-24 20:00:00,20,5,8,237,1,22.8,0.1,0.0,34.58,3
2024-08-24 21:00:00,21,5,8,237,1,19.65,0.1,0.0,20.6,2
2024-08-24 22:00:00,22,5,8,237,1,23.86,0.1,0.0,19.91,2
2024-08-24 23:00:00,23,5,8,237,1,19.14,0.1,0.0,12.21,1
2024-08-25 00:00:00,0,6,8,238,1,16.45,0.1,0.0,6.38,1
2024-08-25 01:00:00,1,6,8,238,1,17.86,0.1,0.0,9.37,1
2024-08-25 02:00:00,2,6,8,238,1,17.83,0.1,0.0,5.5,1
2024-08-25 03:00:00,3,6,8,238,1,14.03,0.1,0.0,5.91,1
2024-08-25 04:00:00,4,6,8,238,1,18.36,0.1,0.0,6.45,1
2024-08-25 05:00:00,5,6,8,238,1,16.1,0.1,0.0,6.82,1
2024-08-25 06:00:00,6,6,8,238,1,22.41,0.1,0.0,3.09,1
2024-08-25 07:00:00,7,6,8,238,1,21.07,0.1,23.74,12.99,1
2024-08-25 08:00:00,8,6,8,238,1,20.43,0.1,75.34,22.05,2
2024-08-25 09:00:00,9,6,8,238,1,21.04,0.1,92.77,23.79,2
2024-08-25 10:00:00,10,6,8,238,1,23.61,0.15,171.73,31.1,2
2024-08-25 11:00:00,11,6,8,238,1,26.25,0.15,166.0,36.69,3
2024-08-25 12:00:00,12,6,8,238,1,26.01,0.15,154.67,44.83,4
2024-08-25 13:00:00,13,6,8,238,1,26.42,0.15,202.29,55.03,5
2024-08-25 14:00:00,14,6,8,238,1,27.47,0.15,171.73,52.84,5
2024-08-25 15:00:00,15,6,8,238,1,26.32,0.15,114.72,56.31,4
2024-08-25 16:00:00,16,6,8,238,1,26.67,0.15,66.6,49.96,3
2024-08-25 17:00:00,17,6,8,238,1,22.69,0.15,26.17,49.26,4
2024-08-25 18:00:00,18,6,8,238,1,28.01,0.15,0.0,40.72,4
2024-08-25 19:00:00,19,6,8,238,1,25.62,0.1,0.0,42.33,3
2024-08-25 20:00:00,20,6,8,238,1,22.27,0.1,0.0,28.51,2
2024-08-25 21:00:00,21,6,8,238,1,26.32,0.1,0.0,29.12,2
2024-08-25 22:00:00,22,6,8,238,1,21.41,0.1,0.0,18.09,1
2024-08-25 23:00:00,23,6,8,238,1,17.95,0.1,0.0,33.51,3
2024-08-26 00:00:00,0,0,8,239,0,20.59,0.12,0.0,5.49,1
2024-08-26 01:00:00,1,0,8,239,0,18.88,0.12,0.0,4.55,1
2024-08-26 02:00:00,2,0,8,239,0,18.37,0.12,0.0,4.95,1
2024-08-26 03:00:00,3,0,8,239,0,16.56,0.12,0.0,7.71,1
2024-08-26 04:00:00,4,0,8,239,0,18.48,0.12,0.0,3.73,1
2024-08-26 05:00:00,5,0,8,239,0,17.56,0.12,0.0,9.48,1
2024-08-26 06:00:00,6,0,8,239,0,19.99,0.12,0.0,15.06,1
2024-08-26 07:00:00,7,0,8,239,0,16.1,0.22,27.08,29.2,2
2024-08-26 08:00:00,8,0,8,239,0,20.25,0.22,57.35,33.85,2
2024-08-26 09:00:00,9,0,8,239,0,25.86,0.22,124.5,43.34,3
2024-08-26 10:00:00,10,0,8,239,0,22.17,0.22,145.53,41.32,4
2024-08-26 11:00:00,11,0,8,239,0,23.7,0.22,125.17,37.38,3
2024-08-26 12:00:00,12,0,8,239,0,25.05,0.22,193.95,21.86,2
2024-08-26 13:00:00,13,0,8,239,0,24.31,0.22,156.85,25.34,2
2024-08-26 14:00:00,14,0,8,239,0,22.83,0.22,133.85,24.8,2
2024-08-26 15:00:00,15,0,8,239,0,26.95,0.22,107.19,27.16,2
2024-08-26 16:00:00,16,0,8,239,0,27.51,0.38,61.51,37.46,3
2024-08-26 17:00:00,17,0,8,239,0,26.64,0.38,24.46,42.54,3
2024-08-26 18:00:00,18,0,8,239,0,25.66,0.38,0.0,60.55,5
2024-08-26 19:00:00,19,0,8,239,0,25.0,0.38,0.0,51.43,4
2024-08-26 20:00:00,20,0,8,239,0,25.75,0.38,0.0,44.76,3
2024-08-26 21:00:00,21,0,8,239,0,22.03,0.38,0.0,39.41,3
2024-08-26 22:00:00,22,0,8,239,0,19.97,0.22,0.0,25.51,2
2024-08-26 23:00:00,23,0,8,239,0,19.35,0.22,0.0,22.3,2
2024-08-27 00:00:00,0,1,8,240,0,19.92,0.12,0.0,7.84,1
2024-08-27 01:00:00,1,1,8,240,0,20.79,0.12,0.0,8.87,1
2024-08-27 02:00:00,2,1,8,240,0,16.21,0.12,0.0,3.33,1
2024-08-27 03:00:00,3,1,8,240,0,17.49,0.12,0.0,7.67,1
2024-08-27 04:00:00,4,1,8,240,0,18.14,0.12,0.0,4.81,1
2024-08-27 05:00:00,5,1,8,240,0,15.98,0.12,0.0,9.88,1
2024-08-27 06:00:00,6,1,8,240,0,18.8,0.12,0.0,23.01,2
2024-08-27 07:00:00,7,1,8,240,0,16.86,0.22,18.01,26.85,2
2024-08-27 08:00:00,8,1,8,240,0,17.46,0.22,63.44,37.61,3
2024-08-27 09:00:00,9,1,8,240,0,23.03,0.22,125.52,48.08,4
2024-08-27 10:00:00,10,1,8,240,0,22.82,0.22,170.14,38.63,3
2024-08-27 11:00:00,11,1,8,240,0,25.2,0.22,147.4,27.86,2
2024-08-27 12:00:00,12,1,8,240,0,25.8,0.22,196.49,31.84,2
2024-08-27 13:00:00,13,1,8,240,0,24.67,0.22,162.63,30.8,3
2024-08-27 14:00:00,14,1,8,240,0,27.03,0.22,170.14,31.83,3
2024-08-27 15:00:00,15,1,8,240,0,24.83,0.22,90.07,26.41,2
2024-08-27 16:00:00,16,1,8,240,0,29.91,0.38,71.28,39.71,3
2024-08-27 17:00:00,17,1,8,240,0,23.91,0.38,19.77,49.99,4
2024-08-27 18:00:00,18,1,8,240,0,25.44,0.38,0.0,54.15,4
2024-08-27 19:00:00,19,1,8,240,0,22.71,0.38,0.0,55.36,5
2024-08-27 20:00:00,20,1,8,240,0,24.73,0.38,0.0,49.93,4
2024-08-27 21:00:00,21,1,8,240,0,21.63,0.38,0.0,36.91,2
2024-08-27 22:00:00,22,1,8,240,0,19.96,0.22,0.0,19.66,2
2024-08-27 23:00:00,23,1,8,240,0,21.5,0.22,0.0,17.94,1
2024-08-28 00:00:00,0,2,8,241,0,18.7,0.12,0.0,2.5,1
2024-08-28 01:00:00,1,2,8,241,0,18.88,0.12,0.0,14.6,1
2024-08-28 02:00:00,2,2,8,241,0,15.38,0.12,0.0,6.88,1
2024-08-28 03:00:00,3,2,8,241,0,14.37,0.12,0.0,9.89,1
2024-08-28 04:00:00,4,2,8,241,0,17.56,0.12,0.0,4.26,1
2024-08-28 05:00:00,5,2,8,241,0,17.21,0.12,0.0,13.1,1
2024-08-28 06:00:00,6,2,8,241,0,19.89,0.12,0.0,11.81,1
2024-08-28 07:00:00,7,2,8,241,0,19.52,0.22,23.65,20.96,2
2024-08-28 08:00:00,8,2,8,241,0,21.29,0.22,60.11,33.61,2
2024-08-28 09:00:00,9,2,8,241,0,18.93,0.22,122.28,52.36,4
2024-08-28 10:00:00,10,2,8,241,0,27.25,0.22,169.33,36.94,3
2024-08-28 11:00:00,11,2,8,241,0,24.35,0.22,162.77,30.57,2
2024-08-28 12:00:00,12,2,8,241,0,27.11,0.22,156.33,18.52,1
2024-08-28 13:00:00,13,2,8,241,0,24.83,0.22,192.14,38.43,3
2024-08-28 14:00:00,14,2,8,241,0,27.62,0.22,119.58,22.58,2
2024-08-28 15:00:00,15,2,8,241,0,24.57,0.22,90.37,36.03,3
2024-08-28 16:00:00,16,2,8,241,0,27.91,0.38,55.9,41.22,4
2024-08-28 17:00:00,17,2,8,241,0,25.79,0.38,22.97,47.66,3
2024-08-28 18:00:00,18,2,8,241,0,25.77,0.38,0.0,52.46,4
2024-08-28 19:00:00,19,2,8,241,0,26.07,0.38,0.0,60.38,4
2024-08-28 20:00:00,20,2,8,241,0,21.01,0.38,0.0,47.46,4
2024-08-28 21:00:00,21,2,8,241,0,20.81,0.38,0.0,32.49,3
2024-08-28 22:00:00,22,2,8,241,0,21.8,0.22,0.0,23.5,2
2024-08-28 23:00:00,23,2,8,241,0,23.87,0.22,0.0,20.62,1
2024-08-29 00:00:00,0,3,8,242,0,18.24,0.12,0.0,8.79,1
2024-08-29 01:00:00,1,3,8,242,0,18.91,0.12,0.0,4.82,1
2024-08-29 02:00:00,2,3,8,242,0,17.01,0.12,0.0,10.8,1
2024-08-29 03:00:00,3,3,8,242,0,20.94,0.12,0.0,7.14,1
2024-08-29 04:00:00,4,3,8,242,0,13.73,0.12,0.0,8.77,1
2024-08-29 05:00:00,5,3,8,242,0,17.91,0.12,0.0,9.55,1
2024-08-29 06:00:00,6,3,8,242,0,15.27,0.12,0.0,12.6,1
2024-08-29 07:00:00,7,3,8,242,0,14.54,0.22,27.53,22.5,2
2024-08-29 08:00:00,8,3,8,242,0,21.36,0.22,63.44,29.89,2
2024-08-29 09:00:00,9,3,8,242,0,22.33,0.22,110.13,43.3,3
2024-08-29 10:00:00,10,3,8,242,0,22.78,0.22,142.6,34.9,3
2024-08-29 11:00:00,11,3,8,242,0,24.34,0.22,168.14,33.84,2
2024-08-29 12:00:00,12,3,8,242,0,31.79,0.22,193.31,23.4,2
2024-08-29 13:00:00,13,3,8,242,0,25.87,0.22,187.86,37.22,3
2024-08-29 14:00:00,14,3,8,242,0,27.91,0.22,135.29,26.4,2
2024-08-29 15:00:00,15,3,8,242,0,25.76,0.22,97.98,27.06,2
2024-08-29 16:00:00,16,3,8,242,0,27.48,0.38,59.65,32.37,2
2024-08-29 17:00:00,17,3,8,242,0,25.91,0.38,19.6,45.8,4
2024-08-29 18:00:00,18,3,8,242,0,24.77,0.38,0.0,52.38,4
2024-08-29 19:00:00,19,3,8,242,0,28.19,0.38,0.0,74.09,5
2024-08-29 20:00:00,20,3,8,242,0,25.7,0.38,0.0,40.19,3
2024-08-29 21:00:00,21,3,8,242,0,22.33,0.38,0.0,33.62,3
2024-08-29 22:00:00,22,3,8,242,0,16.15,0.22,0.0,34.63,2
2024-08-29 23:00:00,23,3,8,242,0,18.83,0.22,0.0,17.29,1
2024-08-30 00:00:00,0,4,8,243,0,23.8,0.12,0.0,2.61,1
2024-08-30 01:00:00,1,4,8,243,0,17.14,0.12,0.0,12.56,1
2024-08-30 02:00:00,2,4,8,243,0,19.31,0.12,0.0,8.44,1
2024-08-30 03:00:00,3,4,8,243,0,19.82,0.12,0.0,2.5,1
2024-08-30 04:00:00,4,4,8,243,0,17.54,0.12,0.0,11.8,1
2024-08-30 05:00:00,5,4,8,243,0,15.92,0.12,0.0,12.47,1
2024-08-30 06:00:00,6,4,8,243,0,13.53,0.12,0.0,10.93,1
2024-08-30 07:00:00,7,4,8,243,0,20.8,0.22,24.13,39.27,3
2024-08-30 08:00:00,8,4,8,243,0,19.01,0.22,65.54,35.47,3
2024-08-30 09:00:00,9,4,8,243,0,22.29,0.22,88.01,41.52,3
2024-08-30 10:00:00,10,4,8,243,0,20.73,0.22,116.66,43.51,3
2024-08-30 11:00:00,11,4,8,243,0,23.9,0.22,175.17,30.71,2
2024-08-30 12:00:00,12,4,8,243,0,25.54,0.22,148.07,23.53,2
2024-08-30 13:00:00,13,4,8,243,0,26.8,0.22,134.28,22.99,2
2024-08-30 14:00:00,14,4,8,243,0,24.53,0.22,138.62,27.08,2
2024-08-30 15:00:00,15,4,8,243,0,29.33,0.22,101.63,36.45,3
2024-08-30 16:00:00,16,4,8,243,0,25.57,0.38,56.99,34.85,3
2024-08-30 17:00:00,17,4,8,243,0,22.91,0.38,21.8,53.1,4
2024-08-30 18:00:00,18,4,8,243,0,25.25,0.38,0.0,53.3,4
2024-08-30 19:00:00,19,4,8,243,0,24.5,0.38,0.0,54.87,4
2024-08-30 20:00:00,20,4,8,243,0,23.55,0.38,0.0,43.85,3
2024-08-30 21:00:00,21,4,8,243,0,24.66,0.38,0.0,29.76,3
2024-08-30 22:00:00,22,4,8,243,0,20.17,0.22,0.0,28.87,2
2024-08-30 23:00:00,23,4,8,243,0,19.19,0.22,0.0,20.12,1
2024-08-31 00:00:00,0,5,8,244,1,16.07,0.1,0.0,4.47,1
2024-08-31 01:00:00,1,5,8,244,1,19.12,0.1,0.0,15.62,1
2024-08-31 02:00:00,2,5,8,244,1,17.35,0.1,0.0,6.06,1
2024-08-31 03:00:00,3,5,8,244,1,15.97,0.1,0.0,2.82,1
2024-08-31 04:00:00,4,5,8,244,1,13.17,0.1,0.0,3.37,1
2024-08-31 05:00:00,5,5,8,244,1,20.37,0.1,0.0,14.51,1
2024-08-31 06:00:00,6,5,8,244,1,15.82,0.1,0.0,8.34,1
2024-08-31 07:00:00,7,5,8,244,1,18.13,0.1,24.01,11.76,1
2024-08-31 08:00:00,8,5,8,244,1,21.23,0.1,70.55,13.86,1
2024-08-31 09:00:00,9,5,8,244,1,19.41,0.1,97.63,22.27,1
2024-08-31 10:00:00,10,5,8,244,1,20.11,0.15,146.11,33.95,2
2024-08-31 11:00:00,11,5,8,244,1,20.06,0.15,157.01,39.38,3
2024-08-31 12:00:00,12,5,8,244,1,26.79,0.15,187.42,47.49,3
2024-08-31 13:00:00,13,5,8,244,1,25.05,0.15,160.03,54.88,4
2024-08-31 14:00:00,14,5,8,244,1,32.49,0.15,132.05,57.1,4
2024-08-31 15:00:00,15,5,8,244,1,24.82,0.15,98.3,54.9,4
2024-08-31 16:00:00,16,5,8,244,1,24.79,0.15,68.85,52.89,4
2024-08-31 17:00:00,17,5,8,244,1,25.01,0.15,23.68,58.61,5
2024-08-31 18:00:00,18,5,8,244,1,25.83,0.15,0.0,41.15,3
2024-08-31 19:00:00,19,5,8,244,1,23.37,0.1,0.0,37.72,2
2024-08-31 20:00:00,20,5,8,244,1,24.33,0.1,0.0,32.89,2
2024-08-31 21:00:00,21,5,8,244,1,19.85,0.1,0.0,24.94,2
2024-08-31 22:00:00,22,5,8,244,1,17.75,0.1,0.0,17.12,1
2024-08-31 23:00:00,23,5,8,244,1,15.71,0.1,0.0,18.33,1
2024-09-01 00:00:00,0,6,9,245,1,13.7,0.1,0.0,8.37,1
2024-09-01 01:00:00,1,6,9,245,1,16.31,0.1,0.0,7.26,1
2024-09-01 02:00:00,2,6,9,245,1,16.25,0.1,0.0,2.91,1
2024-09-01 03:00:00,3,6,9,245,1,15.42,0.1,0.0,2.5,1
2024-09-01 04:00:00,4,6,9,245,1,19.34,0.1,0.0,12.06,1
2024-09-01 05:00:00,5,6,9,245,1,19.81,0.1,0.0,15.36,1
2024-09-01 06:00:00,6,6,9,245,1,17.48,0.1,0.0,10.11,1
2024-09-01 07:00:00,7,6,9,245,1,15.59,0.1,21.01,22.52,2
2024-09-01 08:00:00,8,6,9,245,1,19.25,0.1,57.11,15.45,1
2024-09-01 09:00:00,9,6,9,245,1,20.48,0.1,122.51,20.86,2
2024-09-01 10:00:00,10,6,9,245,1,21.66,0.15,166.06,33.0,3
2024-09-01 11:00:00,11,6,9,245,1,22.79,0.15,175.01,38.07,3
2024-09-01 12:00:00,12,6,9,245,1,23.91,0.15,168.57,56.36,5
2024-09-01 13:00:00,13,6,9,245,1,25.24,0.15,195.6,49.21,4
2024-09-01 14:00:00,14,6,9,245,1,25.24,0.15,132.29,54.28,5
2024-09-01 15:00:00,15,6,9,245,1,27.1,0.15,111.18,51.6,4
2024-09-01 16:00:00,16,6,9,245,1,27.23,0.15,72.85,51.36,4
2024-09-01 17:00:00,17,6,9,245,1,24.19,0.15,21.15,46.38,4
2024-09-01 18:00:00,18,6,9,245,1,27.76,0.15,0.0,45.16,4
2024-09-01 19:00:00,19,6,9,245,1,22.22,0.1,0.0,42.74,3
2024-09-01 20:00:00,20,6,9,245,1,19.74,0.1,0.0,32.05,2
2024-09-01 21:00:00,21,6,9,245,1,22.44,0.1,0.0,27.11,2
2024-09-01 22:00:00,22,6,9,245,1,18.75,0.1,0.0,19.45,1
2024-09-01 23:00:00,23,6,9,245,1,19.82,0.1,0.0,14.2,1
2024-09-02 00:00:00,0,0,9,246,0,13.21,0.12,0.0,2.5,1
2024-09-02 01:00:00,1,0,9,246,0,20.01,0.12,0.0,9.58,1
2024-09-02 02:00:00,2,0,9,246,0,18.07,0.12,0.0,2.5,1
2024-09-02 03:00:00,3,0,9,246,0,13.55,0.12,0.0,12.0,1
2024-09-02 04:00:00,4,0,9,246,0,13.76,0.12,0.0,7.02,1
2024-09-02 05:00:00,5,0,9,246,0,20.57,0.12,0.0,10.13,1
2024-09-02 06:00:00,6,0,9,246,0,16.54,0.12,0.0,20.42,1
2024-09-02 07:00:00,7,0,9,246,0,17.38,0.22,25.08,19.13,1
2024-09-02 08:00:00,8,0,9,246,0,15.73,0.22,54.76,37.43,2
2024-09-02 09:00:00,9,0,9,246,0,20.85,0.22,102.47,43.95,3
2024-09-02 10:00:00,10,0,9,246,0,22.39,0.22,144.46,45.98,4
2024-09-02 11:00:00,11,0,9,246,0,25.48,0.22,177.59,27.86,2
2024-09-02 12:00:00,12,0,9,246,0,22.29,0.22,180.95,31.07,2
2024-09-02 13:00:00,13,0,9,246,0,22.84,0.22,177.84,26.44,2
2024-09-02 14:00:00,14,0,9,246,0,27.28,0.22,143.6,18.78,2
2024-09-02 15:00:00,15,0,9,246,0,28.57,0.22,111.15,37.3,3
2024-09-02 16:00:00,16,0,9,246,0,23.24,0.38,59.78,32.05,2
2024-09-02 17:00:00,17,0,9,246,0,28.04,0.38,22.66,48.87,4
2024-09-02 18:00:00,18,0,9,246,0,25.16,0.38,0.0,55.18,5
2024-09-02 19:00:00,19,0,9,246,0,26.24,0.38,0.0,53.13,4
2024-09-02 20:00:00,20,0,9,246,0,22.71,0.38,0.0,51.7,4
2024-09-02 21:00:00,21,0,9,246,0,16.51,0.38,0.0,55.7,5
2024-09-02 22:00:00,22,0,9,246,0,19.95,0.22,0.0,25.37,2
2024-09-02 23:00:00,23,0,9,246,0,21.17,0.22,0.0,18.19,2
2024-09-03 00:00:00,0,1,9,247,0,16.1,0.12,0.0,8.96,1
2024-09-03 01:00:00,1,1,9,247,0,16.31,0.12,0.0,12.46,1
2024-09-03 02:00:00,2,1,9,247,0,16.24,0.12,0.0,2.5,1
2024-09-03 03:00:00,3,1,9,247,0,10.62,0.12,0.0,2.5,1
2024-09-03 04:00:00,4,1,9,247,0,19.93,0.12,0.0,4.58,1
2024-09-03 05:00:00,5,1,9,247,0,15.29,0.12,0.0,14.87,1
2024-09-03 06:00:00,6,1,9,247,0,18.9,0.12,0.0,13.7,1
2024-09-03 07:00:00,7,1,9,247,0,18.75,0.22,24.68,21.83,2
2024-09-03 08:00:00,8,1,9,247,0,22.64,0.22,53.36,29.89,2
2024-09-03 09:00:00,9,1,9,247,0,22.23,0.22,95.88,40.75,4
2024-09-03 10:00:00,10,1,9,247,0,22.24,0.22,164.39,42.08,3
2024-09-03 11:00:00,11,1,9,247,0,22.13,0.22,150.01,31.78,2
2024-09-03 12:00:00,12,1,9,247,0,26.55,0.22,183.68,21.58,1
2024-09-03 13:00:00,13,1,9,247,0,22.0,0.22,166.0,28.01,2
2024-09-03 14:00:00,14,1,9,247,0,27.54,0.22,154.65,22.25,2
2024-09-03 15:00:00,15,1,9,247,0,24.22,0.22,94.27,31.73,2
2024-09-03 16:00:00,16,1,9,247,0,28.75,0.38,64.24,39.3,2
2024-09-03 17:00:00,17,1,9,247,0,26.07,0.38,24.18,49.06,3
2024-09-03 18:00:00,18,1,9,247,0,26.24,0.38,0.0,58.12,4
2024-09-03 19:00:00,19,1,9,247,0,24.08,0.38,0.0,57.68,4
2024-09-03 20:00:00,20,1,9,247,0,19.21,0.38,0.0,42.86,4
2024-09-03 21:00:00,21,1,9,247,0,19.7,0.38,0.0,31.23,2
2024-09-03 22:00:00,22,1,9,247,0,21.47,0.22,0.0,29.26,2
2024-09-03 23:00:00,23,1,9,247,0,19.25,0.22,0.0,18.29,2
2024-09-04 00:00:00,0,2,9,248,0,20.11,0.12,0.0,4.1,1
2024-09-04 01:00:00,1,2,9,248,0,17.76,0.12,0.0,2.5,1
2024-09-04 02:00:00,2,2,9,248,0,14.52,0.12,0.0,12.76,1
2024-09-04 03:00:00,3,2,9,248,0,14.7,0.12,0.0,3.11,1
2024-09-04 04:00:00,4,2,9,248,0,16.66,0.12,0.0,8.09,1
2024-09-04 05:00:00,5,2,9,248,0,12.33,0.12,0.0,9.86,1
2024-09-04 06:00:00,6,2,9,248,0,21.1,0.12,0.0,12.73,1
2024-09-04 07:00:00,7,2,9,248,0,19.67,0.22,26.72,23.06,2
2024-09-04 08:00:00,8,2,9,248,0,22.45,0.22,51.2,36.27,3
2024-09-04 09:00:00,9,2,9,248,0,18.13,0.22,94.36,45.15,3
2024-09-04 10:00:00,10,2,9,248,0,25.07,0.22,141.86,37.18,3
2024-09-04 11:00:00,11,2,9,248,0,28.25,0.22,171.81,32.94,2
2024-09-04 12:00:00,12,2,9,248,0,22.18,0.22,173.08,31.31,2
2024-09-04 13:00:00,13,2,9,248,0,27.16,0.22,179.57,22.63,1
2024-09-04 14:00:00,14,2,9,248,0,26.12,0.22,163.48,21.1,2
2024-09-04 15:00:00,15,2,9,248,0,23.2,0.22,120.67,28.26,2
2024-09-04 16:00:00,16,2,9,248,0,27.1,0.38,68.12,40.75,3
2024-09-04 17:00:00,17,2,9,248,0,27.28,0.38,20.78,45.28,4
2024-09-04 18:00:00,18,2,9,248,0,23.62,0.38,0.0,56.53,4
2024-09-04 19:00:00,19,2,9,248,0,26.12,0.38,0.0,54.61,4
2024-09-04 20:00:00,20,2,9,248,0,19.25,0.38,0.0,39.6,3
2024-09-04 21:00:00,21,2,9,248,0,18.3,0.38,0.0,32.38,3
2024-09-04 22:00:00,22,2,9,248,0,20.27,0.22,0.0,24.6,2
2024-09-04 23:00:00,23,2,9,248,0,18.84,0.22,0.0,13.51,1
2024-09-05 00:00:00,0,3,9,249,0,16.18,0.12,0.0,3.64,1
2024-09-05 01:00:00,1,3,9,249,0,18.44,0.12,0.0,6.41,1
2024-09-05 02:00:00,2,3,9,249,0,17.39,0.12,0.0,2.5,1
2024-09-05 03:00:00,3,3,9,249,0,17.87,0.12,0.0,2.5,1
2024-09-05 04:00:00,4,3,9,249,0,16.08,0.12,0.0,2.56,1
2024-09-05 05:00:00,5,3,9,249,0,18.03,0.12,0.0,17.19,1
2024-09-05 06:00:00,6,3,9,249,0,16.73,0.12,0.0,14.65,1
2024-09-05 07:00:00,7,3,9,249,0,22.76,0.22,26.58,19.21,1
2024-09-05 08:00:00,8,3,9,249,0,18.23,0.22,64.08,30.83,2
2024-09-05 09:00:00,9,3,9,249,0,25.36,0.22,92.17,44.24,4
2024-09-05 10:00:00,10,3,9,249,0,22.52,0.22,159.6,46.84,3
2024-09-05 11:00:00,11,3,9,249,0,20.9,0.22,172.8,28.26,2
2024-09-05 12:00:00,12,3,9,249,0,27.42,0.22,200.75,22.54,2
2024-09-05 13:00:00,13,3,9,249,0,25.73,0.22,142.27,38.31,3
2024-09-05 14:00:00,14,3,9,249,0,27.68,0.22,150.39,23.47,2
2024-09-05 15:00:00,15,3,9,249,0,28.6,0.22,116.78,25.61,2
2024-09-05 16:00:00,16,3,9,249,0,26.66,0.38,59.19,38.0,2
2024-09-05 17:00:00,17,3,9,249,0,24.3,0.38,19.38,44.91,3
2024-09-05 18:00:00,18,3,9,249,0,26.64,0.38,0.0,55.14,5
2024-09-05 19:00:00,19,3,9,249,0,23.65,0.38,0.0,65.73,5
2024-09-05 20:00:00,20,3,9,249,0,23.82,0.38,0.0,46.66,4
2024-09-05 21:00:00,21,3,9,249,0,16.85,0.38,0.0,33.89,2
2024-09-05 22:00:00,22,3,9,249,0,20.75,0.22,0.0,20.79,1
2024-09-05 23:00:00,23,3,9,249,0,17.38,0.22,0.0,15.15,1
2024-09-06 00:00:00,0,4,9,250,0,20.79,0.12,0.0,9.28,1
2024-09-06 01:00:00,1,4,9,250,0,17.93,0.12,0.0,18.08,2
2024-09-06 02:00:00,2,4,9,250,0,16.67,0.12,0.0,2.5,1
2024-09-06 03:00:00,3,4,9,250,0,16.99,0.12,0.0,8.86,1
2024-09-06 04:00:00,4,4,9,250,0,14.19,0.12,0.0,2.5,1
2024-09-06 05:00:00,5,4,9,250,0,19.93,0.12,0.0,13.35,1
2024-09-06 06:00:00,6,4,9,250,0,21.46,0.12,0.0,9.38,1
2024-09-06 07:00:00,7,4,9,250,0,19.3,0.22,17.8,29.57,2
2024-09-06 08:00:00,8,4,9,250,0,22.9,0.22,41.83,40.3,3
2024-09-06 09:00:00,9,4,9,250,0,19.88,0.22,84.49,44.06,3
2024-09-06 10:00:00,10,4,9,250,0,20.72,0.22,133.11,39.1,3
2024-09-06 11:00:00,11,4,9,250,0,23.6,0.22,180.97,24.53,2
2024-09-06 12:00:00,12,4,9,250,0,25.42,0.22,120.29,34.43,3
2024-09-06 13:00:00,13,4,9,250,0,24.56,0.22,190.67,21.54,2
2024-09-06 14:00:00,14,4,9,250,0,26.92,0.22,145.76,34.64,2
2024-09-06 15:00:00,15,4,9,250,0,26.63,0.22,119.42,31.96,3
2024-09-06 16:00:00,16,4,9,250,0,23.85,0.38,54.94,38.39,3
2024-09-06 17:00:00,17,4,9,250,0,26.38,0.38,24.87,48.75,4
2024-09-06 18:00:00,18,4,9,250,0,26.28,0.38,0.0,53.81,4
2024-09-06 19:00:00,19,4,9,250,0,23.86,0.38,0.0,51.39,5
2024-09-06 20:00:00,20,4,9,250,0,24.62,0.38,0.0,50.54,3
2024-09-06 21:00:00,21,4,9,250,0,18.58,0.38,0.0,29.01,2
2024-09-06 22:00:00,22,4,9,250,0,20.66,0.22,0.0,26.46,2
2024-09-06 23:00:00,23,4,9,250,0,16.18,0.22,0.0,11.4,1
2024-09-07 00:00:00,0,5,9,251,1,15.11,0.1,0.0,8.29,1
2024-09-07 01:00:00,1,5,9,251,1,15.29,0.1,0.0,8.85,1
2024-09-07 02:00:00,2,5,9,251,1,14.16,0.1,0.0,11.21,1
2024-09-07 03:00:00,3,5,9,251,1,14.78,0.1,0.0,12.62,1
2024-09-07 04:00:00,4,5,9,251,1,15.62,0.1,0.0,6.14,1
2024-09-07 05:00:00,5,5,9,251,1,18.22,0.1,0.0,4.95,1
2024-09-07 06:00:00,6,5,9,251,1,16.7,0.1,0.0,3.4,1
2024-09-07 07:00:00,7,5,9,251,1,15.21,0.1,23.25,6.85,1
2024-09-07 08:00:00,8,5,9,251,1,21.86,0.1,63.56,22.72,2
2024-09-07 09:00:00,9,5,9,251,1,19.2,0.1,98.97,20.8,2
2024-09-07 10:00:00,10,5,9,251,1,22.05,0.15,133.42,35.38,3
2024-09-07 11:00:00,11,5,9,251,1,24.27,0.15,164.93,55.87,4
2024-09-07 12:00:00,12,5,9,251,1,24.81,0.15,176.82,44.87,3
2024-09-07 13:00:00,13,5,9,251,1,27.4,0.15,140.02,53.94,3
2024-09-07 14:00:00,14,5,9,251,1,26.67,0.15,140.42,53.32,4
2024-09-07 15:00:00,15,5,9,251,1,24.16,0.15,118.8,60.54,4
2024-09-07 16:00:00,16,5,9,251,1,30.06,0.15,58.61,46.85,4
2024-09-07 17:00:00,17,5,9,251,1,25.6,0.15,19.24,45.82,4
2024-09-07 18:00:00,18,5,9,251,1,24.12,0.15,0.0,39.08,3
2024-09-07 19:00:00,19,5,9,251,1,25.31,0.1,0.0,38.64,3
2024-09-07 20:00:00,20,5,9,251,1,22.67,0.1,0.0,29.12,2
2024-09-07 21:00:00,21,5,9,251,1,21.68,0.1,0.0,26.32,2
2024-09-07 22:00:00,22,5,9,251,1,24.57,0.1,0.0,27.06,2
2024-09-07 23:00:00,23,5,9,251,1,17.83,0.1,0.0,12.56,1
2024-09-08 00:00:00,0,6,9,252,1,16.57,0.1,0.0,11.78,1
2024-09-08 01:00:00,1,6,9,252,1,16.64,0.1,0.0,3.31,1
2024-09-08 02:00:00,2,6,9,252,1,18.05,0.1,0.0,2.76,1
2024-09-08 03:00:00,3,6,9,252,1,12.72,0.1,0.0,9.62,1
2024-09-08 04:00:00,4,6,9,252,1,11.98,0.1,0.0,13.93,1
2024-09-08 05:00:00,5,6,9,252,1,15.23,0.1,0.0,6.17,1
2024-09-08 06:00:00,6,6,9,252,1,13.93,0.1,0.0,8.89,1
2024-09-08 07:00:00,7,6,9,252,1,17.39,0.1,21.5,7.22,1
2024-09-08 08:00:00,8,6,9,252,1,20.45,0.1,65.44,24.11,2
2024-09-08 09:00:00,9,6,9,252,1,18.96,0.1,105.58,23.15,2
2024-09-08 10:00:00,10,6,9,252,1,19.18,0.15,160.17,33.58,2
2024-09-08 11:00:00,11,6,9,252,1,23.38,0.15,188.66,40.47,3
2024-09-08 12:00:00,12,6,9,252,1,26.0,0.15,152.68,57.21,4
2024-09-08 13:00:00,13,6,9,252,1,21.68,0.15,138.92,48.43,3
2024-09-08 14:00:00,14,6,9,252,1,27.21,0.15,160.17,57.12,4
2024-09-08 15:00:00,15,6,9,252,1,27.37,0.15,118.17,51.99,4
2024-09-08 16:00:00,16,6,9,252,1,27.48,0.15,66.8,52.16,4
2024-09-08 17:00:00,17,6,9,252,1,27.5,0.15,23.26,43.53,3
2024-09-08 18:00:00,18,6,9,252,1,28.68,0.15,0.0,42.09,3
2024-09-08 19:00:00,19,6,9,252,1,22.53,0.1,0.0,34.15,2
2024-09-08 20:00:00,20,6,9,252,1,22.25,0.1,0.0,29.26,3
2024-09-08 21:00:00,21,6,9,252,1,19.9,0.1,0.0,19.58,2
2024-09-08 22:00:00,22,6,9,252,1,19.45,0.1,0.0,19.87,1
2024-09-08 23:00:00,23,6,9,252,1,21.3,0.1,0.0,15.72,1
2024-09-09 00:00:00,0,0,9,253,0,14.37,0.12,0.0,2.53,1
2024-09-09 01:00:00,1,0,9,253,0,14.54,0.12,0.0,10.54,1
2024-09-09 02:00:00,2,0,9,253,0,18.52,0.12,0.0,7.38,1
2024-09-09 03:00:00,3,0,9,253,0,17.64,0.12,0.0,2.52,1
2024-09-09 04:00:00,4,0,9,253,0,15.04,0.12,0.0,2.5,1
2024-09-09 05:00:00,5,0,9,253,0,17.97,0.12,0.0,2.5,1
2024-09-09 06:00:00,6,0,9,253,0,17.74,0.12,0.0,10.62,1
2024-09-09 07:00:00,7,0,9,253,0,21.1,0.22,20.32,35.98,3
2024-09-09 08:00:00,8,0,9,253,0,19.45,0.22,64.15,40.15,3
2024-09-09 09:00:00,9,0,9,253,0,22.65,0.22,107.2,46.49,4
2024-09-09 10:00:00,10,0,9,253,0,27.17,0.22,127.21,35.15,2
2024-09-09 11:00:00,11,0,9,253,0,24.29,0.22,114.97,35.39,3
2024-09-09 12:00:00,12,0,9,253,0,24.23,0.22,197.68,25.22,2
2024-09-09 13:00:00,13,0,9,253,0,26.37,0.22,158.7,29.17,2
2024-09-09 14:00:00,14,0,9,253,0,24.69,0.22,118.85,30.53,2
2024-09-09 15:00:00,15,0,9,253,0,30.37,0.22,107.31,36.88,3
2024-09-09 16:00:00,16,0,9,253,0,25.79,0.38,63.22,35.63,3
2024-09-09 17:00:00,17,0,9,253,0,24.38,0.38,21.9,48.61,3
2024-09-09 18:00:00,18,0,9,253,0,22.46,0.38,0.0,53.48,5
2024-09-09 19:00:00,19,0,9,253,0,25.29,0.38,0.0,53.33,4
2024-09-09 20:00:00,20,0,9,253,0,23.62,0.38,0.0,46.02,3
2024-09-09 21:00:00,21,0,9,253,0,19.6,0.38,0.0,31.9,3
2024-09-09 22:00:00,22,0,9,253,0,20.45,0.22,0.0,30.51,2
2024-09-09 23:00:00,23,0,9,253,0,15.08,0.22,0.0,18.33,1
2024-09-10 00:00:00,0,1,9,254,0,17.29,0.12,0.0,16.28,1
2024-09-10 01:00:00,1,1,9,254,0,17.03,0.12,0.0,2.5,1
2024-09-10 02:00:00,2,1,9,254,0,19.04,0.12,0.0,31.56,3
2024-09-10 03:00:00,3,1,9,254,0,13.91,0.12,0.0,8.58,1
2024-09-10 04:00:00,4,1,9,254,0,13.07,0.12,0.0,2.5,1
2024-09-10 05:00:00,5,1,9,254,0,14.33,0.12,0.0,5.13,1
2024-09-10 06:00:00,6,1,9,254,0,14.24,0.12,0.0,16.5,1
2024-09-10 07:00:00,7,1,9,254,0,20.63,0.22,20.69,26.37,2
2024-09-10 08:00:00,8,1,9,254,0,22.26,0.22,68.86,27.55,2
2024-09-10 09:00:00,9,1,9,254,0,21.09,0.22,98.22,40.22,3
2024-09-10 10:00:00,10,1,9,254,0,24.19,0.22,158.46,41.61,3
2024-09-10 11:00:00,11,1,9,254,0,23.22,0.22,152.72,29.95,2
2024-09-10 12:00:00,12,1,9,254,0,23.8,0.22,196.61,25.87,2
2024-09-10 13:00:00,13,1,9,254,0,24.12,0.22,181.86,17.16,1
2024-09-10 14:00:00,14,1,9,254,0,24.66,0.22,158.46,22.22,2
2024-09-10 15:00:00,15,1,9,254,0,22.36,0.22,96.37,40.12,3
2024-09-10 16:00:00,16,1,9,254,0,25.81,0.38,64.55,34.73,2
2024-09-10 17:00:00,17,1,9,254,0,24.7,0.38,19.77,49.91,4
2024-09-10 18:00:00,18,1,9,254,0,25.48,0.38,0.0,50.63,3
2024-09-10 19:00:00,19,1,9,254,0,23.14,0.38,0.0,50.78,5
2024-09-10 20:00:00,20,1,9,254,0,21.42,0.38,0.0,43.63,4
2024-09-10 21:00:00,21,1,9,254,0,18.71,0.38,0.0,33.29,3
2024-09-10 22:00:00,22,1,9,254,0,19.3,0.22,0.0,24.89,2
2024-09-10 23:00:00,23,1,9,254,0,19.43,0.22,0.0,27.33,2
2024-09-11 00:00:00,0,2,9,255,0,14.49,0.12,0.0,7.57,1
2024-09-11 01:00:00,1,2,9,255,0,16.15,0.12,0.0,5.52,1
2024-09-11 02:00:00,2,2,9,255,0,15.94,0.12,0.0,9.62,1
2024-09-11 03:00:00,3,2,9,255,0,13.87,0.12,0.0,2.5,1
2024-09-11 04:00:00,4,2,9,255,0,14.3,0.12,0.0,2.5,1
2024-09-11 05:00:00,5,2,9,255,0,16.44,0.12,0.0,8.8,1
2024-09-11 06:00:00,6,2,9,255,0,14.5,0.12,0.0,13.93,1
2024-09-11 07:00:00,7,2,9,255,0,18.51,0.22,21.49,18.26,2
2024-09-11 08:00:00,8,2,9,255,0,17.22,0.22,69.14,39.37,3
2024-09-11 09:00:00,9,2,9,255,0,22.43,0.22,104.77,39.3,3
2024-09-11 10:00:00,10,2,9,255,0,26.28,0.22,145.25,36.62,2
2024-09-11 11:00:00,11,2,9,255,0,21.09,0.22,130.9,30.27,2
2024-09-11 12:00:00,12,2,9,255,0,24.91,0.22,182.02,28.81,2
2024-09-11 13:00:00,13,2,9,255,0,23.18,0.22,175.18,19.31,1
2024-09-11 14:00:00,14,2,9,255,0,27.22,0.22,131.15,24.56,2
2024-09-11 15:00:00,15,2,9,255,0,22.78,0.22,116.27,32.42,3
2024-09-11 16:00:00,16,2,9,255,0,26.1,0.38,41.85,38.77,3
2024-09-11 17:00:00,17,2,9,255,0,22.89,0.38,25.08,43.61,3
2024-09-11 18:00:00,18,2,9,255,0,23.43,0.38,0.0,53.97,4
2024-09-11 19:00:00,19,2,9,255,0,20.75,0.38,0.0,64.02,5
2024-09-11 20:00:00,20,2,9,255,0,23.25,0.38,0.0,52.08,4
2024-09-11 21:00:00,21,2,9,255,0,18.63,0.38,0.0,44.03,3
2024-09-11 22:00:00,22,2,9,255,0,20.12,0.22,0.0,26.76,2
2024-09-11 23:00:00,23,2,9,255,0,17.12,0.22,0.0,15.15,1
2024-09-12 00:00:00,0,3,9,256,0,16.4,0.12,0.0,2.5,1
2024-09-12 01:00:00,1,3,9,256,0,16.13,0.12,0.0,13.99,1
2024-09-12 02:00:00,2,3,9,256,0,13.81,0.12,0.0,2.5,1
2024-09-12 03:00:00,3,3,9,256,0,15.58,0.12,0.0,3.59,1
2024-09-12 04:00:00,4,3,9,256,0,18.39,0.12,0.0,5.99,1
2024-09-12 05:00:00,5,3,9,256,0,14.27,0.12,0.0,10.77,1
2024-09-12 06:00:00,6,3,9,256,0,18.97,0.12,0.0,11.14,1
2024-09-12 07:00:00,7,3,9,256,0,20.66,0.22,20.08,22.03,1
2024-09-12 08:00:00,8,3,9,256,0,17.23,0.22,68.76,33.01,3
2024-09-12 09:00:00,9,3,9,256,0,17.25,0.22,103.89,39.29,3
2024-09-12 10:00:00,10,3,9,256,0,22.06,0.22,156.74,34.63,3
2024-09-12 11:00:00,11,3,9,256,0,21.57,0.22,147.7,33.32,3
2024-09-12 12:00:00,12,3,9,256,0,27.43,0.22,191.54,29.45,2
2024-09-12 13:00:00,13,3,9,256,0,24.56,0.22,184.62,38.32,3
2024-09-12 14:00:00,14,3,9,256,0,23.39,0.22,144.62,28.16,2
2024-09-12 15:00:00,15,3,9,256,0,22.87,0.22,113.72,27.58,2
2024-09-12 16:00:00,16,3,9,256,0,27.17,0.38,66.23,33.75,2
2024-09-12 17:00:00,17,3,9,256,0,23.35,0.38,18.16,43.32,3
2024-09-12 18:00:00,18,3,9,256,0,23.78,0.38,0.0,58.6,5
2024-09-12 19:00:00,19,3,9,256,0,24.57,0.38,0.0,59.02,4
2024-09-12 20:00:00,20,3,9,256,0,20.49,0.38,0.0,53.59,4
2024-09-12 21:00:00,21,3,9,256,0,20.07,0.38,0.0,32.61,2
2024-09-12 22:00:00,22,3,9,256,0,18.83,0.22,0.0,26.99,2
2024-09-12 23:00:00,23,3,9,256,0,19.03,0.22,0.0,19.34,1
2024-09-13 00:00:00,0,4,9,257,0,17.66,0.12,0.0,12.93,1
2024-09-13 01:00:00,1,4,9,257,0,15.24,0.12,0.0,11.05,1
2024-09-13 02:00:00,2,4,9,257,0,15.31,0.12,0.0,8.26,1
2024-09-13 03:00:00,3,4,9,257,0,14.27,0.12,0.0,9.63,1
2024-09-13 04:00:00,4,4,9,257,0,12.23,0.12,0.0,2.5,1
2024-09-13 05:00:00,5,4,9,257,0,16.2,0.12,0.0,12.73,1
2024-09-13 06:00:00,6,4,9,257,0,20.26,0.12,0.0,15.11,1
2024-09-13 07:00:00,7,4,9,257,0,15.74,0.22,22.06,22.02,2
2024-09-13 08:00:00,8,4,9,257,0,17.17,0.22,55.76,35.4,3
2024-09-13 09:00:00,9,4,9,257,0,18.27,0.22,108.09,42.09,3
2024-09-13 10:00:00,10,4,9,257,0,22.76,0.22,127.41,32.04,2
2024-09-13 11:00:00,11,4,9,257,0,23.41,0.22,136.48,25.62,2
2024-09-13 12:00:00,12,4,9,257,0,23.23,0.22,165.67,20.49,2
2024-09-13 13:00:00,13,4,9,257,0,22.51,0.22,154.98,33.64,2
2024-09-13 14:00:00,14,4,9,257,0,25.03,0.22,126.09,21.52,1
2024-09-13 15:00:00,15,4,9,257,0,21.88,0.22,93.77,32.36,2
2024-09-13 16:00:00,16,4,9,257,0,25.13,0.38,68.38,38.55,3
2024-09-13 17:00:00,17,4,9,257,0,26.09,0.38,21.43,49.25,3
2024-09-13 18:00:00,18,4,9,257,0,21.05,0.38,0.0,53.87,4
2024-09-13 19:00:00,19,4,9,257,0,19.45,0.38,0.0,59.75,5
2024-09-13 20:00:00,20,4,9,257,0,24.47,0.38,0.0,48.01,4
2024-09-13 21:00:00,21,4,9,257,0,18.79,0.38,0.0,32.71,3
2024-09-13 22:00:00,22,4,9,257,0,20.99,0.22,0.0,28.17,2
2024-09-13 23:00:00,23,4,9,257,0,17.2,0.22,0.0,24.96,2
2024-09-14 00:00:00,0,5,9,258,1,16.0,0.1,0.0,2.5,1
2024-09-14 01:00:00,1,5,9,258,1,16.41,0.1,0.0,5.81,1
2024-09-14 02:00:00,2,5,9,258,1,13.27,0.1,0.0,7.97,1
2024-09-14 03:00:00,3,5,9,258,1,15.13,0.1,0.0,7.4,1
2024-09-14 04:00:00,4,5,9,258,1,14.27,0.1,0.0,11.2,1
2024-09-14 05:00:00,5,5,9,258,1,12.89,0.1,0.0,5.44,1
2024-09-14 06:00:00,6,5,9,258,1,17.0,0.1,0.0,9.67,1
2024-09-14 07:00:00,7,5,9,258,1,16.84,0.1,25.33,8.69,1
2024-09-14 08:00:00,8,5,9,258,1,18.25,0.1,68.0,18.24,1
2024-09-14 09:00:00,9,5,9,258,1,17.44,0.1,113.08,25.72,2
2024-09-14 10:00:00,10,5,9,258,1,24.34,0.15,130.61,31.16,2
2024-09-14 11:00:00,11,5,9,258,1,24.12,0.15,153.5,37.72,3
2024-09-14 12:00:00,12,5,9,258,1,25.33,0.15,177.24,44.68,3
2024-09-14 13:00:00,13,5,9,258,1,23.58,0.15,157.83,50.22,4
2024-09-14 14:00:00,14,5,9,258,1,21.23,0.15,152.95,53.85,4
2024-09-14 15:00:00,15,5,9,258,1,28.77,0.15,112.03,50.18,4
2024-09-14 16:00:00,16,5,9,258,1,24.57,0.15,64.67,51.12,4
2024-09-14 17:00:00,17,5,9,258,1,22.7,0.15,14.61,50.55,4
2024-09-14 18:00:00,18,5,9,258,1,24.23,0.15,0.0,39.11,3
2024-09-14 19:00:00,19,5,9,258,1,24.7,0.1,0.0,39.58,3
2024-09-14 20:00:00,20,5,9,258,1,21.11,0.1,0.0,32.17,2
2024-09-14 21:00:00,21,5,9,258,1,22.42,0.1,0.0,24.14,2
2024-09-14 22:00:00,22,5,9,258,1,20.73,0.1,0.0,16.12,1
2024-09-14 23:00:00,23,5,9,258,1,15.21,0.1,0.0,9.99,1
2024-09-15 00:00:00,0,6,9,259,1,14.83,0.1,0.0,6.08,1
2024-09-15 01:00:00,1,6,9,259,1,17.3,0.1,0.0,8.5,1
2024-09-15 02:00:00,2,6,9,259,1,9.46,0.1,0.0,8.7,1
2024-09-15 03:00:00,3,6,9,259,1,14.41,0.1,0.0,8.08,1
2024-09-15 04:00:00,4,6,9,259,1,12.02,0.1,0.0,5.4,1
2024-09-15 05:00:00,5,6,9,259,1,14.43,0.1,0.0,3.83,1
2024-09-15 06:00:00,6,6,9,259,1,15.58,0.1,0.0,11.23,1
2024-09-15 07:00:00,7,6,9,259,1,16.5,0.1,24.74,13.42,1
2024-09-15 08:00:00,8,6,9,259,1,17.31,0.1,62.69,18.67,1
2024-09-15 09:00:00,9,6,9,259,1,17.52,0.1,103.33,36.03,3
2024-09-15 10:00:00,10,6,9,259,1,25.59,0.15,154.14,35.43,3
2024-09-15 11:00:00,11,6,9,259,1,25.95,0.15,181.57,40.99,3
2024-09-15 12:00:00,12,6,9,259,1,20.92,0.15,139.57,53.59,4
2024-09-15 13:00:00,13,6,9,259,1,27.21,0.15,136.9,54.45,4
2024-09-15 14:00:00,14,6,9,259,1,23.74,0.15,121.21,57.39,4
2024-09-15 15:00:00,15,6,9,259,1,24.97,0.15,79.58,52.7,3
2024-09-15 16:00:00,16,6,9,259,1,24.41,0.15,59.0,42.93,4
2024-09-15 17:00:00,17,6,9,259,1,22.72,0.15,23.98,45.86,3
2024-09-15 18:00:00,18,6,9,259,1,25.21,0.15,0.0,44.75,3
2024-09-15 19:00:00,19,6,9,259,1,22.46,0.1,0.0,38.7,3
2024-09-15 20:00:00,20,6,9,259,1,20.05,0.1,0.0,35.3,3
2024-09-15 21:00:00,21,6,9,259,1,17.1,0.1,0.0,23.09,2
2024-09-15 22:00:00,22,6,9,259,1,16.63,0.1,0.0,28.09,2
2024-09-15 23:00:00,23,6,9,259,1,13.93,0.1,0.0,13.04,1
2024-09-16 00:00:00,0,0,9,260,0,16.05,0.12,0.0,4.58,1
2024-09-16 01:00:00,1,0,9,260,0,12.84,0.12,0.0,5.14,1
2024-09-16 02:00:00,2,0,9,260,0,14.2,0.12,0.0,2.52,1
2024-09-16 03:00:00,3,0,9,260,0,17.3,0.12,0.0,10.36,1
2024-09-16 04:00:00,4,0,9,260,0,17.13,0.12,0.0,2.5,1
2024-09-16 05:00:00,5,0,9,260,0,15.16,0.12,0.0,16.74,1
2024-09-16 06:00:00,6,0,9,260,0,15.85,0.12,0.0,20.15,1
2024-09-16 07:00:00,7,0,9,260,0,20.82,0.22,25.04,20.48,2
2024-09-16 08:00:00,8,0,9,260,0,19.31,0.22,55.31,30.82,2
2024-09-16 09:00:00,9,0,9,260,0,18.9,0.22,103.46,38.24,3
2024-09-16 10:00:00,10,0,9,260,0,18.0,0.22,122.92,45.5,4
2024-09-16 11:00:00,11,0,9,260,0,22.85,0.22,179.19,29.59,2
2024-09-16 12:00:00,12,0,9,260,0,24.75,0.22,152.4,19.55,1
2024-09-16 13:00:00,13,0,9,260,0,22.63,0.22,180.55,27.55,2
2024-09-16 14:00:00,14,0,9,260,0,24.97,0.22,116.57,28.72,2
2024-09-16 15:00:00,15,0,9,260,0,23.83,0.22,81.26,34.62,3
2024-09-16 16:00:00,16,0,9,260,0,24.02,0.38,66.85,46.87,4
2024-09-16 17:00:00,17,0,9,260,0,18.91,0.38,20.26,50.02,3
2024-09-16 18:00:00,18,0,9,260,0,22.65,0.38,0.0,60.8,5
2024-09-16 19:00:00,19,0,9,260,0,24.0,0.38,0.0,53.09,4
2024-09-16 20:00:00,20,0,9,260,0,19.59,0.38,0.0,47.96,4
2024-09-16 21:00:00,21,0,9,260,0,19.66,0.38,0.0,39.23,3
2024-09-16 22:00:00,22,0,9,260,0,16.75,0.22,0.0,20.02,1
2024-09-16 23:00:00,23,0,9,260,0,17.78,0.22,0.0,13.45,1
2024-09-17 00:00:00,0,1,9,261,0,15.44,0.12,0.0,4.57,1
2024-09-17 01:00:00,1,1,9,261,0,13.2,0.12,0.0,12.47,1
2024-09-17 02:00:00,2,1,9,261,0,17.24,0.12,0.0,5.51,1
2024-09-17 03:00:00,3,1,9,261,0,16.26,0.12,0.0,2.5,1
2024-09-17 04:00:00,4,1,9,261,0,13.37,0.12,0.0,2.69,1
2024-09-17 05:00:00,5,1,9,261,0,16.07,0.12,0.0,6.72,1
2024-09-17 06:00:00,6,1,9,261,0,16.94,0.12,0.0,12.96,1
2024-09-17 07:00:00,7,1,9,261,0,18.19,0.22,18.33,29.17,2
2024-09-17 08:00:00,8,1,9,261,0,14.72,0.22,42.14,38.99,3
2024-09-17 09:00:00,9,1,9,261,0,21.42,0.22,109.99,38.38,2
2024-09-17 10:00:00,10,1,9,261,0,19.56,0.22,138.57,37.48,3
2024-09-17 11:00:00,11,1,9,261,0,21.19,0.22,177.42,27.86,2
2024-09-17 12:00:00,12,1,9,261,0,28.22,0.22,156.5,27.88,2
2024-09-17 13:00:00,13,1,9,261,0,24.34,0.22,142.63,23.08,2
2024-09-17 14:00:00,14,1,9,261,0,23.46,0.22,134.24,21.65,2
2024-09-17 15:00:00,15,1,9,261,0,19.99,0.22,110.48,40.66,3
2024-09-17 16:00:00,16,1,9,261,0,27.01,0.38,56.98,45.92,3
2024-09-17 17:00:00,17,1,9,261,0,21.04,0.38,24.31,43.86,3
2024-09-17 18:00:00,18,1,9,261,0,20.93,0.38,0.0,61.42,4
2024-09-17 19:00:00,19,1,9,261,0,21.24,0.38,0.0,52.05,4
2024-09-17 20:00:00,20,1,9,261,0,23.53,0.38,0.0,49.13,3
2024-09-17 21:00:00,21,1,9,261,0,20.95,0.38,0.0,30.06,2
2024-09-17 22:00:00,22,1,9,261,0,17.8,0.22,0.0,21.39,2
2024-09-17 23:00:00,23,1,9,261,0,17.52,0.22,0.0,12.02,1
2024-09-18 00:00:00,0,2,9,262,0,14.51,0.12,0.0,10.22,1
2024-09-18 01:00:00,1,2,9,262,0,15.2,0.12,0.0,2.5,1
2024-09-18 02:00:00,2,2,9,262,0,14.57,0.12,0.0,7.42,1
2024-09-18 03:00:00,3,2,9,262,0,16.19,0.12,0.0,6.6,1
2024-09-18 04:00:00,4,2,9,262,0,16.35,0.12,0.0,11.43,1
2024-09-18 05:00:00,5,2,9,262,0,15.91,0.12,0.0,5.01,1
2024-09-18 06:00:00,6,2,9,262,0,14.99,0.12,0.0,20.27,1
2024-09-18 07:00:00,7,2,9,262,0,18.23,0.22,18.56,28.83,2
2024-09-18 08:00:00,8,2,9,262,0,17.77,0.22,58.38,33.28,2
2024-09-18 09:00:00,9,2,9,262,0,17.09,0.22,94.19,44.11,3
2024-09-18 10:00:00,10,2,9,262,0,19.74,0.22,151.54,34.49,2
2024-09-18 11:00:00,11,2,9,262,0,21.92,0.22,178.51,29.44,2
2024-09-18 12:00:00,12,2,9,262,0,24.61,0.22,166.59,21.97,1
2024-09-18 13:00:00,13,2,9,262,0,23.21,0.22,154.69,18.76,1
2024-09-18 14:00:00,14,2,9,262,0,21.66,0.22,150.65,27.65,2
2024-09-18 15:00:00,15,2,9,262,0,24.36,0.22,111.79,30.04,2
2024-09-18 16:00:00,16,2,9,262,0,24.31,0.38,35.28,43.32,3
2024-09-18 17:00:00,17,2,9,262,0,23.95,0.38,23.7,43.52,4
2024-09-18 18:00:00,18,2,9,262,0,24.63,0.38,0.0,59.93,5
2024-09-18 19:00:00,19,2,9,262,0,23.79,0.38,0.0,54.53,5
2024-09-18 20:00:00,20,2,9,262,0,19.36,0.38,0.0,47.4,4
2024-09-18 21:00:00,21,2,9,262,0,18.02,0.38,0.0,30.57,2
2024-09-18 22:00:00,22,2,9,262,0,15.88,0.22,0.0,24.71,2
2024-09-18 23:00:00,23,2,9,262,0,18.15,0.22,0.0,15.71,1
2024-09-19 00:00:00,0,3,9,263,0,18.46,0.12,0.0,7.02,1
2024-09-19 01:00:00,1,3,9,263,0,14.13,0.12,0.0,7.28,1
2024-09-19 02:00:00,2,3,9,263,0,13.78,0.12,0.0,6.4,1
2024-09-19 03:00:00,3,3,9,263,0,17.03,0.12,0.0,12.22,1
2024-09-19 04:00:00,4,3,9,263,0,15.28,0.12,0.0,2.5,1
2024-09-19 05:00:00,5,3,9,263,0,15.64,0.12,0.0,2.71,1
2024-09-19 06:00:00,6,3,9,263,0,13.18,0.12,0.0,23.01,2
2024-09-19 07:00:00,7,3,9,263,0,17.95,0.22,23.81,25.02,2
2024-09-19 08:00:00,8,3,9,263,0,15.94,0.22,56.99,40.64,3
2024-09-19 09:00:00,9,3,9,263,0,16.83,0.22,87.33,34.23,3
2024-09-19 10:00:00,10,3,9,263,0,19.69,0.22,128.56,39.2,3
2024-09-19 11:00:00,11,3,9,263,0,20.42,0.22,155.77,24.62,2
2024-09-19 12:00:00,12,3,9,263,0,22.19,0.22,121.24,27.15,2
2024-09-19 13:00:00,13,3,9,263,0,20.54,0.22,153.15,24.41,2
2024-09-19 14:00:00,14,3,9,263,0,25.84,0.22,108.29,33.68,2
2024-09-19 15:00:00,15,3,9,263,0,26.35,0.22,106.62,32.53,3
2024-09-19 16:00:00,16,3,9,263,0,20.03,0.38,45.79,43.03,3
2024-09-19 17:00:00,17,3,9,263,0,25.38,0.38,24.62,51.63,4
2024-09-19 18:00:00,18,3,9,263,0,21.01,0.38,0.0,54.55,4
2024-09-19 19:00:00,19,3,9,263,0,23.31,0.38,0.0,56.38,4
2024-09-19 20:00:00,20,3,9,263,0,20.25,0.38,0.0,53.89,5
2024-09-19 21:00:00,21,3,9,263,0,19.15,0.38,0.0,51.98,4
2024-09-19 22:00:00,22,3,9,263,0,17.43,0.22,0.0,29.03,2
2024-09-19 23:00:00,23,3,9,263,0,19.02,0.22,0.0,20.29,1
2024-09-20 00:00:00,0,4,9,264,0,12.92,0.12,0.0,7.73,1
2024-09-20 01:00:00,1,4,9,264,0,15.82,0.12,0.0,11.44,1
2024-09-20 02:00:00,2,4,9,264,0,16.31,0.12,0.0,2.5,1
2024-09-20 03:00:00,3,4,9,264,0,15.37,0.12,0.0,6.65,1
2024-09-20 04:00:00,4,4,9,264,0,18.76,0.12,0.0,6.19,1
2024-09-20 05:00:00,5,4,9,264,0,13.55,0.12,0.0,8.37,1
2024-09-20 06:00:00,6,4,9,264,0,17.31,0.12,0.0,16.26,1
2024-09-20 07:00:00,7,4,9,264,0,16.22,0.22,22.5,24.81,2
2024-09-20 08:00:00,8,4,9,264,0,20.11,0.22,58.29,36.38,2
2024-09-20 09:00:00,9,4,9,264,0,18.92,0.22,105.33,32.95,2
2024-09-20 10:00:00,10,4,9,264,0,19.45,0.22,133.59,45.56,3
2024-09-20 11:00:00,11,4,9,264,0,24.05,0.22,112.78,35.82,3
2024-09-20 12:00:00,12,4,9,264,0,21.49,0.22,124.59,19.73,1
2024-09-20 13:00:00,13,4,9,264,0,20.44,0.22,176.47,20.23,1
2024-09-20 14:00:00,14,4,9,264,0,22.73,0.22,131.83,34.4,3
2024-09-20 15:00:00,15,4,9,264,0,25.17,0.22,109.87,30.12,2
2024-09-20 16:00:00,16,4,9,264,0,26.55,0.38,55.11,39.43,2
2024-09-20 17:00:00,17,4,9,264,0,23.49,0.38,21.37,50.03,4
2024-09-20 18:00:00,18,4,9,264,0,25.11,0.38,0.0,53.11,3
2024-09-20 19:00:00,19,4,9,264,0,18.72,0.38,0.0,50.8,4
2024-09-20 20:00:00,20,4,9,264,0,19.34,0.38,0.0,41.03,3
2024-09-20 21:00:00,21,4,9,264,0,18.36,0.38,0.0,36.0,3
2024-09-20 22:00:00,22,4,9,264,0,17.41,0.22,0.0,28.15,2
2024-09-20 23:00:00,23,4,9,264,0,16.6,0.22,0.0,11.12,1
2024-09-21 00:00:00,0,5,9,265,1,16.62,0.1,0.0,10.36,1
2024-09-21 01:00:00,1,5,9,265,1,13.56,0.1,0.0,7.35,1
2024-09-21 02:00:00,2,5,9,265,1,14.23,0.1,0.0,9.32,1
2024-09-21 03:00:00,3,5,9,265,1,13.69,0.1,0.0,7.07,1
2024-09-21 04:00:00,4,5,9,265,1,12.1,0.1,0.0,8.12,1
2024-09-21 05:00:00,5,5,9,265,1,14.22,0.1,0.0,9.6,1
2024-09-21 06:00:00,6,5,9,265,1,14.95,0.1,0.0,13.73,1
2024-09-21 07:00:00,7,5,9,265,1,15.95,0.1,24.33,17.35,1
2024-09-21 08:00:00,8,5,9,265,1,17.55,0.1,56.26,14.82,1
2024-09-21 09:00:00,9,5,9,265,1,18.93,0.1,103.54,22.89,2
2024-09-21 10:00:00,10,5,9,265,1,19.21,0.15,138.42,28.62,2
2024-09-21 11:00:00,11,5,9,265,1,23.82,0.15,167.82,52.49,4
2024-09-21 12:00:00,12,5,9,265,1,19.97,0.15,128.11,45.24,4
2024-09-21 13:00:00,13,5,9,265,1,21.67,0.15,142.07,48.3,4
2024-09-21 14:00:00,14,5,9,265,1,29.17,0.15,125.27,51.67,3
2024-09-21 15:00:00,15,5,9,265,1,21.7,0.15,85.74,65.44,4
2024-09-21 16:00:00,16,5,9,265,1,20.9,0.15,60.86,46.82,3
2024-09-21 17:00:00,17,5,9,265,1,24.58,0.15,24.33,44.18,3
2024-09-21 18:00:00,18,5,9,265,1,18.16,0.15,0.0,47.61,3
2024-09-21 19:00:00,19,5,9,265,1,20.81,0.1,0.0,46.39,3
2024-09-21 20:00:00,20,5,9,265,1,24.36,0.1,0.0,30.74,2
2024-09-21 21:00:00,21,5,9,265,1,15.69,0.1,0.0,20.3,2
2024-09-21 22:00:00,22,5,9,265,1,13.52,0.1,0.0,14.95,1
2024-09-21 23:00:00,23,5,9,265,1,13.28,0.1,0.0,14.41,1
2024-09-22 00:00:00,0,6,9,266,1,16.88,0.1,0.0,7.64,1
2024-09-22 01:00:00,1,6,9,266,1,16.54,0.1,0.0,12.28,1
2024-09-22 02:00:00,2,6,9,266,1,12.76,0.1,0.0,10.05,1
2024-09-22 03:00:00,3,6,9,266,1,14.98,0.1,0.0,10.93,1
2024-09-22 04:00:00,4,6,9,266,1,16.57,0.1,0.0,11.84,1
2024-09-22 05:00:00,5,6,9,266,1,17.86,0.1,0.0,11.43,1
2024-09-22 06:00:00,6,6,9,266,1,14.59,0.1,0.0,11.38,1
2024-09-22 07:00:00,7,6,9,266,1,11.51,0.1,16.5,15.07,1
2024-09-22 08:00:00,8,6,9,266,1,15.68,0.1,60.4,22.05,1
2024-09-22 09:00:00,9,6,9,266,1,17.76,0.1,93.92,21.82,2
2024-09-22 10:00:00,10,6,9,266,1,19.39,0.15,129.59,40.68,3
2024-09-22 11:00:00,11,6,9,266,1,20.74,0.15,174.43,37.07,2
2024-09-22 12:00:00,12,6,9,266,1,24.39,0.15,151.61,44.31,3
2024-09-22 13:00:00,13,6,9,266,1,25.5,0.15,148.22,52.04,5
2024-09-22 14:00:00,14,6,9,266,1,23.1,0.15,130.7,53.95,4
2024-09-22 15:00:00,15,6,9,266,1,25.81,0.15,72.02,53.28,4
2024-09-22 16:00:00,16,6,9,266,1,24.16,0.15,55.09,50.1,4
2024-09-22 17:00:00,17,6,9,266,1,23.08,0.15,14.07,44.58,4
2024-09-22 18:00:00,18,6,9,266,1,23.97,0.15,0.0,41.01,3
2024-09-22 19:00:00,19,6,9,266,1,21.26,0.1,0.0,42.1,3
2024-09-22 20:00:00,20,6,9,266,1,24.03,0.1,0.0,38.62,3
2024-09-22 21:00:00,21,6,9,266,1,15.74,0.1,0.0,22.15,2
2024-09-22 22:00:00,22,6,9,266,1,16.29,0.1,0.0,11.24,1
2024-09-22 23:00:00,23,6,9,266,1,15.86,0.1,0.0,7.44,1
2024-09-23 00:00:00,0,0,9,267,0,15.8,0.12,0.0,2.59,1
2024-09-23 01:00:00,1,0,9,267,0,16.66,0.12,0.0,2.5,1
2024-09-23 02:00:00,2,0,9,267,0,13.58,0.12,0.0,8.25,1
2024-09-23 03:00:00,3,0,9,267,0,10.61,0.12,0.0,2.79,1
2024-09-23 04:00:00,4,0,9,267,0,15.31,0.12,0.0,9.56,1
2024-09-23 05:00:00,5,0,9,267,0,15.64,0.12,0.0,9.26,1
2024-09-23 06:00:00,6,0,9,267,0,11.04,0.12,0.0,18.34,1
2024-09-23 07:00:00,7,0,9,267,0,15.95,0.22,22.21,27.81,2
2024-09-23 08:00:00,8,0,9,267,0,13.98,0.22,52.76,45.77,3
2024-09-23 09:00:00,9,0,9,267,0,17.13,0.22,107.36,33.67,2
2024-09-23 10:00:00,10,0,9,267,0,17.94,0.22,147.21,41.63,4
2024-09-23 11:00:00,11,0,9,267,0,22.57,0.22,159.52,32.12,3
2024-09-23 12:00:00,12,0,9,267,0,22.23,0.22,162.97,30.61,3
2024-09-23 13:00:00,13,0,9,267,0,20.22,0.22,117.62,18.69,1
2024-09-23 14:00:00,14,0,9,267,0,25.05,0.22,142.75,23.35,2
2024-09-23 15:00:00,15,0,9,267,0,20.59,0.22,80.67,33.49,3
2024-09-23 16:00:00,16,0,9,267,0,23.95,0.38,53.59,37.24,2
2024-09-23 17:00:00,17,0,9,267,0,21.16,0.38,23.94,43.67,4
2024-09-23 18:00:00,18,0,9,267,0,21.26,0.38,0.0,52.02,5
2024-09-23 19:00:00,19,0,9,267,0,21.96,0.38,0.0,62.2,5
2024-09-23 20:00:00,20,0,9,267,0,20.79,0.38,0.0,43.44,4
2024-09-23 21:00:00,21,0,9,267,0,21.13,0.38,0.0,38.0,3
2024-09-23 22:00:00,22,0,9,267,0,17.0,0.22,0.0,19.68,2
2024-09-23 23:00:00,23,0,9,267,0,16.57,0.22,0.0,12.65,1
2024-09-24 00:00:00,0,1,9,268,0,13.88,0.12,0.0,2.5,1
2024-09-24 01:00:00,1,1,9,268,0,14.33,0.12,0.0,5.34,1
2024-09-24 02:00:00,2,1,9,268,0,14.34,0.12,0.0,2.5,1
2024-09-24 03:00:00,3,1,9,268,0,13.1,0.12,0.0,2.5,1
2024-09-24 04:00:00,4,1,9,268,0,9.86,0.12,0.0,16.79,1
2024-09-24 05:00:00,5,1,9,268,0,14.63,0.12,0.0,4.8,1
2024-09-24 06:00:00,6,1,9,268,0,15.49,0.12,0.0,19.42,1
2024-09-24 07:00:00,7,1,9,268,0,14.43,0.22,21.23,27.52,2
2024-09-24 08:00:00,8,1,9,268,0,14.43,0.22,55.36,36.58,3
2024-09-24 09:00:00,9,1,9,268,0,21.25,0.22,91.27,40.67,3
2024-09-24 10:00:00,10,1,9,268,0,20.57,0.22,146.35,38.71,3
2024-09-24 11:00:00,11,1,9,268,0,20.34,0.22,160.52,28.13,2
2024-09-24 12:00:00,12,1,9,268,0,19.56,0.22,181.59,22.43,2
2024-09-24 13:00:00,13,1,9,268,0,20.98,0.22,172.39,20.83,2
2024-09-24 14:00:00,14,1,9,268,0,25.73,0.22,146.35,24.95,2
2024-09-24 15:00:00,15,1,9,268,0,23.57,0.22,81.1,37.11,3
2024-09-24 16:00:00,16,1,9,268,0,22.02,0.38,61.07,45.18,3
2024-09-24 17:00:00,17,1,9,268,0,23.64,0.38,19.8,45.93,4
2024-09-24 18:00:00,18,1,9,268,0,20.2,0.38,0.0,51.26,4
2024-09-24 19:00:00,19,1,9,268,0,23.8,0.38,0.0,58.92,4
2024-09-24 20:00:00,20,1,9,268,0,22.29,0.38,0.0,43.15,4
2024-09-24 21:00:00,21,1,9,268,0,17.36,0.38,0.0,32.16,2
2024-09-24 22:00:00,22,1,9,268,0,15.74,0.22,0.0,23.78,2
2024-09-24 23:00:00,23,1,9,268,0,10.56,0.22,0.0,13.41,1
2024-09-25 00:00:00,0,2,9,269,0,11.63,0.12,0.0,6.92,1
2024-09-25 01:00:00,1,2,9,269,0,11.12,0.12,0.0,10.75,1
2024-09-25 02:00:00,2,2,9,269,0,13.57,0.12,0.0,16.88,1
2024-09-25 03:00:00,3,2,9,269,0,12.48,0.12,0.0,5.89,1
2024-09-25 04:00:00,4,2,9,269,0,10.61,0.12,0.0,2.5,1
2024-09-25 05:00:00,5,2,9,269,0,13.24,0.12,0.0,12.31,1
2024-09-25 06:00:00,6,2,9,269,0,15.61,0.12,0.0,10.61,1
2024-09-25 07:00:00,7,2,9,269,0,16.69,0.22,23.05,20.21,2
2024-09-25 08:00:00,8,2,9,269,0,13.04,0.22,56.27,28.88,2
2024-09-25 09:00:00,9,2,9,269,0,17.87,0.22,107.34,42.57,4
2024-09-25 10:00:00,10,2,9,269,0,16.66,0.22,137.93,41.99,4
2024-09-25 11:00:00,11,2,9,269,0,22.43,0.22,116.58,28.5,2
2024-09-25 12:00:00,12,2,9,269,0,23.23,0.22,165.28,24.78,2
2024-09-25 13:00:00,13,2,9,269,0,20.67,0.22,166.93,28.82,2
2024-09-25 14:00:00,14,2,9,269,0,21.43,0.22,122.98,29.45,2
2024-09-25 15:00:00,15,2,9,269,0,22.21,0.22,96.08,28.8,2
2024-09-25 16:00:00,16,2,9,269,0,18.46,0.38,51.47,37.69,3
2024-09-25 17:00:00,17,2,9,269,0,23.13,0.38,16.99,50.61,4
2024-09-25 18:00:00,18,2,9,269,0,21.12,0.38,0.0,52.06,4
2024-09-25 19:00:00,19,2,9,269,0,22.57,0.38,0.0,49.32,3
2024-09-25 20:00:00,20,2,9,269,0,17.23,0.38,0.0,45.7,4
2024-09-25 21:00:00,21,2,9,269,0,16.89,0.38,0.0,37.45,3
2024-09-25 22:00:00,22,2,9,269,0,13.82,0.22,0.0,25.9,2
2024-09-25 23:00:00,23,2,9,269,0,13.62,0.22,0.0,12.45,1
2024-09-26 00:00:00,0,3,9,270,0,12.07,0.12,0.0,8.66,1
2024-09-26 01:00:00,1,3,9,270,0,15.63,0.12,0.0,21.74,2
2024-09-26 02:00:00,2,3,9,270,0,11.74,0.12,0.0,14.88,1
2024-09-26 03:00:00,3,3,9,270,0,13.22,0.12,0.0,7.69,1
2024-09-26 04:00:00,4,3,9,270,0,12.38,0.12,0.0,7.94,1
2024-09-26 05:00:00,5,3,9,270,0,11.1,0.12,0.0,7.36,1
2024-09-26 06:00:00,6,3,9,270,0,14.09,0.12,0.0,15.29,1
2024-09-26 07:00:00,7,3,9,270,0,16.67,0.22,20.8,16.92,1
2024-09-26 08:00:00,8,3,9,270,0,14.26,0.22,57.69,37.9,3
2024-09-26 09:00:00,9,3,9,270,0,19.59,0.22,94.37,46.5,4
2024-09-26 10:00:00,10,3,9,270,0,17.56,0.22,119.86,34.33,2
2024-09-26 11:00:00,11,3,9,270,0,19.5,0.22,156.93,27.29,2
2024-09-26 12:00:00,12,3,9,270,0,22.56,0.22,167.96,18.12,1
2024-09-26 13:00:00,13,3,9,270,0,20.97,0.22,134.27,21.95,2
2024-09-26 14:00:00,14,3,9,270,0,22.87,0.22,134.67,25.48,2
2024-09-26 15:00:00,15,3,9,270,0,22.34,0.22,106.7,32.95,2
2024-09-26 16:00:00,16,3,9,270,0,23.06,0.38,61.21,36.55,3
2024-09-26 17:00:00,17,3,9,270,0,17.54,0.38,23.44,41.37,3
2024-09-26 18:00:00,18,3,9,270,0,17.84,0.38,0.0,47.6,3
2024-09-26 19:00:00,19,3,9,270,0,21.7,0.38,0.0,53.89,4
2024-09-26 20:00:00,20,3,9,270,0,21.34,0.38,0.0,44.31,4
2024-09-26 21:00:00,21,3,9,270,0,16.15,0.38,0.0,36.07,3
2024-09-26 22:00:00,22,3,9,270,0,16.18,0.22,0.0,24.38,2
2024-09-26 23:00:00,23,3,9,270,0,16.06,0.22,0.0,13.42,1
2024-09-27 00:00:00,0,4,9,271,0,15.65,0.12,0.0,2.5,1
2024-09-27 01:00:00,1,4,9,271,0,9.42,0.12,0.0,6.6,1
2024-09-27 02:00:00,2,4,9,271,0,11.2,0.12,0.0,4.42,1
2024-09-27 03:00:00,3,4,9,271,0,12.14,0.12,0.0,12.96,1
2024-09-27 04:00:00,4,4,9,271,0,14.38,0.12,0.0,7.05,1
2024-09-27 05:00:00,5,4,9,271,0,18.47,0.12,0.0,5.71,1
2024-09-27 06:00:00,6,4,9,271,0,13.81,0.12,0.0,13.18,1
2024-09-27 07:00:00,7,4,9,271,0,12.49,0.22,23.49,25.45,2
2024-09-27 08:00:00,8,4,9,271,0,17.31,0.22,59.29,41.58,3
2024-09-27 09:00:00,9,4,9,271,0,20.44,0.22,83.48,38.17,2
2024-09-27 10:00:00,10,4,9,271,0,19.31,0.22,109.37,44.06,4
2024-09-27 11:00:00,11,4,9,271,0,18.49,0.22,155.27,34.75,2
2024-09-27 12:00:00,12,4,9,271,0,23.25,0.22,157.93,41.03,3
2024-09-27 13:00:00,13,4,9,271,0,23.46,0.22,165.94,20.72,2
2024-09-27 14:00:00,14,4,9,271,0,20.58,0.22,135.95,26.34,2
2024-09-27 15:00:00,15,4,9,271,0,23.57,0.22,89.98,31.83,2
2024-09-27 16:00:00,16,4,9,271,0,24.63,0.38,51.39,45.85,3
2024-09-27 17:00:00,17,4,9,271,0,24.5,0.38,20.22,43.12,3
2024-09-27 18:00:00,18,4,9,271,0,21.2,0.38,0.0,63.73,6
2024-09-27 19:00:00,19,4,9,271,0,19.59,0.38,0.0,51.41,3
2024-09-27 20:00:00,20,4,9,271,0,21.55,0.38,0.0,50.05,4
2024-09-27 21:00:00,21,4,9,271,0,15.38,0.38,0.0,38.87,3
2024-09-27 22:00:00,22,4,9,271,0,17.39,0.22,0.0,22.84,2
2024-09-27 23:00:00,23,4,9,271,0,12.56,0.22,0.0,11.3,1
2024-09-28 00:00:00,0,5,9,272,1,16.23,0.1,0.0,3.18,1
2024-09-28 01:00:00,1,5,9,272,1,12.79,0.1,0.0,3.07,1
2024-09-28 02:00:00,2,5,9,272,1,15.34,0.1,0.0,12.54,1
2024-09-28 03:00:00,3,5,9,272,1,13.62,0.1,0.0,5.28,1
2024-09-28 04:00:00,4,5,9,272,1,10.36,0.1,0.0,3.38,1
2024-09-28 05:00:00,5,5,9,272,1,16.16,0.1,0.0,13.49,1
2024-09-28 06:00:00,6,5,9,272,1,17.2,0.1,0.0,8.43,1
2024-09-28 07:00:00,7,5,9,272,1,16.9,0.1,21.35,16.7,1
2024-09-28 08:00:00,8,5,9,272,1,14.82,0.1,47.13,14.57,1
2024-09-28 09:00:00,9,5,9,272,1,17.02,0.1,89.38,24.21,2
2024-09-28 10:00:00,10,5,9,272,1,19.22,0.15,108.54,29.09,2
2024-09-28 11:00:00,11,5,9,272,1,18.73,0.15,168.34,38.53,2
2024-09-28 12:00:00,12,5,9,272,1,24.56,0.15,177.32,48.89,3
2024-09-28 13:00:00,13,5,9,272,1,22.26,0.15,161.27,60.97,4
2024-09-28 14:00:00,14,5,9,272,1,17.06,0.15,140.48,62.12,5
2024-09-28 15:00:00,15,5,9,272,1,23.32,0.15,95.96,51.4,3
2024-09-28 16:00:00,16,5,9,272,1,21.77,0.15,57.92,51.56,4
2024-09-28 17:00:00,17,5,9,272,1,21.82,0.15,16.07,43.4,3
2024-09-28 18:00:00,18,5,9,272,1,20.43,0.15,0.0,46.95,3
2024-09-28 19:00:00,19,5,9,272,1,21.75,0.1,0.0,48.09,4
2024-09-28 20:00:00,20,5,9,272,1,21.17,0.1,0.0,29.49,2
2024-09-28 21:00:00,21,5,9,272,1,18.2,0.1,0.0,25.92,2
2024-09-28 22:00:00,22,5,9,272,1,15.66,0.1,0.0,10.47,1
2024-09-28 23:00:00,23,5,9,272,1,15.05,0.1,0.0,16.79,1
2024-09-29 00:00:00,0,6,9,273,1,13.97,0.1,0.0,2.5,1
2024-09-29 01:00:00,1,6,9,273,1,11.54,0.1,0.0,3.24,1
2024-09-29 02:00:00,2,6,9,273,1,13.8,0.1,0.0,4.94,1
2024-09-29 03:00:00,3,6,9,273,1,13.39,0.1,0.0,2.82,1
2024-09-29 04:00:00,4,6,9,273,1,15.72,0.1,0.0,5.24,1
2024-09-29 05:00:00,5,6,9,273,1,15.65,0.1,0.0,11.83,1
2024-09-29 06:00:00,6,6,9,273,1,12.56,0.1,0.0,5.36,1
2024-09-29 07:00:00,7,6,9,273,1,16.61,0.1,20.53,17.07,1
2024-09-29 08:00:00,8,6,9,273,1,14.27,0.1,40.17,11.2,1
2024-09-29 09:00:00,9,6,9,273,1,18.86,0.1,72.77,24.45,2
2024-09-29 10:00:00,10,6,9,273,1,17.73,0.15,130.97,29.78,2
2024-09-29 11:00:00,11,6,9,273,1,17.92,0.15,167.33,52.04,4
2024-09-29 12:00:00,12,6,9,273,1,21.57,0.15,162.48,44.25,4
2024-09-29 13:00:00,13,6,9,273,1,16.45,0.15,132.79,55.46,4
2024-09-29 14:00:00,14,6,9,273,1,18.8,0.15,100.41,50.14,3
2024-09-29 15:00:00,15,6,9,273,1,22.12,0.15,102.1,52.51,4
2024-09-29 16:00:00,16,6,9,273,1,22.46,0.15,50.6,48.94,4
2024-09-29 17:00:00,17,6,9,273,1,21.06,0.15,22.22,46.86,3
2024-09-29 18:00:00,18,6,9,273,1,17.85,0.15,0.0,51.31,3
2024-09-29 19:00:00,19,6,9,273,1,18.33,0.1,0.0,39.88,3
2024-09-29 20:00:00,20,6,9,273,1,19.55,0.1,0.0,33.1,2
2024-09-29 21:00:00,21,6,9,273,1,18.63,0.1,0.0,30.23,2
2024-09-29 22:00:00,22,6,9,273,1,16.14,0.1,0.0,21.86,2
2024-09-29 23:00:00,23,6,9,273,1,17.28,0.1,0.0,18.41,1
2024-09-30 00:00:00,0,0,9,274,0,14.56,0.12,0.0,5.44,1
2024-09-30 01:00:00,1,0,9,274,0,11.48,0.12,0.0,3.77,1
2024-09-30 02:00:00,2,0,9,274,0,11.91,0.12,0.0,7.51,1
2024-09-30 03:00:00,3,0,9,274,0,9.5,0.12,0.0,3.86,1
2024-09-30 04:00:00,4,0,9,274,0,12.26,0.12,0.0,2.5,1
2024-09-30 05:00:00,5,0,9,274,0,15.2,0.12,0.0,2.5,1
2024-09-30 06:00:00,6,0,9,274,0,15.14,0.12,0.0,15.3,1
2024-09-30 07:00:00,7,0,9,274,0,17.61,0.22,23.06,20.62,2
2024-09-30 08:00:00,8,0,9,274,0,15.4,0.22,53.63,30.93,2
2024-09-30 09:00:00,9,0,9,274,0,20.0,0.22,104.18,35.31,2
2024-09-30 10:00:00,10,0,9,274,0,18.21,0.22,107.64,33.8,2
2024-09-30 11:00:00,11,0,9,274,0,22.75,0.22,131.4,30.6,2
2024-09-30 12:00:00,12,0,9,274,0,20.79,0.22,136.37,33.34,3
2024-09-30 13:00:00,13,0,9,274,0,23.05,0.22,116.79,23.05,1
2024-09-30 14:00:00,14,0,9,274,0,25.08,0.22,108.38,24.06,2
2024-09-30 15:00:00,15,0,9,274,0,21.92,0.22,92.97,29.56,2
2024-09-30 16:00:00,16,0,9,274,0,22.57,0.38,49.22,40.7,3
2024-09-30 17:00:00,17,0,9,274,0,24.21,0.38,9.63,46.31,3
2024-09-30 18:00:00,18,0,9,274,0,20.57,0.38,0.0,53.08,4
2024-09-30 19:00:00,19,0,9,274,0,17.16,0.38,0.0,50.71,4
2024-09-30 20:00:00,20,0,9,274,0,22.88,0.38,0.0,43.52,3
2024-09-30 21:00:00,21,0,9,274,0,16.36,0.38,0.0,36.72,3
2024-09-30 22:00:00,22,0,9,274,0,16.33,0.22,0.0,26.42,2
2024-09-30 23:00:00,23,0,9,274,0,17.12,0.22,0.0,14.45,1
2024-10-01 00:00:00,0,1,10,275,0,12.38,0.12,0.0,4.88,1
2024-10-01 01:00:00,1,1,10,275,0,10.79,0.12,0.0,2.67,1
2024-10-01 02:00:00,2,1,10,275,0,12.81,0.12,0.0,6.76,1
2024-10-01 03:00:00,3,1,10,275,0,8.55,0.12,0.0,5.38,1
2024-10-01 04:00:00,4,1,10,275,0,11.73,0.12,0.0,2.5,1
2024-10-01 05:00:00,5,1,10,275,0,13.3,0.12,0.0,6.97,1
2024-10-01 06:00:00,6,1,10,275,0,13.06,0.12,0.0,11.25,1
2024-10-01 07:00:00,7,1,10,275,0,11.55,0.22,21.15,30.1,2
2024-10-01 08:00:00,8,1,10,275,0,19.03,0.22,55.58,37.31,3
2024-10-01 09:00:00,9,1,10,275,0,17.34,0.22,96.81,47.37,3
2024-10-01 10:00:00,10,1,10,275,0,21.29,0.22,125.85,34.69,3
2024-10-01 11:00:00,11,1,10,275,0,19.12,0.22,153.78,35.85,3
2024-10-01 12:00:00,12,1,10,275,0,18.91,0.22,155.21,22.39,2
2024-10-01 13:00:00,13,1,10,275,0,22.0,0.22,132.41,17.88,1
2024-10-01 14:00:00,14,1,10,275,0,21.53,0.22,123.58,24.66,2
2024-10-01 15:00:00,15,1,10,275,0,19.78,0.22,82.25,29.99,2
2024-10-01 16:00:00,16,1,10,275,0,24.9,0.38,48.42,35.23,3
2024-10-01 17:00:00,17,1,10,275,0,20.22,0.38,19.25,46.73,3
2024-10-01 18:00:00,18,1,10,275,0,16.99,0.38,0.0,60.0,5
2024-10-01 19:00:00,19,1,10,275,0,22.29,0.38,0.0,56.14,4
2024-10-01 20:00:00,20,1,10,275,0,17.42,0.38,0.0,48.98,4
2024-10-01 21:00:00,21,1,10,275,0,15.92,0.38,0.0,35.77,2
2024-10-01 22:00:00,22,1,10,275,0,12.31,0.22,0.0,21.71,2
2024-10-01 23:00:00,23,1,10,275,0,18.12,0.22,0.0,8.33,1
2024-10-02 00:00:00,0,2,10,276,0,10.85,0.12,0.0,3.82,1
2024-10-02 01:00:00,1,2,10,276,0,12.75,0.12,0.0,6.54,1
2024-10-02 02:00:00,2,2,10,276,0,13.96,0.12,0.0,5.53,1
2024-10-02 03:00:00,3,2,10,276,0,12.81,0.12,0.0,4.99,1
2024-10-02 04:00:00,4,2,10,276,0,12.02,0.12,0.0,7.87,1
2024-10-02 05:00:00,5,2,10,276,0,9.23,0.12,0.0,7.58,1
2024-10-02 06:00:00,6,2,10,276,0,11.81,0.12,0.0,14.16,1
2024-10-02 07:00:00,7,2,10,276,0,14.84,0.22,18.28,20.36,1
2024-10-02 08:00:00,8,2,10,276,0,14.1,0.22,41.61,41.8,3
2024-10-02 09:00:00,9,2,10,276,0,17.37,0.22,101.2,35.38,3
2024-10-02 10:00:00,10,2,10,276,0,19.62,0.22,120.85,43.43,3
2024-10-02 11:00:00,11,2,10,276,0,21.39,0.22,138.64,24.73,2
2024-10-02 12:00:00,12,2,10,276,0,18.05,0.22,141.0,27.75,2
2024-10-02 13:00:00,13,2,10,276,0,25.69,0.22,164.33,22.53,2
2024-10-02 14:00:00,14,2,10,276,0,23.33,0.22,128.71,29.81,3
2024-10-02 15:00:00,15,2,10,276,0,21.96,0.22,97.37,34.9,3
2024-10-02 16:00:00,16,2,10,276,0,23.98,0.38,55.05,32.45,2
2024-10-02 17:00:00,17,2,10,276,0,26.03,0.38,20.8,40.98,3
2024-10-02 18:00:00,18,2,10,276,0,17.62,0.38,0.0,52.11,3
2024-10-02 19:00:00,19,2,10,276,0,19.02,0.38,0.0,53.03,4
2024-10-02 20:00:00,20,2,10,276,0,13.5,0.38,0.0,39.9,3
2024-10-02 21:00:00,21,2,10,276,0,17.35,0.38,0.0,35.15,3
2024-10-02 22:00:00,22,2,10,276,0,16.4,0.22,0.0,24.21,2
2024-10-02 23:00:00,23,2,10,276,0,14.39,0.22,0.0,12.1,1
2024-10-03 00:00:00,0,3,10,277,0,11.95,0.12,0.0,5.45,1
2024-10-03 01:00:00,1,3,10,277,0,8.37,0.12,0.0,9.53,1
2024-10-03 02:00:00,2,3,10,277,0,12.72,0.12,0.0,9.53,1
2024-10-03 03:00:00,3,3,10,277,0,14.71,0.12,0.0,4.88,1
2024-10-03 04:00:00,4,3,10,277,0,10.79,0.12,0.0,6.9,1
2024-10-03 05:00:00,5,3,10,277,0,13.35,0.12,0.0,2.5,1
2024-10-03 06:00:00,6,3,10,277,0,10.13,0.12,0.0,17.19,1
2024-10-03 07:00:00,7,3,10,277,0,15.21,0.22,22.66,32.84,2
2024-10-03 08:00:00,8,3,10,277,0,14.72,0.22,59.94,33.86,2
2024-10-03 09:00:00,9,3,10,277,0,15.27,0.22,68.2,43.25,3
2024-10-03 10:00:00,10,3,10,277,0,16.57,0.22,118.3,39.3,3
2024-10-03 11:00:00,11,3,10,277,0,18.51,0.22,140.44,30.0,2
2024-10-03 12:00:00,12,3,10,277,0,21.1,0.22,159.51,27.36,2
2024-10-03 13:00:00,13,3,10,277,0,18.5,0.22,124.35,20.14,2
2024-10-03 14:00:00,14,3,10,277,0,20.83,0.22,122.56,23.62,2
2024-10-03 15:00:00,15,3,10,277,0,21.71,0.22,88.54,29.38,2
2024-10-03 16:00:00,16,3,10,277,0,19.43,0.38,48.15,48.04,4
2024-10-03 17:00:00,17,3,10,277,0,24.72,0.38,17.55,44.39,4
2024-10-03 18:00:00,18,3,10,277,0,18.63,0.38,0.0,57.24,4
2024-10-03 19:00:00,19,3,10,277,0,17.96,0.38,0.0,51.13,4
2024-10-03 20:00:00,20,3,10,277,0,16.14,0.38,0.0,46.99,4
2024-10-03 21:00:00,21,3,10,277,0,20.39,0.38,0.0,35.66,3
2024-10-03 22:00:00,22,3,10,277,0,16.61,0.22,0.0,19.11,2
2024-10-03 23:00:00,23,3,10,277,0,12.42,0.22,0.0,9.86,1
2024-10-04 00:00:00,0,4,10,278,0,15.3,0.12,0.0,2.5,1
2024-10-04 01:00:00,1,4,10,278,0,12.7,0.12,0.0,2.5,1
2024-10-04 02:00:00,2,4,10,278,0,12.31,0.12,0.0,2.5,1
2024-10-04 03:00:00,3,4,10,278,0,10.94,0.12,0.0,5.92,1
2024-10-04 04:00:00,4,4,10,278,0,10.3,0.12,0.0,3.28,1
2024-10-04 05:00:00,5,4,10,278,0,12.97,0.12,0.0,10.93,1
2024-10-04 06:00:00,6,4,10,278,0,12.0,0.12,0.0,23.09,2
2024-10-04 07:00:00,7,4,10,278,0,17.76,0.22,22.52,18.54,1
2024-10-04 08:00:00,8,4,10,278,0,12.8,0.22,59.15,44.54,3
2024-10-04 09:00:00,9,4,10,278,0,19.7,0.22,101.69,44.78,3
2024-10-04 10:00:00,10,4,10,278,0,17.7,0.22,127.66,40.17,3
2024-10-04 11:00:00,11,4,10,278,0,19.73,0.22,142.01,30.03,2
2024-10-04 12:00:00,12,4,10,278,0,21.83,0.22,171.02,24.69,2
2024-10-04 13:00:00,13,4,10,278,0,19.7,0.22,156.49,18.82,1
2024-10-04 14:00:00,14,4,10,278,0,23.19,0.22,137.83,25.22,2
2024-10-04 15:00:00,15,4,10,278,0,16.21,0.22,101.19,38.18,3
2024-10-04 16:00:00,16,4,10,278,0,20.02,0.38,54.32,33.23,3
2024-10-04 17:00:00,17,4,10,278,0,19.11,0.38,16.64,50.27,3
2024-10-04 18:00:00,18,4,10,278,0,17.66,0.38,0.0,59.91,4
2024-10-04 19:00:00,19,4,10,278,0,18.7,0.38,0.0,51.53,3
2024-10-04 20:00:00,20,4,10,278,0,18.69,0.38,0.0,47.8,4
2024-10-04 21:00:00,21,4,10,278,0,18.03,0.38,0.0,36.66,3
2024-10-04 22:00:00,22,4,10,278,0,15.82,0.22,0.0,35.35,3
2024-10-04 23:00:00,23,4,10,278,0,12.8,0.22,0.0,21.08,1
2024-10-05 00:00:00,0,5,10,279,1,13.66,0.1,0.0,13.16,1
2024-10-05 01:00:00,1,5,10,279,1,12.38,0.1,0.0,5.29,1
2024-10-05 02:00:00,2,5,10,279,1,13.5,0.1,0.0,9.38,1
2024-10-05 03:00:00,3,5,10,279,1,13.01,0.1,0.0,6.68,1
2024-10-05 04:00:00,4,5,10,279,1,11.69,0.1,0.0,2.5,1
2024-10-05 05:00:00,5,5,10,279,1,10.33,0.1,0.0,4.79,1
2024-10-05 06:00:00,6,5,10,279,1,11.62,0.1,0.0,9.99,1
2024-10-05 07:00:00,7,5,10,279,1,12.86,0.1,18.53,12.19,1
2024-10-05 08:00:00,8,5,10,279,1,14.53,0.1,60.1,27.54,2
2024-10-05 09:00:00,9,5,10,279,1,16.99,0.1,101.07,25.39,2
2024-10-05 10:00:00,10,5,10,279,1,19.18,0.15,96.33,37.32,3
2024-10-05 11:00:00,11,5,10,279,1,18.86,0.15,96.17,42.74,3
2024-10-05 12:00:00,12,5,10,279,1,20.03,0.15,151.14,50.73,3
2024-10-05 13:00:00,13,5,10,279,1,21.07,0.15,159.31,57.37,4
2024-10-05 14:00:00,14,5,10,279,1,20.26,0.15,112.01,53.59,5
2024-10-05 15:00:00,15,5,10,279,1,19.61,0.15,101.07,52.49,4
2024-10-05 16:00:00,16,5,10,279,1,17.78,0.15,53.32,48.04,3
2024-10-05 17:00:00,17,5,10,279,1,19.4,0.15,19.26,46.26,3
2024-10-05 18:00:00,18,5,10,279,1,20.94,0.15,0.0,43.85,3
2024-10-05 19:00:00,19,5,10,279,1,17.55,0.1,0.0,41.86,3
2024-10-05 20:00:00,20,5,10,279,1,17.28,0.1,0.0,33.53,3
2024-10-05 21:00:00,21,5,10,279,1,17.39,0.1,0.0,25.47,2
2024-10-05 22:00:00,22,5,10,279,1,16.21,0.1,0.0,18.57,1
2024-10-05 23:00:00,23,5,10,279,1,11.8,0.1,0.0,4.3,1
2024-10-06 00:00:00,0,6,10,280,1,14.75,0.1,0.0,4.55,1
2024-10-06 01:00:00,1,6,10,280,1,14.21,0.1,0.0,4.8,1
2024-10-06 02:00:00,2,6,10,280,1,9.2,0.1,0.0,8.33,1
2024-10-06 03:00:00,3,6,10,280,1,9.64,0.1,0.0,9.49,1
2024-10-06 04:00:00,4,6,10,280,1,13.84,0.1,0.0,3.82,1
2024-10-06 05:00:00,5,6,10,280,1,11.66,0.1,0.0,13.14,1
2024-10-06 06:00:00,6,6,10,280,1,8.31,0.1,0.0,12.13,1
2024-10-06 07:00:00,7,6,10,280,1,10.99,0.1,22.25,9.7,1
2024-10-06 08:00:00,8,6,10,280,1,14.49,0.1,54.65,15.99,1
2024-10-06 09:00:00,9,6,10,280,1,13.96,0.1,100.46,24.54,2
2024-10-06 10:00:00,10,6,10,280,1,16.75,0.15,136.17,36.47,2
2024-10-06 11:00:00,11,6,10,280,1,18.85,0.15,155.84,44.06,4
2024-10-06 12:00:00,12,6,10,280,1,22.75,0.15,150.07,45.35,4
2024-10-06 13:00:00,13,6,10,280,1,20.04,0.15,122.94,58.65,4
2024-10-06 14:00:00,14,6,10,280,1,23.26,0.15,134.61,54.78,5
2024-10-06 15:00:00,15,6,10,280,1,24.15,0.15,90.94,58.24,5
2024-10-06 16:00:00,16,6,10,280,1,23.99,0.15,56.42,50.27,4
2024-10-06 17:00:00,17,6,10,280,1,21.19,0.15,22.25,42.8,3
2024-10-06 18:00:00,18,6,10,280,1,15.9,0.15,0.0,45.4,3
2024-10-06 19:00:00,19,6,10,280,1,19.71,0.1,0.0,50.93,3
2024-10-06 20:00:00,20,6,10,280,1,19.68,0.1,0.0,30.86,2
2024-10-06 21:00:00,21,6,10,280,1,16.13,0.1,0.0,21.61,1
2024-10-06 22:00:00,22,6,10,280,1,18.48,0.1,0.0,15.96,1
2024-10-06 23:00:00,23,6,10,280,1,15.51,0.1,0.0,13.91,1
2024-10-07 00:00:00,0,0,10,281,0,13.72,0.12,0.0,17.64,1
2024-10-07 01:00:00,1,0,10,281,0,13.96,0.12,0.0,10.28,1
2024-10-07 02:00:00,2,0,10,281,0,11.95,0.12,0.0,2.5,1
2024-10-07 03:00:00,3,0,10,281,0,6.13,0.12,0.0,12.3,1
2024-10-07 04:00:00,4,0,10,281,0,10.29,0.12,0.0,7.66,1
2024-10-07 05:00:00,5,0,10,281,0,14.18,0.12,0.0,9.9,1
2024-10-07 06:00:00,6,0,10,281,0,10.97,0.12,0.0,13.37,1
2024-10-07 07:00:00,7,0,10,281,0,13.17,0.22,22.11,21.85,2
2024-10-07 08:00:00,8,0,10,281,0,12.73,0.22,50.49,35.17,3
2024-10-07 09:00:00,9,0,10,281,0,19.68,0.22,86.41,49.88,4
2024-10-07 10:00:00,10,0,10,281,0,20.77,0.22,135.34,33.23,3
2024-10-07 11:00:00,11,0,10,281,0,16.85,0.22,138.55,32.85,2
2024-10-07 12:00:00,12,0,10,281,0,19.95,0.22,167.93,25.63,2
2024-10-07 13:00:00,13,0,10,281,0,19.09,0.22,150.64,22.92,2
2024-10-07 14:00:00,14,0,10,281,0,22.18,0.22,80.89,30.24,2
2024-10-07 15:00:00,15,0,10,281,0,22.14,0.22,99.85,27.23,2
2024-10-07 16:00:00,16,0,10,281,0,22.57,0.38,58.75,44.44,4
2024-10-07 17:00:00,17,0,10,281,0,21.11,0.38,21.98,40.5,4
2024-10-07 18:00:00,18,0,10,281,0,25.52,0.38,0.0,54.06,5
2024-10-07 19:00:00,19,0,10,281,0,16.56,0.38,0.0,49.59,3
2024-10-07 20:00:00,20,0,10,281,0,13.99,0.38,0.0,45.25,4
2024-10-07 21:00:00,21,0,10,281,0,15.33,0.38,0.0,42.04,3
2024-10-07 22:00:00,22,0,10,281,0,11.69,0.22,0.0,23.28,2
2024-10-07 23:00:00,23,0,10,281,0,10.63,0.22,0.0,10.95,1
2024-10-08 00:00:00,0,1,10,282,0,10.41,0.12,0.0,11.89,1
2024-10-08 01:00:00,1,1,10,282,0,9.77,0.12,0.0,5.95,1
2024-10-08 02:00:00,2,1,10,282,0,9.21,0.12,0.0,3.78,1
2024-10-08 03:00:00,3,1,10,282,0,11.98,0.12,0.0,2.5,1
2024-10-08 04:00:00,4,1,10,282,0,10.1,0.12,0.0,6.22,1
2024-10-08 05:00:00,5,1,10,282,0,11.26,0.12,0.0,7.17,1
2024-10-08 06:00:00,6,1,10,282,0,14.2,0.12,0.0,16.43,1
2024-10-08 07:00:00,7,1,10,282,0,11.91,0.22,18.58,17.95,2
2024-10-08 08:00:00,8,1,10,282,0,14.12,0.22,52.04,36.0,2
2024-10-08 09:00:00,9,1,10,282,0,16.68,0.22,62.58,46.36,4
2024-10-08 10:00:00,10,1,10,282,0,13.36,0.22,113.37,32.41,2
2024-10-08 11:00:00,11,1,10,282,0,13.68,0.22,158.45,40.35,3
2024-10-08 12:00:00,12,1,10,282,0,20.17,0.22,166.91,21.17,2
2024-10-08 13:00:00,13,1,10,282,0,21.26,0.22,153.11,17.64,1
2024-10-08 14:00:00,14,1,10,282,0,24.9,0.22,96.82,23.77,2
2024-10-08 15:00:00,15,1,10,282,0,21.26,0.22,99.25,27.88,2
2024-10-08 16:00:00,16,1,10,282,0,22.41,0.38,57.06,33.41,3
2024-10-08 17:00:00,17,1,10,282,0,19.88,0.38,19.03,46.26,4
2024-10-08 18:00:00,18,1,10,282,0,20.08,0.38,0.0,52.69,5
2024-10-08 19:00:00,19,1,10,282,0,21.78,0.38,0.0,53.39,5
2024-10-08 20:00:00,20,1,10,282,0,12.99,0.38,0.0,56.95,5
2024-10-08 21:00:00,21,1,10,282,0,16.77,0.38,0.0,28.1,2
2024-10-08 22:00:00,22,1,10,282,0,18.92,0.22,0.0,22.18,2
2024-10-08 23:00:00,23,1,10,282,0,14.01,0.22,0.0,16.48,1
2024-10-09 00:00:00,0,2,10,283,0,15.54,0.12,0.0,4.65,1
2024-10-09 01:00:00,1,2,10,283,0,10.19,0.12,0.0,6.04,1
2024-10-09 02:00:00,2,2,10,283,0,10.88,0.12,0.0,5.19,1
2024-10-09 03:00:00,3,2,10,283,0,10.84,0.12,0.0,3.96,1
2024-10-09 04:00:00,4,2,10,283,0,6.51,0.12,0.0,2.5,1
2024-10-09 05:00:00,5,2,10,283,0,9.11,0.12,0.0,15.69,1
2024-10-09 06:00:00,6,2,10,283,0,10.04,0.12,0.0,11.43,1
2024-10-09 07:00:00,7,2,10,283,0,14.92,0.22,19.23,18.94,2
2024-10-09 08:00:00,8,2,10,283,0,16.22,0.22,56.48,34.74,2
2024-10-09 09:00:00,9,2,10,283,0,16.42,0.22,98.64,55.06,4
2024-10-09 10:00:00,10,2,10,283,0,18.72,0.22,133.7,41.68,3
2024-10-09 11:00:00,11,2,10,283,0,17.95,0.22,133.02,35.35,3
2024-10-09 12:00:00,12,2,10,283,0,21.71,0.22,126.34,47.87,4
2024-10-09 13:00:00,13,2,10,283,0,20.12,0.22,132.57,23.9,2
2024-10-09 14:00:00,14,2,10,283,0,20.72,0.22,98.7,20.28,2
2024-10-09 15:00:00,15,2,10,283,0,20.24,0.22,84.23,29.43,2
2024-10-09 16:00:00,16,2,10,283,0,21.97,0.38,49.21,34.6,3
2024-10-09 17:00:00,17,2,10,283,0,19.26,0.38,21.13,42.54,3
2024-10-09 18:00:00,18,2,10,283,0,21.26,0.38,0.0,53.55,4
2024-10-09 19:00:00,19,2,10,283,0,16.01,0.38,0.0,61.67,5
2024-10-09 20:00:00,20,2,10,283,0,14.87,0.38,0.0,55.21,5
2024-10-09 21:00:00,21,2,10,283,0,17.15,0.38,0.0,30.62,2
2024-10-09 22:00:00,22,2,10,283,0,14.3,0.22,0.0,33.35,3
2024-10-09 23:00:00,23,2,10,283,0,12.37,0.22,0.0,16.82,1
2024-10-10 00:00:00,0,3,10,284,0,13.85,0.12,0.0,2.5,1
2024-10-10 01:00:00,1,3,10,284,0,10.06,0.12,0.0,2.5,1
2024-10-10 02:00:00,2,3,10,284,0,10.37,0.12,0.0,7.17,1
2024-10-10 03:00:00,3,3,10,284,0,13.4,0.12,0.0,5.5,1
2024-10-10 04:00:00,4,3,10,284,0,13.85,0.12,0.0,5.1,1
2024-10-10 05:00:00,5,3,10,284,0,14.42,0.12,0.0,2.85,1
2024-10-10 06:00:00,6,3,10,284,0,11.5,0.12,0.0,9.24,1
2024-10-10 07:00:00,7,3,10,284,0,15.56,0.22,20.49,20.92,2
2024-10-10 08:00:00,8,3,10,284,0,12.41,0.22,40.29,31.0,2
2024-10-10 09:00:00,9,3,10,284,0,13.79,0.22,71.77,43.02,3
2024-10-10 10:00:00,10,3,10,284,0,12.2,0.22,120.97,39.6,3
2024-10-10 11:00:00,11,3,10,284,0,21.45,0.22,144.12,27.65,2
2024-10-10 12:00:00,12,3,10,284,0,17.41,0.22,125.5,24.0,2
2024-10-10 13:00:00,13,3,10,284,0,19.68,0.22,126.97,29.51,2
2024-10-10 14:00:00,14,3,10,284,0,18.61,0.22,87.66,28.21,2
2024-10-10 15:00:00,15,3,10,284,0,21.99,0.22,98.05,29.27,2
2024-10-10 16:00:00,16,3,10,284,0,19.68,0.38,42.21,40.07,3
2024-10-10 17:00:00,17,3,10,284,0,17.32,0.38,20.52,53.58,4
2024-10-10 18:00:00,18,3,10,284,0,20.02,0.38,0.0,59.81,4
2024-10-10 19:00:00,19,3,10,284,0,15.23,0.38,0.0,51.22,3
2024-10-10 20:00:00,20,3,10,284,0,15.22,0.38,0.0,43.52,3
2024-10-10 21:00:00,21,3,10,284,0,11.39,0.38,0.0,28.03,2
2024-10-10 22:00:00,22,3,10,284,0,11.46,0.22,0.0,27.44,2
2024-10-10 23:00:00,23,3,10,284,0,13.46,0.22,0.0,23.21,2
2024-10-11 00:00:00,0,4,10,285,0,7.97,0.12,0.0,7.95,1
2024-10-11 01:00:00,1,4,10,285,0,8.14,0.12,0.0,5.42,1
2024-10-11 02:00:00,2,4,10,285,0,10.6,0.12,0.0,14.67,1
2024-10-11 03:00:00,3,4,10,285,0,9.34,0.12,0.0,5.93,1
2024-10-11 04:00:00,4,4,10,285,0,14.58,0.12,0.0,18.91,1
2024-10-11 05:00:00,5,4,10,285,0,14.77,0.12,0.0,11.66,1
2024-10-11 06:00:00,6,4,10,285,0,10.16,0.12,0.0,13.64,1
2024-10-11 07:00:00,7,4,10,285,0,14.04,0.22,20.31,17.22,1
2024-10-11 08:00:00,8,4,10,285,0,15.63,0.22,57.95,29.9,3
2024-10-11 09:00:00,9,4,10,285,0,14.24,0.22,78.01,51.41,4
2024-10-11 10:00:00,10,4,10,285,0,13.73,0.22,103.5,38.43,2
2024-10-11 11:00:00,11,4,10,285,0,17.91,0.22,127.12,38.07,3
2024-10-11 12:00:00,12,4,10,285,0,18.62,0.22,155.47,31.99,3
2024-10-11 13:00:00,13,4,10,285,0,18.89,0.22,155.59,23.77,2
2024-10-11 14:00:00,14,4,10,285,0,21.14,0.22,96.59,34.04,2
2024-10-11 15:00:00,15,4,10,285,0,18.93,0.22,68.24,36.03,3
2024-10-11 16:00:00,16,4,10,285,0,17.96,0.38,57.95,44.42,3
2024-10-11 17:00:00,17,4,10,285,0,19.98,0.38,18.53,48.59,4
2024-10-11 18:00:00,18,4,10,285,0,19.74,0.38,0.0,54.12,3
2024-10-11 19:00:00,19,4,10,285,0,15.58,0.38,0.0,52.32,4
2024-10-11 20:00:00,20,4,10,285,0,18.58,0.38,0.0,42.84,3
2024-10-11 21:00:00,21,4,10,285,0,11.89,0.38,0.0,35.21,3
2024-10-11 22:00:00,22,4,10,285,0,12.98,0.22,0.0,21.68,2
2024-10-11 23:00:00,23,4,10,285,0,12.41,0.22,0.0,17.63,1
2024-10-12 00:00:00,0,5,10,286,1,10.45,0.1,0.0,5.03,1
2024-10-12 01:00:00,1,5,10,286,1,9.8,0.1,0.0,6.46,1
2024-10-12 02:00:00,2,5,10,286,1,14.17,0.1,0.0,11.25,1
2024-10-12 03:00:00,3,5,10,286,1,8.56,0.1,0.0,13.86,1
2024-10-12 04:00:00,4,5,10,286,1,15.31,0.1,0.0,5.83,1
2024-10-12 05:00:00,5,5,10,286,1,11.8,0.1,0.0,4.41,1
2024-10-12 06:00:00,6,5,10,286,1,11.91,0.1,0.0,12.7,1
2024-10-12 07:00:00,7,5,10,286,1,13.71,0.1,17.91,15.21,1
2024-10-12 08:00:00,8,5,10,286,1,19.02,0.1,46.67,26.87,2
2024-10-12 09:00:00,9,5,10,286,1,13.27,0.1,85.62,22.96,2
2024-10-12 10:00:00,10,5,10,286,1,14.31,0.15,100.38,30.2,3
2024-10-12 11:00:00,11,5,10,286,1,16.25,0.15,115.02,44.49,4
2024-10-12 12:00:00,12,5,10,286,1,18.86,0.15,92.23,49.5,4
2024-10-12 13:00:00,13,5,10,286,1,16.14,0.15,154.65,59.89,4
2024-10-12 14:00:00,14,5,10,286,1,20.13,0.15,124.29,56.65,5
2024-10-12 15:00:00,15,5,10,286,1,23.65,0.15,83.88,55.75,4
2024-10-12 16:00:00,16,5,10,286,1,20.39,0.15,46.07,48.67,4
2024-10-12 17:00:00,17,5,10,286,1,19.0,0.15,11.47,47.41,3
2024-10-12 18:00:00,18,5,10,286,1,17.56,0.15,0.0,48.15,4
2024-10-12 19:00:00,19,5,10,286,1,19.56,0.1,0.0,34.11,3
2024-10-12 20:00:00,20,5,10,286,1,14.9,0.1,0.0,47.22,4
2024-10-12 21:00:00,21,5,10,286,1,18.95,0.1,0.0,22.41,2
2024-10-12 22:00:00,22,5,10,286,1,17.83,0.1,0.0,18.5,1
2024-10-12 23:00:00,23,5,10,286,1,13.27,0.1,0.0,10.53,1
2024-10-13 00:00:00,0,6,10,287,1,11.53,0.1,0.0,14.25,1
2024-10-13 01:00:00,1,6,10,287,1,12.82,0.1,0.0,8.29,1
2024-10-13 02:00:00,2,6,10,287,1,12.45,0.1,0.0,27.77,2
2024-10-13 03:00:00,3,6,10,287,1,8.47,0.1,0.0,13.86,1
2024-10-13 04:00:00,4,6,10,287,1,9.2,0.1,0.0,2.5,1
2024-10-13 05:00:00,5,6,10,287,1,8.11,0.1,0.0,12.35,1
2024-10-13 06:00:00,6,6,10,287,1,12.37,0.1,0.0,3.14,1
2024-10-13 07:00:00,7,6,10,287,1,13.92,0.1,16.86,8.68,1
2024-10-13 08:00:00,8,6,10,287,1,11.09,0.1,43.28,18.15,1
2024-10-13 09:00:00,9,6,10,287,1,14.18,0.1,92.97,31.7,3
2024-10-13 10:00:00,10,6,10,287,1,13.69,0.15,119.97,31.52,2
2024-10-13 11:00:00,11,6,10,287,1,15.79,0.15,153.02,48.51,4
2024-10-13 12:00:00,12,6,10,287,1,19.72,0.15,152.45,47.74,3
2024-10-13 13:00:00,13,6,10,287,1,17.95,0.15,121.37,49.6,3
2024-10-13 14:00:00,14,6,10,287,1,19.31,0.15,116.02,56.82,4
2024-10-13 15:00:00,15,6,10,287,1,16.83,0.15,86.17,50.49,4
2024-10-13 16:00:00,16,6,10,287,1,20.29,0.15,44.06,41.64,3
2024-10-13 17:00:00,17,6,10,287,1,19.33,0.15,15.94,45.07,3
2024-10-13 18:00:00,18,6,10,287,1,17.16,0.15,0.0,45.03,4
2024-10-13 19:00:00,19,6,10,287,1,17.21,0.1,0.0,39.81,3
2024-10-13 20:00:00,20,6,10,287,1,16.74,0.1,0.0,33.56,3
2024-10-13 21:00:00,21,6,10,287,1,13.46,0.1,0.0,36.84,3
2024-10-13 22:00:00,22,6,10,287,1,10.84,0.1,0.0,21.39,2
2024-10-13 23:00:00,23,6,10,287,1,16.2,0.1,0.0,8.27,1
2024-10-14 00:00:00,0,0,10,288,0,10.11,0.12,0.0,17.36,1
2024-10-14 01:00:00,1,0,10,288,0,10.39,0.12,0.0,3.95,1
2024-10-14 02:00:00,2,0,10,288,0,12.11,0.12,0.0,6.55,1
2024-10-14 03:00:00,3,0,10,288,0,16.97,0.12,0.0,7.54,1
2024-10-14 04:00:00,4,0,10,288,0,7.6,0.12,0.0,18.68,1
2024-10-14 05:00:00,5,0,10,288,0,11.48,0.12,0.0,2.5,1
2024-10-14 06:00:00,6,0,10,288,0,9.96,0.12,0.0,7.02,1
2024-10-14 07:00:00,7,0,10,288,0,11.34,0.22,19.53,26.45,2
2024-10-14 08:00:00,8,0,10,288,0,12.18,0.22,52.01,37.15,3
2024-10-14 09:00:00,9,0,10,288,0,12.66,0.22,73.46,46.16,4
2024-10-14 10:00:00,10,0,10,288,0,16.13,0.22,123.16,35.88,3
2024-10-14 11:00:00,11,0,10,288,0,14.46,0.22,107.13,32.12,3
2024-10-14 12:00:00,12,0,10,288,0,20.34,0.22,128.99,24.97,2
2024-10-14 13:00:00,13,0,10,288,0,19.35,0.22,97.8,22.11,1
2024-10-14 14:00:00,14,0,10,288,0,20.59,0.22,129.7,25.3,2
2024-10-14 15:00:00,15,0,10,288,0,18.98,0.22,81.55,27.67,2
2024-10-14 16:00:00,16,0,10,288,0,19.01,0.38,56.9,41.53,3
2024-10-14 17:00:00,17,0,10,288,0,19.82,0.38,20.69,42.69,4
2024-10-14 18:00:00,18,0,10,288,0,16.12,0.38,0.0,49.67,4
2024-10-14 19:00:00,19,0,10,288,0,16.7,0.38,0.0,49.5,3
2024-10-14 20:00:00,20,0,10,288,0,14.49,0.38,0.0,55.83,4
2024-10-14 21:00:00,21,0,10,288,0,13.13,0.38,0.0,33.68,2
2024-10-14 22:00:00,22,0,10,288,0,9.4,0.22,0.0,28.3,2
2024-10-14 23:00:00,23,0,10,288,0,15.09,0.22,0.0,22.55,2
2024-10-15 00:00:00,0,1,10,289,0,9.83,0.12,0.0,2.5,1
2024-10-15 01:00:00,1,1,10,289,0,12.74,0.12,0.0,7.77,1
2024-10-15 02:00:00,2,1,10,289,0,12.05,0.12,0.0,10.0,1
2024-10-15 03:00:00,3,1,10,289,0,7.17,0.12,0.0,6.35,1
2024-10-15 04:00:00,4,1,10,289,0,7.74,0.12,0.0,4.32,1
2024-10-15 05:00:00,5,1,10,289,0,15.53,0.12,0.0,10.99,1
2024-10-15 06:00:00,6,1,10,289,0,14.71,0.12,0.0,11.74,1
2024-10-15 07:00:00,7,1,10,289,0,12.18,0.22,16.17,26.41,2
2024-10-15 08:00:00,8,1,10,289,0,13.96,0.22,56.56,29.09,2
2024-10-15 09:00:00,9,1,10,289,0,13.48,0.22,95.12,43.42,3
2024-10-15 10:00:00,10,1,10,289,0,16.9,0.22,99.63,40.6,3
2024-10-15 11:00:00,11,1,10,289,0,15.81,0.22,132.13,31.53,2
2024-10-15 12:00:00,12,1,10,289,0,14.21,0.22,132.14,21.94,2
2024-10-15 13:00:00,13,1,10,289,0,16.43,0.22,125.98,17.8,1
2024-10-15 14:00:00,14,1,10,289,0,19.61,0.22,128.92,18.76,1
2024-10-15 15:00:00,15,1,10,289,0,17.48,0.22,68.73,39.99,3
2024-10-15 16:00:00,16,1,10,289,0,19.44,0.38,52.94,33.45,2
2024-10-15 17:00:00,17,1,10,289,0,16.92,0.38,20.38,45.0,3
2024-10-15 18:00:00,18,1,10,289,0,16.71,0.38,0.0,50.24,4
2024-10-15 19:00:00,19,1,10,289,0,18.95,0.38,0.0,60.5,5
2024-10-15 20:00:00,20,1,10,289,0,16.53,0.38,0.0,44.77,3
2024-10-15 21:00:00,21,1,10,289,0,14.72,0.38,0.0,35.33,3
2024-10-15 22:00:00,22,1,10,289,0,15.21,0.22,0.0,20.53,2
2024-10-15 23:00:00,23,1,10,289,0,13.2,0.22,0.0,16.47,1
2024-10-16 00:00:00,0,2,10,290,0,13.93,0.12,0.0,2.5,1
2024-10-16 01:00:00,1,2,10,290,0,9.32,0.12,0.0,9.35,1
2024-10-16 02:00:00,2,2,10,290,0,8.88,0.12,0.0,10.88,1
2024-10-16 03:00:00,3,2,10,290,0,6.97,0.12,0.0,2.5,1
2024-10-16 04:00:00,4,2,10,290,0,8.88,0.12,0.0,8.63,1
2024-10-16 05:00:00,5,2,10,290,0,12.17,0.12,0.0,17.52,1
2024-10-16 06:00:00,6,2,10,290,0,13.63,0.12,0.0,11.81,1
2024-10-16 07:00:00,7,2,10,290,0,13.99,0.22,20.48,43.79,3
2024-10-16 08:00:00,8,2,10,290,0,9.69,0.22,38.56,31.97,2
2024-10-16 09:00:00,9,2,10,290,0,16.74,0.22,59.7,42.91,3
2024-10-16 10:00:00,10,2,10,290,0,12.19,0.22,107.21,52.9,4
2024-10-16 11:00:00,11,2,10,290,0,18.87,0.22,106.61,31.03,2
2024-10-16 12:00:00,12,2,10,290,0,17.37,0.22,113.03,24.12,2
2024-10-16 13:00:00,13,2,10,290,0,20.3,0.22,143.22,27.96,2
2024-10-16 14:00:00,14,2,10,290,0,16.73,0.22,126.24,29.5,2
2024-10-16 15:00:00,15,2,10,290,0,21.91,0.22,92.15,30.48,2
2024-10-16 16:00:00,16,2,10,290,0,16.47,0.38,56.22,31.04,2
2024-10-16 17:00:00,17,2,10,290,0,17.56,0.38,20.94,47.61,4
2024-10-16 18:00:00,18,2,10,290,0,16.11,0.38,0.0,55.93,5
2024-10-16 19:00:00,19,2,10,290,0,13.56,0.38,0.0,59.7,5
2024-10-16 20:00:00,20,2,10,290,0,16.05,0.38,0.0,48.89,3
2024-10-16 21:00:00,21,2,10,290,0,18.18,0.38,0.0,32.73,3
2024-10-16 22:00:00,22,2,10,290,0,18.61,0.22,0.0,26.56,2
2024-10-16 23:00:00,23,2,10,290,0,12.26,0.22,0.0,9.37,1
2024-10-17 00:00:00,0,3,10,291,0,13.1,0.12,0.0,5.92,1
2024-10-17 01:00:00,1,3,10,291,0,10.53,0.12,0.0,6.8,1
2024-10-17 02:00:00,2,3,10,291,0,10.57,0.12,0.0,3.72,1
2024-10-17 03:00:00,3,3,10,291,0,8.71,0.12,0.0,8.21,1
2024-10-17 04:00:00,4,3,10,291,0,9.96,0.12,0.0,17.17,1
2024-10-17 05:00:00,5,3,10,291,0,11.14,0.12,0.0,8.2,1
2024-10-17 06:00:00,6,3,10,291,0,9.71,0.12,0.0,19.07,1
2024-10-17 07:00:00,7,3,10,291,0,11.74,0.22,18.53,32.02,2
2024-10-17 08:00:00,8,3,10,291,0,12.99,0.22,41.28,30.99,3
2024-10-17 09:00:00,9,3,10,291,0,16.05,0.22,77.91,36.37,3
2024-10-17 10:00:00,10,3,10,291,0,13.56,0.22,124.9,36.36,3
2024-10-17 11:00:00,11,3,10,291,0,16.79,0.22,150.04,39.51,3
2024-10-17 12:00:00,12,3,10,291,0,21.76,0.22,132.89,24.59,2
2024-10-17 13:00:00,13,3,10,291,0,21.06,0.22,127.54,21.98,2
2024-10-17 14:00:00,14,3,10,291,0,21.93,0.22,109.62,22.41,1
2024-10-17 15:00:00,15,3,10,291,0,19.45,0.22,85.8,27.67,2
2024-10-17 16:00:00,16,3,10,291,0,19.87,0.38,45.28,34.12,3
2024-10-17 17:00:00,17,3,10,291,0,20.73,0.38,11.09,46.73,4
2024-10-17 18:00:00,18,3,10,291,0,21.05,0.38,0.0,52.79,3
2024-10-17 19:00:00,19,3,10,291,0,12.99,0.38,0.0,53.17,4
2024-10-17 20:00:00,20,3,10,291,0,13.06,0.38,0.0,54.37,4
2024-10-17 21:00:00,21,3,10,291,0,17.02,0.38,0.0,31.68,3
2024-10-17 22:00:00,22,3,10,291,0,12.55,0.22,0.0,21.11,2
2024-10-17 23:00:00,23,3,10,291,0,10.55,0.22,0.0,18.71,1
2024-10-18 00:00:00,0,4,10,292,0,8.18,0.12,0.0,3.32,1
2024-10-18 01:00:00,1,4,10,292,0,8.79,0.12,0.0,3.6,1
2024-10-18 02:00:00,2,4,10,292,0,6.59,0.12,0.0,2.5,1
2024-10-18 03:00:00,3,4,10,292,0,13.41,0.12,0.0,5.02,1
2024-10-18 04:00:00,4,4,10,292,0,9.35,0.12,0.0,15.28,1
2024-10-18 05:00:00,5,4,10,292,0,9.78,0.12,0.0,15.95,1
2024-10-18 06:00:00,6,4,10,292,0,11.87,0.12,0.0,16.7,1
2024-10-18 07:00:00,7,4,10,292,0,13.65,0.22,15.8,21.14,1
2024-10-18 08:00:00,8,4,10,292,0,14.82,0.22,55.55,37.81,3
2024-10-18 09:00:00,9,4,10,292,0,16.37,0.22,62.66,52.2,4
2024-10-18 10:00:00,10,4,10,292,0,14.26,0.22,122.21,41.38,3
2024-10-18 11:00:00,11,4,10,292,0,16.13,0.22,97.07,31.95,3
2024-10-18 12:00:00,12,4,10,292,0,19.3,0.22,123.35,20.33,1
2024-10-18 13:00:00,13,4,10,292,0,17.5,0.22,149.15,25.89,2
2024-10-18 14:00:00,14,4,10,292,0,19.05,0.22,124.06,29.53,2
2024-10-18 15:00:00,15,4,10,292,0,20.02,0.22,76.08,32.75,2
2024-10-18 16:00:00,16,4,10,292,0,20.63,0.38,45.42,31.19,2
2024-10-18 17:00:00,17,4,10,292,0,15.0,0.38,18.45,52.58,4
2024-10-18 18:00:00,18,4,10,292,0,19.19,0.38,0.0,57.28,4
2024-10-18 19:00:00,19,4,10,292,0,16.26,0.38,0.0,56.11,4
2024-10-18 20:00:00,20,4,10,292,0,16.94,0.38,0.0,48.82,4
2024-10-18 21:00:00,21,4,10,292,0,15.78,0.38,0.0,30.27,2
2024-10-18 22:00:00,22,4,10,292,0,16.15,0.22,0.0,23.43,2
2024-10-18 23:00:00,23,4,10,292,0,14.43,0.22,0.0,15.7,1
2024-10-19 00:00:00,0,5,10,293,1,13.21,0.1,0.0,6.01,1
2024-10-19 01:00:00,1,5,10,293,1,12.61,0.1,0.0,7.53,1
2024-10-19 02:00:00,2,5,10,293,1,9.81,0.1,0.0,4.49,1
2024-10-19 03:00:00,3,5,10,293,1,9.12,0.1,0.0,6.8,1
2024-10-19 04:00:00,4,5,10,293,1,10.97,0.1,0.0,20.74,1
2024-10-19 05:00:00,5,5,10,293,1,11.19,0.1,0.0,9.02,1
2024-10-19 06:00:00,6,5,10,293,1,9.9,0.1,0.0,8.83,1
2024-10-19 07:00:00,7,5,10,293,1,12.36,0.1,16.05,9.11,1
2024-10-19 08:00:00,8,5,10,293,1,12.69,0.1,46.98,20.87,2
2024-10-19 09:00:00,9,5,10,293,1,12.35,0.1,92.86,25.61,2
2024-10-19 10:00:00,10,5,10,293,1,17.93,0.15,122.61,33.9,2
2024-10-19 11:00:00,11,5,10,293,1,16.67,0.15,148.26,38.09,3
2024-10-19 12:00:00,12,5,10,293,1,21.69,0.15,156.17,47.98,4
2024-10-19 13:00:00,13,5,10,293,1,15.13,0.15,148.26,53.33,4
2024-10-19 14:00:00,14,5,10,293,1,17.77,0.15,111.39,48.26,3
2024-10-19 15:00:00,15,5,10,293,1,19.12,0.15,92.86,55.08,4
2024-10-19 16:00:00,16,5,10,293,1,21.16,0.15,55.22,63.32,6
2024-10-19 17:00:00,17,5,10,293,1,19.18,0.15,20.55,48.63,4
2024-10-19 18:00:00,18,5,10,293,1,18.21,0.15,0.0,46.37,4
2024-10-19 19:00:00,19,5,10,293,1,14.3,0.1,0.0,37.2,3
2024-10-19 20:00:00,20,5,10,293,1,13.03,0.1,0.0,27.81,2
2024-10-19 21:00:00,21,5,10,293,1,14.7,0.1,0.0,27.1,2
2024-10-19 22:00:00,22,5,10,293,1,10.03,0.1,0.0,15.45,1
2024-10-19 23:00:00,23,5,10,293,1,10.49,0.1,0.0,12.09,1
2024-10-20 00:00:00,0,6,10,294,1,11.35,0.1,0.0,3.48,1
2024-10-20 01:00:00,1,6,10,294,1,7.59,0.1,0.0,3.81,1
2024-10-20 02:00:00,2,6,10,294,1,12.26,0.1,0.0,26.59,2
2024-10-20 03:00:00,3,6,10,294,1,11.33,0.1,0.0,12.13,1
2024-10-20 04:00:00,4,6,10,294,1,5.91,0.1,0.0,8.4,1
2024-10-20 05:00:00,5,6,10,294,1,7.69,0.1,0.0,6.81,1
2024-10-20 06:00:00,6,6,10,294,1,5.78,0.1,0.0,29.59,2
2024-10-20 07:00:00,7,6,10,294,1,9.82,0.1,19.67,12.97,1
2024-10-20 08:00:00,8,6,10,294,1,14.12,0.1,54.89,20.12,2
2024-10-20 09:00:00,9,6,10,294,1,13.06,0.1,68.44,34.05,2
2024-10-20 10:00:00,10,6,10,294,1,16.1,0.15,92.7,29.52,2
2024-10-20 11:00:00,11,6,10,294,1,13.34,0.15,130.23,48.92,3
2024-10-20 12:00:00,12,6,10,294,1,19.01,0.15,97.95,56.21,4
2024-10-20 13:00:00,13,6,10,294,1,17.1,0.15,121.82,48.45,4
2024-10-20 14:00:00,14,6,10,294,1,18.74,0.15,84.04,57.05,4
2024-10-20 15:00:00,15,6,10,294,1,18.7,0.15,92.31,52.28,4
2024-10-20 16:00:00,16,6,10,294,1,16.17,0.15,43.23,47.24,4
2024-10-20 17:00:00,17,6,10,294,1,15.91,0.15,20.44,47.44,3
2024-10-20 18:00:00,18,6,10,294,1,19.35,0.15,0.0,50.12,4
2024-10-20 19:00:00,19,6,10,294,1,17.18,0.1,0.0,42.6,4
2024-10-20 20:00:00,20,6,10,294,1,17.28,0.1,0.0,28.44,2
2024-10-20 21:00:00,21,6,10,294,1,14.53,0.1,0.0,26.74,2
2024-10-20 22:00:00,22,6,10,294,1,12.88,0.1,0.0,15.78,1
2024-10-20 23:00:00,23,6,10,294,1,7.93,0.1,0.0,13.52,1
2024-10-21 00:00:00,0,0,10,295,0,9.64,0.12,0.0,11.6,1
2024-10-21 01:00:00,1,0,10,295,0,9.33,0.12,0.0,11.81,1
2024-10-21 02:00:00,2,0,10,295,0,12.79,0.12,0.0,2.9,1
2024-10-21 03:00:00,3,0,10,295,0,10.09,0.12,0.0,2.5,1
2024-10-21 04:00:00,4,0,10,295,0,11.96,0.12,0.0,5.62,1
2024-10-21 05:00:00,5,0,10,295,0,10.58,0.12,0.0,9.63,1
2024-10-21 06:00:00,6,0,10,295,0,8.75,0.12,0.0,11.48,1
2024-10-21 07:00:00,7,0,10,295,0,11.45,0.22,18.02,33.47,3
2024-10-21 08:00:00,8,0,10,295,0,12.89,0.22,48.58,34.88,3
2024-10-21 09:00:00,9,0,10,295,0,11.83,0.22,83.63,56.0,4
2024-10-21 10:00:00,10,0,10,295,0,14.24,0.22,124.38,37.35,3
2024-10-21 11:00:00,11,0,10,295,0,15.8,0.22,126.6,32.02,3
2024-10-21 12:00:00,12,0,10,295,0,20.46,0.22,154.33,21.1,2
2024-10-21 13:00:00,13,0,10,295,0,13.88,0.22,132.96,28.16,2
2024-10-21 14:00:00,14,0,10,295,0,20.95,0.22,105.9,29.41,2
2024-10-21 15:00:00,15,0,10,295,0,16.84,0.22,79.44,28.64,2
2024-10-21 16:00:00,16,0,10,295,0,15.8,0.38,47.63,38.51,3
2024-10-21 17:00:00,17,0,10,295,0,20.4,0.38,18.56,50.47,3
2024-10-21 18:00:00,18,0,10,295,0,18.71,0.38,0.0,58.82,4
2024-10-21 19:00:00,19,0,10,295,0,18.72,0.38,0.0,66.1,4
2024-10-21 20:00:00,20,0,10,295,0,16.61,0.38,0.0,62.94,5
2024-10-21 21:00:00,21,0,10,295,0,17.83,0.38,0.0,35.35,3
2024-10-21 22:00:00,22,0,10,295,0,13.54,0.22,0.0,31.54,3
2024-10-21 23:00:00,23,0,10,295,0,10.9,0.22,0.0,12.68,1
2024-10-22 00:00:00,0,1,10,296,0,10.69,0.12,0.0,17.61,1
2024-10-22 01:00:00,1,1,10,296,0,11.7,0.12,0.0,4.15,1
2024-10-22 02:00:00,2,1,10,296,0,7.15,0.12,0.0,8.01,1
2024-10-22 03:00:00,3,1,10,296,0,7.24,0.12,0.0,5.19,1
2024-10-22 04:00:00,4,1,10,296,0,8.09,0.12,0.0,13.41,1
2024-10-22 05:00:00,5,1,10,296,0,5.0,0.12,0.0,2.55,1
2024-10-22 06:00:00,6,1,10,296,0,10.28,0.12,0.0,12.35,1
2024-10-22 07:00:00,7,1,10,296,0,7.27,0.22,17.19,26.5,2
2024-10-22 08:00:00,8,1,10,296,0,12.35,0.22,35.52,45.07,4
2024-10-22 09:00:00,9,1,10,296,0,15.27,0.22,91.23,35.92,3
2024-10-22 10:00:00,10,1,10,296,0,13.88,0.22,104.74,40.84,3
2024-10-22 11:00:00,11,1,10,296,0,19.4,0.22,131.19,28.24,2
2024-10-22 12:00:00,12,1,10,296,0,14.16,0.22,153.42,19.88,2
2024-10-22 13:00:00,13,1,10,296,0,20.25,0.22,87.19,25.56,2
2024-10-22 14:00:00,14,1,10,296,0,19.72,0.22,101.22,37.47,3
2024-10-22 15:00:00,15,1,10,296,0,15.11,0.22,76.04,32.95,2
2024-10-22 16:00:00,16,1,10,296,0,23.79,0.38,45.54,42.35,3
2024-10-22 17:00:00,17,1,10,296,0,17.74,0.38,17.36,44.87,3
2024-10-22 18:00:00,18,1,10,296,0,15.32,0.38,0.0,49.83,3
2024-10-22 19:00:00,19,1,10,296,0,13.23,0.38,0.0,52.0,3
2024-10-22 20:00:00,20,1,10,296,0,14.4,0.38,0.0,47.95,4
2024-10-22 21:00:00,21,1,10,296,0,13.29,0.38,0.0,33.67,3
2024-10-22 22:00:00,22,1,10,296,0,12.45,0.22,0.0,20.81,2
2024-10-22 23:00:00,23,1,10,296,0,10.45,0.22,0.0,11.24,1
2024-10-23 00:00:00,0,2,10,297,0,11.1,0.12,0.0,9.17,1
2024-10-23 01:00:00,1,2,10,297,0,8.27,0.12,0.0,14.32,1
2024-10-23 02:00:00,2,2,10,297,0,4.67,0.12,0.0,7.18,1
2024-10-23 03:00:00,3,2,10,297,0,8.07,0.12,0.0,5.84,1
2024-10-23 04:00:00,4,2,10,297,0,3.81,0.12,0.0,3.46,1
2024-10-23 05:00:00,5,2,10,297,0,9.75,0.12,0.0,2.5,1
2024-10-23 06:00:00,6,2,10,297,0,7.88,0.12,0.0,21.86,2
2024-10-23 07:00:00,7,2,10,297,0,11.2,0.22,19.91,23.5,2
2024-10-23 08:00:00,8,2,10,297,0,14.71,0.22,47.47,52.49,5
2024-10-23 09:00:00,9,2,10,297,0,11.47,0.22,79.15,40.16,4
2024-10-23 10:00:00,10,2,10,297,0,16.79,0.22,122.92,39.32,3
2024-10-23 11:00:00,11,2,10,297,0,15.01,0.22,144.8,30.47,2
2024-10-23 12:00:00,12,2,10,297,0,20.41,0.22,129.84,21.42,1
2024-10-23 13:00:00,13,2,10,297,0,16.97,0.22,141.31,29.26,2
2024-10-23 14:00:00,14,2,10,297,0,16.52,0.22,113.54,21.38,2
2024-10-23 15:00:00,15,2,10,297,0,19.75,0.22,79.89,31.86,2
2024-10-23 16:00:00,16,2,10,297,0,17.33,0.38,48.78,34.15,2
2024-10-23 17:00:00,17,2,10,297,0,16.02,0.38,16.02,46.77,4
2024-10-23 18:00:00,18,2,10,297,0,15.95,0.38,0.0,57.83,4
2024-10-23 19:00:00,19,2,10,297,0,15.78,0.38,0.0,70.2,5
2024-10-23 20:00:00,20,2,10,297,0,17.35,0.38,0.0,53.67,3
2024-10-23 21:00:00,21,2,10,297,0,9.5,0.38,0.0,36.2,3
2024-10-23 22:00:00,22,2,10,297,0,12.12,0.22,0.0,27.46,2
2024-10-23 23:00:00,23,2,10,297,0,12.12,0.22,0.0,8.87,1
2024-10-24 00:00:00,0,3,10,298,0,10.05,0.12,0.0,13.98,1
2024-10-24 01:00:00,1,3,10,298,0,11.49,0.12,0.0,8.93,1
2024-10-24 02:00:00,2,3,10,298,0,8.22,0.12,0.0,9.56,1
2024-10-24 03:00:00,3,3,10,298,0,7.83,0.12,0.0,2.5,1
2024-10-24 04:00:00,4,3,10,298,0,9.56,0.12,0.0,7.46,1
2024-10-24 05:00:00,5,3,10,298,0,9.07,0.12,0.0,5.21,1
2024-10-24 06:00:00,6,3,10,298,0,8.89,0.12,0.0,15.05,1
2024-10-24 07:00:00,7,3,10,298,0,11.73,0.22,13.63,22.74,2
2024-10-24 08:00:00,8,3,10,298,0,10.6,0.22,44.83,37.17,2
2024-10-24 09:00:00,9,3,10,298,0,11.98,0.22,74.08,42.12,3
2024-10-24 10:00:00,10,3,10,298,0,13.44,0.22,96.02,34.39,3
2024-10-24 11:00:00,11,3,10,298,0,18.41,0.22,112.86,34.87,2
2024-10-24 12:00:00,12,3,10,298,0,10.3,0.22,100.54,22.23,2
2024-10-24 13:00:00,13,3,10,298,0,18.32,0.22,104.64,27.27,2
2024-10-24 14:00:00,14,3,10,298,0,18.1,0.22,120.36,22.44,2
2024-10-24 15:00:00,15,3,10,298,0,14.84,0.22,77.8,29.98,2
2024-10-24 16:00:00,16,3,10,298,0,18.65,0.38,43.92,37.16,2
2024-10-24 17:00:00,17,3,10,298,0,18.48,0.38,17.56,48.22,4
2024-10-24 18:00:00,18,3,10,298,0,17.92,0.38,0.0,54.94,4
2024-10-24 19:00:00,19,3,10,298,0,10.4,0.38,0.0,51.69,4
2024-10-24 20:00:00,20,3,10,298,0,17.23,0.38,0.0,63.24,5
2024-10-24 21:00:00,21,3,10,298,0,11.73,0.38,0.0,31.57,2
2024-10-24 22:00:00,22,3,10,298,0,13.28,0.22,0.0,21.44,2
2024-10-24 23:00:00,23,3,10,298,0,12.18,0.22,0.0,10.81,1
2024-10-25 00:00:00,0,4,10,299,0,7.74,0.12,0.0,2.5,1
2024-10-25 01:00:00,1,4,10,299,0,10.02,0.12,0.0,2.5,1
2024-10-25 02:00:00,2,4,10,299,0,7.43,0.12,0.0,7.75,1
2024-10-25 03:00:00,3,4,10,299,0,3.89,0.12,0.0,3.0,1
2024-10-25 04:00:00,4,4,10,299,0,10.54,0.12,0.0,7.87,1
2024-10-25 05:00:00,5,4,10,299,0,7.15,0.12,0.0,5.69,1
2024-10-25 06:00:00,6,4,10,299,0,7.79,0.12,0.0,17.01,1
2024-10-25 07:00:00,7,4,10,299,0,9.73,0.22,14.96,33.34,2
2024-10-25 08:00:00,8,4,10,299,0,12.28,0.22,49.07,30.89,2
2024-10-25 09:00:00,9,4,10,299,0,12.92,0.22,59.66,48.16,3
2024-10-25 10:00:00,10,4,10,299,0,15.42,0.22,93.84,45.15,3
2024-10-25 11:00:00,11,4,10,299,0,12.85,0.22,113.93,34.71,2
2024-10-25 12:00:00,12,4,10,299,0,15.08,0.22,128.04,21.76,2
2024-10-25 13:00:00,13,4,10,299,0,17.13,0.22,121.01,17.39,2
2024-10-25 14:00:00,14,4,10,299,0,21.66,0.22,102.71,21.74,2
2024-10-25 15:00:00,15,4,10,299,0,17.81,0.22,87.77,40.05,3
2024-10-25 16:00:00,16,4,10,299,0,20.03,0.38,45.21,43.53,4
2024-10-25 17:00:00,17,4,10,299,0,17.44,0.38,16.55,46.87,4
2024-10-25 18:00:00,18,4,10,299,0,15.6,0.38,0.0,57.63,4
2024-10-25 19:00:00,19,4,10,299,0,15.04,0.38,0.0,59.83,4
2024-10-25 20:00:00,20,4,10,299,0,13.99,0.38,0.0,47.73,3
2024-10-25 21:00:00,21,4,10,299,0,14.24,0.38,0.0,29.36,2
2024-10-25 22:00:00,22,4,10,299,0,14.49,0.22,0.0,24.59,2
2024-10-25 23:00:00,23,4,10,299,0,11.25,0.22,0.0,12.4,1
2024-10-26 00:00:00,0,5,10,300,1,11.7,0.1,0.0,5.73,1
2024-10-26 01:00:00,1,5,10,300,1,6.61,0.1,0.0,8.49,1
2024-10-26 02:00:00,2,5,10,300,1,7.21,0.1,0.0,7.45,1
2024-10-26 03:00:00,3,5,10,300,1,6.42,0.1,0.0,2.5,1
2024-10-26 04:00:00,4,5,10,300,1,8.66,0.1,0.0,17.63,1
2024-10-26 05:00:00,5,5,10,300,1,7.82,0.1,0.0,5.29,1
2024-10-26 06:00:00,6,5,10,300,1,10.79,0.1,0.0,7.18,1
2024-10-26 07:00:00,7,5,10,300,1,8.5,0.1,15.33,8.17,1
2024-10-26 08:00:00,8,5,10,300,1,11.66,0.1,39.73,22.02,2
2024-10-26 09:00:00,9,5,10,300,1,14.24,0.1,68.23,20.43,2
2024-10-26 10:00:00,10,5,10,300,1,10.03,0.15,112.33,32.41,3
2024-10-26 11:00:00,11,5,10,300,1,19.61,0.15,142.3,46.85,4
2024-10-26 12:00:00,12,5,10,300,1,15.83,0.15,138.11,73.46,6
2024-10-26 13:00:00,13,5,10,300,1,13.14,0.15,121.36,56.31,4
2024-10-26 14:00:00,14,5,10,300,1,18.01,0.15,97.17,55.85,4
2024-10-26 15:00:00,15,5,10,300,1,17.93,0.15,89.13,67.39,5
2024-10-26 16:00:00,16,5,10,300,1,17.53,0.15,53.0,47.81,4
2024-10-26 17:00:00,17,5,10,300,1,19.18,0.15,17.69,54.59,5
2024-10-26 18:00:00,18,5,10,300,1,17.9,0.15,0.0,42.53,3
2024-10-26 19:00:00,19,5,10,300,1,15.96,0.1,0.0,63.94,5
2024-10-26 20:00:00,20,5,10,300,1,15.06,0.1,0.0,44.42,4
2024-10-26 21:00:00,21,5,10,300,1,12.66,0.1,0.0,21.92,2
2024-10-26 22:00:00,22,5,10,300,1,15.12,0.1,0.0,23.0,2
2024-10-26 23:00:00,23,5,10,300,1,7.41,0.1,0.0,10.83,1
2024-10-27 00:00:00,0,6,10,301,1,9.44,0.1,0.0,10.32,1
2024-10-27 01:00:00,1,6,10,301,1,8.5,0.1,0.0,10.09,1
2024-10-27 02:00:00,2,6,10,301,1,9.49,0.1,0.0,2.5,1
2024-10-27 03:00:00,3,6,10,301,1,6.01,0.1,0.0,13.12,1
2024-10-27 04:00:00,4,6,10,301,1,4.38,0.1,0.0,2.5,1
2024-10-27 05:00:00,5,6,10,301,1,8.68,0.1,0.0,12.76,1
2024-10-27 06:00:00,6,6,10,301,1,9.72,0.1,0.0,14.1,1
2024-10-27 07:00:00,7,6,10,301,1,13.18,0.1,17.64,16.36,1
2024-10-27 08:00:00,8,6,10,301,1,8.86,0.1,45.64,19.27,2
2024-10-27 09:00:00,9,6,10,301,1,15.01,0.1,84.31,29.42,2
2024-10-27 10:00:00,10,6,10,301,1,18.73,0.15,87.99,35.11,2
2024-10-27 11:00:00,11,6,10,301,1,14.44,0.15,119.0,37.16,3
2024-10-27 12:00:00,12,6,10,301,1,13.65,0.15,149.04,46.72,3
2024-10-27 13:00:00,13,6,10,301,1,16.21,0.15,104.26,51.58,3
2024-10-27 14:00:00,14,6,10,301,1,17.55,0.15,120.12,50.98,4
2024-10-27 15:00:00,15,6,10,301,1,18.82,0.15,66.64,59.45,5
2024-10-27 16:00:00,16,6,10,301,1,16.34,0.15,51.74,49.15,4
2024-10-27 17:00:00,17,6,10,301,1,20.14,0.15,16.39,45.06,3
2024-10-27 18:00:00,18,6,10,301,1,14.0,0.15,0.0,44.41,4
2024-10-27 19:00:00,19,6,10,301,1,11.72,0.1,0.0,33.17,3
2024-10-27 20:00:00,20,6,10,301,1,16.2,0.1,0.0,33.6,3
2024-10-27 21:00:00,21,6,10,301,1,8.15,0.1,0.0,29.68,3
2024-10-27 22:00:00,22,6,10,301,1,10.99,0.1,0.0,16.52,1
2024-10-27 23:00:00,23,6,10,301,1,16.43,0.1,0.0,8.13,1
2024-10-28 00:00:00,0,0,10,302,0,8.97,0.12,0.0,2.5,1
2024-10-28 01:00:00,1,0,10,302,0,5.96,0.12,0.0,8.46,1
2024-10-28 02:00:00,2,0,10,302,0,7.59,0.12,0.0,6.59,1
2024-10-28 03:00:00,3,0,10,302,0,7.43,0.12,0.0,2.5,1
2024-10-28 04:00:00,4,0,10,302,0,8.02,0.12,0.0,11.25,1
2024-10-28 05:00:00,5,0,10,302,0,9.52,0.12,0.0,24.7,2
2024-10-28 06:00:00,6,0,10,302,0,6.92,0.12,0.0,17.63,2
2024-10-28 07:00:00,7,0,10,302,0,13.4,0.22,17.15,22.9,2
2024-10-28 08:00:00,8,0,10,302,0,11.73,0.22,52.4,26.69,2
2024-10-28 09:00:00,9,0,10,302,0,13.98,0.22,88.12,45.29,4
2024-10-28 10:00:00,10,0,10,302,0,12.57,0.22,108.83,39.95,3
2024-10-28 11:00:00,11,0,10,302,0,17.6,0.22,78.91,29.34,2
2024-10-28 12:00:00,12,0,10,302,0,15.55,0.22,135.71,40.2,3
2024-10-28 13:00:00,13,0,10,302,0,17.42,0.22,139.59,31.42,2
2024-10-28 14:00:00,14,0,10,302,0,15.49,0.22,108.33,27.64,2
2024-10-28 15:00:00,15,0,10,302,0,15.54,0.22,85.23,26.3,2
2024-10-28 16:00:00,16,0,10,302,0,18.74,0.38,48.35,35.02,3
2024-10-28 17:00:00,17,0,10,302,0,15.97,0.38,14.28,47.67,3
2024-10-28 18:00:00,18,0,10,302,0,14.36,0.38,0.0,54.29,4
2024-10-28 19:00:00,19,0,10,302,0,13.74,0.38,0.0,57.06,4
2024-10-28 20:00:00,20,0,10,302,0,15.22,0.38,0.0,43.14,4
2024-10-28 21:00:00,21,0,10,302,0,11.27,0.38,0.0,29.65,3
2024-10-28 22:00:00,22,0,10,302,0,11.0,0.22,0.0,33.84,3
2024-10-28 23:00:00,23,0,10,302,0,10.06,0.22,0.0,9.91,1
2024-10-29 00:00:00,0,1,10,303,0,4.99,0.12,0.0,21.52,2
2024-10-29 01:00:00,1,1,10,303,0,5.09,0.12,0.0,6.69,1
2024-10-29 02:00:00,2,1,10,303,0,8.21,0.12,0.0,8.7,1
2024-10-29 03:00:00,3,1,10,303,0,5.89,0.12,0.0,4.37,1
2024-10-29 04:00:00,4,1,10,303,0,9.65,0.12,0.0,9.56,1
2024-10-29 05:00:00,5,1,10,303,0,9.97,0.12,0.0,15.7,1
2024-10-29 06:00:00,6,1,10,303,0,10.27,0.12,0.0,17.49,1
2024-10-29 07:00:00,7,1,10,303,0,13.5,0.22,14.56,19.91,2
2024-10-29 08:00:00,8,1,10,303,0,10.9,0.22,39.89,28.47,2
2024-10-29 09:00:00,9,1,10,303,0,13.66,0.22,87.63,42.35,4
2024-10-29 10:00:00,10,1,10,303,0,12.49,0.22,99.85,37.93,3
2024-10-29 11:00:00,11,1,10,303,0,19.77,0.22,111.99,32.71,3
2024-10-29 12:00:00,12,1,10,303,0,19.87,0.22,126.89,29.42,2
2024-10-29 13:00:00,13,1,10,303,0,16.72,0.22,117.79,19.71,2
2024-10-29 14:00:00,14,1,10,303,0,17.97,0.22,118.77,18.6,2
2024-10-29 15:00:00,15,1,10,303,0,20.08,0.22,66.44,32.09,2
2024-10-29 16:00:00,16,1,10,303,0,16.9,0.38,52.1,36.11,3
2024-10-29 17:00:00,17,1,10,303,0,15.38,0.38,17.36,43.99,3
2024-10-29 18:00:00,18,1,10,303,0,17.65,0.38,0.0,60.05,4
2024-10-29 19:00:00,19,1,10,303,0,15.02,0.38,0.0,55.86,4
2024-10-29 20:00:00,20,1,10,303,0,14.02,0.38,0.0,54.34,4
2024-10-29 21:00:00,21,1,10,303,0,10.69,0.38,0.0,39.08,3
2024-10-29 22:00:00,22,1,10,303,0,7.63,0.22,0.0,31.11,3
2024-10-29 23:00:00,23,1,10,303,0,10.34,0.22,0.0,13.38,1
2024-10-30 00:00:00,0,2,10,304,0,10.47,0.12,0.0,2.5,1
2024-10-30 01:00:00,1,2,10,304,0,7.42,0.12,0.0,3.58,1
2024-10-30 02:00:00,2,2,10,304,0,10.24,0.12,0.0,13.05,1
2024-10-30 03:00:00,3,2,10,304,0,5.79,0.12,0.0,2.5,1
2024-10-30 04:00:00,4,2,10,304,0,5.26,0.12,0.0,8.18,1
2024-10-30 05:00:00,5,2,10,304,0,7.73,0.12,0.0,2.85,1
2024-10-30 06:00:00,6,2,10,304,0,8.5,0.12,0.0,11.44,1
2024-10-30 07:00:00,7,2,10,304,0,11.24,0.22,15.55,35.1,2
2024-10-30 08:00:00,8,2,10,304,0,9.35,0.22,42.77,42.51,3
2024-10-30 09:00:00,9,2,10,304,0,14.93,0.22,81.79,41.89,3
2024-10-30 10:00:00,10,2,10,304,0,17.43,0.22,96.62,37.57,3
2024-10-30 11:00:00,11,2,10,304,0,14.62,0.22,131.56,32.04,3
2024-10-30 12:00:00,12,2,10,304,0,18.23,0.22,130.64,22.02,2
2024-10-30 13:00:00,13,2,10,304,0,14.41,0.22,121.03,22.77,2
2024-10-30 14:00:00,14,2,10,304,0,19.18,0.22,81.65,27.22,2
2024-10-30 15:00:00,15,2,10,304,0,19.29,0.22,68.11,32.44,2
2024-10-30 16:00:00,16,2,10,304,0,18.75,0.38,49.34,36.1,3
2024-10-30 17:00:00,17,2,10,304,0,16.5,0.38,15.4,47.13,3
2024-10-30 18:00:00,18,2,10,304,0,9.82,0.38,0.0,50.15,3
2024-10-30 19:00:00,19,2,10,304,0,13.41,0.38,0.0,69.08,6
2024-10-30 20:00:00,20,2,10,304,0,12.24,0.38,0.0,48.97,4
2024-10-30 21:00:00,21,2,10,304,0,10.24,0.38,0.0,31.48,2
2024-10-30 22:00:00,22,2,10,304,0,11.15,0.22,0.0,19.82,2
2024-10-30 23:00:00,23,2,10,304,0,8.86,0.22,0.0,16.87,1
2024-10-31 00:00:00,0,3,10,305,0,6.85,0.12,0.0,9.17,1
2024-10-31 01:00:00,1,3,10,305,0,5.59,0.12,0.0,2.5,1
2024-10-31 02:00:00,2,3,10,305,0,5.77,0.12,0.0,5.1,1
2024-10-31 03:00:00,3,3,10,305,0,9.28,0.12,0.0,12.39,1
2024-10-31 04:00:00,4,3,10,305,0,5.88,0.12,0.0,17.46,1
2024-10-31 05:00:00,5,3,10,305,0,6.67,0.12,0.0,2.83,1
2024-10-31 06:00:00,6,3,10,305,0,7.58,0.12,0.0,9.23,1
2024-10-31 07:00:00,7,3,10,305,0,10.21,0.22,19.19,19.32,2
2024-10-31 08:00:00,8,3,10,305,0,11.65,0.22,46.68,41.32,3
2024-10-31 09:00:00,9,3,10,305,0,5.94,0.22,86.37,50.34,4
2024-10-31 10:00:00,10,3,10,305,0,15.37,0.22,99.16,44.4,3
2024-10-31 11:00:00,11,3,10,305,0,17.41,0.22,102.83,28.16,2
2024-10-31 12:00:00,12,3,10,305,0,13.47,0.22,105.36,32.67,2
2024-10-31 13:00:00,13,3,10,305,0,14.42,0.22,106.68,19.7,2
2024-10-31 14:00:00,14,3,10,305,0,15.96,0.22,108.26,27.8,2
2024-10-31 15:00:00,15,3,10,305,0,15.52,0.22,81.67,30.02,2
2024-10-31 16:00:00,16,3,10,305,0,17.31,0.38,49.08,35.79,3
2024-10-31 17:00:00,17,3,10,305,0,12.47,0.38,13.46,44.96,3
2024-10-31 18:00:00,18,3,10,305,0,13.33,0.38,0.0,57.0,4
2024-10-31 19:00:00,19,3,10,305,0,17.61,0.38,0.0,59.37,5
2024-10-31 20:00:00,20,3,10,305,0,11.47,0.38,0.0,47.14,3
2024-10-31 21:00:00,21,3,10,305,0,14.52,0.38,0.0,32.12,3
2024-10-31 22:00:00,22,3,10,305,0,11.45,0.22,0.0,32.2,3
2024-10-31 23:00:00,23,3,10,305,0,5.91,0.22,0.0,21.06,2
2024-11-01 00:00:00,0,4,11,306,0,9.6,0.12,0.0,27.53,2
2024-11-01 01:00:00,1,4,11,306,0,7.3,0.12,0.0,3.66,1
2024-11-01 02:00:00,2,4,11,306,0,6.13,0.12,0.0,10.59,1
2024-11-01 03:00:00,3,4,11,306,0,7.36,0.12,0.0,9.27,1
2024-11-01 04:00:00,4,4,11,306,0,7.99,0.12,0.0,9.84,1
2024-11-01 05:00:00,5,4,11,306,0,8.95,0.12,0.0,6.11,1
2024-11-01 06:00:00,6,4,11,306,0,10.69,0.12,0.0,9.06,1
2024-11-01 07:00:00,7,4,11,306,0,10.19,0.22,14.19,23.14,1
2024-11-01 08:00:00,8,4,11,306,0,7.82,0.22,33.48,30.93,2
2024-11-01 09:00:00,9,4,11,306,0,10.92,0.22,78.12,38.57,3
2024-11-01 10:00:00,10,4,11,306,0,19.05,0.22,103.1,39.03,3
2024-11-01 11:00:00,11,4,11,306,0,15.82,0.22,111.66,30.69,2
2024-11-01 12:00:00,12,4,11,306,0,20.14,0.22,105.25,26.44,2
2024-11-01 13:00:00,13,4,11,306,0,18.99,0.22,125.88,18.32,1
2024-11-01 14:00:00,14,4,11,306,0,17.18,0.22,88.92,25.92,2
2024-11-01 15:00:00,15,4,11,306,0,17.47,0.22,74.41,41.0,3
2024-11-01 16:00:00,16,4,11,306,0,16.63,0.38,51.25,36.55,3
2024-11-01 17:00:00,17,4,11,306,0,12.72,0.38,18.29,50.62,4
2024-11-01 18:00:00,18,4,11,306,0,15.44,0.38,0.0,56.72,4
2024-11-01 19:00:00,19,4,11,306,0,16.79,0.38,0.0,59.63,4
2024-11-01 20:00:00,20,4,11,306,0,11.96,0.38,0.0,49.05,3
2024-11-01 21:00:00,21,4,11,306,0,12.69,0.38,0.0,30.17,2
2024-11-01 22:00:00,22,4,11,306,0,12.28,0.22,0.0,20.88,1
2024-11-01 23:00:00,23,4,11,306,0,7.55,0.22,0.0,13.46,1
2024-11-02 00:00:00,0,5,11,307,1,7.27,0.1,0.0,16.91,1
2024-11-02 01:00:00,1,5,11,307,1,5.34,0.1,0.0,6.52,1
2024-11-02 02:00:00,2,5,11,307,1,5.23,0.1,0.0,8.33,1
2024-11-02 03:00:00,3,5,11,307,1,4.13,0.1,0.0,8.04,1
2024-11-02 04:00:00,4,5,11,307,1,5.08,0.1,0.0,2.5,1
2024-11-02 05:00:00,5,5,11,307,1,10.21,0.1,0.0,10.19,1
2024-11-02 06:00:00,6,5,11,307,1,6.34,0.1,0.0,16.05,1
2024-11-02 07:00:00,7,5,11,307,1,9.46,0.1,15.56,14.26,1
2024-11-02 08:00:00,8,5,11,307,1,9.41,0.1,38.61,16.56,1
2024-11-02 09:00:00,9,5,11,307,1,14.06,0.1,63.76,26.21,2
2024-11-02 10:00:00,10,5,11,307,1,15.62,0.15,90.16,28.3,2
2024-11-02 11:00:00,11,5,11,307,1,15.93,0.15,123.77,35.54,3
2024-11-02 12:00:00,12,5,11,307,1,15.85,0.15,89.85,49.47,4
2024-11-02 13:00:00,13,5,11,307,1,15.57,0.15,127.65,57.33,4
2024-11-02 14:00:00,14,5,11,307,1,14.15,0.15,111.23,58.4,4
2024-11-02 15:00:00,15,5,11,307,1,20.59,0.15,56.94,63.44,4
2024-11-02 16:00:00,16,5,11,307,1,15.02,0.15,38.87,47.79,4
2024-11-02 17:00:00,17,5,11,307,1,17.36,0.15,16.89,44.94,3
2024-11-02 18:00:00,18,5,11,307,1,17.36,0.15,0.0,43.17,3
2024-11-02 19:00:00,19,5,11,307,1,13.1,0.1,0.0,50.69,4
2024-11-02 20:00:00,20,5,11,307,1,15.08,0.1,0.0,27.73,2
2024-11-02 21:00:00,21,5,11,307,1,13.23,0.1,0.0,32.23,2
2024-11-02 22:00:00,22,5,11,307,1,13.87,0.1,0.0,16.96,1
2024-11-02 23:00:00,23,5,11,307,1,8.27,0.1,0.0,12.03,1
2024-11-03 00:00:00,0,6,11,308,1,5.44,0.1,0.0,2.5,1
2024-11-03 01:00:00,1,6,11,308,1,6.2,0.1,0.0,8.24,1
2024-11-03 02:00:00,2,6,11,308,1,7.13,0.1,0.0,2.81,1
2024-11-03 03:00:00,3,6,11,308,1,6.66,0.1,0.0,11.33,1
2024-11-03 04:00:00,4,6,11,308,1,5.93,0.1,0.0,15.58,1
2024-11-03 05:00:00,5,6,11,308,1,3.4,0.1,0.0,14.45,1
2024-11-03 06:00:00,6,6,11,308,1,8.95,0.1,0.0,4.95,1
2024-11-03 07:00:00,7,6,11,308,1,12.99,0.1,14.3,11.54,1
2024-11-03 08:00:00,8,6,11,308,1,11.18,0.1,39.65,12.86,1
2024-11-03 09:00:00,9,6,11,308,1,12.76,0.1,70.73,27.66,2
2024-11-03 10:00:00,10,6,11,308,1,13.98,0.15,115.56,33.5,2
2024-11-03 11:00:00,11,6,11,308,1,14.84,0.15,136.13,47.1,3
2024-11-03 12:00:00,12,6,11,308,1,16.94,0.15,121.15,50.03,4
2024-11-03 13:00:00,13,6,11,308,1,16.66,0.15,115.69,52.08,3
2024-11-03 14:00:00,14,6,11,308,1,15.75,0.15,91.92,49.95,3
2024-11-03 15:00:00,15,6,11,308,1,14.95,0.15,75.95,49.52,3
2024-11-03 16:00:00,16,6,11,308,1,15.88,0.15,45.85,55.48,4
2024-11-03 17:00:00,17,6,11,308,1,16.5,0.15,18.44,41.95,3
2024-11-03 18:00:00,18,6,11,308,1,14.45,0.15,0.0,43.49,3
2024-11-03 19:00:00,19,6,11,308,1,14.67,0.1,0.0,39.89,3
2024-11-03 20:00:00,20,6,11,308,1,13.72,0.1,0.0,33.2,3
2024-11-03 21:00:00,21,6,11,308,1,13.21,0.1,0.0,24.57,2
2024-11-03 22:00:00,22,6,11,308,1,12.82,0.1,0.0,13.46,1
2024-11-03 23:00:00,23,6,11,308,1,9.2,0.1,0.0,16.95,1
2024-11-04 00:00:00,0,0,11,309,0,5.23,0.12,0.0,7.41,1
2024-11-04 01:00:00,1,0,11,309,0,6.36,0.12,0.0,3.64,1
2024-11-04 02:00:00,2,0,11,309,0,6.64,0.12,0.0,6.18,1
2024-11-04 03:00:00,3,0,11,309,0,2.71,0.12,0.0,4.72,1
2024-11-04 04:00:00,4,0,11,309,0,9.33,0.12,0.0,4.77,1
2024-11-04 05:00:00,5,0,11,309,0,7.34,0.12,0.0,15.22,1
2024-11-04 06:00:00,6,0,11,309,0,8.61,0.12,0.0,15.57,1
2024-11-04 07:00:00,7,0,11,309,0,11.61,0.22,13.76,22.1,1
2024-11-04 08:00:00,8,0,11,309,0,8.83,0.22,44.65,31.99,3
2024-11-04 09:00:00,9,0,11,309,0,12.53,0.22,84.82,40.58,3
2024-11-04 10:00:00,10,0,11,309,0,12.46,0.22,114.96,43.18,3
2024-11-04 11:00:00,11,0,11,309,0,13.51,0.22,114.02,28.9,2
2024-11-04 12:00:00,12,0,11,309,0,13.37,0.22,97.12,27.71,2
2024-11-04 13:00:00,13,0,11,309,0,19.04,0.22,132.82,21.87,2
2024-11-04 14:00:00,14,0,11,309,0,15.46,0.22,97.36,25.98,2
2024-11-04 15:00:00,15,0,11,309,0,17.78,0.22,84.24,39.48,3
2024-11-04 16:00:00,16,0,11,309,0,12.46,0.38,46.08,33.79,2
2024-11-04 17:00:00,17,0,11,309,0,18.07,0.38,14.54,50.43,3
2024-11-04 18:00:00,18,0,11,309,0,17.02,0.38,0.0,57.9,4
2024-11-04 19:00:00,19,0,11,309,0,14.08,0.38,0.0,49.37,4
2024-11-04 20:00:00,20,0,11,309,0,12.22,0.38,0.0,41.84,3
2024-11-04 21:00:00,21,0,11,309,0,12.18,0.38,0.0,26.2,2
2024-11-04 22:00:00,22,0,11,309,0,14.67,0.22,0.0,23.16,2
2024-11-04 23:00:00,23,0,11,309,0,5.36,0.22,0.0,19.67,1
2024-11-05 00:00:00,0,1,11,310,0,9.25,0.12,0.0,2.5,1
2024-11-05 01:00:00,1,1,11,310,0,5.07,0.12,0.0,4.66,1
2024-11-05 02:00:00,2,1,11,310,0,6.35,0.12,0.0,9.92,1
2024-11-05 03:00:00,3,1,11,310,0,5.73,0.12,0.0,9.09,1
2024-11-05 04:00:00,4,1,11,310,0,5.54,0.12,0.0,2.5,1
2024-11-05 05:00:00,5,1,11,310,0,6.87,0.12,0.0,9.95,1
2024-11-05 06:00:00,6,1,11,310,0,5.42,0.12,0.0,15.72,1
2024-11-05 07:00:00,7,1,11,310,0,10.78,0.22,16.76,23.73,2
2024-11-05 08:00:00,8,1,11,310,0,6.34,0.22,34.23,31.23,3
2024-11-05 09:00:00,9,1,11,310,0,12.3,0.22,73.69,44.24,4
2024-11-05 10:00:00,10,1,11,310,0,11.86,0.22,95.33,39.9,3
2024-11-05 11:00:00,11,1,11,310,0,11.38,0.22,97.95,36.24,3
2024-11-05 12:00:00,12,1,11,310,0,15.16,0.22,129.83,28.93,2
2024-11-05 13:00:00,13,1,11,310,0,12.44,0.22,105.23,23.19,1
2024-11-05 14:00:00,14,1,11,310,0,16.13,0.22,90.83,22.77,2
2024-11-05 15:00:00,15,1,11,310,0,13.38,0.22,72.19,29.64,2
2024-11-05 16:00:00,16,1,11,310,0,16.98,0.38,40.69,42.59,3
2024-11-05 17:00:00,17,1,11,310,0,13.7,0.38,18.68,44.44,3
2024-11-05 18:00:00,18,1,11,310,0,13.86,0.38,0.0,52.68,4
2024-11-05 19:00:00,19,1,11,310,0,14.31,0.38,0.0,52.07,5
2024-11-05 20:00:00,20,1,11,310,0,10.97,0.38,0.0,45.28,4
2024-11-05 21:00:00,21,1,11,310,0,11.11,0.38,0.0,32.83,3
2024-11-05 22:00:00,22,1,11,310,0,6.9,0.22,0.0,26.5,2
2024-11-05 23:00:00,23,1,11,310,0,9.98,0.22,0.0,14.06,1
2024-11-06 00:00:00,0,2,11,311,0,11.06,0.12,0.0,4.47,1
2024-11-06 01:00:00,1,2,11,311,0,12.32,0.12,0.0,10.94,1
2024-11-06 02:00:00,2,2,11,311,0,6.42,0.12,0.0,4.78,1
2024-11-06 03:00:00,3,2,11,311,0,7.64,0.12,0.0,2.97,1
2024-11-06 04:00:00,4,2,11,311,0,2.67,0.12,0.0,12.75,1
2024-11-06 05:00:00,5,2,11,311,0,9.74,0.12,0.0,5.28,1
2024-11-06 06:00:00,6,2,11,311,0,9.08,0.12,0.0,14.47,1
2024-11-06 07:00:00,7,2,11,311,0,7.6,0.22,17.26,18.19,1
2024-11-06 08:00:00,8,2,11,311,0,12.24,0.22,45.0,36.02,3
2024-11-06 09:00:00,9,2,11,311,0,10.56,0.22,71.52,45.62,4
2024-11-06 10:00:00,10,2,11,311,0,11.44,0.22,99.34,36.06,3
2024-11-06 11:00:00,11,2,11,311,0,14.51,0.22,109.03,30.42,2
2024-11-06 12:00:00,12,2,11,311,0,12.47,0.22,129.54,34.92,3
2024-11-06 13:00:00,13,2,11,311,0,17.44,0.22,114.38,23.58,2
2024-11-06 14:00:00,14,2,11,311,0,13.78,0.22,102.59,29.62,2
2024-11-06 15:00:00,15,2,11,311,0,13.96,0.22,83.94,53.83,4
2024-11-06 16:00:00,16,2,11,311,0,14.07,0.38,39.67,53.16,3
2024-11-06 17:00:00,17,2,11,311,0,16.91,0.38,17.69,48.17,3
2024-11-06 18:00:00,18,2,11,311,0,13.37,0.38,0.0,53.94,4
2024-11-06 19:00:00,19,2,11,311,0,10.87,0.38,0.0,47.86,4
2024-11-06 20:00:00,20,2,11,311,0,11.15,0.38,0.0,45.89,4
2024-11-06 21:00:00,21,2,11,311,0,11.0,0.38,0.0,35.57,3
2024-11-06 22:00:00,22,2,11,311,0,7.41,0.22,0.0,32.47,2
2024-11-06 23:00:00,23,2,11,311,0,6.26,0.22,0.0,17.13,1
2024-11-07 00:00:00,0,3,11,312,0,11.59,0.12,0.0,6.16,1
2024-11-07 01:00:00,1,3,11,312,0,4.86,0.12,0.0,2.5,1
2024-11-07 02:00:00,2,3,11,312,0,5.43,0.12,0.0,5.61,1
2024-11-07 03:00:00,3,3,11,312,0,5.17,0.12,0.0,3.43,1
2024-11-07 04:00:00,4,3,11,312,0,5.23,0.12,0.0,2.5,1
2024-11-07 05:00:00,5,3,11,312,0,7.82,0.12,0.0,5.01,1
2024-11-07 06:00:00,6,3,11,312,0,9.27,0.12,0.0,19.44,2
2024-11-07 07:00:00,7,3,11,312,0,7.79,0.22,18.49,31.72,2
2024-11-07 08:00:00,8,3,11,312,0,7.14,0.22,48.29,36.51,2
2024-11-07 09:00:00,9,3,11,312,0,13.46,0.22,83.52,39.51,3
2024-11-07 10:00:00,10,3,11,312,0,12.01,0.22,91.99,39.3,3
2024-11-07 11:00:00,11,3,11,312,0,16.87,0.22,115.05,28.14,2
2024-11-07 12:00:00,12,3,11,312,0,9.95,0.22,106.0,18.44,1
2024-11-07 13:00:00,13,3,11,312,0,15.63,0.22,106.39,17.77,2
2024-11-07 14:00:00,14,3,11,312,0,19.57,0.22,87.02,21.37,2
2024-11-07 15:00:00,15,3,11,312,0,15.2,0.22,60.4,28.54,2
2024-11-07 16:00:00,16,3,11,312,0,15.29,0.38,49.66,42.96,3
2024-11-07 17:00:00,17,3,11,312,0,15.83,0.38,11.63,48.91,3
2024-11-07 18:00:00,18,3,11,312,0,13.32,0.38,0.0,48.68,4
2024-11-07 19:00:00,19,3,11,312,0,12.78,0.38,0.0,64.43,5
2024-11-07 20:00:00,20,3,11,312,0,11.52,0.38,0.0,58.03,4
2024-11-07 21:00:00,21,3,11,312,0,9.65,0.38,0.0,32.64,3
2024-11-07 22:00:00,22,3,11,312,0,12.07,0.22,0.0,24.75,2
2024-11-07 23:00:00,23,3,11,312,0,9.33,0.22,0.0,13.5,1
2024-11-08 00:00:00,0,4,11,313,0,7.72,0.12,0.0,11.34,1
2024-11-08 01:00:00,1,4,11,313,0,8.04,0.12,0.0,9.64,1
2024-11-08 02:00:00,2,4,11,313,0,5.39,0.12,0.0,3.53,1
2024-11-08 03:00:00,3,4,11,313,0,4.2,0.12,0.0,2.5,1
2024-11-08 04:00:00,4,4,11,313,0,4.72,0.12,0.0,15.94,1
2024-11-08 05:00:00,5,4,11,313,0,6.42,0.12,0.0,16.04,1
2024-11-08 06:00:00,6,4,11,313,0,5.1,0.12,0.0,11.66,1
2024-11-08 07:00:00,7,4,11,313,0,7.25,0.22,12.86,25.97,2
2024-11-08 08:00:00,8,4,11,313,0,8.42,0.22,41.03,33.34,3
2024-11-08 09:00:00,9,4,11,313,0,15.0,0.22,78.22,48.72,3
2024-11-08 10:00:00,10,4,11,313,0,6.5,0.22,103.91,45.31,3
2024-11-08 11:00:00,11,4,11,313,0,12.89,0.22,108.67,29.92,2
2024-11-08 12:00:00,12,4,11,313,0,17.74,0.22,118.39,30.82,2
2024-11-08 13:00:00,13,4,11,313,0,15.32,0.22,109.63,30.3,2
2024-11-08 14:00:00,14,4,11,313,0,17.09,0.22,95.35,27.22,2
2024-11-08 15:00:00,15,4,11,313,0,15.95,0.22,77.35,40.44,3
2024-11-08 16:00:00,16,4,11,313,0,14.24,0.38,31.82,36.39,2
2024-11-08 17:00:00,17,4,11,313,0,10.6,0.38,16.03,43.98,3
2024-11-08 18:00:00,18,4,11,313,0,14.7,0.38,0.0,51.44,3
2024-11-08 19:00:00,19,4,11,313,0,11.7,0.38,0.0,61.53,4
2024-11-08 20:00:00,20,4,11,313,0,10.44,0.38,0.0,44.76,4
2024-11-08 21:00:00,21,4,11,313,0,9.75,0.38,0.0,31.87,2
2024-11-08 22:00:00,22,4,11,313,0,12.95,0.22,0.0,20.21,1
2024-11-08 23:00:00,23,4,11,313,0,13.06,0.22,0.0,19.09,1
2024-11-09 00:00:00,0,5,11,314,1,7.49,0.1,0.0,6.68,1
2024-11-09 01:00:00,1,5,11,314,1,5.34,0.1,0.0,14.33,1
2024-11-09 02:00:00,2,5,11,314,1,3.41,0.1,0.0,15.41,1
2024-11-09 03:00:00,3,5,11,314,1,6.53,0.1,0.0,19.95,2
2024-11-09 04:00:00,4,5,11,314,1,9.33,0.1,0.0,6.75,1
2024-11-09 05:00:00,5,5,11,314,1,5.77,0.1,0.0,6.62,1
2024-11-09 06:00:00,6,5,11,314,1,2.3,0.1,0.0,15.86,1
2024-11-09 07:00:00,7,5,11,314,1,9.43,0.1,15.67,11.54,1
2024-11-09 08:00:00,8,5,11,314,1,11.27,0.1,45.71,21.88,1
2024-11-09 09:00:00,9,5,11,314,1,7.42,0.1,53.41,23.68,2
2024-11-09 10:00:00,10,5,11,314,1,12.24,0.15,87.48,35.94,3
2024-11-09 11:00:00,11,5,11,314,1,14.0,0.15,125.55,43.2,4
2024-11-09 12:00:00,12,5,11,314,1,13.98,0.15,106.56,43.36,3
2024-11-09 13:00:00,13,5,11,314,1,13.34,0.15,132.02,51.38,4
2024-11-09 14:00:00,14,5,11,314,1,17.46,0.15,92.53,53.86,5
2024-11-09 15:00:00,15,5,11,314,1,14.79,0.15,63.84,49.18,3
2024-11-09 16:00:00,16,5,11,314,1,12.45,0.15,46.87,55.18,4
2024-11-09 17:00:00,17,5,11,314,1,10.83,0.15,18.31,44.72,3
2024-11-09 18:00:00,18,5,11,314,1,16.65,0.15,0.0,44.81,4
2024-11-09 19:00:00,19,5,11,314,1,14.33,0.1,0.0,41.0,3
2024-11-09 20:00:00,20,5,11,314,1,12.06,0.1,0.0,35.96,3
2024-11-09 21:00:00,21,5,11,314,1,9.71,0.1,0.0,23.94,2
2024-11-09 22:00:00,22,5,11,314,1,8.24,0.1,0.0,19.66,1
2024-11-09 23:00:00,23,5,11,314,1,5.94,0.1,0.0,19.89,2
2024-11-10 00:00:00,0,6,11,315,1,6.04,0.1,0.0,4.44,1
2024-11-10 01:00:00,1,6,11,315,1,1.87,0.1,0.0,10.74,1
2024-11-10 02:00:00,2,6,11,315,1,4.14,0.1,0.0,7.29,1
2024-11-10 03:00:00,3,6,11,315,1,4.82,0.1,0.0,8.54,1
2024-11-10 04:00:00,4,6,11,315,1,6.83,0.1,0.0,12.01,1
2024-11-10 05:00:00,5,6,11,315,1,6.03,0.1,0.0,10.29,1
2024-11-10 06:00:00,6,6,11,315,1,8.5,0.1,0.0,18.09,1
2024-11-10 07:00:00,7,6,11,315,1,10.64,0.1,16.17,19.94,2
2024-11-10 08:00:00,8,6,11,315,1,11.26,0.1,42.7,19.81,1
2024-11-10 09:00:00,9,6,11,315,1,11.38,0.1,82.29,28.58,2
2024-11-10 10:00:00,10,6,11,315,1,11.76,0.15,111.54,34.51,3
2024-11-10 11:00:00,11,6,11,315,1,10.98,0.15,113.38,35.89,3
2024-11-10 12:00:00,12,6,11,315,1,15.46,0.15,125.74,51.34,4
2024-11-10 13:00:00,13,6,11,315,1,18.13,0.15,116.91,49.96,3
2024-11-10 14:00:00,14,6,11,315,1,15.95,0.15,76.58,54.78,4
2024-11-10 15:00:00,15,6,11,315,1,19.28,0.15,69.09,48.11,4
2024-11-10 16:00:00,16,6,11,315,1,12.22,0.15,48.93,62.67,4
2024-11-10 17:00:00,17,6,11,315,1,12.46,0.15,14.4,48.5,4
2024-11-10 18:00:00,18,6,11,315,1,15.69,0.15,0.0,39.24,2
2024-11-10 19:00:00,19,6,11,315,1,13.47,0.1,0.0,44.05,3
2024-11-10 20:00:00,20,6,11,315,1,14.36,0.1,0.0,44.47,4
2024-11-10 21:00:00,21,6,11,315,1,10.41,0.1,0.0,30.51,2
2024-11-10 22:00:00,22,6,11,315,1,7.41,0.1,0.0,15.82,1
2024-11-10 23:00:00,23,6,11,315,1,7.51,0.1,0.0,11.62,1
2024-11-11 00:00:00,0,0,11,316,0,3.69,0.12,0.0,5.46,1
2024-11-11 01:00:00,1,0,11,316,0,3.7,0.12,0.0,11.68,1
2024-11-11 02:00:00,2,0,11,316,0,7.4,0.12,0.0,12.34,1
2024-11-11 03:00:00,3,0,11,316,0,7.03,0.12,0.0,7.35,1
2024-11-11 04:00:00,4,0,11,316,0,6.18,0.12,0.0,6.17,1
2024-11-11 05:00:00,5,0,11,316,0,2.52,0.12,0.0,6.69,1
2024-11-11 06:00:00,6,0,11,316,0,6.04,0.12,0.0,26.95,2
2024-11-11 07:00:00,7,0,11,316,0,5.34,0.22,14.79,26.73,2
2024-11-11 08:00:00,8,0,11,316,0,11.35,0.22,48.7,32.25,2
2024-11-11 09:00:00,9,0,11,316,0,9.12,0.22,81.9,38.92,3
2024-11-11 10:00:00,10,0,11,316,0,9.41,0.22,109.95,43.56,4
2024-11-11 11:00:00,11,0,11,316,0,12.85,0.22,106.13,28.63,2
2024-11-11 12:00:00,12,0,11,316,0,12.54,0.22,116.47,21.69,2
2024-11-11 13:00:00,13,0,11,316,0,17.59,0.22,119.96,29.62,2
2024-11-11 14:00:00,14,0,11,316,0,13.65,0.22,106.94,25.71,2
2024-11-11 15:00:00,15,0,11,316,0,12.49,0.22,67.07,33.36,2
2024-11-11 16:00:00,16,0,11,316,0,10.81,0.38,43.85,45.34,3
2024-11-11 17:00:00,17,0,11,316,0,14.56,0.38,16.54,53.63,3
2024-11-11 18:00:00,18,0,11,316,0,12.7,0.38,0.0,57.2,4
2024-11-11 19:00:00,19,0,11,316,0,9.93,0.38,0.0,60.1,4
2024-11-11 20:00:00,20,0,11,316,0,13.96,0.38,0.0,42.38,4
2024-11-11 21:00:00,21,0,11,316,0,11.62,0.38,0.0,37.74,3
2024-11-11 22:00:00,22,0,11,316,0,8.94,0.22,0.0,24.07,2
2024-11-11 23:00:00,23,0,11,316,0,10.52,0.22,0.0,18.67,1
2024-11-12 00:00:00,0,1,11,317,0,7.93,0.12,0.0,2.5,1
2024-11-12 01:00:00,1,1,11,317,0,4.16,0.12,0.0,9.06,1
2024-11-12 02:00:00,2,1,11,317,0,3.23,0.12,0.0,2.5,1
2024-11-12 03:00:00,3,1,11,317,0,6.77,0.12,0.0,5.2,1
2024-11-12 04:00:00,4,1,11,317,0,6.1,0.12,0.0,12.88,1
2024-11-12 05:00:00,5,1,11,317,0,6.15,0.12,0.0,8.26,1
2024-11-12 06:00:00,6,1,11,317,0,4.91,0.12,0.0,17.98,2
2024-11-12 07:00:00,7,1,11,317,0,8.85,0.22,11.44,17.32,1
2024-11-12 08:00:00,8,1,11,317,0,7.33,0.22,48.47,30.66,3
2024-11-12 09:00:00,9,1,11,317,0,9.93,0.22,76.59,44.13,3
2024-11-12 10:00:00,10,1,11,317,0,14.33,0.22,102.04,33.4,3
2024-11-12 11:00:00,11,1,11,317,0,11.32,0.22,130.15,27.95,2
2024-11-12 12:00:00,12,1,11,317,0,10.53,0.22,99.99,24.42,2
2024-11-12 13:00:00,13,1,11,317,0,12.36,0.22,87.42,25.68,2
2024-11-12 14:00:00,14,1,11,317,0,16.96,0.22,102.32,30.57,2
2024-11-12 15:00:00,15,1,11,317,0,15.65,0.22,74.6,31.05,2
2024-11-12 16:00:00,16,1,11,317,0,14.71,0.38,32.58,41.01,3
2024-11-12 17:00:00,17,1,11,317,0,13.45,0.38,16.66,59.29,4
2024-11-12 18:00:00,18,1,11,317,0,14.64,0.38,0.0,63.06,4
2024-11-12 19:00:00,19,1,11,317,0,10.94,0.38,0.0,63.17,4
2024-11-12 20:00:00,20,1,11,317,0,12.04,0.38,0.0,46.37,3
2024-11-12 21:00:00,21,1,11,317,0,8.67,0.38,0.0,39.42,3
2024-11-12 22:00:00,22,1,11,317,0,7.05,0.22,0.0,27.79,2
2024-11-12 23:00:00,23,1,11,317,0,6.36,0.22,0.0,20.89,1
2024-11-13 00:00:00,0,2,11,318,0,5.7,0.12,0.0,13.14,1
2024-11-13 01:00:00,1,2,11,318,0,5.56,0.12,0.0,6.72,1
2024-11-13 02:00:00,2,2,11,318,0,5.63,0.12,0.0,7.84,1
2024-11-13 03:00:00,3,2,11,318,0,-2.39,0.12,0.0,2.5,1
2024-11-13 04:00:00,4,2,11,318,0,3.54,0.12,0.0,16.54,1
2024-11-13 05:00:00,5,2,11,318,0,4.87,0.12,0.0,7.4,1
2024-11-13 06:00:00,6,2,11,318,0,9.46,0.12,0.0,22.97,1
2024-11-13 07:00:00,7,2,11,318,0,5.33,0.22,17.64,23.54,2
2024-11-13 08:00:00,8,2,11,318,0,9.02,0.22,32.01,35.94,3
2024-11-13 09:00:00,9,2,11,318,0,12.98,0.22,78.53,42.72,3
2024-11-13 10:00:00,10,2,11,318,0,8.66,0.22,88.35,41.06,3
2024-11-13 11:00:00,11,2,11,318,0,13.28,0.22,102.56,31.0,2
2024-11-13 12:00:00,12,2,11,318,0,11.92,0.22,136.32,31.14,2
2024-11-13 13:00:00,13,2,11,318,0,13.31,0.22,129.55,25.88,2
2024-11-13 14:00:00,14,2,11,318,0,13.21,0.22,109.98,25.34,2
2024-11-13 15:00:00,15,2,11,318,0,13.52,0.22,81.14,28.27,2
2024-11-13 16:00:00,16,2,11,318,0,20.26,0.38,48.25,35.97,3
2024-11-13 17:00:00,17,2,11,318,0,16.01,0.38,14.1,51.26,4
2024-11-13 18:00:00,18,2,11,318,0,15.73,0.38,0.0,62.21,5
2024-11-13 19:00:00,19,2,11,318,0,13.47,0.38,0.0,53.58,5
2024-11-13 20:00:00,20,2,11,318,0,8.07,0.38,0.0,50.75,3
2024-11-13 21:00:00,21,2,11,318,0,10.78,0.38,0.0,34.4,3
2024-11-13 22:00:00,22,2,11,318,0,10.84,0.22,0.0,22.31,2
2024-11-13 23:00:00,23,2,11,318,0,5.78,0.22,0.0,20.67,2
2024-11-14 00:00:00,0,3,11,319,0,8.23,0.12,0.0,6.4,1
2024-11-14 01:00:00,1,3,11,319,0,6.92,0.12,0.0,2.5,1
2024-11-14 02:00:00,2,3,11,319,0,8.71,0.12,0.0,2.5,1
2024-11-14 03:00:00,3,3,11,319,0,4.0,0.12,0.0,2.5,1
2024-11-14 04:00:00,4,3,11,319,0,2.81,0.12,0.0,12.36,1
2024-11-14 05:00:00,5,3,11,319,0,4.79,0.12,0.0,6.8,1
2024-11-14 06:00:00,6,3,11,319,0,9.17,0.12,0.0,12.97,1
2024-11-14 07:00:00,7,3,11,319,0,3.68,0.22,15.35,20.57,2
2024-11-14 08:00:00,8,3,11,319,0,4.41,0.22,34.97,33.48,2
2024-11-14 09:00:00,9,3,11,319,0,10.02,0.22,59.83,39.3,3
2024-11-14 10:00:00,10,3,11,319,0,10.25,0.22,83.61,47.21,3
2024-11-14 11:00:00,11,3,11,319,0,12.35,0.22,109.88,33.51,2
2024-11-14 12:00:00,12,3,11,319,0,15.27,0.22,135.85,29.93,2
2024-11-14 13:00:00,13,3,11,319,0,13.06,0.22,128.97,31.75,3
2024-11-14 14:00:00,14,3,11,319,0,10.92,0.22,74.69,23.02,2
2024-11-14 15:00:00,15,3,11,319,0,18.93,0.22,64.37,28.87,2
2024-11-14 16:00:00,16,3,11,319,0,12.67,0.38,38.12,42.23,3
2024-11-14 17:00:00,17,3,11,319,0,12.05,0.38,10.31,47.52,3
2024-11-14 18:00:00,18,3,11,319,0,15.58,0.38,0.0,69.88,6
2024-11-14 19:00:00,19,3,11,319,0,11.57,0.38,0.0,51.0,3
2024-11-14 20:00:00,20,3,11,319,0,11.01,0.38,0.0,42.11,3
2024-11-14 21:00:00,21,3,11,319,0,10.8,0.38,0.0,36.98,3
2024-11-14 22:00:00,22,3,11,319,0,10.71,0.22,0.0,23.44,2
2024-11-14 23:00:00,23,3,11,319,0,6.67,0.22,0.0,14.99,1
2024-11-15 00:00:00,0,4,11,320,0,9.2,0.12,0.0,3.4,1
2024-11-15 01:00:00,1,4,11,320,0,1.09,0.12,0.0,5.43,1
2024-11-15 02:00:00,2,4,11,320,0,6.38,0.12,0.0,8.65,1
2024-11-15 03:00:00,3,4,11,320,0,3.01,0.12,0.0,4.59,1
2024-11-15 04:00:00,4,4,11,320,0,7.61,0.12,0.0,4.16,1
2024-11-15 05:00:00,5,4,11,320,0,5.65,0.12,0.0,7.87,1
2024-11-15 06:00:00,6,4,11,320,0,4.81,0.12,0.0,7.24,1
2024-11-15 07:00:00,7,4,11,320,0,8.52,0.22,14.06,28.7,2
2024-11-15 08:00:00,8,4,11,320,0,10.18,0.22,38.82,40.6,3
2024-11-15 09:00:00,9,4,11,320,0,10.98,0.22,80.42,48.89,3
2024-11-15 10:00:00,10,4,11,320,0,8.93,0.22,109.01,38.54,3
2024-11-15 11:00:00,11,4,11,320,0,11.22,0.22,128.4,30.55,3
2024-11-15 12:00:00,12,4,11,320,0,13.22,0.22,97.55,37.08,3
2024-11-15 13:00:00,13,4,11,320,0,13.94,0.22,91.12,19.42,1
2024-11-15 14:00:00,14,4,11,320,0,16.02,0.22,80.35,34.59,3
2024-11-15 15:00:00,15,4,11,320,0,10.66,0.22,72.07,42.76,4
2024-11-15 16:00:00,16,4,11,320,0,15.19,0.38,25.96,35.06,3
2024-11-15 17:00:00,17,4,11,320,0,13.44,0.38,14.41,45.91,4
2024-11-15 18:00:00,18,4,11,320,0,11.55,0.38,0.0,51.77,3
2024-11-15 19:00:00,19,4,11,320,0,10.71,0.38,0.0,51.96,3
2024-11-15 20:00:00,20,4,11,320,0,10.56,0.38,0.0,46.46,4
2024-11-15 21:00:00,21,4,11,320,0,2.49,0.38,0.0,34.41,3
2024-11-15 22:00:00,22,4,11,320,0,7.0,0.22,0.0,35.66,2
2024-11-15 23:00:00,23,4,11,320,0,5.44,0.22,0.0,13.74,1
2024-11-16 00:00:00,0,5,11,321,1,7.08,0.1,0.0,19.14,2
2024-11-16 01:00:00,1,5,11,321,1,3.61,0.1,0.0,13.11,1
2024-11-16 02:00:00,2,5,11,321,1,4.29,0.1,0.0,3.53,1
2024-11-16 03:00:00,3,5,11,321,1,7.63,0.1,0.0,13.99,1
2024-11-16 04:00:00,4,5,11,321,1,6.71,0.1,0.0,9.21,1
2024-11-16 05:00:00,5,5,11,321,1,7.02,0.1,0.0,12.0,1
2024-11-16 06:00:00,6,5,11,321,1,5.01,0.1,0.0,8.34,1
2024-11-16 07:00:00,7,5,11,321,1,8.13,0.1,16.98,19.24,2
2024-11-16 08:00:00,8,5,11,321,1,7.79,0.1,44.66,22.3,2
2024-11-16 09:00:00,9,5,11,321,1,9.16,0.1,77.15,25.14,2
2024-11-16 10:00:00,10,5,11,321,1,11.66,0.15,85.51,26.53,2
2024-11-16 11:00:00,11,5,11,321,1,10.85,0.15,82.07,47.51,4
2024-11-16 12:00:00,12,5,11,321,1,16.07,0.15,126.06,44.99,3
2024-11-16 13:00:00,13,5,11,321,1,13.56,0.15,102.32,51.93,3
2024-11-16 14:00:00,14,5,11,321,1,15.61,0.15,83.91,50.83,4
2024-11-16 15:00:00,15,5,11,321,1,17.46,0.15,58.39,53.04,3
2024-11-16 16:00:00,16,5,11,321,1,16.44,0.15,40.33,53.27,4
2024-11-16 17:00:00,17,5,11,321,1,11.06,0.15,17.73,58.3,4
2024-11-16 18:00:00,18,5,11,321,1,13.97,0.15,0.0,41.3,3
2024-11-16 19:00:00,19,5,11,321,1,13.75,0.1,0.0,36.98,3
2024-11-16 20:00:00,20,5,11,321,1,12.63,0.1,0.0,34.51,2
2024-11-16 21:00:00,21,5,11,321,1,7.32,0.1,0.0,31.32,2
2024-11-16 22:00:00,22,5,11,321,1,6.94,0.1,0.0,16.88,1
2024-11-16 23:00:00,23,5,11,321,1,9.04,0.1,0.0,12.48,1
2024-11-17 00:00:00,0,6,11,322,1,4.35,0.1,0.0,2.5,1
2024-11-17 01:00:00,1,6,11,322,1,4.47,0.1,0.0,6.16,1
2024-11-17 02:00:00,2,6,11,322,1,7.73,0.1,0.0,2.77,1
2024-11-17 03:00:00,3,6,11,322,1,4.31,0.1,0.0,7.26,1
2024-11-17 04:00:00,4,6,11,322,1,3.12,0.1,0.0,10.52,1
2024-11-17 05:00:00,5,6,11,322,1,3.32,0.1,0.0,27.3,2
2024-11-17 06:00:00,6,6,11,322,1,6.53,0.1,0.0,12.08,1
2024-11-17 07:00:00,7,6,11,322,1,4.24,0.1,17.66,14.77,1
2024-11-17 08:00:00,8,6,11,322,1,7.62,0.1,46.45,18.91,1
2024-11-17 09:00:00,9,6,11,322,1,10.07,0.1,79.74,22.89,2
2024-11-17 10:00:00,10,6,11,322,1,13.3,0.15,108.08,47.79,4
2024-11-17 11:00:00,11,6,11,322,1,13.24,0.15,105.88,46.42,4
2024-11-17 12:00:00,12,6,11,322,1,11.51,0.15,119.09,54.3,5
2024-11-17 13:00:00,13,6,11,322,1,16.09,0.15,98.76,59.87,4
2024-11-17 14:00:00,14,6,11,322,1,13.63,0.15,92.12,52.19,4
2024-11-17 15:00:00,15,6,11,322,1,11.93,0.15,70.76,55.28,3
2024-11-17 16:00:00,16,6,11,322,1,13.89,0.15,41.24,50.03,4
2024-11-17 17:00:00,17,6,11,322,1,16.61,0.15,17.66,42.4,4
2024-11-17 18:00:00,18,6,11,322,1,13.27,0.15,0.0,37.24,3
2024-11-17 19:00:00,19,6,11,322,1,11.93,0.1,0.0,43.63,4
2024-11-17 20:00:00,20,6,11,322,1,13.97,0.1,0.0,35.87,3
2024-11-17 21:00:00,21,6,11,322,1,6.54,0.1,0.0,25.26,2
2024-11-17 22:00:00,22,6,11,322,1,5.54,0.1,0.0,26.62,2
2024-11-17 23:00:00,23,6,11,322,1,3.67,0.1,0.0,11.39,1
2024-11-18 00:00:00,0,0,11,323,0,6.47,0.12,0.0,11.99,1
2024-11-18 01:00:00,1,0,11,323,0,5.27,0.12,0.0,2.5,1
2024-11-18 02:00:00,2,0,11,323,0,7.52,0.12,0.0,4.74,1
2024-11-18 03:00:00,3,0,11,323,0,4.75,0.12,0.0,8.38,1
2024-11-18 04:00:00,4,0,11,323,0,3.62,0.12,0.0,25.57,2
2024-11-18 05:00:00,5,0,11,323,0,4.94,0.12,0.0,11.12,1
2024-11-18 06:00:00,6,0,11,323,0,5.96,0.12,0.0,8.25,1
2024-11-18 07:00:00,7,0,11,323,0,3.42,0.22,16.05,25.13,2
2024-11-18 08:00:00,8,0,11,323,0,13.39,0.22,46.92,36.71,3
2024-11-18 09:00:00,9,0,11,323,0,10.3,0.22,70.76,41.47,3
2024-11-18 10:00:00,10,0,11,323,0,10.98,0.22,107.63,38.45,3
2024-11-18 11:00:00,11,0,11,323,0,12.99,0.22,126.79,29.75,2
2024-11-18 12:00:00,12,0,11,323,0,14.22,0.22,130.27,20.0,1
2024-11-18 13:00:00,13,0,11,323,0,13.31,0.22,126.79,20.44,1
2024-11-18 14:00:00,14,0,11,323,0,12.83,0.22,81.92,32.57,2
2024-11-18 15:00:00,15,0,11,323,0,15.46,0.22,58.93,32.84,2
2024-11-18 16:00:00,16,0,11,323,0,14.86,0.38,44.49,35.6,3
2024-11-18 17:00:00,17,0,11,323,0,11.97,0.38,12.64,48.95,4
2024-11-18 18:00:00,18,0,11,323,0,15.64,0.38,0.0,58.34,5
2024-11-18 19:00:00,19,0,11,323,0,12.35,0.38,0.0,49.44,4
2024-11-18 20:00:00,20,0,11,323,0,12.02,0.38,0.0,51.57,4
2024-11-18 21:00:00,21,0,11,323,0,12.05,0.38,0.0,36.82,3
2024-11-18 22:00:00,22,0,11,323,0,8.01,0.22,0.0,19.07,1
2024-11-18 23:00:00,23,0,11,323,0,7.4,0.22,0.0,22.49,2
2024-11-19 00:00:00,0,1,11,324,0,7.21,0.12,0.0,2.5,1
2024-11-19 01:00:00,1,1,11,324,0,3.34,0.12,0.0,9.31,1
2024-11-19 02:00:00,2,1,11,324,0,4.4,0.12,0.0,7.34,1
2024-11-19 03:00:00,3,1,11,324,0,4.37,0.12,0.0,11.0,1
2024-11-19 04:00:00,4,1,11,324,0,2.38,0.12,0.0,5.52,1
2024-11-19 05:00:00,5,1,11,324,0,9.43,0.12,0.0,16.6,1
2024-11-19 06:00:00,6,1,11,324,0,2.77,0.12,0.0,20.53,1
2024-11-19 07:00:00,7,1,11,324,0,4.03,0.22,13.84,17.98,1
2024-11-19 08:00:00,8,1,11,324,0,10.46,0.22,32.24,34.86,2
2024-11-19 09:00:00,9,1,11,324,0,10.55,0.22,72.85,48.23,4
2024-11-19 10:00:00,10,1,11,324,0,8.36,0.22,105.85,34.54,2
2024-11-19 11:00:00,11,1,11,324,0,12.84,0.22,123.19,31.89,3
2024-11-19 12:00:00,12,1,11,324,0,15.59,0.22,112.87,22.47,2
2024-11-19 13:00:00,13,1,11,324,0,13.39,0.22,98.84,24.41,2
2024-11-19 14:00:00,14,1,11,324,0,19.15,0.22,103.91,25.55,2
2024-11-19 15:00:00,15,1,11,324,0,10.67,0.22,75.67,27.64,2
2024-11-19 16:00:00,16,1,11,324,0,15.34,0.38,42.61,40.69,4
2024-11-19 17:00:00,17,1,11,324,0,15.79,0.38,17.51,40.91,4
2024-11-19 18:00:00,18,1,11,324,0,14.44,0.38,0.0,51.13,4
2024-11-19 19:00:00,19,1,11,324,0,11.21,0.38,0.0,54.48,4
2024-11-19 20:00:00,20,1,11,324,0,9.84,0.38,0.0,52.5,5
2024-11-19 21:00:00,21,1,11,324,0,10.01,0.38,0.0,26.15,2
2024-11-19 22:00:00,22,1,11,324,0,9.46,0.22,0.0,26.31,2
2024-11-19 23:00:00,23,1,11,324,0,7.83,0.22,0.0,8.65,1
2024-11-20 00:00:00,0,2,11,325,0,7.53,0.12,0.0,5.1,1
2024-11-20 01:00:00,1,2,11,325,0,2.62,0.12,0.0,2.5,1
2024-11-20 02:00:00,2,2,11,325,0,3.7,0.12,0.0,2.92,1
2024-11-20 03:00:00,3,2,11,325,0,2.1,0.12,0.0,3.98,1
2024-11-20 04:00:00,4,2,11,325,0,3.38,0.12,0.0,5.16,1
2024-11-20 05:00:00,5,2,11,325,0,6.68,0.12,0.0,14.42,1
2024-11-20 06:00:00,6,2,11,325,0,5.66,0.12,0.0,18.09,2
2024-11-20 07:00:00,7,2,11,325,0,11.7,0.22,16.18,30.33,3
2024-11-20 08:00:00,8,2,11,325,0,8.08,0.22,45.64,41.06,3
2024-11-20 09:00:00,9,2,11,325,0,9.1,0.22,60.38,42.67,3
2024-11-20 10:00:00,10,2,11,325,0,10.49,0.22,90.11,32.77,2
2024-11-20 11:00:00,11,2,11,325,0,10.21,0.22,125.79,31.21,2
2024-11-20 12:00:00,12,2,11,325,0,12.4,0.22,105.13,30.57,3
2024-11-20 13:00:00,13,2,11,325,0,15.57,0.22,111.7,19.7,2
2024-11-20 14:00:00,14,2,11,325,0,14.04,0.22,60.34,22.32,2
2024-11-20 15:00:00,15,2,11,325,0,12.4,0.22,55.32,28.87,2
2024-11-20 16:00:00,16,2,11,325,0,11.96,0.38,42.11,37.66,2
2024-11-20 17:00:00,17,2,11,325,0,12.41,0.38,17.45,48.96,4
2024-11-20 18:00:00,18,2,11,325,0,12.67,0.38,0.0,58.58,5
2024-11-20 19:00:00,19,2,11,325,0,13.87,0.38,0.0,60.77,4
2024-11-20 20:00:00,20,2,11,325,0,7.6,0.38,0.0,52.2,4
2024-11-20 21:00:00,21,2,11,325,0,8.34,0.38,0.0,30.72,2
2024-11-20 22:00:00,22,2,11,325,0,7.98,0.22,0.0,26.96,2
2024-11-20 23:00:00,23,2,11,325,0,2.82,0.22,0.0,11.99,1
2024-11-21 00:00:00,0,3,11,326,0,3.64,0.12,0.0,12.79,1
2024-11-21 01:00:00,1,3,11,326,0,3.16,0.12,0.0,6.9,1
2024-11-21 02:00:00,2,3,11,326,0,2.43,0.12,0.0,6.02,1
2024-11-21 03:00:00,3,3,11,326,0,4.23,0.12,0.0,18.32,1
2024-11-21 04:00:00,4,3,11,326,0,3.7,0.12,0.0,2.5,1
2024-11-21 05:00:00,5,3,11,326,0,3.41,0.12,0.0,11.44,1
2024-11-21 06:00:00,6,3,11,326,0,6.17,0.12,0.0,14.88,1
2024-11-21 07:00:00,7,3,11,326,0,9.79,0.22,14.55,22.93,2
2024-11-21 08:00:00,8,3,11,326,0,10.83,0.22,41.5,31.81,2
2024-11-21 09:00:00,9,3,11,326,0,5.0,0.22,71.16,41.51,3
2024-11-21 10:00:00,10,3,11,326,0,11.3,0.22,80.99,38.9,3
2024-11-21 11:00:00,11,3,11,326,0,10.99,0.22,105.02,33.87,2
2024-11-21 12:00:00,12,3,11,326,0,12.69,0.22,99.44,25.29,2
2024-11-21 13:00:00,13,3,11,326,0,12.38,0.22,109.67,29.07,3
2024-11-21 14:00:00,14,3,11,326,0,13.91,0.22,86.05,24.15,2
2024-11-21 15:00:00,15,3,11,326,0,14.15,0.22,76.33,45.29,3
2024-11-21 16:00:00,16,3,11,326,0,12.52,0.38,44.84,36.85,3
2024-11-21 17:00:00,17,3,11,326,0,11.38,0.38,13.37,44.98,3
2024-11-21 18:00:00,18,3,11,326,0,11.49,0.38,0.0,47.04,3
2024-11-21 19:00:00,19,3,11,326,0,11.82,0.38,0.0,51.93,4
2024-11-21 20:00:00,20,3,11,326,0,11.34,0.38,0.0,39.77,3
2024-11-21 21:00:00,21,3,11,326,0,10.55,0.38,0.0,37.08,3
2024-11-21 22:00:00,22,3,11,326,0,6.56,0.22,0.0,26.37,2
2024-11-21 23:00:00,23,3,11,326,0,6.91,0.22,0.0,17.75,1
2024-11-22 00:00:00,0,4,11,327,0,7.1,0.12,0.0,2.5,1
2024-11-22 01:00:00,1,4,11,327,0,6.71,0.12,0.0,14.41,1
2024-11-22 02:00:00,2,4,11,327,0,3.77,0.12,0.0,8.67,1
2024-11-22 03:00:00,3,4,11,327,0,3.27,0.12,0.0,2.5,1
2024-11-22 04:00:00,4,4,11,327,0,4.26,0.12,0.0,2.5,1
2024-11-22 05:00:00,5,4,11,327,0,2.08,0.12,0.0,6.6,1
2024-11-22 06:00:00,6,4,11,327,0,4.79,0.12,0.0,21.65,2
2024-11-22 07:00:00,7,4,11,327,0,7.7,0.22,14.57,32.26,3
2024-11-22 08:00:00,8,4,11,327,0,8.7,0.22,46.5,37.89,3
2024-11-22 09:00:00,9,4,11,327,0,8.17,0.22,58.86,38.45,3
2024-11-22 10:00:00,10,4,11,327,0,10.44,0.22,105.99,34.61,3
2024-11-22 11:00:00,11,4,11,327,0,9.56,0.22,115.8,30.39,2
2024-11-22 12:00:00,12,4,11,327,0,13.65,0.22,125.56,21.76,2
2024-11-22 13:00:00,13,4,11,327,0,12.89,0.22,104.93,29.75,2
2024-11-22 14:00:00,14,4,11,327,0,12.99,0.22,76.63,28.65,2
2024-11-22 15:00:00,15,4,11,327,0,12.99,0.22,77.54,29.84,2
2024-11-22 16:00:00,16,4,11,327,0,13.42,0.38,42.65,30.57,3
2024-11-22 17:00:00,17,4,11,327,0,12.15,0.38,17.32,44.39,3
2024-11-22 18:00:00,18,4,11,327,0,13.56,0.38,0.0,54.8,4
2024-11-22 19:00:00,19,4,11,327,0,10.42,0.38,0.0,53.67,4
2024-11-22 20:00:00,20,4,11,327,0,13.19,0.38,0.0,41.66,3
2024-11-22 21:00:00,21,4,11,327,0,11.64,0.38,0.0,38.6,3
2024-11-22 22:00:00,22,4,11,327,0,5.64,0.22,0.0,23.99,2
2024-11-22 23:00:00,23,4,11,327,0,6.35,0.22,0.0,12.94,1
2024-11-23 00:00:00,0,5,11,328,1,3.74,0.1,0.0,10.68,1
2024-11-23 01:00:00,1,5,11,328,1,3.6,0.1,0.0,7.28,1
2024-11-23 02:00:00,2,5,11,328,1,7.75,0.1,0.0,7.52,1
2024-11-23 03:00:00,3,5,11,328,1,2.96,0.1,0.0,9.67,1
2024-11-23 04:00:00,4,5,11,328,1,4.47,0.1,0.0,14.96,1
2024-11-23 05:00:00,5,5,11,328,1,5.33,0.1,0.0,12.24,1
2024-11-23 06:00:00,6,5,11,328,1,3.04,0.1,0.0,6.26,1
2024-11-23 07:00:00,7,5,11,328,1,4.37,0.1,14.17,32.26,3
2024-11-23 08:00:00,8,5,11,328,1,4.87,0.1,39.21,18.32,1
2024-11-23 09:00:00,9,5,11,328,1,6.81,0.1,64.71,18.24,1
2024-11-23 10:00:00,10,5,11,328,1,4.17,0.15,102.3,29.79,2
2024-11-23 11:00:00,11,5,11,328,1,12.17,0.15,123.18,38.14,3
2024-11-23 12:00:00,12,5,11,328,1,16.22,0.15,124.09,56.55,4
2024-11-23 13:00:00,13,5,11,328,1,13.21,0.15,107.86,54.67,5
2024-11-23 14:00:00,14,5,11,328,1,10.58,0.15,94.71,55.41,5
2024-11-23 15:00:00,15,5,11,328,1,12.29,0.15,76.96,54.2,4
2024-11-23 16:00:00,16,5,11,328,1,12.49,0.15,45.94,52.8,3
2024-11-23 17:00:00,17,5,11,328,1,10.87,0.15,9.61,49.31,3
2024-11-23 18:00:00,18,5,11,328,1,13.84,0.15,0.0,40.19,3
2024-11-23 19:00:00,19,5,11,328,1,12.7,0.1,0.0,50.49,4
2024-11-23 20:00:00,20,5,11,328,1,7.56,0.1,0.0,27.68,2
2024-11-23 21:00:00,21,5,11,328,1,10.03,0.1,0.0,33.06,2
2024-11-23 22:00:00,22,5,11,328,1,10.34,0.1,0.0,11.5,1
2024-11-23 23:00:00,23,5,11,328,1,9.88,0.1,0.0,8.94,1
2024-11-24 00:00:00,0,6,11,329,1,10.64,0.1,0.0,7.42,1
2024-11-24 01:00:00,1,6,11,329,1,2.31,0.1,0.0,6.66,1
2024-11-24 02:00:00,2,6,11,329,1,9.27,0.1,0.0,3.58,1
2024-11-24 03:00:00,3,6,11,329,1,2.74,0.1,0.0,10.53,1
2024-11-24 04:00:00,4,6,11,329,1,2.43,0.1,0.0,6.61,1
2024-11-24 05:00:00,5,6,11,329,1,4.77,0.1,0.0,12.65,1
2024-11-24 06:00:00,6,6,11,329,1,3.75,0.1,0.0,7.94,1
2024-11-24 07:00:00,7,6,11,329,1,6.75,0.1,14.77,10.43,1
2024-11-24 08:00:00,8,6,11,329,1,4.51,0.1,41.09,19.46,2
2024-11-24 09:00:00,9,6,11,329,1,7.97,0.1,72.44,30.48,3
2024-11-24 10:00:00,10,6,11,329,1,12.31,0.15,105.24,36.91,3
2024-11-24 11:00:00,11,6,11,329,1,10.83,0.15,102.01,36.51,3
2024-11-24 12:00:00,12,6,11,329,1,12.27,0.15,123.73,48.74,4
2024-11-24 13:00:00,13,6,11,329,1,13.73,0.15,89.87,58.67,4
2024-11-24 14:00:00,14,6,11,329,1,15.62,0.15,87.39,53.52,4
2024-11-24 15:00:00,15,6,11,329,1,10.14,0.15,71.84,58.63,5
2024-11-24 16:00:00,16,6,11,329,1,14.45,0.15,44.46,57.95,4
2024-11-24 17:00:00,17,6,11,329,1,12.24,0.15,13.58,53.63,4
2024-11-24 18:00:00,18,6,11,329,1,12.32,0.15,0.0,48.09,3
2024-11-24 19:00:00,19,6,11,329,1,13.07,0.1,0.0,39.82,3
2024-11-24 20:00:00,20,6,11,329,1,7.35,0.1,0.0,32.83,3
2024-11-24 21:00:00,21,6,11,329,1,6.42,0.1,0.0,22.51,2
2024-11-24 22:00:00,22,6,11,329,1,3.28,0.1,0.0,19.11,1
2024-11-24 23:00:00,23,6,11,329,1,4.85,0.1,0.0,15.1,1
2024-11-25 00:00:00,0,0,11,330,0,7.44,0.12,0.0,9.37,1
2024-11-25 01:00:00,1,0,11,330,0,3.75,0.12,0.0,5.66,1
2024-11-25 02:00:00,2,0,11,330,0,0.81,0.12,0.0,4.75,1
2024-11-25 03:00:00,3,0,11,330,0,2.35,0.12,0.0,5.83,1
2024-11-25 04:00:00,4,0,11,330,0,0.51,0.12,0.0,2.54,1
2024-11-25 05:00:00,5,0,11,330,0,1.74,0.12,0.0,13.25,1
2024-11-25 06:00:00,6,0,11,330,0,5.56,0.12,0.0,18.83,1
2024-11-25 07:00:00,7,0,11,330,0,3.47,0.22,14.44,20.64,1
2024-11-25 08:00:00,8,0,11,330,0,9.25,0.22,46.02,37.46,3
2024-11-25 09:00:00,9,0,11,330,0,8.18,0.22,70.19,36.39,2
2024-11-25 10:00:00,10,0,11,330,0,9.78,0.22,90.13,44.79,4
2024-11-25 11:00:00,11,0,11,330,0,10.26,0.22,94.77,43.59,3
2024-11-25 12:00:00,12,0,11,330,0,13.4,0.22,122.43,27.34,2
2024-11-25 13:00:00,13,0,11,330,0,14.22,0.22,123.56,26.09,2
2024-11-25 14:00:00,14,0,11,330,0,13.82,0.22,103.31,24.07,2
2024-11-25 15:00:00,15,0,11,330,0,14.45,0.22,65.7,31.43,2
2024-11-25 16:00:00,16,0,11,330,0,12.72,0.38,42.49,45.42,4
2024-11-25 17:00:00,17,0,11,330,0,13.73,0.38,17.14,47.29,4
2024-11-25 18:00:00,18,0,11,330,0,11.18,0.38,0.0,54.99,4
2024-11-25 19:00:00,19,0,11,330,0,10.82,0.38,0.0,55.79,5
2024-11-25 20:00:00,20,0,11,330,0,9.06,0.38,0.0,47.66,4
2024-11-25 21:00:00,21,0,11,330,0,7.4,0.38,0.0,43.97,4
2024-11-25 22:00:00,22,0,11,330,0,5.65,0.22,0.0,31.55,3
2024-11-25 23:00:00,23,0,11,330,0,6.75,0.22,0.0,23.85,2
2024-11-26 00:00:00,0,1,11,331,0,7.28,0.12,0.0,18.17,1
2024-11-26 01:00:00,1,1,11,331,0,6.2,0.12,0.0,9.54,1
2024-11-26 02:00:00,2,1,11,331,0,0.85,0.12,0.0,2.5,1
2024-11-26 03:00:00,3,1,11,331,0,5.77,0.12,0.0,2.74,1
2024-11-26 04:00:00,4,1,11,331,0,2.73,0.12,0.0,7.8,1
2024-11-26 05:00:00,5,1,11,331,0,5.06,0.12,0.0,2.5,1
2024-11-26 06:00:00,6,1,11,331,0,2.84,0.12,0.0,14.45,1
2024-11-26 07:00:00,7,1,11,331,0,5.98,0.22,16.91,28.22,2
2024-11-26 08:00:00,8,1,11,331,0,7.53,0.22,33.4,36.51,3
2024-11-26 09:00:00,9,1,11,331,0,5.22,0.22,77.14,39.94,3
2024-11-26 10:00:00,10,1,11,331,0,10.7,0.22,104.44,43.5,3
2024-11-26 11:00:00,11,1,11,331,0,13.38,0.22,123.16,27.59,2
2024-11-26 12:00:00,12,1,11,331,0,11.38,0.22,111.7,31.23,2
2024-11-26 13:00:00,13,1,11,331,0,15.24,0.22,101.05,25.85,2
2024-11-26 14:00:00,14,1,11,331,0,12.64,0.22,93.06,28.81,2
2024-11-26 15:00:00,15,1,11,331,0,14.89,0.22,67.1,30.84,3
2024-11-26 16:00:00,16,1,11,331,0,8.58,0.38,36.77,41.88,3
2024-11-26 17:00:00,17,1,11,331,0,17.36,0.38,13.9,49.74,3
2024-11-26 18:00:00,18,1,11,331,0,14.72,0.38,0.0,60.84,4
2024-11-26 19:00:00,19,1,11,331,0,10.12,0.38,0.0,69.42,5
2024-11-26 20:00:00,20,1,11,331,0,5.54,0.38,0.0,43.45,3
2024-11-26 21:00:00,21,1,11,331,0,8.77,0.38,0.0,47.31,4
2024-11-26 22:00:00,22,1,11,331,0,4.01,0.22,0.0,29.62,3
2024-11-26 23:00:00,23,1,11,331,0,6.58,0.22,0.0,20.21,1
2024-11-27 00:00:00,0,2,11,332,0,5.35,0.12,0.0,14.04,1
2024-11-27 01:00:00,1,2,11,332,0,1.85,0.12,0.0,16.52,1
2024-11-27 02:00:00,2,2,11,332,0,5.48,0.12,0.0,2.5,1
2024-11-27 03:00:00,3,2,11,332,0,4.68,0.12,0.0,4.52,1
2024-11-27 04:00:00,4,2,11,332,0,5.19,0.12,0.0,15.81,1
2024-11-27 05:00:00,5,2,11,332,0,3.75,0.12,0.0,5.85,1
2024-11-27 06:00:00,6,2,11,332,0,1.7,0.12,0.0,16.85,1
2024-11-27 07:00:00,7,2,11,332,0,7.52,0.22,16.38,23.12,2
2024-11-27 08:00:00,8,2,11,332,0,6.23,0.22,36.03,32.31,2
2024-11-27 09:00:00,9,2,11,332,0,5.29,0.22,67.41,38.26,3
2024-11-27 10:00:00,10,2,11,332,0,12.07,0.22,77.35,44.32,3
2024-11-27 11:00:00,11,2,11,332,0,14.77,0.22,122.78,32.32,2
2024-11-27 12:00:00,12,2,11,332,0,11.52,0.22,99.72,20.42,1
2024-11-27 13:00:00,13,2,11,332,0,16.72,0.22,100.34,21.62,2
2024-11-27 14:00:00,14,2,11,332,0,13.08,0.22,82.6,22.45,2
2024-11-27 15:00:00,15,2,11,332,0,12.31,0.22,68.41,28.55,2
2024-11-27 16:00:00,16,2,11,332,0,11.64,0.38,45.72,42.06,3
2024-11-27 17:00:00,17,2,11,332,0,15.67,0.38,17.03,49.19,4
2024-11-27 18:00:00,18,2,11,332,0,10.04,0.38,0.0,55.56,4
2024-11-27 19:00:00,19,2,11,332,0,12.04,0.38,0.0,48.74,3
2024-11-27 20:00:00,20,2,11,332,0,8.24,0.38,0.0,55.08,4
2024-11-27 21:00:00,21,2,11,332,0,7.15,0.38,0.0,29.17,2
2024-11-27 22:00:00,22,2,11,332,0,8.83,0.22,0.0,26.38,2
2024-11-27 23:00:00,23,2,11,332,0,4.81,0.22,0.0,17.0,1
2024-11-28 00:00:00,0,3,11,333,0,3.6,0.12,0.0,3.92,1
2024-11-28 01:00:00,1,3,11,333,0,5.88,0.12,0.0,7.25,1
2024-11-28 02:00:00,2,3,11,333,0,6.31,0.12,0.0,11.59,1
2024-11-28 03:00:00,3,3,11,333,0,4.23,0.12,0.0,6.76,1
2024-11-28 04:00:00,4,3,11,333,0,1.8,0.12,0.0,3.79,1
2024-11-28 05:00:00,5,3,11,333,0,2.59,0.12,0.0,4.61,1
2024-11-28 06:00:00,6,3,11,333,0,4.57,0.12,0.0,10.17,1
2024-11-28 07:00:00,7,3,11,333,0,6.09,0.22,16.98,30.05,2
2024-11-28 08:00:00,8,3,11,333,0,4.67,0.22,38.89,38.4,3
2024-11-28 09:00:00,9,3,11,333,0,9.39,0.22,76.67,45.51,4
2024-11-28 10:00:00,10,3,11,333,0,9.41,0.22,91.38,34.47,2
2024-11-28 11:00:00,11,3,11,333,0,7.01,0.22,112.68,30.51,2
2024-11-28 12:00:00,12,3,11,333,0,9.62,0.22,112.94,18.49,1
2024-11-28 13:00:00,13,3,11,333,0,11.27,0.22,99.91,23.43,2
2024-11-28 14:00:00,14,3,11,333,0,12.63,0.22,88.08,29.47,2
2024-11-28 15:00:00,15,3,11,333,0,16.72,0.22,76.67,31.41,2
2024-11-28 16:00:00,16,3,11,333,0,13.25,0.38,27.46,44.21,3
2024-11-28 17:00:00,17,3,11,333,0,10.59,0.38,12.42,42.87,3
2024-11-28 18:00:00,18,3,11,333,0,11.92,0.38,0.0,56.3,4
2024-11-28 19:00:00,19,3,11,333,0,9.74,0.38,0.0,52.44,3
2024-11-28 20:00:00,20,3,11,333,0,9.89,0.38,0.0,45.94,3
2024-11-28 21:00:00,21,3,11,333,0,9.11,0.38,0.0,33.74,2
2024-11-28 22:00:00,22,3,11,333,0,9.07,0.22,0.0,25.69,2
2024-11-28 23:00:00,23,3,11,333,0,5.4,0.22,0.0,15.65,1
2024-11-29 00:00:00,0,4,11,334,0,7.57,0.12,0.0,2.53,1
2024-11-29 01:00:00,1,4,11,334,0,5.31,0.12,0.0,2.5,1
2024-11-29 02:00:00,2,4,11,334,0,1.58,0.12,0.0,6.41,1
2024-11-29 03:00:00,3,4,11,334,0,7.24,0.12,0.0,4.48,1
2024-11-29 04:00:00,4,4,11,334,0,3.65,0.12,0.0,2.5,1
2024-11-29 05:00:00,5,4,11,334,0,1.82,0.12,0.0,7.83,1
2024-11-29 06:00:00,6,4,11,334,0,7.59,0.12,0.0,16.45,1
2024-11-29 07:00:00,7,4,11,334,0,9.48,0.22,16.93,19.12,2
2024-11-29 08:00:00,8,4,11,334,0,6.46,0.22,44.31,43.03,4
2024-11-29 09:00:00,9,4,11,334,0,6.82,0.22,76.45,39.18,3
2024-11-29 10:00:00,10,4,11,334,0,8.77,0.22,75.97,35.74,2
2024-11-29 11:00:00,11,4,11,334,0,11.75,0.22,110.06,36.85,3
2024-11-29 12:00:00,12,4,11,334,0,13.91,0.22,121.19,32.7,3
2024-11-29 13:00:00,13,4,11,334,0,13.29,0.22,111.38,25.29,2
2024-11-29 14:00:00,14,4,11,334,0,12.86,0.22,76.76,24.48,2
2024-11-29 15:00:00,15,4,11,334,0,15.82,0.22,76.45,33.57,2
2024-11-29 16:00:00,16,4,11,334,0,12.03,0.38,40.67,41.74,3
2024-11-29 17:00:00,17,4,11,334,0,14.22,0.38,12.96,57.47,4
2024-11-29 18:00:00,18,4,11,334,0,10.78,0.38,0.0,52.63,4
2024-11-29 19:00:00,19,4,11,334,0,11.19,0.38,0.0,52.34,4
2024-11-29 20:00:00,20,4,11,334,0,8.89,0.38,0.0,47.92,4
2024-11-29 21:00:00,21,4,11,334,0,7.71,0.38,0.0,33.48,3
2024-11-29 22:00:00,22,4,11,334,0,5.77,0.22,0.0,19.89,1
2024-11-29 23:00:00,23,4,11,334,0,8.01,0.22,0.0,12.57,1
2024-11-30 00:00:00,0,5,11,335,1,2.7,0.1,0.0,4.06,1
2024-11-30 01:00:00,1,5,11,335,1,1.89,0.1,0.0,22.47,2
2024-11-30 02:00:00,2,5,11,335,1,7.12,0.1,0.0,8.47,1
2024-11-30 03:00:00,3,5,11,335,1,4.66,0.1,0.0,4.74,1
2024-11-30 04:00:00,4,5,11,335,1,-1.9,0.1,0.0,10.1,1
2024-11-30 05:00:00,5,5,11,335,1,2.24,0.1,0.0,11.43,1
2024-11-30 06:00:00,6,5,11,335,1,0.54,0.1,0.0,12.46,1
2024-11-30 07:00:00,7,5,11,335,1,3.3,0.1,13.96,13.39,1
2024-11-30 08:00:00,8,5,11,335,1,0.13,0.1,36.46,19.6,1
2024-11-30 09:00:00,9,5,11,335,1,7.43,0.1,58.15,28.92,2
2024-11-30 10:00:00,10,5,11,335,1,6.71,0.15,89.68,34.26,3
2024-11-30 11:00:00,11,5,11,335,1,10.32,0.15,115.52,42.54,3
2024-11-30 12:00:00,12,5,11,335,1,7.99,0.15,120.38,49.2,3
2024-11-30 13:00:00,13,5,11,335,1,12.2,0.15,107.0,52.74,4
2024-11-30 14:00:00,14,5,11,335,1,11.7,0.15,91.65,57.36,4
2024-11-30 15:00:00,15,5,11,335,1,15.71,0.15,66.35,53.88,4
2024-11-30 16:00:00,16,5,11,335,1,15.36,0.15,32.84,50.85,4
2024-11-30 17:00:00,17,5,11,335,1,13.61,0.15,15.18,58.97,5
2024-11-30 18:00:00,18,5,11,335,1,10.59,0.15,0.0,39.88,3
2024-11-30 19:00:00,19,5,11,335,1,14.18,0.1,0.0,38.55,3
2024-11-30 20:00:00,20,5,11,335,1,5.89,0.1,0.0,54.42,4
2024-11-30 21:00:00,21,5,11,335,1,4.9,0.1,0.0,24.18,2
2024-11-30 22:00:00,22,5,11,335,1,6.24,0.1,0.0,17.83,1
2024-11-30 23:00:00,23,5,11,335,1,9.71,0.1,0.0,11.55,1
2024-12-01 00:00:00,0,6,12,336,1,3.65,0.1,0.0,9.65,1
2024-12-01 01:00:00,1,6,12,336,1,2.89,0.1,0.0,5.77,1
2024-12-01 02:00:00,2,6,12,336,1,-0.13,0.1,0.0,2.5,1
2024-12-01 03:00:00,3,6,12,336,1,4.48,0.1,0.0,14.06,1
2024-12-01 04:00:00,4,6,12,336,1,4.66,0.1,0.0,2.5,1
2024-12-01 05:00:00,5,6,12,336,1,4.84,0.1,0.0,23.35,2
2024-12-01 06:00:00,6,6,12,336,1,2.79,0.1,0.0,14.07,1
2024-12-01 07:00:00,7,6,12,336,1,3.67,0.1,14.35,10.63,1
2024-12-01 08:00:00,8,6,12,336,1,3.71,0.1,33.29,15.81,1
2024-12-01 09:00:00,9,6,12,336,1,7.76,0.1,73.43,19.22,2
2024-12-01 10:00:00,10,6,12,336,1,6.72,0.15,99.25,29.22,2
2024-12-01 11:00:00,11,6,12,336,1,7.73,0.15,97.62,38.44,3
2024-12-01 12:00:00,12,6,12,336,1,10.28,0.15,104.49,53.63,4
2024-12-01 13:00:00,13,6,12,336,1,10.94,0.15,100.5,55.18,4
2024-12-01 14:00:00,14,6,12,336,1,11.34,0.15,88.14,48.64,4
2024-12-01 15:00:00,15,6,12,336,1,13.52,0.15,49.65,46.96,3
2024-12-01 16:00:00,16,6,12,336,1,12.58,0.15,38.81,45.97,3
2024-12-01 17:00:00,17,6,12,336,1,11.34,0.15,16.84,43.17,3
2024-12-01 18:00:00,18,6,12,336,1,11.49,0.15,0.0,52.83,3
2024-12-01 19:00:00,19,6,12,336,1,8.1,0.1,0.0,37.38,3
2024-12-01 20:00:00,20,6,12,336,1,9.09,0.1,0.0,44.2,4
2024-12-01 21:00:00,21,6,12,336,1,7.89,0.1,0.0,27.09,2
2024-12-01 22:00:00,22,6,12,336,1,3.29,0.1,0.0,21.53,1
2024-12-01 23:00:00,23,6,12,336,1,7.08,0.1,0.0,12.01,1
2024-12-02 00:00:00,0,0,12,337,0,2.17,0.12,0.0,2.5,1
2024-12-02 01:00:00,1,0,12,337,0,3.32,0.12,0.0,2.73,1
2024-12-02 02:00:00,2,0,12,337,0,4.97,0.12,0.0,15.61,1
2024-12-02 03:00:00,3,0,12,337,0,4.32,0.12,0.0,8.69,1
2024-12-02 04:00:00,4,0,12,337,0,2.71,0.12,0.0,9.25,1
2024-12-02 05:00:00,5,0,12,337,0,2.42,0.12,0.0,14.9,1
2024-12-02 06:00:00,6,0,12,337,0,5.83,0.12,0.0,17.95,1
2024-12-02 07:00:00,7,0,12,337,0,6.32,0.22,16.8,19.76,2
2024-12-02 08:00:00,8,0,12,337,0,4.94,0.22,41.47,32.33,2
2024-12-02 09:00:00,9,0,12,337,0,5.88,0.22,55.39,42.09,4
2024-12-02 10:00:00,10,0,12,337,0,4.62,0.22,84.86,51.78,4
2024-12-02 11:00:00,11,0,12,337,0,10.28,0.22,121.12,35.84,3
2024-12-02 12:00:00,12,0,12,337,0,10.84,0.22,117.24,22.54,2
2024-12-02 13:00:00,13,0,12,337,0,14.08,0.22,108.31,25.67,2
2024-12-02 14:00:00,14,0,12,337,0,13.02,0.22,83.65,19.31,1
2024-12-02 15:00:00,15,0,12,337,0,15.14,0.22,75.86,28.6,2
2024-12-02 16:00:00,16,0,12,337,0,10.91,0.38,45.11,36.4,3
2024-12-02 17:00:00,17,0,12,337,0,14.08,0.38,16.8,51.66,4
2024-12-02 18:00:00,18,0,12,337,0,9.95,0.38,0.0,61.17,4
2024-12-02 19:00:00,19,0,12,337,0,11.53,0.38,0.0,52.14,4
2024-12-02 20:00:00,20,0,12,337,0,5.85,0.38,0.0,44.95,4
2024-12-02 21:00:00,21,0,12,337,0,7.94,0.38,0.0,40.22,3
2024-12-02 22:00:00,22,0,12,337,0,2.21,0.22,0.0,25.59,2
2024-12-02 23:00:00,23,0,12,337,0,4.44,0.22,0.0,12.27,1
2024-12-03 00:00:00,0,1,12,338,0,4.71,0.12,0.0,9.95,1
2024-12-03 01:00:00,1,1,12,338,0,1.99,0.12,0.0,6.97,1
2024-12-03 02:00:00,2,1,12,338,0,0.43,0.12,0.0,7.27,1
2024-12-03 03:00:00,3,1,12,338,0,4.05,0.12,0.0,2.5,1
2024-12-03 04:00:00,4,1,12,338,0,2.32,0.12,0.0,2.5,1
2024-12-03 05:00:00,5,1,12,338,0,2.05,0.12,0.0,9.19,1
2024-12-03 06:00:00,6,1,12,338,0,3.91,0.12,0.0,14.11,1
2024-12-03 07:00:00,7,1,12,338,0,10.13,0.22,16.76,28.08,2
2024-12-03 08:00:00,8,1,12,338,0,8.37,0.22,33.76,35.87,3
2024-12-03 09:00:00,9,1,12,338,0,9.69,0.22,55.63,37.12,3
2024-12-03 10:00:00,10,1,12,338,0,9.53,0.22,82.09,36.68,2
2024-12-03 11:00:00,11,1,12,338,0,10.19,0.22,96.15,26.64,2
2024-12-03 12:00:00,12,1,12,338,0,6.1,0.22,120.05,30.68,2
2024-12-03 13:00:00,13,1,12,338,0,10.33,0.22,100.22,21.87,2
2024-12-03 14:00:00,14,1,12,338,0,11.23,0.22,71.22,24.61,2
2024-12-03 15:00:00,15,1,12,338,0,8.61,0.22,74.7,28.96,2
2024-12-03 16:00:00,16,1,12,338,0,9.88,0.38,30.1,32.58,2
2024-12-03 17:00:00,17,1,12,338,0,7.73,0.38,12.59,46.34,3
2024-12-03 18:00:00,18,1,12,338,0,10.82,0.38,0.0,51.57,4
2024-12-03 19:00:00,19,1,12,338,0,11.5,0.38,0.0,47.63,4
2024-12-03 20:00:00,20,1,12,338,0,10.87,0.38,0.0,45.25,4
2024-12-03 21:00:00,21,1,12,338,0,8.19,0.38,0.0,33.14,3
2024-12-03 22:00:00,22,1,12,338,0,4.14,0.22,0.0,23.5,2
2024-12-03 23:00:00,23,1,12,338,0,1.0,0.22,0.0,11.59,1
2024-12-04 00:00:00,0,2,12,339,0,0.2,0.12,0.0,4.48,1
2024-12-04 01:00:00,1,2,12,339,0,0.38,0.12,0.0,4.91,1
2024-12-04 02:00:00,2,2,12,339,0,0.64,0.12,0.0,2.5,1
2024-12-04 03:00:00,3,2,12,339,0,1.93,0.12,0.0,5.37,1
2024-12-04 04:00:00,4,2,12,339,0,0.39,0.12,0.0,2.5,1
2024-12-04 05:00:00,5,2,12,339,0,3.6,0.12,0.0,18.7,1
2024-12-04 06:00:00,6,2,12,339,0,3.25,0.12,0.0,10.51,1
2024-12-04 07:00:00,7,2,12,339,0,4.77,0.22,12.84,16.72,1
2024-12-04 08:00:00,8,2,12,339,0,8.24,0.22,33.89,32.85,2
2024-12-04 09:00:00,9,2,12,339,0,4.89,0.22,56.34,41.27,3
2024-12-04 10:00:00,10,2,12,339,0,9.38,0.22,90.38,46.95,4
2024-12-04 11:00:00,11,2,12,339,0,9.72,0.22,89.06,29.57,2
2024-12-04 12:00:00,12,2,12,339,0,10.12,0.22,105.29,21.18,2
2024-12-04 13:00:00,13,2,12,339,0,13.35,0.22,119.16,25.08,2
2024-12-04 14:00:00,14,2,12,339,0,13.84,0.22,77.43,24.17,2
2024-12-04 15:00:00,15,2,12,339,0,10.36,0.22,61.88,30.48,2
2024-12-04 16:00:00,16,2,12,339,0,11.72,0.38,39.9,38.91,3
2024-12-04 17:00:00,17,2,12,339,0,12.14,0.38,15.21,49.23,3
2024-12-04 18:00:00,18,2,12,339,0,10.24,0.38,0.0,54.03,4
2024-12-04 19:00:00,19,2,12,339,0,10.92,0.38,0.0,54.06,5
2024-12-04 20:00:00,20,2,12,339,0,9.11,0.38,0.0,51.89,4
2024-12-04 21:00:00,21,2,12,339,0,10.92,0.38,0.0,32.09,3
2024-12-04 22:00:00,22,2,12,339,0,2.9,0.22,0.0,31.94,2
2024-12-04 23:00:00,23,2,12,339,0,4.51,0.22,0.0,11.16,1
2024-12-05 00:00:00,0,3,12,340,0,1.79,0.12,0.0,3.71,1
2024-12-05 01:00:00,1,3,12,340,0,4.02,0.12,0.0,6.88,1
2024-12-05 02:00:00,2,3,12,340,0,-0.92,0.12,0.0,8.54,1
2024-12-05 03:00:00,3,3,12,340,0,2.84,0.12,0.0,4.59,1
2024-12-05 04:00:00,4,3,12,340,0,1.05,0.12,0.0,7.18,1
2024-12-05 05:00:00,5,3,12,340,0,1.35,0.12,0.0,9.03,1
2024-12-05 06:00:00,6,3,12,340,0,0.71,0.12,0.0,13.73,1
2024-12-05 07:00:00,7,3,12,340,0,3.71,0.22,11.86,31.29,3
2024-12-05 08:00:00,8,3,12,340,0,8.02,0.22,41.06,32.07,2
2024-12-05 09:00:00,9,3,12,340,0,7.09,0.22,72.44,50.55,4
2024-12-05 10:00:00,10,3,12,340,0,9.69,0.22,82.77,32.98,3
2024-12-05 11:00:00,11,3,12,340,0,12.97,0.22,120.32,30.79,2
2024-12-05 12:00:00,12,3,12,340,0,11.21,0.22,111.8,23.88,2
2024-12-05 13:00:00,13,3,12,340,0,10.36,0.22,83.34,18.94,2
2024-12-05 14:00:00,14,3,12,340,0,12.91,0.22,86.44,34.28,2
2024-12-05 15:00:00,15,3,12,340,0,11.05,0.22,66.88,41.59,3
2024-12-05 16:00:00,16,3,12,340,0,10.96,0.38,41.85,32.04,2
2024-12-05 17:00:00,17,3,12,340,0,8.43,0.38,14.17,42.72,3
2024-12-05 18:00:00,18,3,12,340,0,12.53,0.38,0.0,56.26,4
2024-12-05 19:00:00,19,3,12,340,0,8.87,0.38,0.0,66.57,5
2024-12-05 20:00:00,20,3,12,340,0,8.8,0.38,0.0,46.04,4
2024-12-05 21:00:00,21,3,12,340,0,5.07,0.38,0.0,39.58,3
2024-12-05 22:00:00,22,3,12,340,0,6.72,0.22,0.0,18.14,1
2024-12-05 23:00:00,23,3,12,340,0,3.12,0.22,0.0,13.88,1
2024-12-06 00:00:00,0,4,12,341,0,3.22,0.12,0.0,17.72,2
2024-12-06 01:00:00,1,4,12,341,0,4.46,0.12,0.0,9.49,1
2024-12-06 02:00:00,2,4,12,341,0,3.79,0.12,0.0,2.5,1
2024-12-06 03:00:00,3,4,12,341,0,1.99,0.12,0.0,8.19,1
2024-12-06 04:00:00,4,4,12,341,0,-1.33,0.12,0.0,5.48,1
2024-12-06 05:00:00,5,4,12,341,0,8.69,0.12,0.0,3.7,1
2024-12-06 06:00:00,6,4,12,341,0,6.99,0.12,0.0,18.9,1
2024-12-06 07:00:00,7,4,12,341,0,5.98,0.22,14.94,22.66,2
2024-12-06 08:00:00,8,4,12,341,0,4.24,0.22,37.1,34.92,3
2024-12-06 09:00:00,9,4,12,341,0,6.81,0.22,64.21,39.19,3
2024-12-06 10:00:00,10,4,12,341,0,7.25,0.22,90.55,35.7,3
2024-12-06 11:00:00,11,4,12,341,0,12.07,0.22,115.96,40.87,3
2024-12-06 12:00:00,12,4,12,341,0,11.1,0.22,117.75,18.22,1
2024-12-06 13:00:00,13,4,12,341,0,9.8,0.22,103.35,33.32,2
2024-12-06 14:00:00,14,4,12,341,0,10.93,0.22,90.39,28.18,2
2024-12-06 15:00:00,15,4,12,341,0,14.28,0.22,70.1,31.41,2
2024-12-06 16:00:00,16,4,12,341,0,15.07,0.38,42.94,50.4,4
2024-12-06 17:00:00,17,4,12,341,0,14.42,0.38,11.62,50.6,3
2024-12-06 18:00:00,18,4,12,341,0,12.09,0.38,0.0,54.6,4
2024-12-06 19:00:00,19,4,12,341,0,9.03,0.38,0.0,51.72,4
2024-12-06 20:00:00,20,4,12,341,0,1.85,0.38,0.0,59.71,5
2024-12-06 21:00:00,21,4,12,341,0,7.63,0.38,0.0,34.8,2
2024-12-06 22:00:00,22,4,12,341,0,5.74,0.22,0.0,34.18,2
2024-12-06 23:00:00,23,4,12,341,0,4.82,0.22,0.0,21.17,1
2024-12-07 00:00:00,0,5,12,342,1,3.51,0.1,0.0,16.15,1
2024-12-07 01:00:00,1,5,12,342,1,-0.05,0.1,0.0,2.5,1
2024-12-07 02:00:00,2,5,12,342,1,3.22,0.1,0.0,15.42,1
2024-12-07 03:00:00,3,5,12,342,1,3.2,0.1,0.0,3.56,1
2024-12-07 04:00:00,4,5,12,342,1,3.47,0.1,0.0,4.78,1
2024-12-07 05:00:00,5,5,12,342,1,4.5,0.1,0.0,12.08,1
2024-12-07 06:00:00,6,5,12,342,1,4.61,0.1,0.0,12.94,1
2024-12-07 07:00:00,7,5,12,342,1,3.62,0.1,13.49,15.56,1
2024-12-07 08:00:00,8,5,12,342,1,5.5,0.1,34.24,14.82,1
2024-12-07 09:00:00,9,5,12,342,1,7.12,0.1,75.08,20.54,1
2024-12-07 10:00:00,10,5,12,342,1,8.44,0.15,85.88,41.46,3
2024-12-07 11:00:00,11,5,12,342,1,11.43,0.15,102.84,44.5,3
2024-12-07 12:00:00,12,5,12,342,1,11.76,0.15,121.39,49.4,4
2024-12-07 13:00:00,13,5,12,342,1,15.42,0.15,119.88,64.57,5
2024-12-07 14:00:00,14,5,12,342,1,16.18,0.15,82.91,61.33,5
2024-12-07 15:00:00,15,5,12,342,1,12.09,0.15,57.07,60.35,4
2024-12-07 16:00:00,16,5,12,342,1,4.09,0.15,32.63,52.51,3
2024-12-07 17:00:00,17,5,12,342,1,13.74,0.15,16.63,41.56,4
2024-12-07 18:00:00,18,5,12,342,1,9.39,0.15,0.0,39.49,3
2024-12-07 19:00:00,19,5,12,342,1,7.83,0.1,0.0,35.58,2
2024-12-07 20:00:00,20,5,12,342,1,7.43,0.1,0.0,26.85,2
2024-12-07 21:00:00,21,5,12,342,1,6.04,0.1,0.0,23.1,2
2024-12-07 22:00:00,22,5,12,342,1,6.87,0.1,0.0,22.24,2
2024-12-07 23:00:00,23,5,12,342,1,1.32,0.1,0.0,11.13,1
2024-12-08 00:00:00,0,6,12,343,1,1.14,0.1,0.0,10.17,1
2024-12-08 01:00:00,1,6,12,343,1,3.19,0.1,0.0,5.01,1
2024-12-08 02:00:00,2,6,12,343,1,3.25,0.1,0.0,7.58,1
2024-12-08 03:00:00,3,6,12,343,1,3.12,0.1,0.0,5.1,1
2024-12-08 04:00:00,4,6,12,343,1,0.43,0.1,0.0,9.05,1
2024-12-08 05:00:00,5,6,12,343,1,0.55,0.1,0.0,7.46,1
2024-12-08 06:00:00,6,6,12,343,1,2.29,0.1,0.0,8.45,1
2024-12-08 07:00:00,7,6,12,343,1,4.81,0.1,15.1,15.45,1
2024-12-08 08:00:00,8,6,12,343,1,8.51,0.1,40.12,11.84,1
2024-12-08 09:00:00,9,6,12,343,1,2.74,0.1,60.85,29.68,2
2024-12-08 10:00:00,10,6,12,343,1,7.69,0.15,90.99,34.29,2
2024-12-08 11:00:00,11,6,12,343,1,6.67,0.15,95.17,47.22,3
2024-12-08 12:00:00,12,6,12,343,1,7.07,0.15,108.35,50.46,4
2024-12-08 13:00:00,13,6,12,343,1,13.1,0.15,100.5,59.5,5
2024-12-08 14:00:00,14,6,12,343,1,12.75,0.15,73.94,55.15,5
2024-12-08 15:00:00,15,6,12,343,1,12.73,0.15,44.82,49.0,3
2024-12-08 16:00:00,16,6,12,343,1,13.51,0.15,34.2,48.19,4
2024-12-08 17:00:00,17,6,12,343,1,10.21,0.15,16.6,50.28,4
2024-12-08 18:00:00,18,6,12,343,1,9.5,0.15,0.0,45.52,3
2024-12-08 19:00:00,19,6,12,343,1,13.71,0.1,0.0,37.54,3
2024-12-08 20:00:00,20,6,12,343,1,7.64,0.1,0.0,32.56,2
2024-12-08 21:00:00,21,6,12,343,1,8.3,0.1,0.0,28.65,2
2024-12-08 22:00:00,22,6,12,343,1,5.55,0.1,0.0,15.73,1
2024-12-08 23:00:00,23,6,12,343,1,0.64,0.1,0.0,16.78,1
2024-12-09 00:00:00,0,0,12,344,0,-0.89,0.12,0.0,3.37,1
2024-12-09 01:00:00,1,0,12,344,0,1.25,0.12,0.0,2.5,1
2024-12-09 02:00:00,2,0,12,344,0,4.02,0.12,0.0,2.5,1
2024-12-09 03:00:00,3,0,12,344,0,3.31,0.12,0.0,8.37,1
2024-12-09 04:00:00,4,0,12,344,0,3.73,0.12,0.0,3.31,1
2024-12-09 05:00:00,5,0,12,344,0,0.43,0.12,0.0,10.55,1
2024-12-09 06:00:00,6,0,12,344,0,6.43,0.12,0.0,9.9,1
2024-12-09 07:00:00,7,0,12,344,0,2.31,0.22,13.51,22.49,2
2024-12-09 08:00:00,8,0,12,344,0,5.87,0.22,32.13,34.8,3
2024-12-09 09:00:00,9,0,12,344,0,6.72,0.22,63.09,45.45,3
2024-12-09 10:00:00,10,0,12,344,0,7.68,0.22,90.27,33.05,3
2024-12-09 11:00:00,11,0,12,344,0,11.91,0.22,119.5,28.33,2
2024-12-09 12:00:00,12,0,12,344,0,8.86,0.22,91.21,26.11,2
2024-12-09 13:00:00,13,0,12,344,0,8.37,0.22,106.02,25.97,2
2024-12-09 14:00:00,14,0,12,344,0,11.61,0.22,67.19,22.38,2
2024-12-09 15:00:00,15,0,12,344,0,10.94,0.22,62.03,37.67,3
2024-12-09 16:00:00,16,0,12,344,0,18.32,0.38,40.83,35.27,2
2024-12-09 17:00:00,17,0,12,344,0,12.42,0.38,15.61,44.34,3
2024-12-09 18:00:00,18,0,12,344,0,9.45,0.38,0.0,50.21,4
2024-12-09 19:00:00,19,0,12,344,0,7.12,0.38,0.0,58.68,4
2024-12-09 20:00:00,20,0,12,344,0,4.27,0.38,0.0,54.86,3
2024-12-09 21:00:00,21,0,12,344,0,4.69,0.38,0.0,35.96,2
2024-12-09 22:00:00,22,0,12,344,0,5.67,0.22,0.0,37.47,2
2024-12-09 23:00:00,23,0,12,344,0,7.09,0.22,0.0,12.92,1
2024-12-10 00:00:00,0,1,12,345,0,5.35,0.12,0.0,5.66,1
2024-12-10 01:00:00,1,1,12,345,0,2.77,0.12,0.0,4.78,1
2024-12-10 02:00:00,2,1,12,345,0,1.16,0.12,0.0,2.5,1
2024-12-10 03:00:00,3,1,12,345,0,2.18,0.12,0.0,2.5,1
2024-12-10 04:00:00,4,1,12,345,0,0.77,0.12,0.0,3.35,1
2024-12-10 05:00:00,5,1,12,345,0,5.75,0.12,0.0,15.06,1
2024-12-10 06:00:00,6,1,12,345,0,2.73,0.12,0.0,13.57,1
2024-12-10 07:00:00,7,1,12,345,0,3.97,0.22,16.18,33.61,3
2024-12-10 08:00:00,8,1,12,345,0,0.92,0.22,44.44,34.45,2
2024-12-10 09:00:00,9,1,12,345,0,6.25,0.22,74.75,52.27,4
2024-12-10 10:00:00,10,1,12,345,0,9.61,0.22,90.33,34.34,3
2024-12-10 11:00:00,11,1,12,345,0,7.01,0.22,109.84,26.18,2
2024-12-10 12:00:00,12,1,12,345,0,8.67,0.22,125.71,27.91,2
2024-12-10 13:00:00,13,1,12,345,0,12.56,0.22,102.87,16.69,1
2024-12-10 14:00:00,14,1,12,345,0,8.52,0.22,97.41,20.05,2
2024-12-10 15:00:00,15,1,12,345,0,13.76,0.22,55.59,35.0,3
2024-12-10 16:00:00,16,1,12,345,0,10.41,0.38,37.45,48.92,4
2024-12-10 17:00:00,17,1,12,345,0,10.19,0.38,16.55,54.76,4
2024-12-10 18:00:00,18,1,12,345,0,7.93,0.38,0.0,56.44,5
2024-12-10 19:00:00,19,1,12,345,0,9.9,0.38,0.0,56.96,5
2024-12-10 20:00:00,20,1,12,345,0,12.85,0.38,0.0,45.8,3
2024-12-10 21:00:00,21,1,12,345,0,8.2,0.38,0.0,29.56,2
2024-12-10 22:00:00,22,1,12,345,0,3.62,0.22,0.0,26.09,2
2024-12-10 23:00:00,23,1,12,345,0,6.41,0.22,0.0,11.85,1
2024-12-11 00:00:00,0,2,12,346,0,2.38,0.12,0.0,8.34,1
2024-12-11 01:00:00,1,2,12,346,0,4.97,0.12,0.0,13.5,1
2024-12-11 02:00:00,2,2,12,346,0,3.33,0.12,0.0,2.5,1
2024-12-11 03:00:00,3,2,12,346,0,-4.34,0.12,0.0,2.5,1
2024-12-11 04:00:00,4,2,12,346,0,-0.29,0.12,0.0,21.55,2
2024-12-11 05:00:00,5,2,12,346,0,4.11,0.12,0.0,15.84,1
2024-12-11 06:00:00,6,2,12,346,0,3.32,0.12,0.0,8.6,1
2024-12-11 07:00:00,7,2,12,346,0,2.0,0.22,10.07,29.56,2
2024-12-11 08:00:00,8,2,12,346,0,3.99,0.22,35.87,35.2,3
2024-12-11 09:00:00,9,2,12,346,0,2.74,0.22,56.57,51.36,4
2024-12-11 10:00:00,10,2,12,346,0,7.66,0.22,90.86,41.24,3
2024-12-11 11:00:00,11,2,12,346,0,13.47,0.22,76.05,34.61,3
2024-12-11 12:00:00,12,2,12,346,0,11.69,0.22,79.67,29.5,2
2024-12-11 13:00:00,13,2,12,346,0,15.26,0.22,119.19,15.86,1
2024-12-11 14:00:00,14,2,12,346,0,13.14,0.22,96.55,29.12,2
2024-12-11 15:00:00,15,2,12,346,0,13.6,0.22,66.78,40.58,3
2024-12-11 16:00:00,16,2,12,346,0,15.33,0.38,41.0,37.9,3
2024-12-11 17:00:00,17,2,12,346,0,11.63,0.38,14.84,43.55,4
2024-12-11 18:00:00,18,2,12,346,0,9.71,0.38,0.0,54.23,4
2024-12-11 19:00:00,19,2,12,346,0,11.11,0.38,0.0,53.46,5
2024-12-11 20:00:00,20,2,12,346,0,10.75,0.38,0.0,47.56,3
2024-12-11 21:00:00,21,2,12,346,0,5.59,0.38,0.0,44.48,3
2024-12-11 22:00:00,22,2,12,346,0,3.81,0.22,0.0,24.55,2
2024-12-11 23:00:00,23,2,12,346,0,4.33,0.22,0.0,12.02,1
2024-12-12 00:00:00,0,3,12,347,0,4.58,0.12,0.0,11.78,1
2024-12-12 01:00:00,1,3,12,347,0,3.72,0.12,0.0,2.5,1
2024-12-12 02:00:00,2,3,12,347,0,-1.22,0.12,0.0,5.61,1
2024-12-12 03:00:00,3,3,12,347,0,5.28,0.12,0.0,12.02,1
2024-12-12 04:00:00,4,3,12,347,0,0.34,0.12,0.0,4.0,1
2024-12-12 05:00:00,5,3,12,347,0,1.6,0.12,0.0,13.62,1
2024-12-12 06:00:00,6,3,12,347,0,1.12,0.12,0.0,14.48,1
2024-12-12 07:00:00,7,3,12,347,0,9.35,0.22,14.8,18.56,2
2024-12-12 08:00:00,8,3,12,347,0,5.65,0.22,44.34,37.9,3
2024-12-12 09:00:00,9,3,12,347,0,4.75,0.22,74.58,42.73,3
2024-12-12 10:00:00,10,3,12,347,0,9.48,0.22,60.93,39.88,3
2024-12-12 11:00:00,11,3,12,347,0,10.5,0.22,108.35,25.65,2
2024-12-12 12:00:00,12,3,12,347,0,9.62,0.22,62.01,26.81,2
2024-12-12 13:00:00,13,3,12,347,0,12.47,0.22,116.14,25.33,2
2024-12-12 14:00:00,14,3,12,347,0,9.64,0.22,101.08,34.71,3
2024-12-12 15:00:00,15,3,12,347,0,10.47,0.22,65.27,34.07,2
2024-12-12 16:00:00,16,3,12,347,0,7.27,0.38,39.47,34.27,3
2024-12-12 17:00:00,17,3,12,347,0,8.14,0.38,14.68,53.77,4
2024-12-12 18:00:00,18,3,12,347,0,13.61,0.38,0.0,66.21,5
2024-12-12 19:00:00,19,3,12,347,0,12.24,0.38,0.0,58.45,4
2024-12-12 20:00:00,20,3,12,347,0,7.88,0.38,0.0,46.38,3
2024-12-12 21:00:00,21,3,12,347,0,9.78,0.38,0.0,29.16,2
2024-12-12 22:00:00,22,3,12,347,0,4.84,0.22,0.0,24.66,2
2024-12-12 23:00:00,23,3,12,347,0,3.47,0.22,0.0,21.23,1
2024-12-13 00:00:00,0,4,12,348,0,2.95,0.12,0.0,3.92,1
2024-12-13 01:00:00,1,4,12,348,0,1.79,0.12,0.0,2.5,1
2024-12-13 02:00:00,2,4,12,348,0,1.11,0.12,0.0,8.58,1
2024-12-13 03:00:00,3,4,12,348,0,3.66,0.12,0.0,5.36,1
2024-12-13 04:00:00,4,4,12,348,0,1.84,0.12,0.0,4.08,1
2024-12-13 05:00:00,5,4,12,348,0,3.46,0.12,0.0,5.23,1
2024-12-13 06:00:00,6,4,12,348,0,4.9,0.12,0.0,13.02,1
2024-12-13 07:00:00,7,4,12,348,0,4.64,0.22,13.28,19.63,1
2024-12-13 08:00:00,8,4,12,348,0,3.13,0.22,38.28,37.65,3
2024-12-13 09:00:00,9,4,12,348,0,3.66,0.22,65.83,38.75,3
2024-12-13 10:00:00,10,4,12,348,0,7.96,0.22,100.99,31.79,3
2024-12-13 11:00:00,11,4,12,348,0,8.53,0.22,118.96,35.06,2
2024-12-13 12:00:00,12,4,12,348,0,10.08,0.22,119.61,26.96,2
2024-12-13 13:00:00,13,4,12,348,0,10.67,0.22,118.96,22.06,2
2024-12-13 14:00:00,14,4,12,348,0,16.37,0.22,86.71,21.03,1
2024-12-13 15:00:00,15,4,12,348,0,8.71,0.22,68.24,41.54,3
2024-12-13 16:00:00,16,4,12,348,0,7.22,0.38,37.38,42.18,4
2024-12-13 17:00:00,17,4,12,348,0,11.36,0.38,11.96,42.68,3
2024-12-13 18:00:00,18,4,12,348,0,9.15,0.38,0.0,56.69,4
2024-12-13 19:00:00,19,4,12,348,0,9.5,0.38,0.0,52.49,4
2024-12-13 20:00:00,20,4,12,348,0,8.83,0.38,0.0,43.17,4
2024-12-13 21:00:00,21,4,12,348,0,8.94,0.38,0.0,41.28,4
2024-12-13 22:00:00,22,4,12,348,0,2.06,0.22,0.0,32.28,2
2024-12-13 23:00:00,23,4,12,348,0,2.76,0.22,0.0,11.98,1
2024-12-14 00:00:00,0,5,12,349,1,3.6,0.1,0.0,6.66,1
2024-12-14 01:00:00,1,5,12,349,1,3.49,0.1,0.0,5.47,1
2024-12-14 02:00:00,2,5,12,349,1,5.84,0.1,0.0,4.42,1
2024-12-14 03:00:00,3,5,12,349,1,3.19,0.1,0.0,8.52,1
2024-12-14 04:00:00,4,5,12,349,1,1.34,0.1,0.0,4.1,1
2024-12-14 05:00:00,5,5,12,349,1,0.17,0.1,0.0,4.59,1
2024-12-14 06:00:00,6,5,12,349,1,1.62,0.1,0.0,9.83,1
2024-12-14 07:00:00,7,5,12,349,1,2.6,0.1,14.22,12.33,1
2024-12-14 08:00:00,8,5,12,349,1,6.3,0.1,42.24,12.63,1
2024-12-14 09:00:00,9,5,12,349,1,6.8,0.1,50.83,31.0,2
2024-12-14 10:00:00,10,5,12,349,1,4.93,0.15,88.51,47.9,3
2024-12-14 11:00:00,11,5,12,349,1,7.91,0.15,108.61,49.21,3
2024-12-14 12:00:00,12,5,12,349,1,11.57,0.15,95.32,44.05,3
2024-12-14 13:00:00,13,5,12,349,1,11.32,0.15,118.86,60.59,4
2024-12-14 14:00:00,14,5,12,349,1,12.25,0.15,84.13,50.47,4
2024-12-14 15:00:00,15,5,12,349,1,12.05,0.15,64.61,55.42,4
2024-12-14 16:00:00,16,5,12,349,1,14.37,0.15,38.1,48.04,4
2024-12-14 17:00:00,17,5,12,349,1,11.09,0.15,11.0,50.43,4
2024-12-14 18:00:00,18,5,12,349,1,9.05,0.15,0.0,43.36,3
2024-12-14 19:00:00,19,5,12,349,1,6.95,0.1,0.0,45.65,4
2024-12-14 20:00:00,20,5,12,349,1,8.08,0.1,0.0,41.51,3
2024-12-14 21:00:00,21,5,12,349,1,1.4,0.1,0.0,27.08,2
2024-12-14 22:00:00,22,5,12,349,1,4.62,0.1,0.0,14.55,1
2024-12-14 23:00:00,23,5,12,349,1,3.37,0.1,0.0,14.61,1
2024-12-15 00:00:00,0,6,12,350,1,-0.06,0.1,0.0,24.65,2
2024-12-15 01:00:00,1,6,12,350,1,0.01,0.1,0.0,3.9,1
2024-12-15 02:00:00,2,6,12,350,1,2.99,0.1,0.0,3.53,1
2024-12-15 03:00:00,3,6,12,350,1,1.66,0.1,0.0,6.41,1
2024-12-15 04:00:00,4,6,12,350,1,1.57,0.1,0.0,7.11,1
2024-12-15 05:00:00,5,6,12,350,1,2.48,0.1,0.0,8.23,1
2024-12-15 06:00:00,6,6,12,350,1,2.85,0.1,0.0,18.48,2
2024-12-15 07:00:00,7,6,12,350,1,6.19,0.1,12.8,16.62,1
2024-12-15 08:00:00,8,6,12,350,1,5.15,0.1,30.04,20.67,1
2024-12-15 09:00:00,9,6,12,350,1,3.28,0.1,60.92,26.27,2
2024-12-15 10:00:00,10,6,12,350,1,10.75,0.15,100.85,29.76,2
2024-12-15 11:00:00,11,6,12,350,1,9.44,0.15,105.38,40.17,3
2024-12-15 12:00:00,12,6,12,350,1,8.56,0.15,125.13,47.01,3
2024-12-15 13:00:00,13,6,12,350,1,8.02,0.15,107.09,53.97,4
2024-12-15 14:00:00,14,6,12,350,1,11.82,0.15,79.49,50.04,3
2024-12-15 15:00:00,15,6,12,350,1,10.97,0.15,74.4,48.83,4
2024-12-15 16:00:00,16,6,12,350,1,14.18,0.15,40.06,45.59,4
2024-12-15 17:00:00,17,6,12,350,1,9.84,0.15,16.4,41.16,3
2024-12-15 18:00:00,18,6,12,350,1,8.06,0.15,0.0,48.97,4
2024-12-15 19:00:00,19,6,12,350,1,10.49,0.1,0.0,45.34,3
2024-12-15 20:00:00,20,6,12,350,1,9.34,0.1,0.0,32.85,3
2024-12-15 21:00:00,21,6,12,350,1,6.54,0.1,0.0,25.05,2
2024-12-15 22:00:00,22,6,12,350,1,6.26,0.1,0.0,12.74,1
2024-12-15 23:00:00,23,6,12,350,1,3.62,0.1,0.0,30.56,2
2024-12-16 00:00:00,0,0,12,351,0,3.05,0.12,0.0,5.7,1
2024-12-16 01:00:00,1,0,12,351,0,4.12,0.12,0.0,6.07,1
2024-12-16 02:00:00,2,0,12,351,0,2.54,0.12,0.0,7.53,1
2024-12-16 03:00:00,3,0,12,351,0,0.78,0.12,0.0,11.61,1
2024-12-16 04:00:00,4,0,12,351,0,3.99,0.12,0.0,8.6,1
2024-12-16 05:00:00,5,0,12,351,0,-2.94,0.12,0.0,9.81,1
2024-12-16 06:00:00,6,0,12,351,0,6.69,0.12,0.0,14.41,1
2024-12-16 07:00:00,7,0,12,351,0,0.21,0.22,13.84,21.13,1
2024-12-16 08:00:00,8,0,12,351,0,3.57,0.22,43.08,42.03,3
2024-12-16 09:00:00,9,0,12,351,0,6.04,0.22,55.85,43.81,3
2024-12-16 10:00:00,10,0,12,351,0,7.12,0.22,100.8,38.93,2
2024-12-16 11:00:00,11,0,12,351,0,10.63,0.22,118.73,29.31,3
2024-12-16 12:00:00,12,0,12,351,0,7.54,0.22,110.07,23.86,2
2024-12-16 13:00:00,13,0,12,351,0,10.97,0.22,105.35,22.57,2
2024-12-16 14:00:00,14,0,12,351,0,9.79,0.22,79.42,22.76,1
2024-12-16 15:00:00,15,0,12,351,0,11.71,0.22,60.6,36.37,3
2024-12-16 16:00:00,16,0,12,351,0,10.82,0.38,36.75,34.06,3
2024-12-16 17:00:00,17,0,12,351,0,10.64,0.38,16.47,52.95,4
2024-12-16 18:00:00,18,0,12,351,0,8.56,0.38,0.0,58.44,5
2024-12-16 19:00:00,19,0,12,351,0,7.6,0.38,0.0,54.73,4
2024-12-16 20:00:00,20,0,12,351,0,7.99,0.38,0.0,41.74,3
2024-12-16 21:00:00,21,0,12,351,0,8.01,0.38,0.0,35.05,3
2024-12-16 22:00:00,22,0,12,351,0,3.63,0.22,0.0,24.39,2
2024-12-16 23:00:00,23,0,12,351,0,1.88,0.22,0.0,20.0,2
2024-12-17 00:00:00,0,1,12,352,0,3.73,0.12,0.0,5.47,1
2024-12-17 01:00:00,1,1,12,352,0,1.65,0.12,0.0,9.28,1
2024-12-17 02:00:00,2,1,12,352,0,2.87,0.12,0.0,2.5,1
2024-12-17 03:00:00,3,1,12,352,0,-0.77,0.12,0.0,5.34,1
2024-12-17 04:00:00,4,1,12,352,0,-2.35,0.12,0.0,2.5,1
2024-12-17 05:00:00,5,1,12,352,0,0.65,0.12,0.0,5.52,1
2024-12-17 06:00:00,6,1,12,352,0,0.97,0.12,0.0,17.04,1
2024-12-17 07:00:00,7,1,12,352,0,3.38,0.22,16.46,19.99,1
2024-12-17 08:00:00,8,1,12,352,0,3.47,0.22,43.71,31.79,2
2024-12-17 09:00:00,9,1,12,352,0,7.52,0.22,69.92,41.97,3
2024-12-17 10:00:00,10,1,12,352,0,6.76,0.22,80.5,34.22,2
2024-12-17 11:00:00,11,1,12,352,0,8.84,0.22,106.87,37.15,2
2024-12-17 12:00:00,12,1,12,352,0,9.89,0.22,102.32,18.62,2
2024-12-17 13:00:00,13,1,12,352,0,10.76,0.22,89.77,30.13,2
2024-12-17 14:00:00,14,1,12,352,0,10.82,0.22,84.58,28.82,2
2024-12-17 15:00:00,15,1,12,352,0,12.06,0.22,71.65,27.0,2
2024-12-17 16:00:00,16,1,12,352,0,9.28,0.38,39.13,34.75,3
2024-12-17 17:00:00,17,1,12,352,0,13.17,0.38,16.46,58.49,4
2024-12-17 18:00:00,18,1,12,352,0,9.1,0.38,0.0,56.06,4
2024-12-17 19:00:00,19,1,12,352,0,5.92,0.38,0.0,54.38,5
2024-12-17 20:00:00,20,1,12,352,0,7.71,0.38,0.0,58.67,4
2024-12-17 21:00:00,21,1,12,352,0,4.34,0.38,0.0,38.45,3
2024-12-17 22:00:00,22,1,12,352,0,6.08,0.22,0.0,24.34,2
2024-12-17 23:00:00,23,1,12,352,0,7.96,0.22,0.0,17.23,1
2024-12-18 00:00:00,0,2,12,353,0,0.86,0.12,0.0,3.09,1
2024-12-18 01:00:00,1,2,12,353,0,2.3,0.12,0.0,5.94,1
2024-12-18 02:00:00,2,2,12,353,0,-2.37,0.12,0.0,12.85,1
2024-12-18 03:00:00,3,2,12,353,0,1.87,0.12,0.0,4.85,1
2024-12-18 04:00:00,4,2,12,353,0,-0.63,0.12,0.0,6.9,1
2024-12-18 05:00:00,5,2,12,353,0,0.39,0.12,0.0,5.68,1
2024-12-18 06:00:00,6,2,12,353,0,0.23,0.12,0.0,22.63,2
2024-12-18 07:00:00,7,2,12,353,0,4.93,0.22,16.39,23.11,2
2024-12-18 08:00:00,8,2,12,353,0,6.69,0.22,44.2,32.75,2
2024-12-18 09:00:00,9,2,12,353,0,6.01,0.22,51.6,38.67,3
2024-12-18 10:00:00,10,2,12,353,0,5.53,0.22,84.41,44.74,3
2024-12-18 11:00:00,11,2,12,353,0,11.65,0.22,118.67,30.72,2
2024-12-18 12:00:00,12,2,12,353,0,8.0,0.22,107.12,29.38,2
2024-12-18 13:00:00,13,2,12,353,0,5.97,0.22,91.47,20.61,1
2024-12-18 14:00:00,14,2,12,353,0,11.71,0.22,69.92,27.16,2
2024-12-18 15:00:00,15,2,12,353,0,8.76,0.22,56.95,38.35,3
2024-12-18 16:00:00,16,2,12,353,0,12.77,0.38,29.94,45.54,4
2024-12-18 17:00:00,17,2,12,353,0,9.53,0.38,14.6,48.18,3
2024-12-18 18:00:00,18,2,12,353,0,10.71,0.38,0.0,55.55,4
2024-12-18 19:00:00,19,2,12,353,0,11.27,0.38,0.0,59.46,5
2024-12-18 20:00:00,20,2,12,353,0,4.84,0.38,0.0,46.05,4
2024-12-18 21:00:00,21,2,12,353,0,4.83,0.38,0.0,36.79,2
2024-12-18 22:00:00,22,2,12,353,0,4.52,0.22,0.0,28.78,2
2024-12-18 23:00:00,23,2,12,353,0,6.54,0.22,0.0,9.46,1
2024-12-19 00:00:00,0,3,12,354,0,1.04,0.12,0.0,10.11,1
2024-12-19 01:00:00,1,3,12,354,0,0.37,0.12,0.0,12.44,1
2024-12-19 02:00:00,2,3,12,354,0,2.02,0.12,0.0,4.28,1
2024-12-19 03:00:00,3,3,12,354,0,-0.26,0.12,0.0,11.39,1
2024-12-19 04:00:00,4,3,12,354,0,1.37,0.12,0.0,6.42,1
2024-12-19 05:00:00,5,3,12,354,0,-1.54,0.12,0.0,13.88,1
2024-12-19 06:00:00,6,3,12,354,0,6.79,0.12,0.0,12.88,1
2024-12-19 07:00:00,7,3,12,354,0,0.7,0.22,14.71,23.97,2
2024-12-19 08:00:00,8,3,12,354,0,3.96,0.22,44.19,31.58,3
2024-12-19 09:00:00,9,3,12,354,0,5.83,0.22,68.6,42.06,3
2024-12-19 10:00:00,10,3,12,354,0,11.01,0.22,87.45,30.29,2
2024-12-19 11:00:00,11,3,12,354,0,5.74,0.22,106.54,29.66,2
2024-12-19 12:00:00,12,3,12,354,0,13.4,0.22,91.67,18.99,1
2024-12-19 13:00:00,13,3,12,354,0,11.74,0.22,108.78,29.54,3
2024-12-19 14:00:00,14,3,12,354,0,11.56,0.22,64.57,36.61,2
2024-12-19 15:00:00,15,3,12,354,0,8.92,0.22,57.71,34.51,3
2024-12-19 16:00:00,16,3,12,354,0,11.87,0.38,39.47,43.32,3
2024-12-19 17:00:00,17,3,12,354,0,8.78,0.38,16.46,44.75,3
2024-12-19 18:00:00,18,3,12,354,0,11.96,0.38,0.0,53.86,4
2024-12-19 19:00:00,19,3,12,354,0,6.45,0.38,0.0,57.47,5
2024-12-19 20:00:00,20,3,12,354,0,6.96,0.38,0.0,47.41,4
2024-12-19 21:00:00,21,3,12,354,0,4.78,0.38,0.0,32.87,2
2024-12-19 22:00:00,22,3,12,354,0,2.62,0.22,0.0,43.24,3
2024-12-19 23:00:00,23,3,12,354,0,4.88,0.22,0.0,11.35,1
2024-12-20 00:00:00,0,4,12,355,0,3.36,0.12,0.0,21.21,1
2024-12-20 01:00:00,1,4,12,355,0,3.91,0.12,0.0,7.83,1
2024-12-20 02:00:00,2,4,12,355,0,-2.57,0.12,0.0,6.51,1
2024-12-20 03:00:00,3,4,12,355,0,2.95,0.12,0.0,4.64,1
2024-12-20 04:00:00,4,4,12,355,0,6.01,0.12,0.0,2.5,1
2024-12-20 05:00:00,5,4,12,355,0,0.59,0.12,0.0,5.95,1
2024-12-20 06:00:00,6,4,12,355,0,6.08,0.12,0.0,23.69,2
2024-12-20 07:00:00,7,4,12,355,0,2.8,0.22,14.82,39.2,3
2024-12-20 08:00:00,8,4,12,355,0,1.79,0.22,44.2,35.21,2
2024-12-20 09:00:00,9,4,12,355,0,5.21,0.22,51.82,40.46,3
2024-12-20 10:00:00,10,4,12,355,0,9.21,0.22,100.75,46.33,3
2024-12-20 11:00:00,11,4,12,355,0,6.65,0.22,100.31,28.54,2
2024-12-20 12:00:00,12,4,12,355,0,8.16,0.22,118.58,18.48,1
2024-12-20 13:00:00,13,4,12,355,0,11.34,0.22,99.8,19.02,2
2024-12-20 14:00:00,14,4,12,355,0,10.66,0.22,80.17,23.54,2
2024-12-20 15:00:00,15,4,12,355,0,11.99,0.22,69.74,31.49,3
2024-12-20 16:00:00,16,4,12,355,0,11.13,0.38,44.2,35.2,2
2024-12-20 17:00:00,17,4,12,355,0,11.11,0.38,15.42,48.39,4
2024-12-20 18:00:00,18,4,12,355,0,8.5,0.38,0.0,52.5,4
2024-12-20 19:00:00,19,4,12,355,0,8.79,0.38,0.0,58.23,4
2024-12-20 20:00:00,20,4,12,355,0,5.26,0.38,0.0,54.18,4
2024-12-20 21:00:00,21,4,12,355,0,8.4,0.38,0.0,30.53,2
2024-12-20 22:00:00,22,4,12,355,0,3.26,0.22,0.0,25.4,2
2024-12-20 23:00:00,23,4,12,355,0,5.58,0.22,0.0,12.38,1
2024-12-21 00:00:00,0,5,12,356,1,1.75,0.1,0.0,11.98,1
2024-12-21 01:00:00,1,5,12,356,1,1.83,0.1,0.0,3.87,1
2024-12-21 02:00:00,2,5,12,356,1,-0.06,0.1,0.0,11.9,1
2024-12-21 03:00:00,3,5,12,356,1,-1.27,0.1,0.0,7.26,1
2024-12-21 04:00:00,4,5,12,356,1,-2.56,0.1,0.0,21.3,1
2024-12-21 05:00:00,5,5,12,356,1,-0.68,0.1,0.0,13.51,1
2024-12-21 06:00:00,6,5,12,356,1,1.57,0.1,0.0,19.46,1
2024-12-21 07:00:00,7,5,12,356,1,3.68,0.1,12.33,22.39,2
2024-12-21 08:00:00,8,5,12,356,1,6.48,0.1,44.21,16.18,1
2024-12-21 09:00:00,9,5,12,356,1,4.87,0.1,68.62,27.61,2
2024-12-21 10:00:00,10,5,12,356,1,5.29,0.15,72.2,39.78,3
2024-12-21 11:00:00,11,5,12,356,1,5.37,0.15,86.04,45.15,3
2024-12-21 12:00:00,12,5,12,356,1,10.25,0.15,104.62,41.85,3
2024-12-21 13:00:00,13,5,12,356,1,12.85,0.15,114.9,48.81,4
2024-12-21 14:00:00,14,5,12,356,1,13.12,0.15,95.88,52.41,4
2024-12-21 15:00:00,15,5,12,356,1,12.18,0.15,74.35,47.67,4
2024-12-21 16:00:00,16,5,12,356,1,11.86,0.15,31.0,63.12,5
2024-12-21 17:00:00,17,5,12,356,1,13.48,0.15,14.93,59.53,4
2024-12-21 18:00:00,18,5,12,356,1,9.96,0.15,0.0,40.29,3
2024-12-21 19:00:00,19,5,12,356,1,9.55,0.1,0.0,41.43,3
2024-12-21 20:00:00,20,5,12,356,1,6.41,0.1,0.0,30.07,2
2024-12-21 21:00:00,21,5,12,356,1,3.03,0.1,0.0,28.7,2
2024-12-21 22:00:00,22,5,12,356,1,3.1,0.1,0.0,15.81,1
2024-12-21 23:00:00,23,5,12,356,1,3.24,0.1,0.0,10.84,1
2024-12-22 00:00:00,0,6,12,357,1,2.28,0.1,0.0,21.94,2
2024-12-22 01:00:00,1,6,12,357,1,5.22,0.1,0.0,9.67,1
2024-12-22 02:00:00,2,6,12,357,1,1.03,0.1,0.0,14.65,1
2024-12-22 03:00:00,3,6,12,357,1,3.05,0.1,0.0,12.66,1
2024-12-22 04:00:00,4,6,12,357,1,-0.01,0.1,0.0,10.36,1
2024-12-22 05:00:00,5,6,12,357,1,0.74,0.1,0.0,5.68,1
2024-12-22 06:00:00,6,6,12,357,1,-0.5,0.1,0.0,3.81,1
2024-12-22 07:00:00,7,6,12,357,1,1.71,0.1,13.87,13.6,1
2024-12-22 08:00:00,8,6,12,357,1,5.45,0.1,42.78,16.4,1
2024-12-22 09:00:00,9,6,12,357,1,5.71,0.1,65.31,20.01,1
2024-12-22 10:00:00,10,6,12,357,1,8.87,0.15,87.85,33.6,3
2024-12-22 11:00:00,11,6,12,357,1,8.56,0.15,90.44,38.08,2
2024-12-22 12:00:00,12,6,12,357,1,8.52,0.15,110.43,62.28,5
2024-12-22 13:00:00,13,6,12,357,1,14.32,0.15,118.76,53.94,4
2024-12-22 14:00:00,14,6,12,357,1,10.33,0.15,90.6,48.06,4
2024-12-22 15:00:00,15,6,12,357,1,13.02,0.15,52.0,55.99,5
2024-12-22 16:00:00,16,6,12,357,1,9.72,0.15,32.28,53.31,4
2024-12-22 17:00:00,17,6,12,357,1,11.44,0.15,15.66,55.99,4
2024-12-22 18:00:00,18,6,12,357,1,11.08,0.15,0.0,44.74,4
2024-12-22 19:00:00,19,6,12,357,1,8.61,0.1,0.0,45.26,3
2024-12-22 20:00:00,20,6,12,357,1,2.28,0.1,0.0,35.24,3
2024-12-22 21:00:00,21,6,12,357,1,5.73,0.1,0.0,22.65,2
2024-12-22 22:00:00,22,6,12,357,1,6.86,0.1,0.0,23.64,2
2024-12-22 23:00:00,23,6,12,357,1,4.25,0.1,0.0,7.59,1
2024-12-23 00:00:00,0,0,12,358,0,2.99,0.12,0.0,10.0,1
2024-12-23 01:00:00,1,0,12,358,0,-2.14,0.12,0.0,2.5,1
2024-12-23 02:00:00,2,0,12,358,0,-0.64,0.12,0.0,14.82,1
2024-12-23 03:00:00,3,0,12,358,0,1.45,0.12,0.0,3.32,1
2024-12-23 04:00:00,4,0,12,358,0,1.62,0.12,0.0,4.53,1
2024-12-23 05:00:00,5,0,12,358,0,3.73,0.12,0.0,3.51,1
2024-12-23 06:00:00,6,0,12,358,0,1.81,0.12,0.0,15.56,1
2024-12-23 07:00:00,7,0,12,358,0,3.94,0.22,10.73,24.37,2
2024-12-23 08:00:00,8,0,12,358,0,4.37,0.22,34.68,51.77,4
2024-12-23 09:00:00,9,0,12,358,0,3.66,0.22,69.76,49.03,3
2024-12-23 10:00:00,10,0,12,358,0,2.41,0.22,72.8,37.11,3
2024-12-23 11:00:00,11,0,12,358,0,8.99,0.22,102.69,32.41,2
2024-12-23 12:00:00,12,0,12,358,0,9.51,0.22,116.56,23.69,2
2024-12-23 13:00:00,13,0,12,358,0,8.72,0.22,101.93,19.93,1
2024-12-23 14:00:00,14,0,12,358,0,7.22,0.22,95.29,23.0,2
2024-12-23 15:00:00,15,0,12,358,0,11.89,0.22,59.3,30.48,2
2024-12-23 16:00:00,16,0,12,358,0,9.93,0.38,27.03,37.59,3
2024-12-23 17:00:00,17,0,12,358,0,11.08,0.38,16.45,46.24,3
2024-12-23 18:00:00,18,0,12,358,0,12.89,0.38,0.0,48.08,3
2024-12-23 19:00:00,19,0,12,358,0,3.85,0.38,0.0,55.2,4
2024-12-23 20:00:00,20,0,12,358,0,5.53,0.38,0.0,46.89,3
2024-12-23 21:00:00,21,0,12,358,0,5.21,0.38,0.0,39.44,3
2024-12-23 22:00:00,22,0,12,358,0,7.25,0.22,0.0,21.6,2
2024-12-23 23:00:00,23,0,12,358,0,-0.14,0.22,0.0,18.91,1
2024-12-24 00:00:00,0,1,12,359,0,5.91,0.12,0.0,19.92,2
2024-12-24 01:00:00,1,1,12,359,0,1.51,0.12,0.0,2.96,1
2024-12-24 02:00:00,2,1,12,359,0,0.55,0.12,0.0,5.83,1
2024-12-24 03:00:00,3,1,12,359,0,0.18,0.12,0.0,17.68,1
2024-12-24 04:00:00,4,1,12,359,0,-0.13,0.12,0.0,6.47,1
2024-12-24 05:00:00,5,1,12,359,0,3.34,0.12,0.0,3.77,1
2024-12-24 06:00:00,6,1,12,359,0,-0.1,0.12,0.0,15.36,1
2024-12-24 07:00:00,7,1,12,359,0,3.76,0.22,16.49,35.5,2
2024-12-24 08:00:00,8,1,12,359,0,3.51,0.22,35.8,48.52,4
2024-12-24 09:00:00,9,1,12,359,0,4.05,0.22,74.48,47.65,4
2024-12-24 10:00:00,10,1,12,359,0,12.04,0.22,93.13,41.81,3
2024-12-24 11:00:00,11,1,12,359,0,8.91,0.22,84.48,29.27,3
2024-12-24 12:00:00,12,1,12,359,0,10.33,0.22,99.76,23.72,2
2024-12-24 13:00:00,13,1,12,359,0,12.18,0.22,118.91,19.41,1
2024-12-24 14:00:00,14,1,12,359,0,7.56,0.22,93.17,21.41,1
2024-12-24 15:00:00,15,1,12,359,0,14.08,0.22,74.48,36.2,3
2024-12-24 16:00:00,16,1,12,359,0,5.38,0.38,37.84,36.21,2
2024-12-24 17:00:00,17,1,12,359,0,8.36,0.38,13.44,51.84,4
2024-12-24 18:00:00,18,1,12,359,0,8.19,0.38,0.0,49.93,4
2024-12-24 19:00:00,19,1,12,359,0,9.24,0.38,0.0,52.75,4
2024-12-24 20:00:00,20,1,12,359,0,7.3,0.38,0.0,41.01,3
2024-12-24 21:00:00,21,1,12,359,0,5.24,0.38,0.0,43.8,3
2024-12-24 22:00:00,22,1,12,359,0,4.25,0.22,0.0,30.03,3
2024-12-24 23:00:00,23,1,12,359,0,1.12,0.22,0.0,16.01,1
2024-12-25 00:00:00,0,2,12,360,0,-1.01,0.12,0.0,14.12,1
2024-12-25 01:00:00,1,2,12,360,0,2.64,0.12,0.0,2.5,1
2024-12-25 02:00:00,2,2,12,360,0,2.07,0.12,0.0,13.89,1
2024-12-25 03:00:00,3,2,12,360,0,3.69,0.12,0.0,2.5,1
2024-12-25 04:00:00,4,2,12,360,0,-0.89,0.12,0.0,8.54,1
2024-12-25 05:00:00,5,2,12,360,0,2.57,0.12,0.0,3.31,1
2024-12-25 06:00:00,6,2,12,360,0,1.41,0.12,0.0,16.52,1
2024-12-25 07:00:00,7,2,12,360,0,5.4,0.22,16.48,21.93,2
2024-12-25 08:00:00,8,2,12,360,0,6.27,0.22,31.49,34.54,3
2024-12-25 09:00:00,9,2,12,360,0,5.94,0.22,67.87,50.67,4
2024-12-25 10:00:00,10,2,12,360,0,6.13,0.22,101.03,46.63,3
2024-12-25 11:00:00,11,2,12,360,0,9.94,0.22,103.31,38.68,3
2024-12-25 12:00:00,12,2,12,360,0,10.35,0.22,117.59,36.07,3
2024-12-25 13:00:00,13,2,12,360,0,8.48,0.22,115.87,22.61,2
2024-12-25 14:00:00,14,2,12,360,0,7.69,0.22,76.48,25.58,2
2024-12-25 15:00:00,15,2,12,360,0,9.94,0.22,74.54,31.12,2
2024-12-25 16:00:00,16,2,12,360,0,13.38,0.38,41.66,37.66,3
2024-12-25 17:00:00,17,2,12,360,0,12.14,0.38,15.55,65.17,6
2024-12-25 18:00:00,18,2,12,360,0,6.83,0.38,0.0,58.89,5
2024-12-25 19:00:00,19,2,12,360,0,5.68,0.38,0.0,51.58,4
2024-12-25 20:00:00,20,2,12,360,0,9.36,0.38,0.0,41.18,3
2024-12-25 21:00:00,21,2,12,360,0,3.25,0.38,0.0,29.05,2
2024-12-25 22:00:00,22,2,12,360,0,5.24,0.22,0.0,20.33,2
2024-12-25 23:00:00,23,2,12,360,0,1.78,0.22,0.0,16.7,1
2024-12-26 00:00:00,0,3,12,361,0,5.16,0.12,0.0,2.5,1
2024-12-26 01:00:00,1,3,12,361,0,-0.41,0.12,0.0,6.85,1
2024-12-26 02:00:00,2,3,12,361,0,2.92,0.12,0.0,2.5,1
2024-12-26 03:00:00,3,3,12,361,0,0.83,0.12,0.0,6.25,1
2024-12-26 04:00:00,4,3,12,361,0,1.14,0.12,0.0,2.5,1
2024-12-26 05:00:00,5,3,12,361,0,-2.81,0.12,0.0,5.74,1
2024-12-26 06:00:00,6,3,12,361,0,-2.48,0.12,0.0,16.39,1
2024-12-26 07:00:00,7,3,12,361,0,2.52,0.22,10.94,22.21,1
2024-12-26 08:00:00,8,3,12,361,0,4.66,0.22,42.75,39.86,3
2024-12-26 09:00:00,9,3,12,361,0,3.21,0.22,74.61,46.73,3
2024-12-26 10:00:00,10,3,12,361,0,4.58,0.22,81.26,39.36,3
2024-12-26 11:00:00,11,3,12,361,0,9.09,0.22,103.16,38.57,3
2024-12-26 12:00:00,12,3,12,361,0,10.12,0.22,116.97,20.95,2
2024-12-26 13:00:00,13,3,12,361,0,9.52,0.22,119.13,18.68,1
2024-12-26 14:00:00,14,3,12,361,0,11.85,0.22,91.42,19.77,1
2024-12-26 15:00:00,15,3,12,361,0,8.11,0.22,67.41,33.34,2
2024-12-26 16:00:00,16,3,12,361,0,9.58,0.38,40.0,32.16,2
2024-12-26 17:00:00,17,3,12,361,0,13.09,0.38,11.71,45.97,4
2024-12-26 18:00:00,18,3,12,361,0,9.14,0.38,0.0,51.96,5
2024-12-26 19:00:00,19,3,12,361,0,8.22,0.38,0.0,49.45,3
2024-12-26 20:00:00,20,3,12,361,0,11.37,0.38,0.0,44.88,3
2024-12-26 21:00:00,21,3,12,361,0,2.66,0.38,0.0,32.46,2
2024-12-26 22:00:00,22,3,12,361,0,5.76,0.22,0.0,24.14,2
2024-12-26 23:00:00,23,3,12,361,0,6.29,0.22,0.0,15.96,1
2024-12-27 00:00:00,0,4,12,362,0,1.23,0.12,0.0,17.82,2
2024-12-27 01:00:00,1,4,12,362,0,2.8,0.12,0.0,2.5,1
2024-12-27 02:00:00,2,4,12,362,0,-1.38,0.12,0.0,8.46,1
2024-12-27 03:00:00,3,4,12,362,0,-0.96,0.12,0.0,2.5,1
2024-12-27 04:00:00,4,4,12,362,0,1.35,0.12,0.0,16.8,1
2024-12-27 05:00:00,5,4,12,362,0,2.68,0.12,0.0,7.64,1
2024-12-27 06:00:00,6,4,12,362,0,4.12,0.12,0.0,22.61,2
2024-12-27 07:00:00,7,4,12,362,0,6.05,0.22,12.21,25.21,2
2024-12-27 08:00:00,8,4,12,362,0,3.98,0.22,36.42,38.32,3
2024-12-27 09:00:00,9,4,12,362,0,7.8,0.22,66.89,33.54,3
2024-12-27 10:00:00,10,4,12,362,0,6.02,0.22,97.46,47.28,4
2024-12-27 11:00:00,11,4,12,362,0,9.72,0.22,119.26,34.81,2
2024-12-27 12:00:00,12,4,12,362,0,9.36,0.22,94.79,42.85,4
2024-12-27 13:00:00,13,4,12,362,0,10.63,0.22,91.34,23.46,2
2024-12-27 14:00:00,14,4,12,362,0,11.09,0.22,85.17,31.7,2
2024-12-27 15:00:00,15,4,12,362,0,7.2,0.22,71.87,37.33,3
2024-12-27 16:00:00,16,4,12,362,0,7.99,0.38,32.37,41.87,3
2024-12-27 17:00:00,17,4,12,362,0,9.95,0.38,13.35,52.06,4
2024-12-27 18:00:00,18,4,12,362,0,5.57,0.38,0.0,51.49,5
2024-12-27 19:00:00,19,4,12,362,0,9.58,0.38,0.0,55.0,4
2024-12-27 20:00:00,20,4,12,362,0,8.45,0.38,0.0,42.87,3
2024-12-27 21:00:00,21,4,12,362,0,6.07,0.38,0.0,35.4,3
2024-12-27 22:00:00,22,4,12,362,0,1.88,0.22,0.0,28.66,2
2024-12-27 23:00:00,23,4,12,362,0,5.67,0.22,0.0,10.19,1
2024-12-28 00:00:00,0,5,12,363,1,5.9,0.1,0.0,3.77,1
2024-12-28 01:00:00,1,5,12,363,1,1.33,0.1,0.0,6.22,1
2024-12-28 02:00:00,2,5,12,363,1,1.56,0.1,0.0,3.9,1
2024-12-28 03:00:00,3,5,12,363,1,0.77,0.1,0.0,4.78,1
2024-12-28 04:00:00,4,5,12,363,1,1.6,0.1,0.0,10.18,1
2024-12-28 05:00:00,5,5,12,363,1,0.8,0.1,0.0,8.0,1
2024-12-28 06:00:00,6,5,12,363,1,1.76,0.1,0.0,15.41,1
2024-12-28 07:00:00,7,5,12,363,1,4.68,0.1,13.6,12.14,1
2024-12-28 08:00:00,8,5,12,363,1,8.76,0.1,38.52,20.96,1
2024-12-28 09:00:00,9,5,12,363,1,2.57,0.1,56.49,23.11,2
2024-12-28 10:00:00,10,5,12,363,1,6.45,0.15,101.38,31.19,2
2024-12-28 11:00:00,11,5,12,363,1,5.5,0.15,93.82,42.73,3
2024-12-28 12:00:00,12,5,12,363,1,12.08,0.15,93.49,49.1,4
2024-12-28 13:00:00,13,5,12,363,1,8.52,0.15,116.81,48.08,4
2024-12-28 14:00:00,14,5,12,363,1,7.31,0.15,96.2,46.77,4
2024-12-28 15:00:00,15,5,12,363,1,11.64,0.15,50.35,52.39,4
2024-12-28 16:00:00,16,5,12,363,1,13.68,0.15,43.7,53.85,4
2024-12-28 17:00:00,17,5,12,363,1,11.02,0.15,13.1,47.02,4
2024-12-28 18:00:00,18,5,12,363,1,9.31,0.15,0.0,38.94,3
2024-12-28 19:00:00,19,5,12,363,1,8.68,0.1,0.0,45.94,3
2024-12-28 20:00:00,20,5,12,363,1,9.49,0.1,0.0,26.95,2
2024-12-28 21:00:00,21,5,12,363,1,3.62,0.1,0.0,28.18,2
2024-12-28 22:00:00,22,5,12,363,1,3.85,0.1,0.0,14.17,1
2024-12-28 23:00:00,23,5,12,363,1,1.96,0.1,0.0,13.46,1
2024-12-29 00:00:00,0,6,12,364,1,-0.55,0.1,0.0,2.5,1
2024-12-29 01:00:00,1,6,12,364,1,0.33,0.1,0.0,8.33,1
2024-12-29 02:00:00,2,6,12,364,1,2.71,0.1,0.0,17.78,1
2024-12-29 03:00:00,3,6,12,364,1,1.45,0.1,0.0,6.49,1
2024-12-29 04:00:00,4,6,12,364,1,1.78,0.1,0.0,8.06,1
2024-12-29 05:00:00,5,6,12,364,1,1.28,0.1,0.0,11.11,1
2024-12-29 06:00:00,6,6,12,364,1,2.83,0.1,0.0,9.69,1
2024-12-29 07:00:00,7,6,12,364,1,1.22,0.1,16.59,23.1,1
2024-12-29 08:00:00,8,6,12,364,1,3.41,0.1,44.54,13.39,1
2024-12-29 09:00:00,9,6,12,364,1,5.7,0.1,62.35,25.46,2
2024-12-29 10:00:00,10,6,12,364,1,7.17,0.15,77.97,35.19,2
2024-12-29 11:00:00,11,6,12,364,1,8.46,0.15,90.0,43.53,3
2024-12-29 12:00:00,12,6,12,364,1,8.58,0.15,114.67,46.54,4
2024-12-29 13:00:00,13,6,12,364,1,8.9,0.15,119.59,61.25,5
2024-12-29 14:00:00,14,6,12,364,1,16.47,0.15,95.91,59.81,5
2024-12-29 15:00:00,15,6,12,364,1,12.13,0.15,51.59,49.02,4
2024-12-29 16:00:00,16,6,12,364,1,10.98,0.15,35.31,57.69,4
2024-12-29 17:00:00,17,6,12,364,1,9.18,0.15,13.35,41.98,3
2024-12-29 18:00:00,18,6,12,364,1,7.95,0.15,0.0,42.98,3
2024-12-29 19:00:00,19,6,12,364,1,7.56,0.1,0.0,44.83,4
2024-12-29 20:00:00,20,6,12,364,1,7.2,0.1,0.0,29.37,2
2024-12-29 21:00:00,21,6,12,364,1,1.56,0.1,0.0,32.02,2
2024-12-29 22:00:00,22,6,12,364,1,0.89,0.1,0.0,17.31,1
2024-12-29 23:00:00,23,6,12,364,1,1.55,0.1,0.0,16.13,1
2024-12-30 00:00:00,0,0,12,365,0,2.16,0.12,0.0,12.06,1
2024-12-30 01:00:00,1,0,12,365,0,0.47,0.12,0.0,3.98,1
2024-12-30 02:00:00,2,0,12,365,0,3.41,0.12,0.0,12.87,1
2024-12-30 03:00:00,3,0,12,365,0,-2.69,0.12,0.0,4.82,1
2024-12-30 04:00:00,4,0,12,365,0,-1.05,0.12,0.0,17.83,1
2024-12-30 05:00:00,5,0,12,365,0,3.99,0.12,0.0,2.69,1
2024-12-30 06:00:00,6,0,12,365,0,2.01,0.12,0.0,15.66,1
2024-12-30 07:00:00,7,0,12,365,0,4.55,0.22,15.09,28.98,2
2024-12-30 08:00:00,8,0,12,365,0,8.09,0.22,37.89,37.87,2
2024-12-30 09:00:00,9,0,12,365,0,3.89,0.22,66.8,38.96,3
2024-12-30 10:00:00,10,0,12,365,0,6.37,0.22,101.68,50.56,4
2024-12-30 11:00:00,11,0,12,365,0,7.23,0.22,104.2,27.95,2
2024-12-30 12:00:00,12,0,12,365,0,4.91,0.22,110.57,29.34,2
2024-12-30 13:00:00,13,0,12,365,0,8.99,0.22,104.92,22.22,2
2024-12-30 14:00:00,14,0,12,365,0,11.87,0.22,101.68,24.78,2
2024-12-30 15:00:00,15,0,12,365,0,11.36,0.22,56.04,40.3,3
2024-12-30 16:00:00,16,0,12,365,0,11.35,0.38,44.61,35.52,3
2024-12-30 17:00:00,17,0,12,365,0,8.86,0.38,12.27,46.96,4
2024-12-30 18:00:00,18,0,12,365,0,7.5,0.38,0.0,51.25,3
2024-12-30 19:00:00,19,0,12,365,0,10.32,0.38,0.0,60.49,5
2024-12-30 20:00:00,20,0,12,365,0,5.58,0.38,0.0,43.19,3
2024-12-30 21:00:00,21,0,12,365,0,5.87,0.38,0.0,45.66,4
2024-12-30 22:00:00,22,0,12,365,0,4.31,0.22,0.0,33.95,2
2024-12-30 23:00:00,23,0,12,365,0,5.7,0.22,0.0,17.86,1
2024-12-31 00:00:00,0,1,12,366,0,3.65,0.12,0.0,2.5,1
2024-12-31 01:00:00,1,1,12,366,0,-1.68,0.12,0.0,2.55,1
2024-12-31 02:00:00,2,1,12,366,0,-1.96,0.12,0.0,15.62,1
2024-12-31 03:00:00,3,1,12,366,0,1.4,0.12,0.0,2.51,1
2024-12-31 04:00:00,4,1,12,366,0,0.28,0.12,0.0,4.13,1
2024-12-31 05:00:00,5,1,12,366,0,-0.0,0.12,0.0,9.56,1
2024-12-31 06:00:00,6,1,12,366,0,3.74,0.12,0.0,17.14,1
2024-12-31 07:00:00,7,1,12,366,0,3.11,0.22,12.95,24.22,2
2024-12-31 08:00:00,8,1,12,366,0,4.05,0.22,40.18,44.54,3
2024-12-31 09:00:00,9,1,12,366,0,6.8,0.22,57.63,48.35,3
2024-12-31 10:00:00,10,1,12,366,0,5.78,0.22,101.86,35.86,3
2024-12-31 11:00:00,11,1,12,366,0,10.88,0.22,119.98,29.32,2
2024-12-31 12:00:00,12,1,12,366,0,7.2,0.22,121.2,25.22,2
2024-12-31 13:00:00,13,1,12,366,0,10.88,0.22,106.87,27.73,2
2024-12-31 14:00:00,14,1,12,366,0,12.94,0.22,81.56,22.95,2
2024-12-31 15:00:00,15,1,12,366,0,7.49,0.22,65.94,34.06,3
2024-12-31 16:00:00,16,1,12,366,0,9.38,0.38,44.68,42.56,4
2024-12-31 17:00:00,17,1,12,366,0,11.85,0.38,16.38,46.33,3
2024-12-31 18:00:00,18,1,12,366,0,11.09,0.38,0.0,62.62,5
2024-12-31 19:00:00,19,1,12,366,0,7.4,0.38,0.0,55.01,4
2024-12-31 20:00:00,20,1,12,366,0,5.06,0.38,0.0,49.61,4
2024-12-31 21:00:00,21,1,12,366,0,7.15,0.38,0.0,39.09,3
2024-12-31 22:00:00,22,1,12,366,0,6.31,0.22,0.0,20.79,1
2024-12-31 23:00:00,23,1,12,366,0,0.41,0.22,0.0,19.02,1
2025-01-01 00:00:00,0,2,1,1,0,-0.7,0.12,0.0,4.91,1
2025-01-01 01:00:00,1,2,1,1,0,1.36,0.12,0.0,3.4,1
2025-01-01 02:00:00,2,2,1,1,0,1.67,0.12,0.0,13.64,1
2025-01-01 03:00:00,3,2,1,1,0,-0.36,0.12,0.0,16.96,1
2025-01-01 04:00:00,4,2,1,1,0,1.77,0.12,0.0,11.83,1
2025-01-01 05:00:00,5,2,1,1,0,-0.51,0.12,0.0,5.81,1
2025-01-01 06:00:00,6,2,1,1,0,-2.53,0.12,0.0,9.3,1
2025-01-01 07:00:00,7,2,1,1,0,1.89,0.22,12.77,28.14,2
2025-01-01 08:00:00,8,2,1,1,0,4.07,0.22,36.6,45.55,4
2025-01-01 09:00:00,9,2,1,1,0,4.69,0.22,75.15,41.06,3
2025-01-01 10:00:00,10,2,1,1,0,4.22,0.22,87.71,40.14,3
2025-01-01 11:00:00,11,2,1,1,0,4.11,0.22,109.06,43.17,4
2025-01-01 12:00:00,12,2,1,1,0,7.75,0.22,115.36,35.28,2
2025-01-01 13:00:00,13,2,1,1,0,11.37,0.22,119.98,24.22,2
2025-01-01 14:00:00,14,2,1,1,0,12.58,0.22,82.6,29.07,2
2025-01-01 15:00:00,15,2,1,1,0,12.62,0.22,64.12,32.94,3
2025-01-01 16:00:00,16,2,1,1,0,8.44,0.38,38.75,33.61,3
2025-01-01 17:00:00,17,2,1,1,0,7.26,0.38,16.64,46.91,4
2025-01-01 18:00:00,18,2,1,1,0,9.77,0.38,0.0,55.39,4
2025-01-01 19:00:00,19,2,1,1,0,9.01,0.38,0.0,54.59,4
2025-01-01 20:00:00,20,2,1,1,0,7.33,0.38,0.0,43.12,4
2025-01-01 21:00:00,21,2,1,1,0,1.21,0.38,0.0,33.26,2
2025-01-01 22:00:00,22,2,1,1,0,2.21,0.22,0.0,22.33,1
2025-01-01 23:00:00,23,2,1,1,0,2.68,0.22,0.0,22.08,2
2025-01-02 00:00:00,0,3,1,2,0,2.64,0.12,0.0,2.5,1
2025-01-02 01:00:00,1,3,1,2,0,2.41,0.12,0.0,15.44,1
2025-01-02 02:00:00,2,3,1,2,0,0.66,0.12,0.0,7.05,1
2025-01-02 03:00:00,3,3,1,2,0,0.87,0.12,0.0,2.5,1
2025-01-02 04:00:00,4,3,1,2,0,0.54,0.12,0.0,2.5,1
2025-01-02 05:00:00,5,3,1,2,0,2.24,0.12,0.0,11.59,1
2025-01-02 06:00:00,6,3,1,2,0,2.29,0.12,0.0,14.78,1
2025-01-02 07:00:00,7,3,1,2,0,2.84,0.22,15.45,17.75,1
2025-01-02 08:00:00,8,3,1,2,0,3.37,0.22,42.95,44.01,3
2025-01-02 09:00:00,9,3,1,2,0,5.37,0.22,59.18,40.84,3
2025-01-02 10:00:00,10,3,1,2,0,7.47,0.22,94.51,36.27,3
2025-01-02 11:00:00,11,3,1,2,0,8.24,0.22,120.2,31.83,3
2025-01-02 12:00:00,12,3,1,2,0,9.5,0.22,96.89,23.99,2
2025-01-02 13:00:00,13,3,1,2,0,12.22,0.22,112.27,18.99,1
2025-01-02 14:00:00,14,3,1,2,0,10.56,0.22,79.64,27.41,2
2025-01-02 15:00:00,15,3,1,2,0,8.91,0.22,75.29,31.04,2
2025-01-02 16:00:00,16,3,1,2,0,11.8,0.38,44.77,31.08,3
2025-01-02 17:00:00,17,3,1,2,0,6.8,0.38,13.96,49.8,4
2025-01-02 18:00:00,18,3,1,2,0,6.58,0.38,0.0,51.76,4
2025-01-02 19:00:00,19,3,1,2,0,8.38,0.38,0.0,59.61,4
2025-01-02 20:00:00,20,3,1,2,0,7.53,0.38,0.0,46.73,3
2025-01-02 21:00:00,21,3,1,2,0,2.71,0.38,0.0,35.35,2
2025-01-02 22:00:00,22,3,1,2,0,3.14,0.22,0.0,21.5,2
2025-01-02 23:00:00,23,3,1,2,0,1.49,0.22,0.0,19.03,1
2025-01-03 00:00:00,0,4,1,3,0,0.66,0.12,0.0,5.84,1
2025-01-03 01:00:00,1,4,1,3,0,2.73,0.12,0.0,8.35,1
2025-01-03 02:00:00,2,4,1,3,0,1.75,0.12,0.0,4.45,1
2025-01-03 03:00:00,3,4,1,3,0,0.13,0.12,0.0,2.5,1
2025-01-03 04:00:00,4,4,1,3,0,-0.75,0.12,0.0,13.0,1
2025-01-03 05:00:00,5,4,1,3,0,-1.86,0.12,0.0,14.9,1
2025-01-03 06:00:00,6,4,1,3,0,4.48,0.12,0.0,12.03,1
2025-01-03 07:00:00,7,4,1,3,0,3.85,0.22,13.06,22.38,2
2025-01-03 08:00:00,8,4,1,3,0,2.46,0.22,29.85,31.68,3
2025-01-03 09:00:00,9,4,1,3,0,6.61,0.22,73.44,36.39,3
2025-01-03 10:00:00,10,4,1,3,0,6.32,0.22,89.66,39.36,3
2025-01-03 11:00:00,11,4,1,3,0,7.1,0.22,106.68,33.39,3
2025-01-03 12:00:00,12,4,1,3,0,9.58,0.22,96.62,26.83,2
2025-01-03 13:00:00,13,4,1,3,0,8.02,0.22,103.31,26.05,2
2025-01-03 14:00:00,14,4,1,3,0,9.31,0.22,102.25,35.35,3
2025-01-03 15:00:00,15,4,1,3,0,10.41,0.22,66.39,31.31,3
2025-01-03 16:00:00,16,4,1,3,0,9.0,0.38,39.63,44.2,3
2025-01-03 17:00:00,17,4,1,3,0,10.84,0.38,15.12,61.0,4
2025-01-03 18:00:00,18,4,1,3,0,12.44,0.38,0.0,50.22,4
2025-01-03 19:00:00,19,4,1,3,0,6.16,0.38,0.0,56.77,4
2025-01-03 20:00:00,20,4,1,3,0,3.13,0.38,0.0,47.81,3
2025-01-03 21:00:00,21,4,1,3,0,1.17,0.38,0.0,33.38,3
2025-01-03 22:00:00,22,4,1,3,0,3.58,0.22,0.0,24.16,2
2025-01-03 23:00:00,23,4,1,3,0,1.34,0.22,0.0,9.77,1
2025-01-04 00:00:00,0,5,1,4,1,2.02,0.1,0.0,3.03,1
2025-01-04 01:00:00,1,5,1,4,1,1.08,0.1,0.0,10.67,1
2025-01-04 02:00:00,2,5,1,4,1,-2.9,0.1,0.0,11.71,1
2025-01-04 03:00:00,3,5,1,4,1,-3.49,0.1,0.0,8.51,1
2025-01-04 04:00:00,4,5,1,4,1,0.9,0.1,0.0,12.48,1
2025-01-04 05:00:00,5,5,1,4,1,1.08,0.1,0.0,7.88,1
2025-01-04 06:00:00,6,5,1,4,1,0.75,0.1,0.0,9.93,1
2025-01-04 07:00:00,7,5,1,4,1,-0.67,0.1,13.57,13.25,1
2025-01-04 08:00:00,8,5,1,4,1,4.79,0.1,37.88,16.73,1
2025-01-04 09:00:00,9,5,1,4,1,7.68,0.1,53.82,21.94,1
2025-01-04 10:00:00,10,5,1,4,1,6.99,0.15,78.37,30.91,2
2025-01-04 11:00:00,11,5,1,4,1,5.95,0.15,118.67,46.37,4
2025-01-04 12:00:00,12,5,1,4,1,8.77,0.15,116.49,55.31,4
2025-01-04 13:00:00,13,5,1,4,1,6.74,0.15,120.7,47.94,4
2025-01-04 14:00:00,14,5,1,4,1,12.09,0.15,86.49,61.59,4
2025-01-04 15:00:00,15,5,1,4,1,10.3,0.15,63.25,49.72,4
2025-01-04 16:00:00,16,5,1,4,1,6.43,0.15,37.36,48.56,4
2025-01-04 17:00:00,17,5,1,4,1,8.87,0.15,14.09,48.28,3
2025-01-04 18:00:00,18,5,1,4,1,9.6,0.15,0.0,58.48,5
2025-01-04 19:00:00,19,5,1,4,1,6.97,0.1,0.0,38.58,3
2025-01-04 20:00:00,20,5,1,4,1,5.88,0.1,0.0,41.34,3
2025-01-04 21:00:00,21,5,1,4,1,2.69,0.1,0.0,22.48,1
2025-01-04 22:00:00,22,5,1,4,1,4.98,0.1,0.0,11.98,1
2025-01-04 23:00:00,23,5,1,4,1,1.34,0.1,0.0,18.46,1
2025-01-05 00:00:00,0,6,1,5,1,-2.74,0.1,0.0,7.23,1
2025-01-05 01:00:00,1,6,1,5,1,0.04,0.1,0.0,15.45,1
2025-01-05 02:00:00,2,6,1,5,1,2.25,0.1,0.0,16.7,1
2025-01-05 03:00:00,3,6,1,5,1,-0.66,0.1,0.0,4.64,1
2025-01-05 04:00:00,4,6,1,5,1,3.76,0.1,0.0,4.41,1
2025-01-05 05:00:00,5,6,1,5,1,1.64,0.1,0.0,9.2,1
2025-01-05 06:00:00,6,6,1,5,1,2.26,0.1,0.0,18.26,1
2025-01-05 07:00:00,7,6,1,5,1,2.36,0.1,16.03,19.78,2
2025-01-05 08:00:00,8,6,1,5,1,3.68,0.1,34.27,14.41,1
2025-01-05 09:00:00,9,6,1,5,1,4.59,0.1,64.09,22.75,2
2025-01-05 10:00:00,10,6,1,5,1,5.8,0.15,102.7,33.92,2
2025-01-05 11:00:00,11,6,1,5,1,8.67,0.15,79.98,35.2,3
2025-01-05 12:00:00,12,6,1,5,1,6.78,0.15,93.02,43.05,3
2025-01-05 13:00:00,13,6,1,5,1,7.29,0.15,103.89,61.74,6
2025-01-05 14:00:00,14,6,1,5,1,7.7,0.15,94.73,51.82,4
2025-01-05 15:00:00,15,6,1,5,1,14.2,0.15,54.33,53.59,4
2025-01-05 16:00:00,16,6,1,5,1,11.0,0.15,38.96,45.79,3
2025-01-05 17:00:00,17,6,1,5,1,10.05,0.15,16.78,56.69,4
2025-01-05 18:00:00,18,6,1,5,1,6.53,0.15,0.0,42.44,4
2025-01-05 19:00:00,19,6,1,5,1,8.86,0.1,0.0,40.6,3
2025-01-05 20:00:00,20,6,1,5,1,6.17,0.1,0.0,33.49,2
2025-01-05 21:00:00,21,6,1,5,1,5.54,0.1,0.0,21.76,2
2025-01-05 22:00:00,22,6,1,5,1,1.87,0.1,0.0,20.45,1
2025-01-05 23:00:00,23,6,1,5,1,2.93,0.1,0.0,21.06,2
2025-01-06 00:00:00,0,0,1,6,0,0.71,0.12,0.0,20.55,1
2025-01-06 01:00:00,1,0,1,6,0,-0.77,0.12,0.0,2.5,1
2025-01-06 02:00:00,2,0,1,6,0,1.73,0.12,0.0,4.89,1
2025-01-06 03:00:00,3,0,1,6,0,-2.99,0.12,0.0,2.5,1
2025-01-06 04:00:00,4,0,1,6,0,1.39,0.12,0.0,2.5,1
2025-01-06 05:00:00,5,0,1,6,0,2.13,0.12,0.0,9.88,1
2025-01-06 06:00:00,6,0,1,6,0,-0.21,0.12,0.0,17.09,1
2025-01-06 07:00:00,7,0,1,6,0,0.95,0.22,15.4,22.78,2
2025-01-06 08:00:00,8,0,1,6,0,3.35,0.22,28.36,34.29,2
2025-01-06 09:00:00,9,0,1,6,0,5.65,0.22,53.51,35.84,2
2025-01-06 10:00:00,10,0,1,6,0,6.08,0.22,91.66,41.09,3
2025-01-06 11:00:00,11,0,1,6,0,8.46,0.22,96.17,26.92,2
2025-01-06 12:00:00,12,0,1,6,0,12.15,0.22,127.68,39.82,3
2025-01-06 13:00:00,13,0,1,6,0,8.4,0.22,83.34,32.77,2
2025-01-06 14:00:00,14,0,1,6,0,6.49,0.22,97.57,22.85,2
2025-01-06 15:00:00,15,0,1,6,0,11.74,0.22,54.29,28.66,2
2025-01-06 16:00:00,16,0,1,6,0,13.29,0.38,37.83,41.92,3
2025-01-06 17:00:00,17,0,1,6,0,10.2,0.38,12.65,45.38,4
2025-01-06 18:00:00,18,0,1,6,0,6.45,0.38,0.0,48.71,4
2025-01-06 19:00:00,19,0,1,6,0,7.34,0.38,0.0,59.24,4
2025-01-06 20:00:00,20,0,1,6,0,4.15,0.38,0.0,47.48,4
2025-01-06 21:00:00,21,0,1,6,0,6.37,0.38,0.0,35.09,3
2025-01-06 22:00:00,22,0,1,6,0,1.09,0.22,0.0,23.59,2
2025-01-06 23:00:00,23,0,1,6,0,1.99,0.22,0.0,35.7,3
2025-01-07 00:00:00,0,1,1,7,0,-0.48,0.12,0.0,18.48,1
2025-01-07 01:00:00,1,1,1,7,0,0.99,0.12,0.0,2.5,1
2025-01-07 02:00:00,2,1,1,7,0,-0.49,0.12,0.0,3.37,1
2025-01-07 03:00:00,3,1,1,7,0,0.42,0.12,0.0,2.5,1
2025-01-07 04:00:00,4,1,1,7,0,0.28,0.12,0.0,7.85,1
2025-01-07 05:00:00,5,1,1,7,0,-1.24,0.12,0.0,12.57,1
2025-01-07 06:00:00,6,1,1,7,0,2.79,0.12,0.0,23.21,1
2025-01-07 07:00:00,7,1,1,7,0,2.47,0.22,14.4,44.36,3
2025-01-07 08:00:00,8,1,1,7,0,1.8,0.22,44.25,46.17,3
2025-01-07 09:00:00,9,1,1,7,0,9.55,0.22,69.54,39.69,3
2025-01-07 10:00:00,10,1,1,7,0,7.31,0.22,89.41,48.5,4
2025-01-07 11:00:00,11,1,1,7,0,7.26,0.22,86.55,29.27,3
2025-01-07 12:00:00,12,1,1,7,0,11.43,0.22,128.06,26.85,2
2025-01-07 13:00:00,13,1,1,7,0,13.08,0.22,97.33,18.74,1
2025-01-07 14:00:00,14,1,1,7,0,9.61,0.22,103.05,22.63,2
2025-01-07 15:00:00,15,1,1,7,0,10.76,0.22,68.61,28.64,2
2025-01-07 16:00:00,16,1,1,7,0,7.92,0.38,32.82,37.47,3
2025-01-07 17:00:00,17,1,1,7,0,9.1,0.38,16.86,51.7,3
2025-01-07 18:00:00,18,1,1,7,0,8.2,0.38,0.0,54.92,4
2025-01-07 19:00:00,19,1,1,7,0,7.94,0.38,0.0,61.53,5
2025-01-07 20:00:00,20,1,1,7,0,7.03,0.38,0.0,48.07,4
2025-01-07 21:00:00,21,1,1,7,0,6.19,0.38,0.0,39.94,3
2025-01-07 22:00:00,22,1,1,7,0,4.25,0.22,0.0,24.19,2
2025-01-07 23:00:00,23,1,1,7,0,0.15,0.22,0.0,11.15,1
2025-01-08 00:00:00,0,2,1,8,0,-0.36,0.12,0.0,3.65,1
2025-01-08 01:00:00,1,2,1,8,0,-0.37,0.12,0.0,4.35,1
2025-01-08 02:00:00,2,2,1,8,0,-0.35,0.12,0.0,5.69,1
2025-01-08 03:00:00,3,2,1,8,0,2.15,0.12,0.0,13.09,1
2025-01-08 04:00:00,4,2,1,8,0,-2.11,0.12,0.0,9.62,1
2025-01-08 05:00:00,5,2,1,8,0,0.0,0.12,0.0,8.98,1
2025-01-08 06:00:00,6,2,1,8,0,3.42,0.12,0.0,12.85,1
2025-01-08 07:00:00,7,2,1,8,0,1.95,0.22,16.91,20.43,1
2025-01-08 08:00:00,8,2,1,8,0,4.68,0.22,45.4,34.0,3
2025-01-08 09:00:00,9,2,1,8,0,4.77,0.22,64.03,55.82,4
2025-01-08 10:00:00,10,2,1,8,0,6.86,0.22,64.67,33.23,3
2025-01-08 11:00:00,11,2,1,8,0,7.09,0.22,115.78,29.71,2
2025-01-08 12:00:00,12,2,1,8,0,9.92,0.22,111.06,24.17,2
2025-01-08 13:00:00,13,2,1,8,0,6.29,0.22,92.96,21.07,2
2025-01-08 14:00:00,14,2,1,8,0,9.15,0.22,84.16,25.05,2
2025-01-08 15:00:00,15,2,1,8,0,10.64,0.22,76.35,29.11,2
2025-01-08 16:00:00,16,2,1,8,0,10.95,0.38,33.75,46.11,3
2025-01-08 17:00:00,17,2,1,8,0,12.36,0.38,15.83,43.69,4
2025-01-08 18:00:00,18,2,1,8,0,7.8,0.38,0.0,51.83,4
2025-01-08 19:00:00,19,2,1,8,0,10.51,0.38,0.0,51.89,4
2025-01-08 20:00:00,20,2,1,8,0,5.02,0.38,0.0,42.42,4
2025-01-08 21:00:00,21,2,1,8,0,7.71,0.38,0.0,32.36,2
2025-01-08 22:00:00,22,2,1,8,0,5.39,0.22,0.0,31.99,2
2025-01-08 23:00:00,23,2,1,8,0,0.72,0.22,0.0,10.89,1
2025-01-09 00:00:00,0,3,1,9,0,2.11,0.12,0.0,7.62,1
2025-01-09 01:00:00,1,3,1,9,0,0.6,0.12,0.0,5.49,1
2025-01-09 02:00:00,2,3,1,9,0,1.45,0.12,0.0,9.5,1
2025-01-09 03:00:00,3,3,1,9,0,-0.41,0.12,0.0,5.19,1
2025-01-09 04:00:00,4,3,1,9,0,-0.41,0.12,0.0,12.2,1
2025-01-09 05:00:00,5,3,1,9,0,3.44,0.12,0.0,7.85,1
2025-01-09 06:00:00,6,3,1,9,0,1.3,0.12,0.0,9.76,1
2025-01-09 07:00:00,7,3,1,9,0,4.19,0.22,16.31,24.43,2
2025-01-09 08:00:00,8,3,1,9,0,3.29,0.22,38.73,40.35,3
2025-01-09 09:00:00,9,3,1,9,0,8.37,0.22,64.77,35.23,2
2025-01-09 10:00:00,10,3,1,9,0,4.97,0.22,91.21,41.08,3
2025-01-09 11:00:00,11,3,1,9,0,6.31,0.22,94.8,29.31,2
2025-01-09 12:00:00,12,3,1,9,0,11.62,0.22,128.76,23.46,2
2025-01-09 13:00:00,13,3,1,9,0,8.47,0.22,122.23,21.16,2
2025-01-09 14:00:00,14,3,1,9,0,13.07,0.22,103.77,26.13,2
2025-01-09 15:00:00,15,3,1,9,0,11.82,0.22,73.65,37.51,3
2025-01-09 16:00:00,16,3,1,9,0,9.55,0.38,39.9,34.36,3
2025-01-09 17:00:00,17,3,1,9,0,5.74,0.38,16.95,51.15,4
2025-01-09 18:00:00,18,3,1,9,0,8.53,0.38,0.0,51.24,4
2025-01-09 19:00:00,19,3,1,9,0,7.74,0.38,0.0,57.8,5
2025-01-09 20:00:00,20,3,1,9,0,8.66,0.38,0.0,49.82,3
2025-01-09 21:00:00,21,3,1,9,0,8.21,0.38,0.0,38.56,3
2025-01-09 22:00:00,22,3,1,9,0,2.37,0.22,0.0,27.28,2
2025-01-09 23:00:00,23,3,1,9,0,4.14,0.22,0.0,19.52,1
2025-01-10 00:00:00,0,4,1,10,0,3.02,0.12,0.0,2.5,1
2025-01-10 01:00:00,1,4,1,10,0,2.84,0.12,0.0,12.41,1
2025-01-10 02:00:00,2,4,1,10,0,1.19,0.12,0.0,5.68,1
2025-01-10 03:00:00,3,4,1,10,0,-3.86,0.12,0.0,15.28,1
2025-01-10 04:00:00,4,4,1,10,0,-0.12,0.12,0.0,5.64,1
2025-01-10 05:00:00,5,4,1,10,0,-1.62,0.12,0.0,7.82,1
2025-01-10 06:00:00,6,4,1,10,0,1.08,0.12,0.0,12.28,1
2025-01-10 07:00:00,7,4,1,10,0,4.48,0.22,15.53,24.6,2
2025-01-10 08:00:00,8,4,1,10,0,4.34,0.22,37.27,37.4,3
2025-01-10 09:00:00,9,4,1,10,0,7.32,0.22,60.45,37.46,3
2025-01-10 10:00:00,10,4,1,10,0,7.0,0.22,87.06,35.16,2
2025-01-10 11:00:00,11,4,1,10,0,4.92,0.22,85.61,26.24,2
2025-01-10 12:00:00,12,4,1,10,0,3.51,0.22,117.55,24.97,2
2025-01-10 13:00:00,13,4,1,10,0,9.65,0.22,108.6,31.52,3
2025-01-10 14:00:00,14,4,1,10,0,9.42,0.22,79.93,23.92,2
2025-01-10 15:00:00,15,4,1,10,0,8.07,0.22,76.78,28.65,2
2025-01-10 16:00:00,16,4,1,10,0,6.45,0.38,43.5,34.04,2
2025-01-10 17:00:00,17,4,1,10,0,7.88,0.38,16.37,44.8,4
2025-01-10 18:00:00,18,4,1,10,0,8.17,0.38,0.0,60.55,5
2025-01-10 19:00:00,19,4,1,10,0,8.85,0.38,0.0,60.08,5
2025-01-10 20:00:00,20,4,1,10,0,6.69,0.38,0.0,45.25,3
2025-01-10 21:00:00,21,4,1,10,0,8.24,0.38,0.0,40.6,3
2025-01-10 22:00:00,22,4,1,10,0,1.66,0.22,0.0,26.28,2
2025-01-10 23:00:00,23,4,1,10,0,4.28,0.22,0.0,13.33,1
2025-01-11 00:00:00,0,5,1,11,1,1.57,0.1,0.0,9.38,1
2025-01-11 01:00:00,1,5,1,11,1,2.07,0.1,0.0,17.52,2
2025-01-11 02:00:00,2,5,1,11,1,-0.69,0.1,0.0,3.92,1
2025-01-11 03:00:00,3,5,1,11,1,2.15,0.1,0.0,10.87,1
2025-01-11 04:00:00,4,5,1,11,1,0.77,0.1,0.0,13.47,1
2025-01-11 05:00:00,5,5,1,11,1,-0.68,0.1,0.0,16.76,1
2025-01-11 06:00:00,6,5,1,11,1,1.45,0.1,0.0,15.75,1
2025-01-11 07:00:00,7,5,1,11,1,2.03,0.1,15.98,9.06,1
2025-01-11 08:00:00,8,5,1,11,1,4.7,0.1,45.29,21.17,1
2025-01-11 09:00:00,9,5,1,11,1,2.65,0.1,69.19,25.97,2
2025-01-11 10:00:00,10,5,1,11,1,6.25,0.15,76.84,51.8,4
2025-01-11 11:00:00,11,5,1,11,1,8.3,0.15,94.98,54.27,4
2025-01-11 12:00:00,12,5,1,11,1,8.61,0.15,102.66,49.18,3
2025-01-11 13:00:00,13,5,1,11,1,12.04,0.15,80.25,52.95,4
2025-01-11 14:00:00,14,5,1,11,1,11.39,0.15,104.39,62.46,5
2025-01-11 15:00:00,15,5,1,11,1,10.0,0.15,68.79,48.28,3
2025-01-11 16:00:00,16,5,1,11,1,10.27,0.15,34.06,48.92,3
2025-01-11 17:00:00,17,5,1,11,1,9.93,0.15,17.06,50.67,4
2025-01-11 18:00:00,18,5,1,11,1,9.35,0.15,0.0,39.96,3
2025-01-11 19:00:00,19,5,1,11,1,3.86,0.1,0.0,35.56,3
2025-01-11 20:00:00,20,5,1,11,1,5.7,0.1,0.0,36.46,3
2025-01-11 21:00:00,21,5,1,11,1,2.04,0.1,0.0,27.49,2
2025-01-11 22:00:00,22,5,1,11,1,6.27,0.1,0.0,24.52,2
2025-01-11 23:00:00,23,5,1,11,1,2.39,0.1,0.0,8.53,1
2025-01-12 00:00:00,0,6,1,12,1,1.08,0.1,0.0,6.03,1
2025-01-12 01:00:00,1,6,1,12,1,2.47,0.1,0.0,3.56,1
2025-01-12 02:00:00,2,6,1,12,1,1.02,0.1,0.0,10.77,1
2025-01-12 03:00:00,3,6,1,12,1,-2.25,0.1,0.0,2.5,1
2025-01-12 04:00:00,4,6,1,12,1,0.03,0.1,0.0,9.83,1
2025-01-12 05:00:00,5,6,1,12,1,0.0,0.1,0.0,19.22,1
2025-01-12 06:00:00,6,6,1,12,1,-2.02,0.1,0.0,23.07,2
2025-01-12 07:00:00,7,6,1,12,1,1.12,0.1,17.11,17.66,1
2025-01-12 08:00:00,8,6,1,12,1,3.34,0.1,45.94,20.02,1
2025-01-12 09:00:00,9,6,1,12,1,4.77,0.1,77.26,34.32,3
2025-01-12 10:00:00,10,6,1,12,1,3.33,0.15,89.05,32.92,3
2025-01-12 11:00:00,11,6,1,12,1,9.81,0.15,93.7,42.81,3
2025-01-12 12:00:00,12,6,1,12,1,8.34,0.15,129.77,51.13,3
2025-01-12 13:00:00,13,6,1,12,1,9.41,0.15,88.35,53.32,4
2025-01-12 14:00:00,14,6,1,12,1,10.64,0.15,104.72,52.54,4
2025-01-12 15:00:00,15,6,1,12,1,8.43,0.15,68.25,56.02,4
2025-01-12 16:00:00,16,6,1,12,1,10.75,0.15,34.58,51.27,4
2025-01-12 17:00:00,17,6,1,12,1,8.6,0.15,12.53,50.34,4
2025-01-12 18:00:00,18,6,1,12,1,6.75,0.15,0.0,41.68,3
2025-01-12 19:00:00,19,6,1,12,1,8.65,0.1,0.0,41.03,3
2025-01-12 20:00:00,20,6,1,12,1,9.28,0.1,0.0,34.77,3
2025-01-12 21:00:00,21,6,1,12,1,6.45,0.1,0.0,29.18,2
2025-01-12 22:00:00,22,6,1,12,1,5.56,0.1,0.0,14.97,1
2025-01-12 23:00:00,23,6,1,12,1,1.46,0.1,0.0,14.74,1
2025-01-13 00:00:00,0,0,1,13,0,-1.73,0.12,0.0,8.58,1
2025-01-13 01:00:00,1,0,1,13,0,3.65,0.12,0.0,2.5,1
2025-01-13 02:00:00,2,0,1,13,0,4.28,0.12,0.0,4.64,1
2025-01-13 03:00:00,3,0,1,13,0,3.09,0.12,0.0,7.63,1
2025-01-13 04:00:00,4,0,1,13,0,-0.5,0.12,0.0,2.97,1
2025-01-13 05:00:00,5,0,1,13,0,-1.64,0.12,0.0,16.77,1
2025-01-13 06:00:00,6,0,1,13,0,-0.67,0.12,0.0,17.42,1
2025-01-13 07:00:00,7,0,1,13,0,-0.87,0.22,15.45,27.82,2
2025-01-13 08:00:00,8,0,1,13,0,3.49,0.22,44.94,45.19,3
2025-01-13 09:00:00,9,0,1,13,0,8.21,0.22,63.71,39.87,3
2025-01-13 10:00:00,10,0,1,13,0,6.01,0.22,69.0,44.7,4
2025-01-13 11:00:00,11,0,1,13,0,8.11,0.22,123.63,32.63,3
2025-01-13 12:00:00,12,0,1,13,0,11.29,0.22,100.08,25.92,2
2025-01-13 13:00:00,13,0,1,13,0,8.52,0.22,92.47,29.73,2
2025-01-13 14:00:00,14,0,1,13,0,13.9,0.22,91.91,28.55,2
2025-01-13 15:00:00,15,0,1,13,0,13.99,0.22,71.03,39.32,4
2025-01-13 16:00:00,16,0,1,13,0,9.57,0.38,37.62,32.96,2
2025-01-13 17:00:00,17,0,1,13,0,8.18,0.38,14.0,54.7,4
2025-01-13 18:00:00,18,0,1,13,0,9.93,0.38,0.0,51.9,4
2025-01-13 19:00:00,19,0,1,13,0,6.81,0.38,0.0,48.99,4
2025-01-13 20:00:00,20,0,1,13,0,3.98,0.38,0.0,40.66,3
2025-01-13 21:00:00,21,0,1,13,0,7.56,0.38,0.0,43.58,3
2025-01-13 22:00:00,22,0,1,13,0,6.14,0.22,0.0,32.88,2
2025-01-13 23:00:00,23,0,1,13,0,2.81,0.22,0.0,22.27,2
2025-01-14 00:00:00,0,1,1,14,0,-1.06,0.12,0.0,2.5,1
2025-01-14 01:00:00,1,1,1,14,0,-1.79,0.12,0.0,2.5,1
2025-01-14 02:00:00,2,1,1,14,0,0.38,0.12,0.0,9.35,1
2025-01-14 03:00:00,3,1,1,14,0,-1.0,0.12,0.0,9.32,1
2025-01-14 04:00:00,4,1,1,14,0,-0.51,0.12,0.0,9.5,1
2025-01-14 05:00:00,5,1,1,14,0,2.71,0.12,0.0,7.3,1
2025-01-14 06:00:00,6,1,1,14,0,2.93,0.12,0.0,15.91,1
2025-01-14 07:00:00,7,1,1,14,0,5.26,0.22,14.19,22.62,1
2025-01-14 08:00:00,8,1,1,14,0,1.72,0.22,44.01,37.77,3
2025-01-14 09:00:00,9,1,1,14,0,4.31,0.22,76.62,50.73,4
2025-01-14 10:00:00,10,1,1,14,0,7.81,0.22,90.33,37.34,3
2025-01-14 11:00:00,11,1,1,14,0,8.4,0.22,103.15,31.38,2
2025-01-14 12:00:00,12,1,1,14,0,11.6,0.22,94.36,18.78,1
2025-01-14 13:00:00,13,1,1,14,0,10.17,0.22,117.11,33.1,3
2025-01-14 14:00:00,14,1,1,14,0,13.53,0.22,105.42,34.29,3
2025-01-14 15:00:00,15,1,1,14,0,11.08,0.22,77.78,28.97,2
2025-01-14 16:00:00,16,1,1,14,0,11.95,0.38,42.84,35.16,3
2025-01-14 17:00:00,17,1,1,14,0,8.68,0.38,15.05,45.89,3
2025-01-14 18:00:00,18,1,1,14,0,8.56,0.38,0.0,50.68,3
2025-01-14 19:00:00,19,1,1,14,0,9.32,0.38,0.0,61.6,5
2025-01-14 20:00:00,20,1,1,14,0,9.52,0.38,0.0,44.27,3
2025-01-14 21:00:00,21,1,1,14,0,6.46,0.38,0.0,25.83,2
2025-01-14 22:00:00,22,1,1,14,0,3.54,0.22,0.0,25.38,2
2025-01-14 23:00:00,23,1,1,14,0,5.25,0.22,0.0,11.05,1
2025-01-15 00:00:00,0,2,1,15,0,-2.92,0.12,0.0,2.89,1
2025-01-15 01:00:00,1,2,1,15,0,-2.17,0.12,0.0,2.5,1
2025-01-15 02:00:00,2,2,1,15,0,1.54,0.12,0.0,2.5,1
2025-01-15 03:00:00,3,2,1,15,0,0.03,0.12,0.0,2.5,1
2025-01-15 04:00:00,4,2,1,15,0,1.38,0.12,0.0,2.5,1
2025-01-15 05:00:00,5,2,1,15,0,0.8,0.12,0.0,8.67,1
2025-01-15 06:00:00,6,2,1,15,0,2.61,0.12,0.0,24.63,2
2025-01-15 07:00:00,7,2,1,15,0,0.87,0.22,14.47,26.82,2
2025-01-15 08:00:00,8,2,1,15,0,4.85,0.22,36.85,38.76,3
2025-01-15 09:00:00,9,2,1,15,0,6.99,0.22,68.82,42.84,3
2025-01-15 10:00:00,10,2,1,15,0,8.74,0.22,86.01,31.99,3
2025-01-15 11:00:00,11,2,1,15,0,11.53,0.22,111.17,23.97,2
2025-01-15 12:00:00,12,2,1,15,0,9.03,0.22,92.09,21.16,2
2025-01-15 13:00:00,13,2,1,15,0,9.88,0.22,106.47,23.61,2
2025-01-15 14:00:00,14,2,1,15,0,6.79,0.22,79.18,30.22,2
2025-01-15 15:00:00,15,2,1,15,0,8.94,0.22,62.68,41.7,3
2025-01-15 16:00:00,16,2,1,15,0,9.45,0.38,41.64,34.6,3
2025-01-15 17:00:00,17,2,1,15,0,11.43,0.38,11.88,47.01,3
2025-01-15 18:00:00,18,2,1,15,0,7.32,0.38,0.0,58.23,5
2025-01-15 19:00:00,19,2,1,15,0,9.09,0.38,0.0,56.53,5
2025-01-15 20:00:00,20,2,1,15,0,6.29,0.38,0.0,48.04,4
2025-01-15 21:00:00,21,2,1,15,0,4.65,0.38,0.0,30.43,2
2025-01-15 22:00:00,22,2,1,15,0,4.21,0.22,0.0,22.27,2
2025-01-15 23:00:00,23,2,1,15,0,1.72,0.22,0.0,10.22,1
2025-01-16 00:00:00,0,3,1,16,0,0.61,0.12,0.0,2.5,1
2025-01-16 01:00:00,1,3,1,16,0,-2.73,0.12,0.0,2.99,1
2025-01-16 02:00:00,2,3,1,16,0,-0.32,0.12,0.0,2.5,1
2025-01-16 03:00:00,3,3,1,16,0,-0.95,0.12,0.0,8.45,1
2025-01-16 04:00:00,4,3,1,16,0,-0.85,0.12,0.0,12.24,1
2025-01-16 05:00:00,5,3,1,16,0,1.51,0.12,0.0,7.2,1
2025-01-16 06:00:00,6,3,1,16,0,2.79,0.12,0.0,14.4,1
2025-01-16 07:00:00,7,3,1,16,0,2.97,0.22,13.99,26.64,2
2025-01-16 08:00:00,8,3,1,16,0,5.7,0.22,46.58,41.52,3
2025-01-16 09:00:00,9,3,1,16,0,6.16,0.22,54.88,45.83,3
2025-01-16 10:00:00,10,3,1,16,0,5.71,0.22,78.94,51.14,4
2025-01-16 11:00:00,11,3,1,16,0,6.58,0.22,117.37,33.86,2
2025-01-16 12:00:00,12,3,1,16,0,9.17,0.22,97.58,28.03,2
2025-01-16 13:00:00,13,3,1,16,0,10.49,0.22,92.05,24.85,2
2025-01-16 14:00:00,14,3,1,16,0,12.63,0.22,95.01,27.34,2
2025-01-16 15:00:00,15,3,1,16,0,12.39,0.22,59.04,29.79,3
2025-01-16 16:00:00,16,3,1,16,0,8.75,0.38,40.25,36.87,3
2025-01-16 17:00:00,17,3,1,16,0,9.13,0.38,13.81,45.93,3
2025-01-16 18:00:00,18,3,1,16,0,9.89,0.38,0.0,50.27,5
2025-01-16 19:00:00,19,3,1,16,0,9.64,0.38,0.0,63.84,5
2025-01-16 20:00:00,20,3,1,16,0,8.18,0.38,0.0,60.72,5
2025-01-16 21:00:00,21,3,1,16,0,4.88,0.38,0.0,35.96,3
2025-01-16 22:00:00,22,3,1,16,0,1.21,0.22,0.0,25.83,2
2025-01-16 23:00:00,23,3,1,16,0,0.51,0.22,0.0,13.94,1
2025-01-17 00:00:00,0,4,1,17,0,2.03,0.12,0.0,3.16,1
2025-01-17 01:00:00,1,4,1,17,0,1.37,0.12,0.0,12.52,1
2025-01-17 02:00:00,2,4,1,17,0,-2.01,0.12,0.0,2.63,1
2025-01-17 03:00:00,3,4,1,17,0,0.1,0.12,0.0,6.91,1
2025-01-17 04:00:00,4,4,1,17,0,1.45,0.12,0.0,4.51,1
2025-01-17 05:00:00,5,4,1,17,0,-1.62,0.12,0.0,19.96,1
2025-01-17 06:00:00,6,4,1,17,0,3.69,0.12,0.0,12.27,1
2025-01-17 07:00:00,7,4,1,17,0,1.76,0.22,17.07,23.56,2
2025-01-17 08:00:00,8,4,1,17,0,6.24,0.22,43.82,30.27,2
2025-01-17 09:00:00,9,4,1,17,0,3.95,0.22,60.0,38.33,3
2025-01-17 10:00:00,10,4,1,17,0,4.26,0.22,83.45,38.56,3
2025-01-17 11:00:00,11,4,1,17,0,6.6,0.22,95.31,29.33,2
2025-01-17 12:00:00,12,4,1,17,0,8.36,0.22,125.89,22.55,2
2025-01-17 13:00:00,13,4,1,17,0,8.57,0.22,99.33,24.47,2
2025-01-17 14:00:00,14,4,1,17,0,9.41,0.22,97.05,24.64,2
2025-01-17 15:00:00,15,4,1,17,0,10.68,0.22,71.69,35.48,2
2025-01-17 16:00:00,16,4,1,17,0,9.5,0.38,46.76,37.17,3
2025-01-17 17:00:00,17,4,1,17,0,9.21,0.38,15.98,47.29,3
2025-01-17 18:00:00,18,4,1,17,0,5.13,0.38,0.0,54.95,4
2025-01-17 19:00:00,19,4,1,17,0,8.3,0.38,0.0,48.6,4
2025-01-17 20:00:00,20,4,1,17,0,6.13,0.38,0.0,48.18,4
2025-01-17 21:00:00,21,4,1,17,0,8.24,0.38,0.0,40.35,3
2025-01-17 22:00:00,22,4,1,17,0,1.84,0.22,0.0,20.83,2
2025-01-17 23:00:00,23,4,1,17,0,-1.1,0.22,0.0,18.32,1
2025-01-18 00:00:00,0,5,1,18,1,2.73,0.1,0.0,6.2,1
2025-01-18 01:00:00,1,5,1,18,1,1.39,0.1,0.0,9.02,1
2025-01-18 02:00:00,2,5,1,18,1,-1.82,0.1,0.0,15.21,1
2025-01-18 03:00:00,3,5,1,18,1,-3.03,0.1,0.0,6.37,1
2025-01-18 04:00:00,4,5,1,18,1,3.27,0.1,0.0,11.94,1
2025-01-18 05:00:00,5,5,1,18,1,3.52,0.1,0.0,6.3,1
2025-01-18 06:00:00,6,5,1,18,1,-3.48,0.1,0.0,22.5,2
2025-01-18 07:00:00,7,5,1,18,1,1.61,0.1,12.1,16.65,1
2025-01-18 08:00:00,8,5,1,18,1,7.06,0.1,43.08,26.16,2
2025-01-18 09:00:00,9,5,1,18,1,4.07,0.1,63.13,30.25,2
2025-01-18 10:00:00,10,5,1,18,1,5.34,0.15,76.1,30.9,3
2025-01-18 11:00:00,11,5,1,18,1,6.96,0.15,104.65,44.7,3
2025-01-18 12:00:00,12,5,1,18,1,6.32,0.15,102.41,50.98,3
2025-01-18 13:00:00,13,5,1,18,1,5.95,0.15,124.83,54.86,4
2025-01-18 14:00:00,14,5,1,18,1,11.96,0.15,100.74,55.74,4
2025-01-18 15:00:00,15,5,1,18,1,6.34,0.15,58.55,60.19,4
2025-01-18 16:00:00,16,5,1,18,1,10.35,0.15,37.23,51.83,3
2025-01-18 17:00:00,17,5,1,18,1,11.13,0.15,14.58,40.55,3
2025-01-18 18:00:00,18,5,1,18,1,5.66,0.15,0.0,49.2,4
2025-01-18 19:00:00,19,5,1,18,1,5.68,0.1,0.0,35.12,2
2025-01-18 20:00:00,20,5,1,18,1,8.75,0.1,0.0,42.27,3
2025-01-18 21:00:00,21,5,1,18,1,6.09,0.1,0.0,18.59,1
2025-01-18 22:00:00,22,5,1,18,1,2.5,0.1,0.0,22.18,2
2025-01-18 23:00:00,23,5,1,18,1,4.93,0.1,0.0,17.51,1
2025-01-19 00:00:00,0,6,1,19,1,3.92,0.1,0.0,8.31,1
2025-01-19 01:00:00,1,6,1,19,1,1.25,0.1,0.0,5.81,1
2025-01-19 02:00:00,2,6,1,19,1,-1.59,0.1,0.0,15.25,1
2025-01-19 03:00:00,3,6,1,19,1,-0.79,0.1,0.0,4.78,1
2025-01-19 04:00:00,4,6,1,19,1,0.78,0.1,0.0,2.5,1
2025-01-19 05:00:00,5,6,1,19,1,0.33,0.1,0.0,8.02,1
2025-01-19 06:00:00,6,6,1,19,1,3.38,0.1,0.0,13.9,1
2025-01-19 07:00:00,7,6,1,19,1,-0.52,0.1,14.15,15.99,1
2025-01-19 08:00:00,8,6,1,19,1,0.76,0.1,40.51,25.34,2
2025-01-19 09:00:00,9,6,1,19,1,5.4,0.1,61.43,19.43,2
2025-01-19 10:00:00,10,6,1,19,1,5.35,0.15,89.67,35.53,3
2025-01-19 11:00:00,11,6,1,19,1,6.29,0.15,90.59,46.6,3
2025-01-19 12:00:00,12,6,1,19,1,5.04,0.15,117.38,50.07,4
2025-01-19 13:00:00,13,6,1,19,1,9.41,0.15,114.95,66.37,5
2025-01-19 14:00:00,14,6,1,19,1,9.76,0.15,81.58,52.51,3
2025-01-19 15:00:00,15,6,1,19,1,11.35,0.15,79.25,53.87,4
2025-01-19 16:00:00,16,6,1,19,1,10.01,0.15,41.83,49.29,3
2025-01-19 17:00:00,17,6,1,19,1,9.11,0.15,13.72,53.72,4
2025-01-19 18:00:00,18,6,1,19,1,10.93,0.15,0.0,52.43,4
2025-01-19 19:00:00,19,6,1,19,1,4.92,0.1,0.0,37.83,3
2025-01-19 20:00:00,20,6,1,19,1,7.41,0.1,0.0,29.78,2
2025-01-19 21:00:00,21,6,1,19,1,1.7,0.1,0.0,28.74,2
2025-01-19 22:00:00,22,6,1,19,1,2.07,0.1,0.0,18.44,1
2025-01-19 23:00:00,23,6,1,19,1,0.12,0.1,0.0,16.41,1
2025-01-20 00:00:00,0,0,1,20,0,3.09,0.12,0.0,8.54,1
2025-01-20 01:00:00,1,0,1,20,0,0.6,0.12,0.0,4.03,1
2025-01-20 02:00:00,2,0,1,20,0,0.2,0.12,0.0,2.5,1
2025-01-20 03:00:00,3,0,1,20,0,-2.16,0.12,0.0,4.44,1
2025-01-20 04:00:00,4,0,1,20,0,-0.37,0.12,0.0,3.78,1
2025-01-20 05:00:00,5,0,1,20,0,-0.8,0.12,0.0,6.65,1
2025-01-20 06:00:00,6,0,1,20,0,2.29,0.12,0.0,22.39,1
2025-01-20 07:00:00,7,0,1,20,0,0.58,0.22,14.55,21.7,2
2025-01-20 08:00:00,8,0,1,20,0,6.42,0.22,44.52,30.73,2
2025-01-20 09:00:00,9,0,1,20,0,1.71,0.22,62.96,43.88,3
2025-01-20 10:00:00,10,0,1,20,0,4.74,0.22,87.09,36.66,3
2025-01-20 11:00:00,11,0,1,20,0,10.91,0.22,127.05,34.7,3
2025-01-20 12:00:00,12,0,1,20,0,7.72,0.22,133.83,26.65,2
2025-01-20 13:00:00,13,0,1,20,0,6.76,0.22,61.56,25.82,2
2025-01-20 14:00:00,14,0,1,20,0,10.33,0.22,107.86,27.74,2
2025-01-20 15:00:00,15,0,1,20,0,9.11,0.22,69.32,34.0,2
2025-01-20 16:00:00,16,0,1,20,0,8.22,0.38,37.62,35.93,2
2025-01-20 17:00:00,17,0,1,20,0,7.2,0.38,13.38,48.92,4
2025-01-20 18:00:00,18,0,1,20,0,14.13,0.38,0.0,71.79,5
2025-01-20 19:00:00,19,0,1,20,0,7.05,0.38,0.0,54.45,4
2025-01-20 20:00:00,20,0,1,20,0,2.5,0.38,0.0,44.0,3
2025-01-20 21:00:00,21,0,1,20,0,8.05,0.38,0.0,35.88,3
2025-01-20 22:00:00,22,0,1,20,0,4.99,0.22,0.0,21.22,2
2025-01-20 23:00:00,23,0,1,20,0,1.02,0.22,0.0,20.26,2
2025-01-21 00:00:00,0,1,1,21,0,-0.32,0.12,0.0,2.5,1
2025-01-21 01:00:00,1,1,1,21,0,2.09,0.12,0.0,2.92,1
2025-01-21 02:00:00,2,1,1,21,0,-0.25,0.12,0.0,2.5,1
2025-01-21 03:00:00,3,1,1,21,0,-3.77,0.12,0.0,11.11,1
2025-01-21 04:00:00,4,1,1,21,0,3.82,0.12,0.0,9.91,1
2025-01-21 05:00:00,5,1,1,21,0,-0.12,0.12,0.0,11.63,1
2025-01-21 06:00:00,6,1,1,21,0,4.53,0.12,0.0,12.68,1
2025-01-21 07:00:00,7,1,1,21,0,5.13,0.22,13.1,25.99,2
2025-01-21 08:00:00,8,1,1,21,0,1.78,0.22,37.89,41.65,3
2025-01-21 09:00:00,9,1,1,21,0,7.14,0.22,66.85,41.13,3
2025-01-21 10:00:00,10,1,1,21,0,5.07,0.22,104.07,35.31,2
2025-01-21 11:00:00,11,1,1,21,0,3.84,0.22,114.96,34.04,3
2025-01-21 12:00:00,12,1,1,21,0,7.76,0.22,118.58,30.07,2
2025-01-21 13:00:00,13,1,1,21,0,10.2,0.22,127.58,27.24,2
2025-01-21 14:00:00,14,1,1,21,0,8.98,0.22,71.43,30.43,2
2025-01-21 15:00:00,15,1,1,21,0,9.46,0.22,60.36,33.67,3
2025-01-21 16:00:00,16,1,1,21,0,12.19,0.38,35.65,42.5,3
2025-01-21 17:00:00,17,1,1,21,0,9.62,0.38,11.81,54.57,4
2025-01-21 18:00:00,18,1,1,21,0,6.93,0.38,0.0,54.73,4
2025-01-21 19:00:00,19,1,1,21,0,8.98,0.38,0.0,54.11,4
2025-01-21 20:00:00,20,1,1,21,0,6.77,0.38,0.0,45.11,3
2025-01-21 21:00:00,21,1,1,21,0,0.03,0.38,0.0,32.26,2
2025-01-21 22:00:00,22,1,1,21,0,4.64,0.22,0.0,20.48,2
2025-01-21 23:00:00,23,1,1,21,0,3.36,0.22,0.0,29.08,2
2025-01-22 00:00:00,0,2,1,22,0,1.61,0.12,0.0,2.5,1
2025-01-22 01:00:00,1,2,1,22,0,2.55,0.12,0.0,4.68,1
2025-01-22 02:00:00,2,2,1,22,0,-1.07,0.12,0.0,13.16,1
2025-01-22 03:00:00,3,2,1,22,0,0.77,0.12,0.0,3.38,1
2025-01-22 04:00:00,4,2,1,22,0,-2.86,0.12,0.0,3.93,1
2025-01-22 05:00:00,5,2,1,22,0,1.58,0.12,0.0,4.27,1
2025-01-22 06:00:00,6,2,1,22,0,5.47,0.12,0.0,14.28,1
2025-01-22 07:00:00,7,2,1,22,0,0.61,0.22,17.77,30.33,2
2025-01-22 08:00:00,8,2,1,22,0,2.29,0.22,46.2,35.44,3
2025-01-22 09:00:00,9,2,1,22,0,3.68,0.22,78.99,42.4,3
2025-01-22 10:00:00,10,2,1,22,0,6.65,0.22,72.96,41.58,3
2025-01-22 11:00:00,11,2,1,22,0,5.47,0.22,128.12,27.39,2
2025-01-22 12:00:00,12,2,1,22,0,9.48,0.22,106.24,20.4,1
2025-01-22 13:00:00,13,2,1,22,0,11.12,0.22,104.92,27.45,2
2025-01-22 14:00:00,14,2,1,22,0,11.0,0.22,86.54,24.96,2
2025-01-22 15:00:00,15,2,1,22,0,6.56,0.22,79.74,27.83,2
2025-01-22 16:00:00,16,2,1,22,0,11.92,0.38,40.96,47.94,3
2025-01-22 17:00:00,17,2,1,22,0,11.31,0.38,16.67,42.81,3
2025-01-22 18:00:00,18,2,1,22,0,10.3,0.38,0.0,53.98,4
2025-01-22 19:00:00,19,2,1,22,0,8.35,0.38,0.0,70.73,6
2025-01-22 20:00:00,20,2,1,22,0,6.84,0.38,0.0,47.77,3
2025-01-22 21:00:00,21,2,1,22,0,7.17,0.38,0.0,40.6,4
2025-01-22 22:00:00,22,2,1,22,0,7.65,0.22,0.0,22.01,2
2025-01-22 23:00:00,23,2,1,22,0,0.69,0.22,0.0,18.48,1
2025-01-23 00:00:00,0,3,1,23,0,3.75,0.12,0.0,4.36,1
2025-01-23 01:00:00,1,3,1,23,0,0.62,0.12,0.0,6.42,1
2025-01-23 02:00:00,2,3,1,23,0,0.04,0.12,0.0,2.71,1
2025-01-23 03:00:00,3,3,1,23,0,-2.95,0.12,0.0,5.95,1
2025-01-23 04:00:00,4,3,1,23,0,-0.27,0.12,0.0,17.75,1
2025-01-23 05:00:00,5,3,1,23,0,-1.2,0.12,0.0,10.93,1
2025-01-23 06:00:00,6,3,1,23,0,0.66,0.12,0.0,22.99,2
2025-01-23 07:00:00,7,3,1,23,0,0.43,0.22,13.42,29.79,2
2025-01-23 08:00:00,8,3,1,23,0,2.93,0.22,39.96,45.58,4
2025-01-23 09:00:00,9,3,1,23,0,4.31,0.22,58.31,48.43,4
2025-01-23 10:00:00,10,3,1,23,0,6.61,0.22,101.01,49.15,4
2025-01-23 11:00:00,11,3,1,23,0,4.4,0.22,128.68,30.97,2
2025-01-23 12:00:00,12,3,1,23,0,5.77,0.22,117.32,25.65,2
2025-01-23 13:00:00,13,3,1,23,0,10.18,0.22,88.21,21.52,1
2025-01-23 14:00:00,14,3,1,23,0,8.36,0.22,109.24,20.98,2
2025-01-23 15:00:00,15,3,1,23,0,12.28,0.22,53.75,41.29,3
2025-01-23 16:00:00,16,3,1,23,0,10.41,0.38,33.28,33.79,3
2025-01-23 17:00:00,17,3,1,23,0,10.67,0.38,15.32,42.45,4
2025-01-23 18:00:00,18,3,1,23,0,11.48,0.38,0.0,53.36,3
2025-01-23 19:00:00,19,3,1,23,0,7.01,0.38,0.0,59.5,5
2025-01-23 20:00:00,20,3,1,23,0,5.27,0.38,0.0,55.15,5
2025-01-23 21:00:00,21,3,1,23,0,6.87,0.38,0.0,38.57,3
2025-01-23 22:00:00,22,3,1,23,0,4.85,0.22,0.0,29.1,2
2025-01-23 23:00:00,23,3,1,23,0,2.25,0.22,0.0,31.96,3
2025-01-24 00:00:00,0,4,1,24,0,4.4,0.12,0.0,2.5,1
2025-01-24 01:00:00,1,4,1,24,0,0.4,0.12,0.0,6.39,1
2025-01-24 02:00:00,2,4,1,24,0,0.39,0.12,0.0,3.32,1
2025-01-24 03:00:00,3,4,1,24,0,0.2,0.12,0.0,8.67,1
2025-01-24 04:00:00,4,4,1,24,0,-1.54,0.12,0.0,4.71,1
2025-01-24 05:00:00,5,4,1,24,0,0.98,0.12,0.0,2.5,1
2025-01-24 06:00:00,6,4,1,24,0,4.41,0.12,0.0,17.71,1
2025-01-24 07:00:00,7,4,1,24,0,3.55,0.22,14.77,26.54,2
2025-01-24 08:00:00,8,4,1,24,0,3.92,0.22,37.78,33.52,3
2025-01-24 09:00:00,9,4,1,24,0,4.83,0.22,66.55,39.79,3
2025-01-24 10:00:00,10,4,1,24,0,7.11,0.22,109.73,34.48,3
2025-01-24 11:00:00,11,4,1,24,0,9.15,0.22,111.63,30.56,2
2025-01-24 12:00:00,12,4,1,24,0,9.91,0.22,98.12,49.42,4
2025-01-24 13:00:00,13,4,1,24,0,8.82,0.22,90.3,35.16,3
2025-01-24 14:00:00,14,4,1,24,0,10.63,0.22,109.73,24.14,2
2025-01-24 15:00:00,15,4,1,24,0,11.12,0.22,69.07,32.97,3
2025-01-24 16:00:00,16,4,1,24,0,7.97,0.38,44.87,34.32,2
2025-01-24 17:00:00,17,4,1,24,0,9.82,0.38,14.12,54.77,5
2025-01-24 18:00:00,18,4,1,24,0,4.37,0.38,0.0,50.37,4
2025-01-24 19:00:00,19,4,1,24,0,8.62,0.38,0.0,50.87,3
2025-01-24 20:00:00,20,4,1,24,0,7.77,0.38,0.0,40.39,4
2025-01-24 21:00:00,21,4,1,24,0,6.65,0.38,0.0,31.15,2
2025-01-24 22:00:00,22,4,1,24,0,3.07,0.22,0.0,22.76,2
2025-01-24 23:00:00,23,4,1,24,0,3.27,0.22,0.0,10.65,1
2025-01-25 00:00:00,0,5,1,25,1,4.5,0.1,0.0,4.82,1
2025-01-25 01:00:00,1,5,1,25,1,3.68,0.1,0.0,8.13,1
2025-01-25 02:00:00,2,5,1,25,1,0.3,0.1,0.0,4.9,1
2025-01-25 03:00:00,3,5,1,25,1,0.47,0.1,0.0,3.4,1
2025-01-25 04:00:00,4,5,1,25,1,2.58,0.1,0.0,6.28,1
2025-01-25 05:00:00,5,5,1,25,1,-2.14,0.1,0.0,10.57,1
2025-01-25 06:00:00,6,5,1,25,1,1.01,0.1,0.0,6.24,1
2025-01-25 07:00:00,7,5,1,25,1,5.36,0.1,15.55,15.8,1
2025-01-25 08:00:00,8,5,1,25,1,5.84,0.1,45.39,12.73,1
2025-01-25 09:00:00,9,5,1,25,1,5.93,0.1,66.46,23.47,2
2025-01-25 10:00:00,10,5,1,25,1,3.47,0.15,86.81,31.27,2
2025-01-25 11:00:00,11,5,1,25,1,7.59,0.15,114.14,34.87,3
2025-01-25 12:00:00,12,5,1,25,1,7.54,0.15,93.9,62.35,4
2025-01-25 13:00:00,13,5,1,25,1,10.18,0.15,116.5,53.72,5
2025-01-25 14:00:00,14,5,1,25,1,8.4,0.15,72.38,52.17,3
2025-01-25 15:00:00,15,5,1,25,1,8.14,0.15,81.33,45.85,3
2025-01-25 16:00:00,16,5,1,25,1,5.89,0.15,46.53,53.2,4
2025-01-25 17:00:00,17,5,1,25,1,11.96,0.15,13.85,44.78,3
2025-01-25 18:00:00,18,5,1,25,1,7.92,0.15,0.0,46.94,3
2025-01-25 19:00:00,19,5,1,25,1,8.0,0.1,0.0,37.64,2
2025-01-25 20:00:00,20,5,1,25,1,6.48,0.1,0.0,37.09,3
2025-01-25 21:00:00,21,5,1,25,1,3.05,0.1,0.0,20.91,2
2025-01-25 22:00:00,22,5,1,25,1,1.37,0.1,0.0,27.31,2
2025-01-25 23:00:00,23,5,1,25,1,0.68,0.1,0.0,12.16,1
2025-01-26 00:00:00,0,6,1,26,1,0.24,0.1,0.0,8.68,1
2025-01-26 01:00:00,1,6,1,26,1,1.62,0.1,0.0,11.62,1
2025-01-26 02:00:00,2,6,1,26,1,-1.2,0.1,0.0,8.07,1
2025-01-26 03:00:00,3,6,1,26,1,3.71,0.1,0.0,10.93,1
2025-01-26 04:00:00,4,6,1,26,1,2.45,0.1,0.0,3.1,1
2025-01-26 05:00:00,5,6,1,26,1,2.51,0.1,0.0,8.95,1
2025-01-26 06:00:00,6,6,1,26,1,1.45,0.1,0.0,17.7,1
2025-01-26 07:00:00,7,6,1,26,1,5.75,0.1,12.92,13.02,1
2025-01-26 08:00:00,8,6,1,26,1,3.49,0.1,38.09,27.09,2
2025-01-26 09:00:00,9,6,1,26,1,5.16,0.1,70.48,24.92,2
2025-01-26 10:00:00,10,6,1,26,1,6.86,0.15,102.16,32.96,2
2025-01-26 11:00:00,11,6,1,26,1,9.13,0.15,118.89,37.23,3
2025-01-26 12:00:00,12,6,1,26,1,10.03,0.15,137.41,44.36,3
2025-01-26 13:00:00,13,6,1,26,1,8.6,0.15,124.76,54.34,5
2025-01-26 14:00:00,14,6,1,26,1,8.99,0.15,105.1,54.16,4
2025-01-26 15:00:00,15,6,1,26,1,11.5,0.15,73.88,45.76,4
2025-01-26 16:00:00,16,6,1,26,1,11.48,0.15,48.58,55.65,4
2025-01-26 17:00:00,17,6,1,26,1,8.76,0.15,15.24,41.96,3
2025-01-26 18:00:00,18,6,1,26,1,5.58,0.15,0.0,43.75,4
2025-01-26 19:00:00,19,6,1,26,1,7.31,0.1,0.0,40.98,4
2025-01-26 20:00:00,20,6,1,26,1,7.76,0.1,0.0,38.61,3
2025-01-26 21:00:00,21,6,1,26,1,8.83,0.1,0.0,34.67,3
2025-01-26 22:00:00,22,6,1,26,1,1.53,0.1,0.0,27.9,2
2025-01-26 23:00:00,23,6,1,26,1,1.87,0.1,0.0,12.61,1
2025-01-27 00:00:00,0,0,1,27,0,0.94,0.12,0.0,12.04,1
2025-01-27 01:00:00,1,0,1,27,0,3.64,0.12,0.0,6.83,1
2025-01-27 02:00:00,2,0,1,27,0,0.36,0.12,0.0,5.51,1
2025-01-27 03:00:00,3,0,1,27,0,-1.56,0.12,0.0,3.61,1
2025-01-27 04:00:00,4,0,1,27,0,1.55,0.12,0.0,2.87,1
2025-01-27 05:00:00,5,0,1,27,0,0.12,0.12,0.0,13.76,1
2025-01-27 06:00:00,6,0,1,27,0,-0.73,0.12,0.0,12.22,1
2025-01-27 07:00:00,7,0,1,27,0,0.97,0.22,14.03,25.59,2
2025-01-27 08:00:00,8,0,1,27,0,7.43,0.22,44.57,40.66,3
2025-01-27 09:00:00,9,0,1,27,0,6.03,0.22,82.09,37.71,3
2025-01-27 10:00:00,10,0,1,27,0,6.77,0.22,88.48,38.7,3
2025-01-27 11:00:00,11,0,1,27,0,7.26,0.22,110.67,29.22,2
2025-01-27 12:00:00,12,0,1,27,0,9.38,0.22,138.07,24.14,2
2025-01-27 13:00:00,13,0,1,27,0,10.15,0.22,122.8,24.1,2
2025-01-27 14:00:00,14,0,1,27,0,10.67,0.22,91.16,24.18,2
2025-01-27 15:00:00,15,0,1,27,0,10.49,0.22,80.15,39.07,3
2025-01-27 16:00:00,16,0,1,27,0,11.83,0.38,39.63,31.68,2
2025-01-27 17:00:00,17,0,1,27,0,9.64,0.38,12.58,51.83,4
2025-01-27 18:00:00,18,0,1,27,0,6.84,0.38,0.0,54.11,4
2025-01-27 19:00:00,19,0,1,27,0,6.53,0.38,0.0,49.86,3
2025-01-27 20:00:00,20,0,1,27,0,2.6,0.38,0.0,47.13,3
2025-01-27 21:00:00,21,0,1,27,0,9.31,0.38,0.0,48.07,3
2025-01-27 22:00:00,22,0,1,27,0,5.69,0.22,0.0,22.27,2
2025-01-27 23:00:00,23,0,1,27,0,1.1,0.22,0.0,12.75,1
2025-01-28 00:00:00,0,1,1,28,0,1.2,0.12,0.0,6.34,1
2025-01-28 01:00:00,1,1,1,28,0,-0.3,0.12,0.0,9.28,1
2025-01-28 02:00:00,2,1,1,28,0,3.55,0.12,0.0,10.66,1
2025-01-28 03:00:00,3,1,1,28,0,-2.54,0.12,0.0,12.22,1
2025-01-28 04:00:00,4,1,1,28,0,0.7,0.12,0.0,4.86,1
2025-01-28 05:00:00,5,1,1,28,0,0.75,0.12,0.0,10.74,1
2025-01-28 06:00:00,6,1,1,28,0,3.42,0.12,0.0,8.78,1
2025-01-28 07:00:00,7,1,1,28,0,2.59,0.22,16.56,23.53,2
2025-01-28 08:00:00,8,1,1,28,0,0.49,0.22,40.39,41.67,3
2025-01-28 09:00:00,9,1,1,28,0,4.8,0.22,75.34,35.97,2
2025-01-28 10:00:00,10,1,1,28,0,4.65,0.22,102.81,41.11,4
2025-01-28 11:00:00,11,1,1,28,0,7.96,0.22,101.52,26.77,2
2025-01-28 12:00:00,12,1,1,28,0,11.7,0.22,128.66,19.22,2
2025-01-28 13:00:00,13,1,1,28,0,6.15,0.22,111.67,19.88,2
2025-01-28 14:00:00,14,1,1,28,0,8.53,0.22,89.0,27.45,2
2025-01-28 15:00:00,15,1,1,28,0,9.19,0.22,80.39,35.6,2
2025-01-28 16:00:00,16,1,1,28,0,9.37,0.38,38.59,33.65,3
2025-01-28 17:00:00,17,1,1,28,0,11.11,0.38,15.07,67.83,5
2025-01-28 18:00:00,18,1,1,28,0,8.49,0.38,0.0,57.54,4
2025-01-28 19:00:00,19,1,1,28,0,8.63,0.38,0.0,52.64,4
2025-01-28 20:00:00,20,1,1,28,0,5.34,0.38,0.0,44.87,3
2025-01-28 21:00:00,21,1,1,28,0,5.76,0.38,0.0,43.33,3
2025-01-28 22:00:00,22,1,1,28,0,5.56,0.22,0.0,30.42,3
2025-01-28 23:00:00,23,1,1,28,0,1.33,0.22,0.0,14.94,1
2025-01-29 00:00:00,0,2,1,29,0,3.37,0.12,0.0,4.67,1
2025-01-29 01:00:00,1,2,1,29,0,1.12,0.12,0.0,2.5,1
2025-01-29 02:00:00,2,2,1,29,0,2.6,0.12,0.0,14.65,1
2025-01-29 03:00:00,3,2,1,29,0,-0.06,0.12,0.0,2.5,1
2025-01-29 04:00:00,4,2,1,29,0,1.28,0.12,0.0,4.11,1
2025-01-29 05:00:00,5,2,1,29,0,0.93,0.12,0.0,7.02,1
2025-01-29 06:00:00,6,2,1,29,0,1.61,0.12,0.0,28.6,2
2025-01-29 07:00:00,7,2,1,29,0,3.36,0.22,15.43,24.47,2
2025-01-29 08:00:00,8,2,1,29,0,5.12,0.22,49.29,40.91,3
2025-01-29 09:00:00,9,2,1,29,0,2.84,0.22,82.89,35.84,3
2025-01-29 10:00:00,10,2,1,29,0,9.5,0.22,111.62,36.17,3
2025-01-29 11:00:00,11,2,1,29,0,4.12,0.22,113.32,33.93,3
2025-01-29 12:00:00,12,2,1,29,0,7.51,0.22,127.48,24.53,2
2025-01-29 13:00:00,13,2,1,29,0,9.48,0.22,96.22,40.44,4
2025-01-29 14:00:00,14,2,1,29,0,11.0,0.22,112.36,29.77,2
2025-01-29 15:00:00,15,2,1,29,0,13.49,0.22,64.47,35.22,2
2025-01-29 16:00:00,16,2,1,29,0,6.46,0.38,41.87,33.64,2
2025-01-29 17:00:00,17,2,1,29,0,8.66,0.38,16.37,53.0,4
2025-01-29 18:00:00,18,2,1,29,0,4.62,0.38,0.0,65.18,5
2025-01-29 19:00:00,19,2,1,29,0,7.91,0.38,0.0,54.39,4
2025-01-29 20:00:00,20,2,1,29,0,7.18,0.38,0.0,47.54,3
2025-01-29 21:00:00,21,2,1,29,0,8.52,0.38,0.0,47.13,3
2025-01-29 22:00:00,22,2,1,29,0,4.29,0.22,0.0,31.67,2
2025-01-29 23:00:00,23,2,1,29,0,4.93,0.22,0.0,12.54,1
2025-01-30 00:00:00,0,3,1,30,0,3.02,0.12,0.0,17.95,1
2025-01-30 01:00:00,1,3,1,30,0,0.19,0.12,0.0,8.91,1
2025-01-30 02:00:00,2,3,1,30,0,-2.26,0.12,0.0,7.3,1
2025-01-30 03:00:00,3,3,1,30,0,0.94,0.12,0.0,13.17,1
2025-01-30 04:00:00,4,3,1,30,0,-2.43,0.12,0.0,10.53,1
2025-01-30 05:00:00,5,3,1,30,0,3.65,0.12,0.0,6.88,1
2025-01-30 06:00:00,6,3,1,30,0,1.53,0.12,0.0,19.31,2
2025-01-30 07:00:00,7,3,1,30,0,5.28,0.22,18.45,21.06,2
2025-01-30 08:00:00,8,3,1,30,0,3.13,0.22,49.53,43.75,3
2025-01-30 09:00:00,9,3,1,30,0,5.93,0.22,83.31,41.18,3
2025-01-30 10:00:00,10,3,1,30,0,7.1,0.22,111.25,33.58,3
2025-01-30 11:00:00,11,3,1,30,0,7.8,0.22,126.45,29.65,2
2025-01-30 12:00:00,12,3,1,30,0,8.06,0.22,114.77,30.57,2
2025-01-30 13:00:00,13,3,1,30,0,10.5,0.22,121.76,21.87,1
2025-01-30 14:00:00,14,3,1,30,0,8.37,0.22,86.99,26.79,2
2025-01-30 15:00:00,15,3,1,30,0,7.97,0.22,77.07,25.2,2
2025-01-30 16:00:00,16,3,1,30,0,12.7,0.38,46.21,35.74,3
2025-01-30 17:00:00,17,3,1,30,0,11.17,0.38,11.89,42.4,4
2025-01-30 18:00:00,18,3,1,30,0,9.06,0.38,0.0,54.03,5
2025-01-30 19:00:00,19,3,1,30,0,11.22,0.38,0.0,59.88,5
2025-01-30 20:00:00,20,3,1,30,0,6.15,0.38,0.0,46.3,3
2025-01-30 21:00:00,21,3,1,30,0,8.03,0.38,0.0,32.17,3
2025-01-30 22:00:00,22,3,1,30,0,4.45,0.22,0.0,19.64,2
2025-01-30 23:00:00,23,3,1,30,0,0.84,0.22,0.0,12.29,1
2025-01-31 00:00:00,0,4,1,31,0,5.6,0.12,0.0,2.5,1
2025-01-31 01:00:00,1,4,1,31,0,3.09,0.12,0.0,8.11,1
2025-01-31 02:00:00,2,4,1,31,0,0.37,0.12,0.0,4.89,1
2025-01-31 03:00:00,3,4,1,31,0,1.89,0.12,0.0,9.61,1
2025-01-31 04:00:00,4,4,1,31,0,-0.2,0.12,0.0,11.27,1
2025-01-31 05:00:00,5,4,1,31,0,2.77,0.12,0.0,8.76,1
2025-01-31 06:00:00,6,4,1,31,0,-2.88,0.12,0.0,15.64,1
2025-01-31 07:00:00,7,4,1,31,0,0.9,0.22,18.54,28.19,3
2025-01-31 08:00:00,8,4,1,31,0,6.1,0.22,37.45,33.08,2
2025-01-31 09:00:00,9,4,1,31,0,4.94,0.22,64.23,35.55,2
2025-01-31 10:00:00,10,4,1,31,0,7.15,0.22,105.87,33.57,3
2025-01-31 11:00:00,11,4,1,31,0,5.24,0.22,133.68,34.95,3
2025-01-31 12:00:00,12,4,1,31,0,12.67,0.22,123.88,23.96,2
2025-01-31 13:00:00,13,4,1,31,0,12.15,0.22,97.92,26.83,2
2025-01-31 14:00:00,14,4,1,31,0,9.87,0.22,97.03,22.43,2
2025-01-31 15:00:00,15,4,1,31,0,9.63,0.22,63.33,29.36,2
2025-01-31 16:00:00,16,4,1,31,0,12.33,0.38,39.82,43.01,3
2025-01-31 17:00:00,17,4,1,31,0,13.73,0.38,15.64,43.14,3
2025-01-31 18:00:00,18,4,1,31,0,10.88,0.38,0.0,51.2,4
2025-01-31 19:00:00,19,4,1,31,0,12.28,0.38,0.0,50.5,4
2025-01-31 20:00:00,20,4,1,31,0,4.89,0.38,0.0,49.91,3
2025-01-31 21:00:00,21,4,1,31,0,3.8,0.38,0.0,38.27,3
2025-01-31 22:00:00,22,4,1,31,0,1.77,0.22,0.0,23.45,2
2025-01-31 23:00:00,23,4,1,31,0,3.82,0.22,0.0,17.78,2
2025-02-01 00:00:00,0,5,2,32,1,2.31,0.1,0.0,2.86,1
2025-02-01 01:00:00,1,5,2,32,1,0.86,0.1,0.0,15.42,1
2025-02-01 02:00:00,2,5,2,32,1,2.28,0.1,0.0,5.5,1
2025-02-01 03:00:00,3,5,2,32,1,2.95,0.1,0.0,7.4,1
2025-02-01 04:00:00,4,5,2,32,1,-2.39,0.1,0.0,6.91,1
2025-02-01 05:00:00,5,5,2,32,1,-0.03,0.1,0.0,11.0,1
2025-02-01 06:00:00,6,5,2,32,1,3.59,0.1,0.0,10.53,1
2025-02-01 07:00:00,7,5,2,32,1,2.05,0.1,14.61,18.27,1
2025-02-01 08:00:00,8,5,2,32,1,2.6,0.1,46.15,18.0,1
2025-02-01 09:00:00,9,5,2,32,1,7.53,0.1,72.16,23.75,2
2025-02-01 10:00:00,10,5,2,32,1,4.2,0.15,86.46,27.86,2
2025-02-01 11:00:00,11,5,2,32,1,7.39,0.15,132.77,46.26,3
2025-02-01 12:00:00,12,5,2,32,1,9.68,0.15,114.12,46.26,4
2025-02-01 13:00:00,13,5,2,32,1,8.67,0.15,90.83,49.91,3
2025-02-01 14:00:00,14,5,2,32,1,11.89,0.15,60.93,48.51,4
2025-02-01 15:00:00,15,5,2,32,1,9.35,0.15,65.22,60.84,5
2025-02-01 16:00:00,16,5,2,32,1,13.14,0.15,50.04,55.9,5
2025-02-01 17:00:00,17,5,2,32,1,9.57,0.15,18.64,43.28,3
2025-02-01 18:00:00,18,5,2,32,1,10.37,0.15,0.0,53.71,4
2025-02-01 19:00:00,19,5,2,32,1,9.48,0.1,0.0,54.58,5
2025-02-01 20:00:00,20,5,2,32,1,5.53,0.1,0.0,32.38,3
2025-02-01 21:00:00,21,5,2,32,1,1.38,0.1,0.0,35.93,3
2025-02-01 22:00:00,22,5,2,32,1,4.92,0.1,0.0,12.38,1
2025-02-01 23:00:00,23,5,2,32,1,3.13,0.1,0.0,17.0,1
2025-02-02 00:00:00,0,6,2,33,1,3.12,0.1,0.0,7.32,1
2025-02-02 01:00:00,1,6,2,33,1,0.76,0.1,0.0,8.39,1
2025-02-02 02:00:00,2,6,2,33,1,-0.15,0.1,0.0,11.76,1
2025-02-02 03:00:00,3,6,2,33,1,4.56,0.1,0.0,7.28,1
2025-02-02 04:00:00,4,6,2,33,1,-2.23,0.1,0.0,9.07,1
2025-02-02 05:00:00,5,6,2,33,1,2.68,0.1,0.0,6.97,1
2025-02-02 06:00:00,6,6,2,33,1,0.86,0.1,0.0,15.07,1
2025-02-02 07:00:00,7,6,2,33,1,2.37,0.1,13.46,17.3,1
2025-02-02 08:00:00,8,6,2,33,1,3.62,0.1,50.3,18.93,2
2025-02-02 09:00:00,9,6,2,33,1,3.94,0.1,56.21,37.4,3
2025-02-02 10:00:00,10,6,2,33,1,7.98,0.15,108.2,29.07,2
2025-02-02 11:00:00,11,6,2,33,1,10.83,0.15,127.85,39.4,3
2025-02-02 12:00:00,12,6,2,33,1,10.02,0.15,104.04,47.1,4
2025-02-02 13:00:00,13,6,2,33,1,10.08,0.15,118.24,50.56,4
2025-02-02 14:00:00,14,6,2,33,1,8.4,0.15,78.38,53.19,3
2025-02-02 15:00:00,15,6,2,33,1,11.58,0.15,45.55,50.62,4
2025-02-02 16:00:00,16,6,2,33,1,14.69,0.15,37.82,44.23,3
2025-02-02 17:00:00,17,6,2,33,1,9.11,0.15,15.1,44.22,4
2025-02-02 18:00:00,18,6,2,33,1,8.33,0.15,0.0,51.4,4
2025-02-02 19:00:00,19,6,2,33,1,6.92,0.1,0.0,39.14,3
2025-02-02 20:00:00,20,6,2,33,1,5.86,0.1,0.0,44.68,3
2025-02-02 21:00:00,21,6,2,33,1,0.05,0.1,0.0,25.13,2
2025-02-02 22:00:00,22,6,2,33,1,5.06,0.1,0.0,19.04,1
2025-02-02 23:00:00,23,6,2,33,1,1.35,0.1,0.0,16.41,1
2025-02-03 00:00:00,0,0,2,34,0,-1.15,0.12,0.0,2.82,1
2025-02-03 01:00:00,1,0,2,34,0,2.78,0.12,0.0,7.68,1
2025-02-03 02:00:00,2,0,2,34,0,-1.39,0.12,0.0,6.61,1
2025-02-03 03:00:00,3,0,2,34,0,-0.08,0.12,0.0,2.5,1
2025-02-03 04:00:00,4,0,2,34,0,3.7,0.12,0.0,6.29,1
2025-02-03 05:00:00,5,0,2,34,0,-1.55,0.12,0.0,17.95,1
2025-02-03 06:00:00,6,0,2,34,0,-1.0,0.12,0.0,14.61,1
2025-02-03 07:00:00,7,0,2,34,0,3.64,0.22,13.56,35.48,3
2025-02-03 08:00:00,8,0,2,34,0,6.61,0.22,47.92,33.43,3
2025-02-03 09:00:00,9,0,2,34,0,2.45,0.22,77.55,44.96,4
2025-02-03 10:00:00,10,0,2,34,0,7.71,0.22,105.98,37.02,3
2025-02-03 11:00:00,11,0,2,34,0,9.26,0.22,129.68,31.73,2
2025-02-03 12:00:00,12,0,2,34,0,5.02,0.22,133.7,19.8,1
2025-02-03 13:00:00,13,0,2,34,0,11.53,0.22,119.95,22.22,2
2025-02-03 14:00:00,14,0,2,34,0,12.18,0.22,115.26,36.38,3
2025-02-03 15:00:00,15,0,2,34,0,9.98,0.22,61.72,35.82,3
2025-02-03 16:00:00,16,0,2,34,0,12.94,0.38,40.94,44.57,3
2025-02-03 17:00:00,17,0,2,34,0,12.2,0.38,18.76,53.8,3
2025-02-03 18:00:00,18,0,2,34,0,9.34,0.38,0.0,49.13,3
2025-02-03 19:00:00,19,0,2,34,0,7.2,0.38,0.0,56.64,5
2025-02-03 20:00:00,20,0,2,34,0,4.95,0.38,0.0,52.05,5
2025-02-03 21:00:00,21,0,2,34,0,5.53,0.38,0.0,31.27,2
2025-02-03 22:00:00,22,0,2,34,0,5.45,0.22,0.0,25.01,2
2025-02-03 23:00:00,23,0,2,34,0,2.45,0.22,0.0,10.98,1
2025-02-04 00:00:00,0,1,2,35,0,-2.27,0.12,0.0,17.35,1
2025-02-04 01:00:00,1,1,2,35,0,3.87,0.12,0.0,7.95,1
2025-02-04 02:00:00,2,1,2,35,0,1.21,0.12,0.0,6.32,1
2025-02-04 03:00:00,3,1,2,35,0,-0.1,0.12,0.0,2.5,1
2025-02-04 04:00:00,4,1,2,35,0,2.55,0.12,0.0,2.5,1
2025-02-04 05:00:00,5,1,2,35,0,4.38,0.12,0.0,4.82,1
2025-02-04 06:00:00,6,1,2,35,0,-3.48,0.12,0.0,12.07,1
2025-02-04 07:00:00,7,1,2,35,0,4.03,0.22,18.27,22.94,2
2025-02-04 08:00:00,8,1,2,35,0,1.51,0.22,49.7,42.15,3
2025-02-04 09:00:00,9,1,2,35,0,6.66,0.22,73.07,43.32,3
2025-02-04 10:00:00,10,1,2,35,0,7.21,0.22,113.33,38.2,3
2025-02-04 11:00:00,11,1,2,35,0,9.43,0.22,135.6,31.0,2
2025-02-04 12:00:00,12,1,2,35,0,8.2,0.22,129.2,21.88,2
2025-02-04 13:00:00,13,1,2,35,0,6.25,0.22,108.29,18.46,1
2025-02-04 14:00:00,14,1,2,35,0,9.59,0.22,108.11,28.32,2
2025-02-04 15:00:00,15,1,2,35,0,11.48,0.22,80.23,32.63,2
2025-02-04 16:00:00,16,1,2,35,0,12.52,0.38,48.85,32.11,2
2025-02-04 17:00:00,17,1,2,35,0,7.65,0.38,18.63,59.39,5
2025-02-04 18:00:00,18,1,2,35,0,11.25,0.38,0.0,48.29,4
2025-02-04 19:00:00,19,1,2,35,0,6.87,0.38,0.0,63.8,4
2025-02-04 20:00:00,20,1,2,35,0,7.68,0.38,0.0,41.37,3
2025-02-04 21:00:00,21,1,2,35,0,4.64,0.38,0.0,31.8,2
2025-02-04 22:00:00,22,1,2,35,0,4.73,0.22,0.0,34.34,3
2025-02-04 23:00:00,23,1,2,35,0,4.95,0.22,0.0,15.42,1
2025-02-05 00:00:00,0,2,2,36,0,-0.26,0.12,0.0,4.16,1
2025-02-05 01:00:00,1,2,2,36,0,0.03,0.12,0.0,4.73,1
2025-02-05 02:00:00,2,2,2,36,0,1.26,0.12,0.0,2.5,1
2025-02-05 03:00:00,3,2,2,36,0,5.53,0.12,0.0,3.1,1
2025-02-05 04:00:00,4,2,2,36,0,-0.83,0.12,0.0,7.12,1
2025-02-05 05:00:00,5,2,2,36,0,5.47,0.12,0.0,6.02,1
2025-02-05 06:00:00,6,2,2,36,0,6.2,0.12,0.0,12.3,1
2025-02-05 07:00:00,7,2,2,36,0,3.03,0.22,15.29,28.6,2
2025-02-05 08:00:00,8,2,2,36,0,3.83,0.22,51.11,35.92,2
2025-02-05 09:00:00,9,2,2,36,0,4.34,0.22,75.77,49.45,4
2025-02-05 10:00:00,10,2,2,36,0,6.88,0.22,84.78,37.91,2
2025-02-05 11:00:00,11,2,2,36,0,5.41,0.22,114.44,25.56,2
2025-02-05 12:00:00,12,2,2,36,0,9.11,0.22,129.44,23.32,2
2025-02-05 13:00:00,13,2,2,36,0,13.05,0.22,135.55,21.49,1
2025-02-05 14:00:00,14,2,2,36,0,9.33,0.22,94.07,37.3,3
2025-02-05 15:00:00,15,2,2,36,0,10.24,0.22,70.09,42.34,3
2025-02-05 16:00:00,16,2,2,36,0,7.15,0.38,45.12,35.55,3
2025-02-05 17:00:00,17,2,2,36,0,10.8,0.38,18.75,42.77,3
2025-02-05 18:00:00,18,2,2,36,0,9.79,0.38,0.0,51.48,3
2025-02-05 19:00:00,19,2,2,36,0,8.35,0.38,0.0,51.31,5
2025-02-05 20:00:00,20,2,2,36,0,6.59,0.38,0.0,49.7,4
2025-02-05 21:00:00,21,2,2,36,0,5.14,0.38,0.0,32.77,2
2025-02-05 22:00:00,22,2,2,36,0,5.43,0.22,0.0,28.37,3
2025-02-05 23:00:00,23,2,2,36,0,3.17,0.22,0.0,21.08,1
2025-02-06 00:00:00,0,3,2,37,0,2.88,0.12,0.0,14.32,1
2025-02-06 01:00:00,1,3,2,37,0,1.89,0.12,0.0,5.18,1
2025-02-06 02:00:00,2,3,2,37,0,3.21,0.12,0.0,2.5,1
2025-02-06 03:00:00,3,3,2,37,0,2.14,0.12,0.0,10.61,1
2025-02-06 04:00:00,4,3,2,37,0,1.35,0.12,0.0,15.2,1
2025-02-06 05:00:00,5,3,2,37,0,4.5,0.12,0.0,8.76,1
2025-02-06 06:00:00,6,3,2,37,0,3.1,0.12,0.0,15.82,1
2025-02-06 07:00:00,7,3,2,37,0,5.9,0.22,19.14,19.34,2
2025-02-06 08:00:00,8,3,2,37,0,5.71,0.22,38.94,34.22,3
2025-02-06 09:00:00,9,3,2,37,0,2.11,0.22,68.04,36.94,3
2025-02-06 10:00:00,10,3,2,37,0,9.69,0.22,117.14,42.73,3
2025-02-06 11:00:00,11,3,2,37,0,8.56,0.22,93.94,31.35,2
2025-02-06 12:00:00,12,3,2,37,0,9.22,0.22,105.99,23.83,2
2025-02-06 13:00:00,13,3,2,37,0,10.68,0.22,113.81,20.74,1
2025-02-06 14:00:00,14,3,2,37,0,9.93,0.22,99.71,20.01,1
2025-02-06 15:00:00,15,3,2,37,0,11.24,0.22,66.78,26.66,2
2025-02-06 16:00:00,16,3,2,37,0,9.44,0.38,38.08,37.54,2
2025-02-06 17:00:00,17,3,2,37,0,12.67,0.38,19.14,49.07,3
2025-02-06 18:00:00,18,3,2,37,0,9.1,0.38,0.0,56.75,4
2025-02-06 19:00:00,19,3,2,37,0,7.53,0.38,0.0,68.76,5
2025-02-06 20:00:00,20,3,2,37,0,5.23,0.38,0.0,39.92,4
2025-02-06 21:00:00,21,3,2,37,0,6.33,0.38,0.0,29.68,2
2025-02-06 22:00:00,22,3,2,37,0,4.87,0.22,0.0,36.86,3
2025-02-06 23:00:00,23,3,2,37,0,4.07,0.22,0.0,12.72,1
2025-02-07 00:00:00,0,4,2,38,0,0.27,0.12,0.0,15.31,1
2025-02-07 01:00:00,1,4,2,38,0,-1.67,0.12,0.0,3.97,1
2025-02-07 02:00:00,2,4,2,38,0,2.28,0.12,0.0,2.62,1
2025-02-07 03:00:00,3,4,2,38,0,3.83,0.12,0.0,7.62,1
2025-02-07 04:00:00,4,4,2,38,0,-1.02,0.12,0.0,2.5,1
2025-02-07 05:00:00,5,4,2,38,0,4.71,0.12,0.0,2.5,1
2025-02-07 06:00:00,6,4,2,38,0,2.89,0.12,0.0,10.75,1
2025-02-07 07:00:00,7,4,2,38,0,3.34,0.22,19.24,27.12,2
2025-02-07 08:00:00,8,4,2,38,0,3.77,0.22,40.97,41.24,3
2025-02-07 09:00:00,9,4,2,38,0,3.09,0.22,73.96,50.57,4
2025-02-07 10:00:00,10,4,2,38,0,9.13,0.22,109.89,39.41,3
2025-02-07 11:00:00,11,4,2,38,0,6.81,0.22,119.54,47.08,4
2025-02-07 12:00:00,12,4,2,38,0,7.83,0.22,132.06,24.06,2
2025-02-07 13:00:00,13,4,2,38,0,12.17,0.22,138.74,20.52,2
2025-02-07 14:00:00,14,4,2,38,0,6.92,0.22,98.22,20.98,2
2025-02-07 15:00:00,15,4,2,38,0,7.81,0.22,65.14,43.13,3
2025-02-07 16:00:00,16,4,2,38,0,10.65,0.38,51.67,36.74,3
2025-02-07 17:00:00,17,4,2,38,0,10.78,0.38,18.15,55.57,4
2025-02-07 18:00:00,18,4,2,38,0,10.36,0.38,0.0,57.09,4
2025-02-07 19:00:00,19,4,2,38,0,7.76,0.38,0.0,58.48,4
2025-02-07 20:00:00,20,4,2,38,0,12.21,0.38,0.0,49.15,3
2025-02-07 21:00:00,21,4,2,38,0,5.4,0.38,0.0,29.8,2
2025-02-07 22:00:00,22,4,2,38,0,4.1,0.22,0.0,29.79,2
2025-02-07 23:00:00,23,4,2,38,0,1.76,0.22,0.0,13.92,1
2025-02-08 00:00:00,0,5,2,39,1,2.64,0.1,0.0,5.37,1
2025-02-08 01:00:00,1,5,2,39,1,2.83,0.1,0.0,33.28,3
2025-02-08 02:00:00,2,5,2,39,1,3.51,0.1,0.0,16.16,1
2025-02-08 03:00:00,3,5,2,39,1,-2.05,0.1,0.0,9.76,1
2025-02-08 04:00:00,4,5,2,39,1,0.61,0.1,0.0,18.93,1
2025-02-08 05:00:00,5,5,2,39,1,2.49,0.1,0.0,10.13,1
2025-02-08 06:00:00,6,5,2,39,1,3.57,0.1,0.0,11.21,1
2025-02-08 07:00:00,7,5,2,39,1,3.44,0.1,16.11,14.48,1
2025-02-08 08:00:00,8,5,2,39,1,5.72,0.1,45.15,11.87,1
2025-02-08 09:00:00,9,5,2,39,1,4.31,0.1,87.29,22.52,1
2025-02-08 10:00:00,10,5,2,39,1,10.34,0.15,98.53,31.14,2
2025-02-08 11:00:00,11,5,2,39,1,10.42,0.15,110.27,45.3,3
2025-02-08 12:00:00,12,5,2,39,1,6.78,0.15,89.58,52.34,4
2025-02-08 13:00:00,13,5,2,39,1,8.11,0.15,107.09,56.51,4
2025-02-08 14:00:00,14,5,2,39,1,8.67,0.15,90.78,52.59,4
2025-02-08 15:00:00,15,5,2,39,1,12.29,0.15,78.56,70.08,5
2025-02-08 16:00:00,16,5,2,39,1,8.19,0.15,41.92,52.5,4
2025-02-08 17:00:00,17,5,2,39,1,9.6,0.15,19.35,40.61,3
2025-02-08 18:00:00,18,5,2,39,1,10.37,0.15,0.0,40.66,3
2025-02-08 19:00:00,19,5,2,39,1,8.3,0.1,0.0,54.02,4
2025-02-08 20:00:00,20,5,2,39,1,7.74,0.1,0.0,34.67,2
2025-02-08 21:00:00,21,5,2,39,1,3.8,0.1,0.0,23.17,2
2025-02-08 22:00:00,22,5,2,39,1,5.83,0.1,0.0,15.26,1
2025-02-08 23:00:00,23,5,2,39,1,2.2,0.1,0.0,7.26,1
2025-02-09 00:00:00,0,6,2,40,1,1.82,0.1,0.0,14.68,1
2025-02-09 01:00:00,1,6,2,40,1,2.15,0.1,0.0,3.61,1
2025-02-09 02:00:00,2,6,2,40,1,1.38,0.1,0.0,2.5,1
2025-02-09 03:00:00,3,6,2,40,1,1.05,0.1,0.0,4.96,1
2025-02-09 04:00:00,4,6,2,40,1,-0.33,0.1,0.0,11.45,1
2025-02-09 05:00:00,5,6,2,40,1,1.07,0.1,0.0,9.99,1
2025-02-09 06:00:00,6,6,2,40,1,2.47,0.1,0.0,14.79,1
2025-02-09 07:00:00,7,6,2,40,1,0.75,0.1,14.22,18.67,1
2025-02-09 08:00:00,8,6,2,40,1,3.78,0.1,46.43,18.56,2
2025-02-09 09:00:00,9,6,2,40,1,6.78,0.1,73.9,26.26,2
2025-02-09 10:00:00,10,6,2,40,1,4.74,0.15,96.16,31.23,3
2025-02-09 11:00:00,11,6,2,40,1,10.82,0.15,135.07,46.05,4
2025-02-09 12:00:00,12,6,2,40,1,12.08,0.15,147.79,44.52,3
2025-02-09 13:00:00,13,6,2,40,1,7.84,0.15,140.3,50.52,4
2025-02-09 14:00:00,14,6,2,40,1,13.55,0.15,94.24,59.25,5
2025-02-09 15:00:00,15,6,2,40,1,10.72,0.15,58.13,58.59,5
2025-02-09 16:00:00,16,6,2,40,1,11.67,0.15,49.49,60.4,5
2025-02-09 17:00:00,17,6,2,40,1,9.34,0.15,19.46,47.01,3
2025-02-09 18:00:00,18,6,2,40,1,11.39,0.15,0.0,46.94,3
2025-02-09 19:00:00,19,6,2,40,1,9.32,0.1,0.0,42.38,3
2025-02-09 20:00:00,20,6,2,40,1,5.67,0.1,0.0,32.82,3
2025-02-09 21:00:00,21,6,2,40,1,3.67,0.1,0.0,24.94,2
2025-02-09 22:00:00,22,6,2,40,1,1.79,0.1,0.0,26.32,2
2025-02-09 23:00:00,23,6,2,40,1,3.88,0.1,0.0,11.95,1
2025-02-10 00:00:00,0,0,2,41,0,3.69,0.12,0.0,7.46,1
2025-02-10 01:00:00,1,0,2,41,0,3.05,0.12,0.0,3.1,1
2025-02-10 02:00:00,2,0,2,41,0,1.01,0.12,0.0,3.65,1
2025-02-10 03:00:00,3,0,2,41,0,-1.23,0.12,0.0,2.5,1
2025-02-10 04:00:00,4,0,2,41,0,-0.11,0.12,0.0,2.5,1
2025-02-10 05:00:00,5,0,2,41,0,4.05,0.12,0.0,10.88,1
2025-02-10 06:00:00,6,0,2,41,0,1.58,0.12,0.0,13.74,1
2025-02-10 07:00:00,7,0,2,41,0,3.87,0.22,17.72,21.64,1
2025-02-10 08:00:00,8,0,2,41,0,2.63,0.22,46.57,41.29,3
2025-02-10 09:00:00,9,0,2,41,0,6.75,0.22,80.03,43.5,3
2025-02-10 10:00:00,10,0,2,41,0,6.46,0.22,104.15,38.4,3
2025-02-10 11:00:00,11,0,2,41,0,10.67,0.22,131.47,26.13,2
2025-02-10 12:00:00,12,0,2,41,0,11.16,0.22,120.54,25.87,2
2025-02-10 13:00:00,13,0,2,41,0,9.42,0.22,141.09,23.02,2
2025-02-10 14:00:00,14,0,2,41,0,10.66,0.22,112.21,27.1,2
2025-02-10 15:00:00,15,0,2,41,0,9.98,0.22,79.36,33.52,2
2025-02-10 16:00:00,16,0,2,41,0,8.07,0.38,41.84,41.06,3
2025-02-10 17:00:00,17,0,2,41,0,8.7,0.38,19.14,43.6,3
2025-02-10 18:00:00,18,0,2,41,0,10.01,0.38,0.0,55.0,4
2025-02-10 19:00:00,19,0,2,41,0,9.23,0.38,0.0,53.8,4
2025-02-10 20:00:00,20,0,2,41,0,7.67,0.38,0.0,45.1,3
2025-02-10 21:00:00,21,0,2,41,0,5.48,0.38,0.0,43.06,3
2025-02-10 22:00:00,22,0,2,41,0,6.65,0.22,0.0,22.24,2
2025-02-10 23:00:00,23,0,2,41,0,3.71,0.22,0.0,16.65,1
2025-02-11 00:00:00,0,1,2,42,0,4.03,0.12,0.0,2.5,1
2025-02-11 01:00:00,1,1,2,42,0,-1.72,0.12,0.0,2.5,1
2025-02-11 02:00:00,2,1,2,42,0,-6.52,0.12,0.0,6.15,1
2025-02-11 03:00:00,3,1,2,42,0,1.73,0.12,0.0,8.35,1
2025-02-11 04:00:00,4,1,2,42,0,-1.52,0.12,0.0,2.5,1
2025-02-11 05:00:00,5,1,2,42,0,1.4,0.12,0.0,7.79,1
2025-02-11 06:00:00,6,1,2,42,0,2.02,0.12,0.0,16.53,1
2025-02-11 07:00:00,7,1,2,42,0,6.83,0.22,19.68,24.42,2
2025-02-11 08:00:00,8,1,2,42,0,5.67,0.22,48.29,36.56,3
2025-02-11 09:00:00,9,1,2,42,0,6.49,0.22,88.88,45.64,4
2025-02-11 10:00:00,10,1,2,42,0,9.13,0.22,104.27,32.28,3
2025-02-11 11:00:00,11,1,2,42,0,9.4,0.22,120.46,26.92,2
2025-02-11 12:00:00,12,1,2,42,0,8.78,0.22,130.21,24.79,2
2025-02-11 13:00:00,13,1,2,42,0,12.63,0.22,123.3,21.55,2
2025-02-11 14:00:00,14,1,2,42,0,8.77,0.22,94.82,25.97,2
2025-02-11 15:00:00,15,1,2,42,0,11.81,0.22,65.96,28.01,2
2025-02-11 16:00:00,16,1,2,42,0,7.89,0.38,49.68,38.31,2
2025-02-11 17:00:00,17,1,2,42,0,10.9,0.38,19.68,55.04,4
2025-02-11 18:00:00,18,1,2,42,0,10.08,0.38,0.0,64.0,5
2025-02-11 19:00:00,19,1,2,42,0,12.01,0.38,0.0,64.31,4
2025-02-11 20:00:00,20,1,2,42,0,4.32,0.38,0.0,44.86,3
2025-02-11 21:00:00,21,1,2,42,0,4.96,0.38,0.0,33.03,3
2025-02-11 22:00:00,22,1,2,42,0,6.51,0.22,0.0,30.45,2
2025-02-11 23:00:00,23,1,2,42,0,4.33,0.22,0.0,10.68,1
2025-02-12 00:00:00,0,2,2,43,0,3.07,0.12,0.0,12.86,1
2025-02-12 01:00:00,1,2,2,43,0,-0.0,0.12,0.0,5.76,1
2025-02-12 02:00:00,2,2,2,43,0,0.23,0.12,0.0,4.46,1
2025-02-12 03:00:00,3,2,2,43,0,3.73,0.12,0.0,5.76,1
2025-02-12 04:00:00,4,2,2,43,0,1.31,0.12,0.0,2.5,1
2025-02-12 05:00:00,5,2,2,43,0,2.66,0.12,0.0,5.44,1
2025-02-12 06:00:00,6,2,2,43,0,2.48,0.12,0.0,14.44,1
2025-02-12 07:00:00,7,2,2,43,0,1.37,0.22,15.34,29.65,2
2025-02-12 08:00:00,8,2,2,43,0,6.81,0.22,51.16,36.06,2
2025-02-12 09:00:00,9,2,2,43,0,7.25,0.22,89.39,50.37,4
2025-02-12 10:00:00,10,2,2,43,0,12.15,0.22,100.37,44.44,4
2025-02-12 11:00:00,11,2,2,43,0,6.71,0.22,142.71,30.04,2
2025-02-12 12:00:00,12,2,2,43,0,11.42,0.22,147.26,32.38,3
2025-02-12 13:00:00,13,2,2,43,0,7.95,0.22,101.73,19.29,2
2025-02-12 14:00:00,14,2,2,43,0,11.39,0.22,109.73,22.52,2
2025-02-12 15:00:00,15,2,2,43,0,13.19,0.22,87.93,31.02,2
2025-02-12 16:00:00,16,2,2,43,0,6.93,0.38,31.3,32.85,2
2025-02-12 17:00:00,17,2,2,43,0,10.16,0.38,18.95,45.49,4
2025-02-12 18:00:00,18,2,2,43,0,8.65,0.38,0.0,53.4,4
2025-02-12 19:00:00,19,2,2,43,0,7.34,0.38,0.0,59.36,5
2025-02-12 20:00:00,20,2,2,43,0,8.31,0.38,0.0,55.38,4
2025-02-12 21:00:00,21,2,2,43,0,8.48,0.38,0.0,38.91,3
2025-02-12 22:00:00,22,2,2,43,0,4.68,0.22,0.0,28.31,2
2025-02-12 23:00:00,23,2,2,43,0,4.15,0.22,0.0,12.13,1
2025-02-13 00:00:00,0,3,2,44,0,3.02,0.12,0.0,2.5,1
2025-02-13 01:00:00,1,3,2,44,0,2.0,0.12,0.0,2.5,1
2025-02-13 02:00:00,2,3,2,44,0,-0.68,0.12,0.0,2.5,1
2025-02-13 03:00:00,3,3,2,44,0,3.54,0.12,0.0,8.31,1
2025-02-13 04:00:00,4,3,2,44,0,2.09,0.12,0.0,2.5,1
2025-02-13 05:00:00,5,3,2,44,0,2.79,0.12,0.0,15.19,1
2025-02-13 06:00:00,6,3,2,44,0,1.18,0.12,0.0,17.72,1
2025-02-13 07:00:00,7,3,2,44,0,2.91,0.22,16.23,28.93,2
2025-02-13 08:00:00,8,3,2,44,0,4.68,0.22,50.29,47.28,4
2025-02-13 09:00:00,9,3,2,44,0,3.26,0.22,74.23,46.76,3
2025-02-13 10:00:00,10,3,2,44,0,4.24,0.22,108.16,33.45,3
2025-02-13 11:00:00,11,3,2,44,0,7.62,0.22,143.11,30.5,3
2025-02-13 12:00:00,12,3,2,44,0,10.91,0.22,122.1,19.27,1
2025-02-13 13:00:00,13,3,2,44,0,9.35,0.22,106.12,17.91,1
2025-02-13 14:00:00,14,3,2,44,0,9.12,0.22,105.11,23.68,2
2025-02-13 15:00:00,15,3,2,44,0,9.7,0.22,64.41,41.12,3
2025-02-13 16:00:00,16,3,2,44,0,10.24,0.38,45.26,35.61,3
2025-02-13 17:00:00,17,3,2,44,0,9.95,0.38,16.85,42.86,3
2025-02-13 18:00:00,18,3,2,44,0,14.19,0.38,0.0,56.39,4
2025-02-13 19:00:00,19,3,2,44,0,10.93,0.38,0.0,61.39,5
2025-02-13 20:00:00,20,3,2,44,0,9.67,0.38,0.0,47.86,4
2025-02-13 21:00:00,21,3,2,44,0,8.66,0.38,0.0,30.23,2
2025-02-13 22:00:00,22,3,2,44,0,3.03,0.22,0.0,27.87,2
2025-02-13 23:00:00,23,3,2,44,0,1.38,0.22,0.0,10.67,1
2025-02-14 00:00:00,0,4,2,45,0,0.66,0.12,0.0,3.22,1
2025-02-14 01:00:00,1,4,2,45,0,4.75,0.12,0.0,7.26,1
2025-02-14 02:00:00,2,4,2,45,0,0.49,0.12,0.0,2.63,1
2025-02-14 03:00:00,3,4,2,45,0,-1.09,0.12,0.0,2.5,1
2025-02-14 04:00:00,4,4,2,45,0,0.72,0.12,0.0,2.5,1
2025-02-14 05:00:00,5,4,2,45,0,1.61,0.12,0.0,5.73,1
2025-02-14 06:00:00,6,4,2,45,0,3.41,0.12,0.0,17.2,1
2025-02-14 07:00:00,7,4,2,45,0,4.41,0.22,19.4,17.71,1
2025-02-14 08:00:00,8,4,2,45,0,3.46,0.22,33.25,38.5,3
2025-02-14 09:00:00,9,4,2,45,0,7.78,0.22,74.92,47.72,3
2025-02-14 10:00:00,10,4,2,45,0,6.43,0.22,121.22,43.85,3
2025-02-14 11:00:00,11,4,2,45,0,8.6,0.22,119.47,28.27,2
2025-02-14 12:00:00,12,4,2,45,0,11.32,0.22,120.73,23.14,2
2025-02-14 13:00:00,13,4,2,45,0,9.46,0.22,119.84,18.83,1
2025-02-14 14:00:00,14,4,2,45,0,10.1,0.22,78.3,21.88,1
2025-02-14 15:00:00,15,4,2,45,0,12.6,0.22,87.34,30.37,2
2025-02-14 16:00:00,16,4,2,45,0,9.53,0.38,46.52,38.77,3
2025-02-14 17:00:00,17,4,2,45,0,9.97,0.38,16.97,53.23,4
2025-02-14 18:00:00,18,4,2,45,0,11.06,0.38,0.0,52.1,3
2025-02-14 19:00:00,19,4,2,45,0,13.02,0.38,0.0,53.03,5
2025-02-14 20:00:00,20,4,2,45,0,8.92,0.38,0.0,44.6,3
2025-02-14 21:00:00,21,4,2,45,0,7.36,0.38,0.0,31.27,3
2025-02-14 22:00:00,22,4,2,45,0,6.18,0.22,0.0,30.81,2
2025-02-14 23:00:00,23,4,2,45,0,1.77,0.22,0.0,18.69,1
2025-02-15 00:00:00,0,5,2,46,1,3.2,0.1,0.0,14.59,1
2025-02-15 01:00:00,1,5,2,46,1,2.11,0.1,0.0,8.58,1
2025-02-15 02:00:00,2,5,2,46,1,2.32,0.1,0.0,4.99,1
2025-02-15 03:00:00,3,5,2,46,1,1.73,0.1,0.0,4.29,1
2025-02-15 04:00:00,4,5,2,46,1,2.43,0.1,0.0,2.5,1
2025-02-15 05:00:00,5,5,2,46,1,1.55,0.1,0.0,5.83,1
2025-02-15 06:00:00,6,5,2,46,1,3.08,0.1,0.0,6.26,1
2025-02-15 07:00:00,7,5,2,46,1,1.55,0.1,15.92,18.18,1
2025-02-15 08:00:00,8,5,2,46,1,4.57,0.1,46.75,23.16,1
2025-02-15 09:00:00,9,5,2,46,1,9.28,0.1,90.96,21.21,1
2025-02-15 10:00:00,10,5,2,46,1,8.43,0.15,86.33,32.33,2
2025-02-15 11:00:00,11,5,2,46,1,8.96,0.15,120.96,38.06,3
2025-02-15 12:00:00,12,5,2,46,1,13.83,0.15,128.32,56.03,5
2025-02-15 13:00:00,13,5,2,46,1,8.11,0.15,112.72,50.91,3
2025-02-15 14:00:00,14,5,2,46,1,9.11,0.15,121.4,55.49,4
2025-02-15 15:00:00,15,5,2,46,1,14.93,0.15,84.16,62.5,4
2025-02-15 16:00:00,16,5,2,46,1,11.42,0.15,42.98,53.51,4
2025-02-15 17:00:00,17,5,2,46,1,10.35,0.15,19.19,47.35,4
2025-02-15 18:00:00,18,5,2,46,1,7.64,0.15,0.0,43.48,3
2025-02-15 19:00:00,19,5,2,46,1,9.9,0.1,0.0,36.09,2
2025-02-15 20:00:00,20,5,2,46,1,8.88,0.1,0.0,32.05,2
2025-02-15 21:00:00,21,5,2,46,1,4.31,0.1,0.0,25.95,2
2025-02-15 22:00:00,22,5,2,46,1,4.93,0.1,0.0,21.12,2
2025-02-15 23:00:00,23,5,2,46,1,3.33,0.1,0.0,10.64,1
2025-02-16 00:00:00,0,6,2,47,1,3.57,0.1,0.0,9.61,1
2025-02-16 01:00:00,1,6,2,47,1,0.03,0.1,0.0,5.55,1
2025-02-16 02:00:00,2,6,2,47,1,4.27,0.1,0.0,12.78,1
2025-02-16 03:00:00,3,6,2,47,1,3.43,0.1,0.0,10.22,1
2025-02-16 04:00:00,4,6,2,47,1,1.04,0.1,0.0,12.23,1
2025-02-16 05:00:00,5,6,2,47,1,1.83,0.1,0.0,18.97,1
2025-02-16 06:00:00,6,6,2,47,1,2.79,0.1,0.0,17.46,1
2025-02-16 07:00:00,7,6,2,47,1,2.54,0.1,20.26,10.06,1
2025-02-16 08:00:00,8,6,2,47,1,4.41,0.1,50.12,19.01,2
2025-02-16 09:00:00,9,6,2,47,1,6.05,0.1,77.95,32.46,2
2025-02-16 10:00:00,10,6,2,47,1,11.11,0.15,123.67,36.32,3
2025-02-16 11:00:00,11,6,2,47,1,10.99,0.15,143.31,36.68,3
2025-02-16 12:00:00,12,6,2,47,1,12.0,0.15,88.9,45.75,4
2025-02-16 13:00:00,13,6,2,47,1,11.66,0.15,128.5,55.26,4
2025-02-16 14:00:00,14,6,2,47,1,9.19,0.15,103.26,56.45,4
2025-02-16 15:00:00,15,6,2,47,1,11.51,0.15,84.87,48.28,4
2025-02-16 16:00:00,16,6,2,47,1,13.36,0.15,46.61,47.65,3
2025-02-16 17:00:00,17,6,2,47,1,8.41,0.15,17.62,51.02,4
2025-02-16 18:00:00,18,6,2,47,1,11.4,0.15,0.0,42.14,3
2025-02-16 19:00:00,19,6,2,47,1,13.74,0.1,0.0,45.95,4
2025-02-16 20:00:00,20,6,2,47,1,10.01,0.1,0.0,32.63,2
2025-02-16 21:00:00,21,6,2,47,1,9.42,0.1,0.0,27.58,2
2025-02-16 22:00:00,22,6,2,47,1,5.74,0.1,0.0,14.75,1
2025-02-16 23:00:00,23,6,2,47,1,6.03,0.1,0.0,16.8,1
2025-02-17 00:00:00,0,0,2,48,0,1.72,0.12,0.0,12.12,1
2025-02-17 01:00:00,1,0,2,48,0,3.95,0.12,0.0,2.5,1
2025-02-17 02:00:00,2,0,2,48,0,3.17,0.12,0.0,8.93,1
2025-02-17 03:00:00,3,0,2,48,0,2.27,0.12,0.0,9.54,1
2025-02-17 04:00:00,4,0,2,48,0,4.49,0.12,0.0,5.34,1
2025-02-17 05:00:00,5,0,2,48,0,1.28,0.12,0.0,15.78,1
2025-02-17 06:00:00,6,0,2,48,0,2.78,0.12,0.0,9.23,1
2025-02-17 07:00:00,7,0,2,48,0,4.38,0.22,16.8,19.54,2
2025-02-17 08:00:00,8,0,2,48,0,3.33,0.22,39.47,45.16,3
2025-02-17 09:00:00,9,0,2,48,0,7.14,0.22,67.4,46.92,4
2025-02-17 10:00:00,10,0,2,48,0,4.54,0.22,115.98,36.08,3
2025-02-17 11:00:00,11,0,2,48,0,11.28,0.22,109.78,37.72,3
2025-02-17 12:00:00,12,0,2,48,0,10.32,0.22,138.14,32.96,2
2025-02-17 13:00:00,13,0,2,48,0,9.98,0.22,146.94,28.31,2
2025-02-17 14:00:00,14,0,2,48,0,9.85,0.22,104.57,27.3,2
2025-02-17 15:00:00,15,0,2,48,0,11.22,0.22,70.37,32.18,3
2025-02-17 16:00:00,16,0,2,48,0,12.89,0.38,50.67,42.25,3
2025-02-17 17:00:00,17,0,2,48,0,12.11,0.38,14.94,47.42,4
2025-02-17 18:00:00,18,0,2,48,0,8.81,0.38,0.0,56.33,5
2025-02-17 19:00:00,19,0,2,48,0,7.5,0.38,0.0,51.81,3
2025-02-17 20:00:00,20,0,2,48,0,9.3,0.38,0.0,42.9,3
2025-02-17 21:00:00,21,0,2,48,0,5.24,0.38,0.0,35.02,2
2025-02-17 22:00:00,22,0,2,48,0,5.51,0.22,0.0,25.49,2
2025-02-17 23:00:00,23,0,2,48,0,4.44,0.22,0.0,24.71,2
2025-02-18 00:00:00,0,1,2,49,0,3.87,0.12,0.0,13.36,1
2025-02-18 01:00:00,1,1,2,49,0,4.17,0.12,0.0,2.5,1
2025-02-18 02:00:00,2,1,2,49,0,-0.57,0.12,0.0,9.44,1
2025-02-18 03:00:00,3,1,2,49,0,-2.04,0.12,0.0,10.87,1
2025-02-18 04:00:00,4,1,2,49,0,0.82,0.12,0.0,5.65,1
2025-02-18 05:00:00,5,1,2,49,0,6.06,0.12,0.0,11.25,1
2025-02-18 06:00:00,6,1,2,49,0,7.29,0.12,0.0,32.99,2
2025-02-18 07:00:00,7,1,2,49,0,7.95,0.22,18.33,23.11,2
2025-02-18 08:00:00,8,1,2,49,0,5.11,0.22,41.45,28.92,2
2025-02-18 09:00:00,9,1,2,49,0,3.22,0.22,92.58,51.6,4
2025-02-18 10:00:00,10,1,2,49,0,3.39,0.22,93.51,41.31,4
2025-02-18 11:00:00,11,1,2,49,0,8.06,0.22,139.79,33.37,2
2025-02-18 12:00:00,12,1,2,49,0,9.92,0.22,135.52,34.64,2
2025-02-18 13:00:00,13,1,2,49,0,13.72,0.22,120.14,18.82,2
2025-02-18 14:00:00,14,1,2,49,0,13.35,0.22,108.88,33.01,2
2025-02-18 15:00:00,15,1,2,49,0,12.24,0.22,92.58,31.44,2
2025-02-18 16:00:00,16,1,2,49,0,9.84,0.38,40.57,30.2,2
2025-02-18 17:00:00,17,1,2,49,0,9.19,0.38,17.03,42.6,4
2025-02-18 18:00:00,18,1,2,49,0,10.83,0.38,0.0,62.9,5
2025-02-18 19:00:00,19,1,2,49,0,10.68,0.38,0.0,55.31,4
2025-02-18 20:00:00,20,1,2,49,0,8.86,0.38,0.0,52.53,4
2025-02-18 21:00:00,21,1,2,49,0,4.72,0.38,0.0,42.45,4
2025-02-18 22:00:00,22,1,2,49,0,6.79,0.22,0.0,29.68,2
2025-02-18 23:00:00,23,1,2,49,0,5.14,0.22,0.0,11.91,1
2025-02-19 00:00:00,0,2,2,50,0,1.21,0.12,0.0,5.15,1
2025-02-19 01:00:00,1,2,2,50,0,0.99,0.12,0.0,5.54,1
2025-02-19 02:00:00,2,2,2,50,0,3.43,0.12,0.0,3.26,1
2025-02-19 03:00:00,3,2,2,50,0,1.42,0.12,0.0,3.79,1
2025-02-19 04:00:00,4,2,2,50,0,5.23,0.12,0.0,10.16,1
2025-02-19 05:00:00,5,2,2,50,0,3.56,0.12,0.0,4.49,1
2025-02-19 06:00:00,6,2,2,50,0,2.38,0.12,0.0,12.41,1
2025-02-19 07:00:00,7,2,2,50,0,4.36,0.22,15.25,27.34,2
2025-02-19 08:00:00,8,2,2,50,0,5.72,0.22,50.42,41.01,3
2025-02-19 09:00:00,9,2,2,50,0,5.43,0.22,54.48,47.9,4
2025-02-19 10:00:00,10,2,2,50,0,6.35,0.22,117.36,46.39,4
2025-02-19 11:00:00,11,2,2,50,0,10.79,0.22,105.71,29.03,2
2025-02-19 12:00:00,12,2,2,50,0,12.11,0.22,136.04,20.7,1
2025-02-19 13:00:00,13,2,2,50,0,12.42,0.22,109.54,21.33,2
2025-02-19 14:00:00,14,2,2,50,0,14.74,0.22,111.13,21.17,2
2025-02-19 15:00:00,15,2,2,50,0,10.8,0.22,88.42,34.47,3
2025-02-19 16:00:00,16,2,2,50,0,15.06,0.38,55.38,41.36,4
2025-02-19 17:00:00,17,2,2,50,0,9.41,0.38,14.34,51.68,3
2025-02-19 18:00:00,18,2,2,50,0,8.39,0.38,0.0,53.78,4
2025-02-19 19:00:00,19,2,2,50,0,5.86,0.38,0.0,58.75,4
2025-02-19 20:00:00,20,2,2,50,0,7.29,0.38,0.0,48.85,3
2025-02-19 21:00:00,21,2,2,50,0,5.88,0.38,0.0,40.09,3
2025-02-19 22:00:00,22,2,2,50,0,6.64,0.22,0.0,30.98,2
2025-02-19 23:00:00,23,2,2,50,0,4.87,0.22,0.0,18.34,1
2025-02-20 00:00:00,0,3,2,51,0,1.06,0.12,0.0,18.36,2
2025-02-20 01:00:00,1,3,2,51,0,1.87,0.12,0.0,7.32,1
2025-02-20 02:00:00,2,3,2,51,0,1.41,0.12,0.0,2.5,1
2025-02-20 03:00:00,3,3,2,51,0,-1.57,0.12,0.0,13.24,1
2025-02-20 04:00:00,4,3,2,51,0,0.19,0.12,0.0,3.01,1
2025-02-20 05:00:00,5,3,2,51,0,1.11,0.12,0.0,9.83,1
2025-02-20 06:00:00,6,3,2,51,0,6.32,0.12,0.0,15.25,1
2025-02-20 07:00:00,7,3,2,51,0,4.87,0.22,18.34,24.02,2
2025-02-20 08:00:00,8,3,2,51,0,7.02,0.22,47.47,30.07,2
2025-02-20 09:00:00,9,3,2,51,0,3.99,0.22,86.24,41.5,4
2025-02-20 10:00:00,10,3,2,51,0,10.67,0.22,104.49,48.79,4
2025-02-20 11:00:00,11,3,2,51,0,12.09,0.22,146.7,30.23,2
2025-02-20 12:00:00,12,3,2,51,0,6.53,0.22,116.61,18.34,1
2025-02-20 13:00:00,13,3,2,51,0,9.91,0.22,149.59,23.41,2
2025-02-20 14:00:00,14,3,2,51,0,12.81,0.22,127.0,29.2,2
2025-02-20 15:00:00,15,3,2,51,0,13.28,0.22,72.19,33.13,2
2025-02-20 16:00:00,16,3,2,51,0,10.46,0.38,42.92,35.8,2
2025-02-20 17:00:00,17,3,2,51,0,10.71,0.38,19.28,44.32,3
2025-02-20 18:00:00,18,3,2,51,0,9.33,0.38,0.0,53.46,4
2025-02-20 19:00:00,19,3,2,51,0,9.71,0.38,0.0,58.17,4
2025-02-20 20:00:00,20,3,2,51,0,10.67,0.38,0.0,51.52,4
2025-02-20 21:00:00,21,3,2,51,0,5.44,0.38,0.0,31.33,3
2025-02-20 22:00:00,22,3,2,51,0,7.69,0.22,0.0,31.14,3
2025-02-20 23:00:00,23,3,2,51,0,2.92,0.22,0.0,16.78,1
2025-02-21 00:00:00,0,4,2,52,0,1.86,0.12,0.0,7.34,1
2025-02-21 01:00:00,1,4,2,52,0,4.4,0.12,0.0,7.68,1
2025-02-21 02:00:00,2,4,2,52,0,4.1,0.12,0.0,3.26,1
2025-02-21 03:00:00,3,4,2,52,0,3.79,0.12,0.0,14.74,1
2025-02-21 04:00:00,4,4,2,52,0,-0.37,0.12,0.0,17.47,1
2025-02-21 05:00:00,5,4,2,52,0,1.83,0.12,0.0,4.75,1
2025-02-21 06:00:00,6,4,2,52,0,5.2,0.12,0.0,9.66,1
2025-02-21 07:00:00,7,4,2,52,0,4.67,0.22,14.84,25.42,2
2025-02-21 08:00:00,8,4,2,52,0,3.65,0.22,44.5,32.72,2
2025-02-21 09:00:00,9,4,2,52,0,8.01,0.22,81.61,44.71,3
2025-02-21 10:00:00,10,4,2,52,0,6.96,0.22,77.79,40.13,3
2025-02-21 11:00:00,11,4,2,52,0,13.18,0.22,146.32,29.0,2
2025-02-21 12:00:00,12,4,2,52,0,13.72,0.22,100.45,19.65,1
2025-02-21 13:00:00,13,4,2,52,0,12.63,0.22,144.53,23.89,2
2025-02-21 14:00:00,14,4,2,52,0,14.64,0.22,92.61,19.5,2
2025-02-21 15:00:00,15,4,2,52,0,12.22,0.22,78.37,36.93,3
2025-02-21 16:00:00,16,4,2,52,0,13.45,0.38,52.81,33.42,2
2025-02-21 17:00:00,17,4,2,52,0,14.38,0.38,20.87,48.77,3
2025-02-21 18:00:00,18,4,2,52,0,11.12,0.38,0.0,51.28,4
2025-02-21 19:00:00,19,4,2,52,0,9.08,0.38,0.0,54.56,4
2025-02-21 20:00:00,20,4,2,52,0,4.98,0.38,0.0,41.63,4
2025-02-21 21:00:00,21,4,2,52,0,6.92,0.38,0.0,45.36,3
2025-02-21 22:00:00,22,4,2,52,0,7.44,0.22,0.0,26.21,2
2025-02-21 23:00:00,23,4,2,52,0,6.48,0.22,0.0,10.13,1
2025-02-22 00:00:00,0,5,2,53,1,4.67,0.1,0.0,4.08,1
2025-02-22 01:00:00,1,5,2,53,1,1.78,0.1,0.0,4.68,1
2025-02-22 02:00:00,2,5,2,53,1,-1.59,0.1,0.0,11.64,1
2025-02-22 03:00:00,3,5,2,53,1,1.21,0.1,0.0,9.98,1
2025-02-22 04:00:00,4,5,2,53,1,1.76,0.1,0.0,5.42,1
2025-02-22 05:00:00,5,5,2,53,1,2.24,0.1,0.0,6.88,1
2025-02-22 06:00:00,6,5,2,53,1,4.9,0.1,0.0,9.31,1
2025-02-22 07:00:00,7,5,2,53,1,8.67,0.1,19.61,10.33,1
2025-02-22 08:00:00,8,5,2,53,1,6.15,0.1,39.15,15.19,1
2025-02-22 09:00:00,9,5,2,53,1,6.76,0.1,84.09,25.98,2
2025-02-22 10:00:00,10,5,2,53,1,7.97,0.15,128.53,37.07,2
2025-02-22 11:00:00,11,5,2,53,1,9.95,0.15,111.18,40.14,3
2025-02-22 12:00:00,12,5,2,53,1,9.08,0.15,159.49,46.9,4
2025-02-22 13:00:00,13,5,2,53,1,11.77,0.15,105.75,54.53,4
2025-02-22 14:00:00,14,5,2,53,1,12.93,0.15,100.91,48.68,4
2025-02-22 15:00:00,15,5,2,53,1,12.62,0.15,72.72,55.29,4
2025-02-22 16:00:00,16,5,2,53,1,12.94,0.15,56.39,58.57,4
2025-02-22 17:00:00,17,5,2,53,1,12.39,0.15,17.24,47.12,3
2025-02-22 18:00:00,18,5,2,53,1,7.19,0.15,0.0,41.79,3
2025-02-22 19:00:00,19,5,2,53,1,10.97,0.1,0.0,39.08,3
2025-02-22 20:00:00,20,5,2,53,1,7.15,0.1,0.0,30.07,3
2025-02-22 21:00:00,21,5,2,53,1,5.01,0.1,0.0,24.94,2
2025-02-22 22:00:00,22,5,2,53,1,3.69,0.1,0.0,24.62,2
2025-02-22 23:00:00,23,5,2,53,1,5.56,0.1,0.0,12.7,1
2025-02-23 00:00:00,0,6,2,54,1,3.33,0.1,0.0,7.64,1
2025-02-23 01:00:00,1,6,2,54,1,-0.39,0.1,0.0,9.22,1
2025-02-23 02:00:00,2,6,2,54,1,3.43,0.1,0.0,7.36,1
2025-02-23 03:00:00,3,6,2,54,1,-0.57,0.1,0.0,6.32,1
2025-02-23 04:00:00,4,6,2,54,1,2.76,0.1,0.0,17.95,2
2025-02-23 05:00:00,5,6,2,54,1,3.45,0.1,0.0,13.08,1
2025-02-23 06:00:00,6,6,2,54,1,5.54,0.1,0.0,7.63,1
2025-02-23 07:00:00,7,6,2,54,1,8.37,0.1,20.2,15.59,1
2025-02-23 08:00:00,8,6,2,54,1,3.28,0.1,50.7,16.02,1
2025-02-23 09:00:00,9,6,2,54,1,7.2,0.1,95.41,22.49,2
2025-02-23 10:00:00,10,6,2,54,1,8.05,0.15,126.32,26.5,2
2025-02-23 11:00:00,11,6,2,54,1,10.67,0.15,144.1,39.55,3
2025-02-23 12:00:00,12,6,2,54,1,11.27,0.15,108.77,46.9,3
2025-02-23 13:00:00,13,6,2,54,1,10.93,0.15,132.42,54.14,5
2025-02-23 14:00:00,14,6,2,54,1,11.25,0.15,105.14,57.54,4
2025-02-23 15:00:00,15,6,2,54,1,10.07,0.15,86.85,56.84,4
2025-02-23 16:00:00,16,6,2,54,1,14.11,0.15,47.09,51.41,4
2025-02-23 17:00:00,17,6,2,54,1,12.55,0.15,17.89,47.25,3
2025-02-23 18:00:00,18,6,2,54,1,12.68,0.15,0.0,49.02,3
2025-02-23 19:00:00,19,6,2,54,1,9.19,0.1,0.0,39.95,3
2025-02-23 20:00:00,20,6,2,54,1,7.29,0.1,0.0,27.42,2
2025-02-23 21:00:00,21,6,2,54,1,5.15,0.1,0.0,18.94,1
2025-02-23 22:00:00,22,6,2,54,1,6.73,0.1,0.0,15.31,1
2025-02-23 23:00:00,23,6,2,54,1,2.73,0.1,0.0,12.01,1
2025-02-24 00:00:00,0,0,2,55,0,7.58,0.12,0.0,3.28,1
2025-02-24 01:00:00,1,0,2,55,0,0.47,0.12,0.0,2.5,1
2025-02-24 02:00:00,2,0,2,55,0,3.13,0.12,0.0,9.59,1
2025-02-24 03:00:00,3,0,2,55,0,5.55,0.12,0.0,2.5,1
2025-02-24 04:00:00,4,0,2,55,0,3.79,0.12,0.0,3.91,1
2025-02-24 05:00:00,5,0,2,55,0,3.44,0.12,0.0,9.44,1
2025-02-24 06:00:00,6,0,2,55,0,1.94,0.12,0.0,16.77,1
2025-02-24 07:00:00,7,0,2,55,0,2.15,0.22,20.61,21.0,1
2025-02-24 08:00:00,8,0,2,55,0,7.66,0.22,50.67,30.9,3
2025-02-24 09:00:00,9,0,2,55,0,10.43,0.22,75.52,35.58,2
2025-02-24 10:00:00,10,0,2,55,0,7.83,0.22,97.78,41.96,3
2025-02-24 11:00:00,11,0,2,55,0,7.64,0.22,153.15,32.03,2
2025-02-24 12:00:00,12,0,2,55,0,6.04,0.22,130.47,23.44,2
2025-02-24 13:00:00,13,0,2,55,0,9.79,0.22,132.98,17.31,1
2025-02-24 14:00:00,14,0,2,55,0,12.02,0.22,100.11,25.2,2
2025-02-24 15:00:00,15,0,2,55,0,15.62,0.22,75.85,43.99,4
2025-02-24 16:00:00,16,0,2,55,0,13.59,0.38,49.35,36.17,2
2025-02-24 17:00:00,17,0,2,55,0,12.36,0.38,19.69,47.29,4
2025-02-24 18:00:00,18,0,2,55,0,10.15,0.38,0.0,54.2,4
2025-02-24 19:00:00,19,0,2,55,0,8.75,0.38,0.0,50.83,4
2025-02-24 20:00:00,20,0,2,55,0,11.52,0.38,0.0,39.58,3
2025-02-24 21:00:00,21,0,2,55,0,7.82,0.38,0.0,37.56,3
2025-02-24 22:00:00,22,0,2,55,0,1.92,0.22,0.0,24.15,2
2025-02-24 23:00:00,23,0,2,55,0,3.57,0.22,0.0,10.38,1
2025-02-25 00:00:00,0,1,2,56,0,2.28,0.12,0.0,4.65,1
2025-02-25 01:00:00,1,1,2,56,0,2.11,0.12,0.0,10.82,1
2025-02-25 02:00:00,2,1,2,56,0,3.83,0.12,0.0,2.5,1
2025-02-25 03:00:00,3,1,2,56,0,2.32,0.12,0.0,2.5,1
2025-02-25 04:00:00,4,1,2,56,0,2.55,0.12,0.0,17.06,1
2025-02-25 05:00:00,5,1,2,56,0,5.83,0.12,0.0,7.97,1
2025-02-25 06:00:00,6,1,2,56,0,2.6,0.12,0.0,18.65,1
2025-02-25 07:00:00,7,1,2,56,0,8.76,0.22,20.56,29.08,3
2025-02-25 08:00:00,8,1,2,56,0,4.89,0.22,52.36,30.13,2
2025-02-25 09:00:00,9,1,2,56,0,7.71,0.22,87.78,38.04,3
2025-02-25 10:00:00,10,1,2,56,0,8.26,0.22,90.71,38.51,3
2025-02-25 11:00:00,11,1,2,56,0,10.28,0.22,154.18,29.01,3
2025-02-25 12:00:00,12,1,2,56,0,11.95,0.22,145.02,21.34,1
2025-02-25 13:00:00,13,1,2,56,0,12.73,0.22,133.81,25.12,2
2025-02-25 14:00:00,14,1,2,56,0,10.85,0.22,105.76,27.29,2
2025-02-25 15:00:00,15,1,2,56,0,10.28,0.22,75.78,33.74,2
2025-02-25 16:00:00,16,1,2,56,0,17.37,0.38,52.72,37.88,3
2025-02-25 17:00:00,17,1,2,56,0,10.89,0.38,14.33,49.77,4
2025-02-25 18:00:00,18,1,2,56,0,12.46,0.38,0.0,60.14,4
2025-02-25 19:00:00,19,1,2,56,0,6.81,0.38,0.0,52.66,4
2025-02-25 20:00:00,20,1,2,56,0,8.27,0.38,0.0,55.13,4
2025-02-25 21:00:00,21,1,2,56,0,7.28,0.38,0.0,31.97,3
2025-02-25 22:00:00,22,1,2,56,0,7.18,0.22,0.0,19.16,1
2025-02-25 23:00:00,23,1,2,56,0,-0.41,0.22,0.0,16.49,1
2025-02-26 00:00:00,0,2,2,57,0,4.44,0.12,0.0,4.39,1
2025-02-26 01:00:00,1,2,2,57,0,1.02,0.12,0.0,2.5,1
2025-02-26 02:00:00,2,2,2,57,0,3.46,0.12,0.0,16.64,1
2025-02-26 03:00:00,3,2,2,57,0,0.57,0.12,0.0,6.61,1
2025-02-26 04:00:00,4,2,2,57,0,1.11,0.12,0.0,6.88,1
2025-02-26 05:00:00,5,2,2,57,0,2.77,0.12,0.0,11.63,1
2025-02-26 06:00:00,6,2,2,57,0,2.01,0.12,0.0,23.23,1
2025-02-26 07:00:00,7,2,2,57,0,4.19,0.22,16.14,23.65,2
2025-02-26 08:00:00,8,2,2,57,0,3.96,0.22,57.77,33.38,3
2025-02-26 09:00:00,9,2,2,57,0,3.98,0.22,77.23,40.41,3
2025-02-26 10:00:00,10,2,2,57,0,10.98,0.22,121.19,46.4,3
2025-02-26 11:00:00,11,2,2,57,0,7.55,0.22,112.84,36.96,3
2025-02-26 12:00:00,12,2,2,57,0,10.82,0.22,141.4,36.55,3
2025-02-26 13:00:00,13,2,2,57,0,13.48,0.22,134.43,19.81,1
2025-02-26 14:00:00,14,2,2,57,0,11.25,0.22,110.9,25.09,2
2025-02-26 15:00:00,15,2,2,57,0,11.0,0.22,89.99,31.37,2
2025-02-26 16:00:00,16,2,2,57,0,12.93,0.38,43.86,56.29,4
2025-02-26 17:00:00,17,2,2,57,0,14.21,0.38,16.65,53.94,5
2025-02-26 18:00:00,18,2,2,57,0,8.84,0.38,0.0,54.88,4
2025-02-26 19:00:00,19,2,2,57,0,9.85,0.38,0.0,62.39,4
2025-02-26 20:00:00,20,2,2,57,0,5.47,0.38,0.0,45.96,3
2025-02-26 21:00:00,21,2,2,57,0,6.86,0.38,0.0,29.73,2
2025-02-26 22:00:00,22,2,2,57,0,6.42,0.22,0.0,26.69,2
2025-02-26 23:00:00,23,2,2,57,0,3.44,0.22,0.0,12.97,1
2025-02-27 00:00:00,0,3,2,58,0,3.31,0.12,0.0,2.5,1
2025-02-27 01:00:00,1,3,2,58,0,0.62,0.12,0.0,2.5,1
2025-02-27 02:00:00,2,3,2,58,0,3.09,0.12,0.0,11.96,1
2025-02-27 03:00:00,3,3,2,58,0,4.87,0.12,0.0,23.4,2
2025-02-27 04:00:00,4,3,2,58,0,0.74,0.12,0.0,4.05,1
2025-02-27 05:00:00,5,3,2,58,0,2.19,0.12,0.0,13.72,1
2025-02-27 06:00:00,6,3,2,58,0,5.23,0.12,0.0,15.97,1
2025-02-27 07:00:00,7,3,2,58,0,7.69,0.22,15.62,18.46,1
2025-02-27 08:00:00,8,3,2,58,0,3.48,0.22,58.12,49.73,3
2025-02-27 09:00:00,9,3,2,58,0,7.43,0.22,91.64,50.87,4
2025-02-27 10:00:00,10,3,2,58,0,9.62,0.22,128.09,38.77,3
2025-02-27 11:00:00,11,3,2,58,0,10.06,0.22,104.27,31.64,2
2025-02-27 12:00:00,12,3,2,58,0,6.35,0.22,160.05,29.2,2
2025-02-27 13:00:00,13,3,2,58,0,13.1,0.22,130.66,50.67,4
2025-02-27 14:00:00,14,3,2,58,0,15.63,0.22,95.56,28.04,2
2025-02-27 15:00:00,15,3,2,58,0,13.0,0.22,74.83,37.72,3
2025-02-27 16:00:00,16,3,2,58,0,10.53,0.38,42.32,33.46,2
2025-02-27 17:00:00,17,3,2,58,0,11.07,0.38,15.72,42.96,3
2025-02-27 18:00:00,18,3,2,58,0,14.84,0.38,0.0,64.22,4
2025-02-27 19:00:00,19,3,2,58,0,12.08,0.38,0.0,54.58,5
2025-02-27 20:00:00,20,3,2,58,0,10.34,0.38,0.0,54.17,4
2025-02-27 21:00:00,21,3,2,58,0,8.48,0.38,0.0,40.08,4
2025-02-27 22:00:00,22,3,2,58,0,5.15,0.22,0.0,22.51,2
2025-02-27 23:00:00,23,3,2,58,0,4.86,0.22,0.0,14.71,1
2025-02-28 00:00:00,0,4,2,59,0,4.19,0.12,0.0,4.06,1
2025-02-28 01:00:00,1,4,2,59,0,4.65,0.12,0.0,2.71,1
2025-02-28 02:00:00,2,4,2,59,0,6.07,0.12,0.0,2.5,1
2025-02-28 03:00:00,3,4,2,59,0,5.12,0.12,0.0,8.72,1
2025-02-28 04:00:00,4,4,2,59,0,0.22,0.12,0.0,3.3,1
2025-02-28 05:00:00,5,4,2,59,0,4.0,0.12,0.0,4.75,1
2025-02-28 06:00:00,6,4,2,59,0,5.82,0.12,0.0,14.97,1
2025-02-28 07:00:00,7,4,2,59,0,6.62,0.22,19.94,21.44,2
2025-02-28 08:00:00,8,4,2,59,0,5.33,0.22,58.48,34.62,2
2025-02-28 09:00:00,9,4,2,59,0,13.71,0.22,98.34,41.52,3
2025-02-28 10:00:00,10,4,2,59,0,6.62,0.22,131.82,46.49,4
2025-02-28 11:00:00,11,4,2,59,0,8.22,0.22,146.47,29.47,2
2025-02-28 12:00:00,12,4,2,59,0,11.89,0.22,158.97,33.35,2
2025-02-28 13:00:00,13,4,2,59,0,16.45,0.22,135.01,27.17,2
2025-02-28 14:00:00,14,4,2,59,0,11.04,0.22,93.9,31.69,2
2025-02-28 15:00:00,15,4,2,59,0,12.35,0.22,87.03,24.98,2
2025-02-28 16:00:00,16,4,2,59,0,14.87,0.38,54.02,37.55,3
2025-02-28 17:00:00,17,4,2,59,0,12.18,0.38,16.02,47.09,3
2025-02-28 18:00:00,18,4,2,59,0,10.75,0.38,0.0,53.42,4
2025-02-28 19:00:00,19,4,2,59,0,11.51,0.38,0.0,57.27,5
2025-02-28 20:00:00,20,4,2,59,0,9.72,0.38,0.0,47.62,4
2025-02-28 21:00:00,21,4,2,59,0,9.94,0.38,0.0,45.63,3
2025-02-28 22:00:00,22,4,2,59,0,9.17,0.22,0.0,31.54,2
2025-02-28 23:00:00,23,4,2,59,0,6.0,0.22,0.0,13.77,1
2025-03-01 00:00:00,0,5,3,60,1,5.05,0.1,0.0,4.95,1
2025-03-01 01:00:00,1,5,3,60,1,4.1,0.1,0.0,3.39,1
2025-03-01 02:00:00,2,5,3,60,1,4.15,0.1,0.0,12.99,1
2025-03-01 03:00:00,3,5,3,60,1,3.12,0.1,0.0,12.3,1
2025-03-01 04:00:00,4,5,3,60,1,3.17,0.1,0.0,17.02,1
2025-03-01 05:00:00,5,5,3,60,1,6.07,0.1,0.0,8.93,1
2025-03-01 06:00:00,6,5,3,60,1,7.5,0.1,0.0,16.53,1
2025-03-01 07:00:00,7,5,3,60,1,2.49,0.1,16.84,18.34,1
2025-03-01 08:00:00,8,5,3,60,1,6.73,0.1,42.38,18.34,1
2025-03-01 09:00:00,9,5,3,60,1,6.63,0.1,89.79,26.54,2
2025-03-01 10:00:00,10,5,3,60,1,8.68,0.15,94.46,28.2,2
2025-03-01 11:00:00,11,5,3,60,1,11.31,0.15,144.83,55.54,4
2025-03-01 12:00:00,12,5,3,60,1,12.88,0.15,139.63,49.73,4
2025-03-01 13:00:00,13,5,3,60,1,12.11,0.15,148.39,46.43,3
2025-03-01 14:00:00,14,5,3,60,1,9.01,0.15,95.75,53.15,5
2025-03-01 15:00:00,15,5,3,60,1,11.08,0.15,98.94,48.42,4
2025-03-01 16:00:00,16,5,3,60,1,14.63,0.15,50.48,61.03,4
2025-03-01 17:00:00,17,5,3,60,1,6.85,0.15,21.29,45.79,4
2025-03-01 18:00:00,18,5,3,60,1,13.92,0.15,0.0,39.85,3
2025-03-01 19:00:00,19,5,3,60,1,11.55,0.1,0.0,41.56,3
2025-03-01 20:00:00,20,5,3,60,1,11.93,0.1,0.0,36.25,3
2025-03-01 21:00:00,21,5,3,60,1,7.61,0.1,0.0,31.62,3
2025-03-01 22:00:00,22,5,3,60,1,2.59,0.1,0.0,12.35,1
2025-03-01 23:00:00,23,5,3,60,1,6.37,0.1,0.0,9.42,1
2025-03-02 00:00:00,0,6,3,61,1,7.14,0.1,0.0,7.89,1
2025-03-02 01:00:00,1,6,3,61,1,5.65,0.1,0.0,9.43,1
2025-03-02 02:00:00,2,6,3,61,1,1.97,0.1,0.0,10.51,1
2025-03-02 03:00:00,3,6,3,61,1,3.3,0.1,0.0,5.87,1
2025-03-02 04:00:00,4,6,3,61,1,2.23,0.1,0.0,5.22,1
2025-03-02 05:00:00,5,6,3,61,1,2.16,0.1,0.0,3.93,1
2025-03-02 06:00:00,6,6,3,61,1,6.5,0.1,0.0,12.0,1
2025-03-02 07:00:00,7,6,3,61,1,3.23,0.1,17.03,9.41,1
2025-03-02 08:00:00,8,6,3,61,1,5.05,0.1,53.61,17.44,1
2025-03-02 09:00:00,9,6,3,61,1,5.92,0.1,74.86,21.54,2
2025-03-02 10:00:00,10,6,3,61,1,6.44,0.15,101.01,31.99,2
2025-03-02 11:00:00,11,6,3,61,1,10.92,0.15,147.37,41.43,3
2025-03-02 12:00:00,12,6,3,61,1,13.99,0.15,145.42,51.74,4
2025-03-02 13:00:00,13,6,3,61,1,12.09,0.15,157.74,48.79,4
2025-03-02 14:00:00,14,6,3,61,1,9.95,0.15,111.86,58.32,4
2025-03-02 15:00:00,15,6,3,61,1,14.81,0.15,80.66,56.81,4
2025-03-02 16:00:00,16,6,3,61,1,16.33,0.15,55.1,46.37,3
2025-03-02 17:00:00,17,6,3,61,1,11.17,0.15,17.25,43.1,3
2025-03-02 18:00:00,18,6,3,61,1,10.71,0.15,0.0,41.51,3
2025-03-02 19:00:00,19,6,3,61,1,11.66,0.1,0.0,49.36,3
2025-03-02 20:00:00,20,6,3,61,1,12.67,0.1,0.0,28.25,2
2025-03-02 21:00:00,21,6,3,61,1,7.09,0.1,0.0,28.39,2
2025-03-02 22:00:00,22,6,3,61,1,4.17,0.1,0.0,19.27,1
2025-03-02 23:00:00,23,6,3,61,1,6.89,0.1,0.0,21.85,2
2025-03-03 00:00:00,0,0,3,62,0,6.32,0.12,0.0,9.39,1
2025-03-03 01:00:00,1,0,3,62,0,3.94,0.12,0.0,2.5,1
2025-03-03 02:00:00,2,0,3,62,0,2.31,0.12,0.0,11.23,1
2025-03-03 03:00:00,3,0,3,62,0,5.24,0.12,0.0,2.86,1
2025-03-03 04:00:00,4,0,3,62,0,4.48,0.12,0.0,4.45,1
2025-03-03 05:00:00,5,0,3,62,0,2.39,0.12,0.0,4.32,1
2025-03-03 06:00:00,6,0,3,62,0,4.82,0.12,0.0,18.87,1
2025-03-03 07:00:00,7,0,3,62,0,3.05,0.22,20.48,18.76,1
2025-03-03 08:00:00,8,0,3,62,0,8.33,0.22,40.27,34.78,2
2025-03-03 09:00:00,9,0,3,62,0,7.73,0.22,95.53,51.32,4
2025-03-03 10:00:00,10,0,3,62,0,8.68,0.22,84.68,42.96,3
2025-03-03 11:00:00,11,0,3,62,0,10.69,0.22,159.91,32.88,3
2025-03-03 12:00:00,12,0,3,62,0,11.87,0.22,141.73,22.75,1
2025-03-03 13:00:00,13,0,3,62,0,14.38,0.22,143.15,28.51,2
2025-03-03 14:00:00,14,0,3,62,0,14.27,0.22,107.27,22.8,2
2025-03-03 15:00:00,15,0,3,62,0,12.94,0.22,65.32,35.22,2
2025-03-03 16:00:00,16,0,3,62,0,14.61,0.38,59.55,43.48,4
2025-03-03 17:00:00,17,0,3,62,0,13.39,0.38,22.18,45.01,3
2025-03-03 18:00:00,18,0,3,62,0,10.94,0.38,0.0,55.75,4
2025-03-03 19:00:00,19,0,3,62,0,10.51,0.38,0.0,55.26,5
2025-03-03 20:00:00,20,0,3,62,0,9.25,0.38,0.0,50.32,4
2025-03-03 21:00:00,21,0,3,62,0,9.27,0.38,0.0,30.63,2
2025-03-03 22:00:00,22,0,3,62,0,6.23,0.22,0.0,26.87,2
2025-03-03 23:00:00,23,0,3,62,0,4.97,0.22,0.0,14.25,1
2025-03-04 00:00:00,0,1,3,63,0,8.79,0.12,0.0,11.81,1
2025-03-04 01:00:00,1,1,3,63,0,5.93,0.12,0.0,7.49,1
2025-03-04 02:00:00,2,1,3,63,0,2.03,0.12,0.0,8.18,1
2025-03-04 03:00:00,3,1,3,63,0,4.53,0.12,0.0,7.24,1
2025-03-04 04:00:00,4,1,3,63,0,3.79,0.12,0.0,3.61,1
2025-03-04 05:00:00,5,1,3,63,0,4.84,0.12,0.0,5.11,1
2025-03-04 06:00:00,6,1,3,63,0,5.12,0.12,0.0,17.98,1
2025-03-04 07:00:00,7,1,3,63,0,8.26,0.22,22.31,17.53,1
2025-03-04 08:00:00,8,1,3,63,0,7.78,0.22,50.71,32.55,3
2025-03-04 09:00:00,9,1,3,63,0,8.26,0.22,78.78,41.46,4
2025-03-04 10:00:00,10,1,3,63,0,11.76,0.22,102.18,40.91,4
2025-03-04 11:00:00,11,1,3,63,0,11.35,0.22,154.6,26.2,2
2025-03-04 12:00:00,12,1,3,63,0,12.16,0.22,148.84,24.21,2
2025-03-04 13:00:00,13,1,3,63,0,13.34,0.22,160.88,23.57,2
2025-03-04 14:00:00,14,1,3,63,0,13.03,0.22,99.49,25.19,2
2025-03-04 15:00:00,15,1,3,63,0,13.4,0.22,81.68,32.93,2
2025-03-04 16:00:00,16,1,3,63,0,12.04,0.38,52.06,35.17,3
2025-03-04 17:00:00,17,1,3,63,0,11.21,0.38,17.62,53.1,4
2025-03-04 18:00:00,18,1,3,63,0,9.92,0.38,0.0,57.32,5
2025-03-04 19:00:00,19,1,3,63,0,8.1,0.38,0.0,54.21,4
2025-03-04 20:00:00,20,1,3,63,0,7.92,0.38,0.0,40.77,3
2025-03-04 21:00:00,21,1,3,63,0,8.04,0.38,0.0,35.52,3
2025-03-04 22:00:00,22,1,3,63,0,7.3,0.22,0.0,20.71,1
2025-03-04 23:00:00,23,1,3,63,0,5.34,0.22,0.0,9.15,1
2025-03-05 00:00:00,0,2,3,64,0,0.27,0.12,0.0,2.5,1
2025-03-05 01:00:00,1,2,3,64,0,7.33,0.12,0.0,7.3,1
2025-03-05 02:00:00,2,2,3,64,0,5.86,0.12,0.0,7.33,1
2025-03-05 03:00:00,3,2,3,64,0,4.41,0.12,0.0,2.5,1
2025-03-05 04:00:00,4,2,3,64,0,7.5,0.12,0.0,8.0,1
2025-03-05 05:00:00,5,2,3,64,0,2.23,0.12,0.0,3.12,1
2025-03-05 06:00:00,6,2,3,64,0,8.75,0.12,0.0,19.91,1
2025-03-05 07:00:00,7,2,3,64,0,4.08,0.22,19.16,27.81,2
2025-03-05 08:00:00,8,2,3,64,0,7.7,0.22,57.81,29.19,2
2025-03-05 09:00:00,9,2,3,64,0,5.97,0.22,98.12,42.57,3
2025-03-05 10:00:00,10,2,3,64,0,9.84,0.22,112.19,36.33,3
2025-03-05 11:00:00,11,2,3,64,0,11.79,0.22,125.89,35.9,3
2025-03-05 12:00:00,12,2,3,64,0,11.74,0.22,124.22,21.93,1
2025-03-05 13:00:00,13,2,3,64,0,14.27,0.22,143.09,31.18,3
2025-03-05 14:00:00,14,2,3,64,0,13.54,0.22,97.46,29.68,3
2025-03-05 15:00:00,15,2,3,64,0,12.47,0.22,90.43,27.81,2
2025-03-05 16:00:00,16,2,3,64,0,12.21,0.38,60.28,46.58,4
2025-03-05 17:00:00,17,2,3,64,0,14.47,0.38,18.8,49.26,3
2025-03-05 18:00:00,18,2,3,64,0,10.74,0.38,0.0,54.84,5
2025-03-05 19:00:00,19,2,3,64,0,12.84,0.38,0.0,51.65,3
2025-03-05 20:00:00,20,2,3,64,0,12.25,0.38,0.0,47.5,3
2025-03-05 21:00:00,21,2,3,64,0,5.18,0.38,0.0,39.48,3
2025-03-05 22:00:00,22,2,3,64,0,9.49,0.22,0.0,27.49,2
2025-03-05 23:00:00,23,2,3,64,0,10.13,0.22,0.0,17.44,2
2025-03-06 00:00:00,0,3,3,65,0,5.61,0.12,0.0,5.53,1
2025-03-06 01:00:00,1,3,3,65,0,5.51,0.12,0.0,11.86,1
2025-03-06 02:00:00,2,3,3,65,0,5.89,0.12,0.0,6.44,1
2025-03-06 03:00:00,3,3,3,65,0,3.09,0.12,0.0,2.5,1
2025-03-06 04:00:00,4,3,3,65,0,4.18,0.12,0.0,3.59,1
2025-03-06 05:00:00,5,3,3,65,0,1.69,0.12,0.0,8.82,1
2025-03-06 06:00:00,6,3,3,65,0,5.39,0.12,0.0,13.75,1
2025-03-06 07:00:00,7,3,3,65,0,7.14,0.22,21.34,29.49,3
2025-03-06 08:00:00,8,3,3,65,0,8.38,0.22,42.03,37.77,3
2025-03-06 09:00:00,9,3,3,65,0,10.78,0.22,83.78,41.33,3
2025-03-06 10:00:00,10,3,3,65,0,8.39,0.22,135.25,35.73,2
2025-03-06 11:00:00,11,3,3,65,0,10.08,0.22,148.2,29.53,2
2025-03-06 12:00:00,12,3,3,65,0,15.97,0.22,167.96,22.97,2
2025-03-06 13:00:00,13,3,3,65,0,12.68,0.22,162.85,27.0,2
2025-03-06 14:00:00,14,3,3,65,0,13.88,0.22,102.13,18.49,2
2025-03-06 15:00:00,15,3,3,65,0,13.51,0.22,102.0,29.44,2
2025-03-06 16:00:00,16,3,3,65,0,11.83,0.38,50.97,32.66,2
2025-03-06 17:00:00,17,3,3,65,0,16.22,0.38,22.41,45.15,3
2025-03-06 18:00:00,18,3,3,65,0,11.13,0.38,0.0,57.58,4
2025-03-06 19:00:00,19,3,3,65,0,8.89,0.38,0.0,57.46,5
2025-03-06 20:00:00,20,3,3,65,0,9.04,0.38,0.0,48.68,3
2025-03-06 21:00:00,21,3,3,65,0,4.64,0.38,0.0,29.57,2
2025-03-06 22:00:00,22,3,3,65,0,6.05,0.22,0.0,25.88,2
2025-03-06 23:00:00,23,3,3,65,0,4.21,0.22,0.0,22.49,2
2025-03-07 00:00:00,0,4,3,66,0,6.48,0.12,0.0,3.86,1
2025-03-07 01:00:00,1,4,3,66,0,3.1,0.12,0.0,4.69,1
2025-03-07 02:00:00,2,4,3,66,0,5.73,0.12,0.0,2.66,1
2025-03-07 03:00:00,3,4,3,66,0,6.58,0.12,0.0,5.2,1
2025-03-07 04:00:00,4,4,3,66,0,5.51,0.12,0.0,6.29,1
2025-03-07 05:00:00,5,4,3,66,0,4.02,0.12,0.0,8.51,1
2025-03-07 06:00:00,6,4,3,66,0,5.53,0.12,0.0,14.24,1
2025-03-07 07:00:00,7,4,3,66,0,3.23,0.22,20.63,17.75,1
2025-03-07 08:00:00,8,4,3,66,0,7.22,0.22,55.75,47.87,3
2025-03-07 09:00:00,9,4,3,66,0,7.06,0.22,91.13,49.25,3
2025-03-07 10:00:00,10,4,3,66,0,11.46,0.22,112.22,41.7,3
2025-03-07 11:00:00,11,4,3,66,0,16.43,0.22,126.84,30.03,2
2025-03-07 12:00:00,12,4,3,66,0,13.31,0.22,144.1,29.9,2
2025-03-07 13:00:00,13,4,3,66,0,9.13,0.22,163.84,26.06,2
2025-03-07 14:00:00,14,4,3,66,0,12.89,0.22,139.09,32.22,3
2025-03-07 15:00:00,15,4,3,66,0,14.02,0.22,89.36,30.84,3
2025-03-07 16:00:00,16,4,3,66,0,13.78,0.38,46.8,35.84,2
2025-03-07 17:00:00,17,4,3,66,0,11.65,0.38,19.78,59.18,4
2025-03-07 18:00:00,18,4,3,66,0,12.81,0.38,0.0,60.93,4
2025-03-07 19:00:00,19,4,3,66,0,8.79,0.38,0.0,59.06,4
2025-03-07 20:00:00,20,4,3,66,0,8.18,0.38,0.0,42.78,3
2025-03-07 21:00:00,21,4,3,66,0,10.07,0.38,0.0,31.32,3
2025-03-07 22:00:00,22,4,3,66,0,5.45,0.22,0.0,19.87,1
2025-03-07 23:00:00,23,4,3,66,0,7.36,0.22,0.0,10.36,1
2025-03-08 00:00:00,0,5,3,67,1,2.64,0.1,0.0,6.79,1
2025-03-08 01:00:00,1,5,3,67,1,8.11,0.1,0.0,5.08,1
2025-03-08 02:00:00,2,5,3,67,1,2.54,0.1,0.0,7.5,1
2025-03-08 03:00:00,3,5,3,67,1,3.47,0.1,0.0,9.12,1
2025-03-08 04:00:00,4,5,3,67,1,4.75,0.1,0.0,4.41,1
2025-03-08 05:00:00,5,5,3,67,1,3.45,0.1,0.0,10.75,1
2025-03-08 06:00:00,6,5,3,67,1,5.67,0.1,0.0,11.33,1
2025-03-08 07:00:00,7,5,3,67,1,7.57,0.1,19.93,10.8,1
2025-03-08 08:00:00,8,5,3,67,1,9.54,0.1,59.14,23.63,2
2025-03-08 09:00:00,9,5,3,67,1,10.5,0.1,103.24,24.86,2
2025-03-08 10:00:00,10,5,3,67,1,9.87,0.15,139.93,27.82,2
2025-03-08 11:00:00,11,5,3,67,1,11.12,0.15,152.19,37.06,2
2025-03-08 12:00:00,12,5,3,67,1,17.15,0.15,169.87,53.01,4
2025-03-08 13:00:00,13,5,3,67,1,15.15,0.15,164.83,54.44,5
2025-03-08 14:00:00,14,5,3,67,1,11.9,0.15,131.77,54.26,3
2025-03-08 15:00:00,15,5,3,67,1,14.12,0.15,81.81,52.59,4
2025-03-08 16:00:00,16,5,3,67,1,13.07,0.15,58.32,46.36,4
2025-03-08 17:00:00,17,5,3,67,1,12.97,0.15,20.02,46.47,3
2025-03-08 18:00:00,18,5,3,67,1,9.99,0.15,0.0,40.13,3
2025-03-08 19:00:00,19,5,3,67,1,10.59,0.1,0.0,40.62,3
2025-03-08 20:00:00,20,5,3,67,1,13.83,0.1,0.0,34.37,2
2025-03-08 21:00:00,21,5,3,67,1,10.07,0.1,0.0,21.06,2
2025-03-08 22:00:00,22,5,3,67,1,2.64,0.1,0.0,15.32,1
2025-03-08 23:00:00,23,5,3,67,1,8.85,0.1,0.0,14.72,1
2025-03-09 00:00:00,0,6,3,68,1,7.7,0.1,0.0,11.93,1
2025-03-09 01:00:00,1,6,3,68,1,4.0,0.1,0.0,11.92,1
2025-03-09 02:00:00,2,6,3,68,1,5.66,0.1,0.0,6.68,1
2025-03-09 03:00:00,3,6,3,68,1,2.33,0.1,0.0,14.21,1
2025-03-09 04:00:00,4,6,3,68,1,3.28,0.1,0.0,5.23,1
2025-03-09 05:00:00,5,6,3,68,1,7.72,0.1,0.0,3.23,1
2025-03-09 06:00:00,6,6,3,68,1,4.97,0.1,0.0,8.41,1
2025-03-09 07:00:00,7,6,3,68,1,2.81,0.1,23.0,11.63,1
2025-03-09 08:00:00,8,6,3,68,1,7.63,0.1,57.16,15.36,1
2025-03-09 09:00:00,9,6,3,68,1,8.9,0.1,87.94,29.09,2
2025-03-09 10:00:00,10,6,3,68,1,12.74,0.15,140.78,32.92,2
2025-03-09 11:00:00,11,6,3,68,1,11.58,0.15,140.58,48.01,4
2025-03-09 12:00:00,12,6,3,68,1,11.75,0.15,165.41,47.01,3
2025-03-09 13:00:00,13,6,3,68,1,15.47,0.15,142.61,52.76,5
2025-03-09 14:00:00,14,6,3,68,1,14.12,0.15,140.78,57.43,5
2025-03-09 15:00:00,15,6,3,68,1,12.55,0.15,92.48,58.0,4
2025-03-09 16:00:00,16,6,3,68,1,16.19,0.15,55.21,60.4,5
2025-03-09 17:00:00,17,6,3,68,1,13.77,0.15,19.85,46.04,4
2025-03-09 18:00:00,18,6,3,68,1,12.59,0.15,0.0,36.86,3
2025-03-09 19:00:00,19,6,3,68,1,11.91,0.1,0.0,33.54,3
2025-03-09 20:00:00,20,6,3,68,1,8.21,0.1,0.0,47.87,4
2025-03-09 21:00:00,21,6,3,68,1,8.0,0.1,0.0,23.94,2
2025-03-09 22:00:00,22,6,3,68,1,7.77,0.1,0.0,27.93,2
2025-03-09 23:00:00,23,6,3,68,1,6.16,0.1,0.0,12.63,1
2025-03-10 00:00:00,0,0,3,69,0,8.2,0.12,0.0,12.37,1
2025-03-10 01:00:00,1,0,3,69,0,5.3,0.12,0.0,9.8,1
2025-03-10 02:00:00,2,0,3,69,0,6.07,0.12,0.0,2.5,1
2025-03-10 03:00:00,3,0,3,69,0,4.21,0.12,0.0,14.89,1
2025-03-10 04:00:00,4,0,3,69,0,6.47,0.12,0.0,2.5,1
2025-03-10 05:00:00,5,0,3,69,0,5.66,0.12,0.0,13.66,1
2025-03-10 06:00:00,6,0,3,69,0,5.68,0.12,0.0,18.31,1
2025-03-10 07:00:00,7,0,3,69,0,6.67,0.22,19.14,29.91,3
2025-03-10 08:00:00,8,0,3,69,0,5.99,0.22,45.9,35.3,3
2025-03-10 09:00:00,9,0,3,69,0,10.21,0.22,75.17,46.38,4
2025-03-10 10:00:00,10,0,3,69,0,10.41,0.22,113.96,35.11,3
2025-03-10 11:00:00,11,0,3,69,0,10.69,0.22,154.15,30.44,2
2025-03-10 12:00:00,12,0,3,69,0,14.94,0.22,170.91,29.53,2
2025-03-10 13:00:00,13,0,3,69,0,11.02,0.22,127.83,29.78,2
2025-03-10 14:00:00,14,0,3,69,0,13.18,0.22,110.88,22.18,2
2025-03-10 15:00:00,15,0,3,69,0,16.25,0.22,69.64,37.12,3
2025-03-10 16:00:00,16,0,3,69,0,14.65,0.38,56.27,41.69,3
2025-03-10 17:00:00,17,0,3,69,0,13.43,0.38,18.33,51.62,4
2025-03-10 18:00:00,18,0,3,69,0,13.23,0.38,0.0,54.15,4
2025-03-10 19:00:00,19,0,3,69,0,12.05,0.38,0.0,47.05,3
2025-03-10 20:00:00,20,0,3,69,0,7.45,0.38,0.0,51.01,4
2025-03-10 21:00:00,21,0,3,69,0,8.49,0.38,0.0,40.97,3
2025-03-10 22:00:00,22,0,3,69,0,11.13,0.22,0.0,33.45,3
2025-03-10 23:00:00,23,0,3,69,0,5.37,0.22,0.0,10.2,1
2025-03-11 00:00:00,0,1,3,70,0,5.16,0.12,0.0,2.5,1
2025-03-11 01:00:00,1,1,3,70,0,3.92,0.12,0.0,3.44,1
2025-03-11 02:00:00,2,1,3,70,0,4.33,0.12,0.0,7.96,1
2025-03-11 03:00:00,3,1,3,70,0,3.17,0.12,0.0,9.41,1
2025-03-11 04:00:00,4,1,3,70,0,5.48,0.12,0.0,4.41,1
2025-03-11 05:00:00,5,1,3,70,0,5.4,0.12,0.0,7.62,1
2025-03-11 06:00:00,6,1,3,70,0,7.34,0.12,0.0,14.36,1
2025-03-11 07:00:00,7,1,3,70,0,4.73,0.22,15.61,19.52,1
2025-03-11 08:00:00,8,1,3,70,0,7.36,0.22,55.44,37.77,3
2025-03-11 09:00:00,9,1,3,70,0,8.88,0.22,89.75,53.45,4
2025-03-11 10:00:00,10,1,3,70,0,11.54,0.22,115.97,40.4,3
2025-03-11 11:00:00,11,1,3,70,0,10.25,0.22,133.64,36.3,3
2025-03-11 12:00:00,12,1,3,70,0,14.7,0.22,155.43,22.75,2
2025-03-11 13:00:00,13,1,3,70,0,16.04,0.22,143.15,21.4,2
2025-03-11 14:00:00,14,1,3,70,0,12.18,0.22,118.68,25.59,2
2025-03-11 15:00:00,15,1,3,70,0,13.35,0.22,76.12,30.7,2
2025-03-11 16:00:00,16,1,3,70,0,13.1,0.38,42.87,33.64,2
2025-03-11 17:00:00,17,1,3,70,0,18.93,0.38,19.68,50.25,4
2025-03-11 18:00:00,18,1,3,70,0,12.01,0.38,0.0,51.92,4
2025-03-11 19:00:00,19,1,3,70,0,15.19,0.38,0.0,52.34,3
2025-03-11 20:00:00,20,1,3,70,0,8.09,0.38,0.0,51.3,4
2025-03-11 21:00:00,21,1,3,70,0,7.35,0.38,0.0,38.29,3
2025-03-11 22:00:00,22,1,3,70,0,6.67,0.22,0.0,17.69,1
2025-03-11 23:00:00,23,1,3,70,0,5.14,0.22,0.0,13.65,1
2025-03-12 00:00:00,0,2,3,71,0,5.4,0.12,0.0,6.92,1
2025-03-12 01:00:00,1,2,3,71,0,3.73,0.12,0.0,22.83,2
2025-03-12 02:00:00,2,2,3,71,0,3.01,0.12,0.0,2.5,1
2025-03-12 03:00:00,3,2,3,71,0,6.79,0.12,0.0,3.12,1
2025-03-12 04:00:00,4,2,3,71,0,7.09,0.12,0.0,10.34,1
2025-03-12 05:00:00,5,2,3,71,0,7.04,0.12,0.0,5.66,1
2025-03-12 06:00:00,6,2,3,71,0,6.99,0.12,0.0,12.16,1
2025-03-12 07:00:00,7,2,3,71,0,7.16,0.22,19.32,18.47,1
2025-03-12 08:00:00,8,2,3,71,0,7.19,0.22,53.2,34.09,3
2025-03-12 09:00:00,9,2,3,71,0,7.57,0.22,83.93,38.33,2
2025-03-12 10:00:00,10,2,3,71,0,11.5,0.22,133.05,37.69,3
2025-03-12 11:00:00,11,2,3,71,0,9.63,0.22,168.84,29.33,2
2025-03-12 12:00:00,12,2,3,71,0,11.02,0.22,137.84,24.83,2
2025-03-12 13:00:00,13,2,3,71,0,16.11,0.22,156.56,23.1,2
2025-03-12 14:00:00,14,2,3,71,0,18.11,0.22,126.91,29.99,2
2025-03-12 15:00:00,15,2,3,71,0,15.26,0.22,101.55,32.48,3
2025-03-12 16:00:00,16,2,3,71,0,16.52,0.38,60.59,34.69,3
2025-03-12 17:00:00,17,2,3,71,0,13.31,0.38,21.19,54.04,4
2025-03-12 18:00:00,18,2,3,71,0,10.34,0.38,0.0,52.02,4
2025-03-12 19:00:00,19,2,3,71,0,13.2,0.38,0.0,59.7,5
2025-03-12 20:00:00,20,2,3,71,0,11.91,0.38,0.0,43.56,3
2025-03-12 21:00:00,21,2,3,71,0,9.62,0.38,0.0,52.16,4
2025-03-12 22:00:00,22,2,3,71,0,7.7,0.22,0.0,22.85,2
2025-03-12 23:00:00,23,2,3,71,0,8.9,0.22,0.0,21.36,2
2025-03-13 00:00:00,0,3,3,72,0,4.11,0.12,0.0,2.5,1
2025-03-13 01:00:00,1,3,3,72,0,3.74,0.12,0.0,26.67,2
2025-03-13 02:00:00,2,3,3,72,0,2.77,0.12,0.0,3.95,1
2025-03-13 03:00:00,3,3,3,72,0,4.79,0.12,0.0,2.5,1
2025-03-13 04:00:00,4,3,3,72,0,2.61,0.12,0.0,8.32,1
2025-03-13 05:00:00,5,3,3,72,0,3.92,0.12,0.0,11.11,1
2025-03-13 06:00:00,6,3,3,72,0,4.67,0.12,0.0,15.27,1
2025-03-13 07:00:00,7,3,3,72,0,6.6,0.22,18.43,21.55,2
2025-03-13 08:00:00,8,3,3,72,0,5.35,0.22,48.43,33.42,2
2025-03-13 09:00:00,9,3,3,72,0,9.79,0.22,104.38,38.55,3
2025-03-13 10:00:00,10,3,3,72,0,13.41,0.22,130.5,40.23,4
2025-03-13 11:00:00,11,3,3,72,0,12.39,0.22,169.85,28.71,2
2025-03-13 12:00:00,12,3,3,72,0,16.24,0.22,178.32,30.52,2
2025-03-13 13:00:00,13,3,3,72,0,16.62,0.22,134.57,26.91,2
2025-03-13 14:00:00,14,3,3,72,0,16.01,0.22,141.43,28.76,2
2025-03-13 15:00:00,15,3,3,72,0,14.77,0.22,89.73,29.27,3
2025-03-13 16:00:00,16,3,3,72,0,14.49,0.38,63.26,33.29,2
2025-03-13 17:00:00,17,3,3,72,0,15.48,0.38,19.36,51.12,3
2025-03-13 18:00:00,18,3,3,72,0,12.37,0.38,0.0,56.7,4
2025-03-13 19:00:00,19,3,3,72,0,8.35,0.38,0.0,57.43,4
2025-03-13 20:00:00,20,3,3,72,0,11.9,0.38,0.0,45.32,3
2025-03-13 21:00:00,21,3,3,72,0,7.36,0.38,0.0,31.81,2
2025-03-13 22:00:00,22,3,3,72,0,6.4,0.22,0.0,29.01,2
2025-03-13 23:00:00,23,3,3,72,0,7.12,0.22,0.0,12.17,1
2025-03-14 00:00:00,0,4,3,73,0,6.04,0.12,0.0,9.67,1
2025-03-14 01:00:00,1,4,3,73,0,2.61,0.12,0.0,7.4,1
2025-03-14 02:00:00,2,4,3,73,0,5.27,0.12,0.0,2.67,1
2025-03-14 03:00:00,3,4,3,73,0,6.7,0.12,0.0,7.27,1
2025-03-14 04:00:00,4,4,3,73,0,2.68,0.12,0.0,9.46,1
2025-03-14 05:00:00,5,4,3,73,0,7.98,0.12,0.0,14.21,1
2025-03-14 06:00:00,6,4,3,73,0,3.11,0.12,0.0,12.5,1
2025-03-14 07:00:00,7,4,3,73,0,11.5,0.22,15.15,22.23,2
2025-03-14 08:00:00,8,4,3,73,0,7.65,0.22,58.4,42.39,3
2025-03-14 09:00:00,9,4,3,73,0,10.06,0.22,97.48,43.29,3
2025-03-14 10:00:00,10,4,3,73,0,7.28,0.22,130.97,36.07,3
2025-03-14 11:00:00,11,4,3,73,0,12.14,0.22,135.29,35.85,3
2025-03-14 12:00:00,12,4,3,73,0,13.76,0.22,170.26,32.12,3
2025-03-14 13:00:00,13,4,3,73,0,13.92,0.22,158.38,23.88,2
2025-03-14 14:00:00,14,4,3,73,0,13.47,0.22,124.0,30.68,2
2025-03-14 15:00:00,15,4,3,73,0,12.87,0.22,102.81,31.43,2
2025-03-14 16:00:00,16,4,3,73,0,16.86,0.38,55.27,38.8,3
2025-03-14 17:00:00,17,4,3,73,0,14.16,0.38,22.36,50.03,4
2025-03-14 18:00:00,18,4,3,73,0,16.38,0.38,0.0,52.04,4
2025-03-14 19:00:00,19,4,3,73,0,11.21,0.38,0.0,52.68,3
2025-03-14 20:00:00,20,4,3,73,0,10.19,0.38,0.0,48.81,3
2025-03-14 21:00:00,21,4,3,73,0,11.4,0.38,0.0,45.35,3
2025-03-14 22:00:00,22,4,3,73,0,5.23,0.22,0.0,22.78,2
2025-03-14 23:00:00,23,4,3,73,0,4.84,0.22,0.0,11.17,1
2025-03-15 00:00:00,0,5,3,74,1,8.57,0.1,0.0,6.91,1
2025-03-15 01:00:00,1,5,3,74,1,3.24,0.1,0.0,11.8,1
2025-03-15 02:00:00,2,5,3,74,1,1.45,0.1,0.0,10.2,1
2025-03-15 03:00:00,3,5,3,74,1,8.65,0.1,0.0,5.22,1
2025-03-15 04:00:00,4,5,3,74,1,2.3,0.1,0.0,19.8,2
2025-03-15 05:00:00,5,5,3,74,1,5.95,0.1,0.0,10.07,1
2025-03-15 06:00:00,6,5,3,74,1,6.52,0.1,0.0,11.32,1
2025-03-15 07:00:00,7,5,3,74,1,1.79,0.1,23.84,15.18,1
2025-03-15 08:00:00,8,5,3,74,1,8.08,0.1,52.26,17.53,1
2025-03-15 09:00:00,9,5,3,74,1,10.81,0.1,106.23,37.01,3
2025-03-15 10:00:00,10,5,3,74,1,11.92,0.15,145.92,27.23,2
2025-03-15 11:00:00,11,5,3,74,1,14.22,0.15,162.95,40.68,3
2025-03-15 12:00:00,12,5,3,74,1,12.67,0.15,132.19,45.4,4
2025-03-15 13:00:00,13,5,3,74,1,15.67,0.15,151.82,52.79,4
2025-03-15 14:00:00,14,5,3,74,1,13.36,0.15,124.87,62.54,4
2025-03-15 15:00:00,15,5,3,74,1,12.09,0.15,88.33,66.04,5
2025-03-15 16:00:00,16,5,3,74,1,12.15,0.15,57.43,47.09,3
2025-03-15 17:00:00,17,5,3,74,1,11.32,0.15,23.18,48.06,4
2025-03-15 18:00:00,18,5,3,74,1,15.47,0.15,0.0,45.24,4
2025-03-15 19:00:00,19,5,3,74,1,9.38,0.1,0.0,33.31,2
2025-03-15 20:00:00,20,5,3,74,1,11.76,0.1,0.0,31.22,2
2025-03-15 21:00:00,21,5,3,74,1,9.38,0.1,0.0,26.61,2
2025-03-15 22:00:00,22,5,3,74,1,8.41,0.1,0.0,28.07,2
2025-03-15 23:00:00,23,5,3,74,1,10.14,0.1,0.0,7.67,1
2025-03-16 00:00:00,0,6,3,75,1,5.65,0.1,0.0,9.01,1
2025-03-16 01:00:00,1,6,3,75,1,6.96,0.1,0.0,10.28,1
2025-03-16 02:00:00,2,6,3,75,1,5.31,0.1,0.0,16.03,1
2025-03-16 03:00:00,3,6,3,75,1,4.76,0.1,0.0,5.14,1
2025-03-16 04:00:00,4,6,3,75,1,9.83,0.1,0.0,3.69,1
2025-03-16 05:00:00,5,6,3,75,1,2.85,0.1,0.0,6.5,1
2025-03-16 06:00:00,6,6,3,75,1,9.1,0.1,0.0,9.76,1
2025-03-16 07:00:00,7,6,3,75,1,8.88,0.1,22.35,15.96,1
2025-03-16 08:00:00,8,6,3,75,1,7.81,0.1,61.68,25.55,2
2025-03-16 09:00:00,9,6,3,75,1,13.32,0.1,99.7,28.44,2
2025-03-16 10:00:00,10,6,3,75,1,7.66,0.15,110.04,29.69,2
2025-03-16 11:00:00,11,6,3,75,1,11.52,0.15,136.68,41.63,3
2025-03-16 12:00:00,12,6,3,75,1,11.18,0.15,165.39,49.55,4
2025-03-16 13:00:00,13,6,3,75,1,15.22,0.15,117.13,55.43,5
2025-03-16 14:00:00,14,6,3,75,1,12.67,0.15,124.92,54.72,4
2025-03-16 15:00:00,15,6,3,75,1,15.93,0.15,108.29,55.58,4
2025-03-16 16:00:00,16,6,3,75,1,14.52,0.15,55.27,48.27,3
2025-03-16 17:00:00,17,6,3,75,1,13.43,0.15,16.82,55.28,5
2025-03-16 18:00:00,18,6,3,75,1,14.38,0.15,0.0,48.46,4
2025-03-16 19:00:00,19,6,3,75,1,12.03,0.1,0.0,43.32,3
2025-03-16 20:00:00,20,6,3,75,1,9.18,0.1,0.0,32.52,3
2025-03-16 21:00:00,21,6,3,75,1,15.66,0.1,0.0,25.86,2
2025-03-16 22:00:00,22,6,3,75,1,7.79,0.1,0.0,15.34,1
2025-03-16 23:00:00,23,6,3,75,1,3.13,0.1,0.0,18.06,2
2025-03-17 00:00:00,0,0,3,76,0,4.99,0.12,0.0,13.77,1
2025-03-17 01:00:00,1,0,3,76,0,3.35,0.12,0.0,11.84,1
2025-03-17 02:00:00,2,0,3,76,0,7.04,0.12,0.0,2.5,1
2025-03-17 03:00:00,3,0,3,76,0,5.86,0.12,0.0,6.23,1
2025-03-17 04:00:00,4,0,3,76,0,6.18,0.12,0.0,2.5,1
2025-03-17 05:00:00,5,0,3,76,0,5.14,0.12,0.0,14.69,1
2025-03-17 06:00:00,6,0,3,76,0,6.12,0.12,0.0,14.31,1
2025-03-17 07:00:00,7,0,3,76,0,6.97,0.22,17.57,17.45,1
2025-03-17 08:00:00,8,0,3,76,0,8.76,0.22,64.6,35.19,2
2025-03-17 09:00:00,9,0,3,76,0,11.88,0.22,94.75,50.59,4
2025-03-17 10:00:00,10,0,3,76,0,12.18,0.22,140.59,49.05,3
2025-03-17 11:00:00,11,0,3,76,0,13.71,0.22,173.92,29.74,2
2025-03-17 12:00:00,12,0,3,76,0,14.75,0.22,145.34,27.25,2
2025-03-17 13:00:00,13,0,3,76,0,16.31,0.22,150.05,22.59,2
2025-03-17 14:00:00,14,0,3,76,0,15.62,0.22,147.65,33.39,3
2025-03-17 15:00:00,15,0,3,76,0,15.93,0.22,104.6,33.75,2
2025-03-17 16:00:00,16,0,3,76,0,17.42,0.38,51.56,35.3,3
2025-03-17 17:00:00,17,0,3,76,0,13.21,0.38,18.46,50.9,5
2025-03-17 18:00:00,18,0,3,76,0,12.04,0.38,0.0,58.15,4
2025-03-17 19:00:00,19,0,3,76,0,10.34,0.38,0.0,55.05,4
2025-03-17 20:00:00,20,0,3,76,0,11.87,0.38,0.0,46.53,4
2025-03-17 21:00:00,21,0,3,76,0,6.51,0.38,0.0,42.23,3
2025-03-17 22:00:00,22,0,3,76,0,9.84,0.22,0.0,26.47,2
2025-03-17 23:00:00,23,0,3,76,0,7.49,0.22,0.0,10.53,1
2025-03-18 00:00:00,0,1,3,77,0,9.1,0.12,0.0,2.5,1
2025-03-18 01:00:00,1,1,3,77,0,4.69,0.12,0.0,6.54,1
2025-03-18 02:00:00,2,1,3,77,0,5.13,0.12,0.0,5.07,1
2025-03-18 03:00:00,3,1,3,77,0,7.61,0.12,0.0,5.08,1
2025-03-18 04:00:00,4,1,3,77,0,8.3,0.12,0.0,2.5,1
2025-03-18 05:00:00,5,1,3,77,0,4.67,0.12,0.0,12.14,1
2025-03-18 06:00:00,6,1,3,77,0,7.19,0.12,0.0,16.61,1
2025-03-18 07:00:00,7,1,3,77,0,8.45,0.22,23.69,24.31,2
2025-03-18 08:00:00,8,1,3,77,0,9.82,0.22,58.57,30.29,2
2025-03-18 09:00:00,9,1,3,77,0,9.84,0.22,101.74,38.4,3
2025-03-18 10:00:00,10,1,3,77,0,14.22,0.22,131.85,33.99,2
2025-03-18 11:00:00,11,1,3,77,0,9.09,0.22,174.94,26.79,2
2025-03-18 12:00:00,12,1,3,77,0,13.06,0.22,169.84,21.12,2
2025-03-18 13:00:00,13,1,3,77,0,15.59,0.22,139.14,19.26,2
2025-03-18 14:00:00,14,1,3,77,0,16.11,0.22,132.45,22.61,2
2025-03-18 15:00:00,15,1,3,77,0,18.07,0.22,91.57,44.11,3
2025-03-18 16:00:00,16,1,3,77,0,17.59,0.38,58.6,38.24,3
2025-03-18 17:00:00,17,1,3,77,0,14.12,0.38,20.13,47.25,4
2025-03-18 18:00:00,18,1,3,77,0,16.5,0.38,0.0,58.14,4
2025-03-18 19:00:00,19,1,3,77,0,11.44,0.38,0.0,48.9,3
2025-03-18 20:00:00,20,1,3,77,0,13.52,0.38,0.0,46.7,3
2025-03-18 21:00:00,21,1,3,77,0,13.99,0.38,0.0,37.54,2
2025-03-18 22:00:00,22,1,3,77,0,11.5,0.22,0.0,36.2,2
2025-03-18 23:00:00,23,1,3,77,0,8.08,0.22,0.0,15.19,1
2025-03-19 00:00:00,0,2,3,78,0,6.32,0.12,0.0,3.03,1
2025-03-19 01:00:00,1,2,3,78,0,3.13,0.12,0.0,2.5,1
2025-03-19 02:00:00,2,2,3,78,0,6.31,0.12,0.0,5.36,1
2025-03-19 03:00:00,3,2,3,78,0,3.29,0.12,0.0,3.36,1
2025-03-19 04:00:00,4,2,3,78,0,4.1,0.12,0.0,4.48,1
2025-03-19 05:00:00,5,2,3,78,0,3.81,0.12,0.0,9.08,1
2025-03-19 06:00:00,6,2,3,78,0,6.06,0.12,0.0,12.16,1
2025-03-19 07:00:00,7,2,3,78,0,7.96,0.22,18.33,18.73,2
2025-03-19 08:00:00,8,2,3,78,0,9.77,0.22,57.76,36.76,3
2025-03-19 09:00:00,9,2,3,78,0,9.32,0.22,104.65,38.41,3
2025-03-19 10:00:00,10,2,3,78,0,13.95,0.22,149.38,42.74,4
2025-03-19 11:00:00,11,2,3,78,0,12.6,0.22,171.26,27.0,2
2025-03-19 12:00:00,12,2,3,78,0,12.48,0.22,185.35,31.29,3
2025-03-19 13:00:00,13,2,3,78,0,15.3,0.22,173.09,20.88,1
2025-03-19 14:00:00,14,2,3,78,0,19.27,0.22,109.78,35.1,3
2025-03-19 15:00:00,15,2,3,78,0,16.19,0.22,101.74,27.2,2
2025-03-19 16:00:00,16,2,3,78,0,14.62,0.38,64.34,43.0,3
2025-03-19 17:00:00,17,2,3,78,0,11.79,0.38,18.68,45.39,4
2025-03-19 18:00:00,18,2,3,78,0,13.61,0.38,0.0,49.76,3
2025-03-19 19:00:00,19,2,3,78,0,13.49,0.38,0.0,51.54,4
2025-03-19 20:00:00,20,2,3,78,0,11.04,0.38,0.0,56.61,5
2025-03-19 21:00:00,21,2,3,78,0,7.19,0.38,0.0,32.53,2
2025-03-19 22:00:00,22,2,3,78,0,7.52,0.22,0.0,27.35,2
2025-03-19 23:00:00,23,2,3,78,0,10.93,0.22,0.0,13.42,1
2025-03-20 00:00:00,0,3,3,79,0,10.0,0.12,0.0,5.32,1
2025-03-20 01:00:00,1,3,3,79,0,4.57,0.12,0.0,3.51,1
2025-03-20 02:00:00,2,3,3,79,0,7.19,0.12,0.0,2.5,1
2025-03-20 03:00:00,3,3,3,79,0,3.32,0.12,0.0,7.63,1
2025-03-20 04:00:00,4,3,3,79,0,8.65,0.12,0.0,2.5,1
2025-03-20 05:00:00,5,3,3,79,0,6.83,0.12,0.0,4.15,1
2025-03-20 06:00:00,6,3,3,79,0,9.04,0.12,0.0,17.63,1
2025-03-20 07:00:00,7,3,3,79,0,4.74,0.22,17.69,23.51,1
2025-03-20 08:00:00,8,3,3,79,0,10.73,0.22,48.69,40.14,3
2025-03-20 09:00:00,9,3,3,79,0,10.66,0.22,94.8,35.98,3
2025-03-20 10:00:00,10,3,3,79,0,13.67,0.22,134.4,49.64,4
2025-03-20 11:00:00,11,3,3,79,0,15.0,0.22,161.47,33.82,3
2025-03-20 12:00:00,12,3,3,79,0,14.34,0.22,170.93,35.92,3
2025-03-20 13:00:00,13,3,3,79,0,13.8,0.22,139.63,28.52,2
2025-03-20 14:00:00,14,3,3,79,0,17.06,0.22,150.24,23.92,2
2025-03-20 15:00:00,15,3,3,79,0,15.55,0.22,91.66,36.4,3
2025-03-20 16:00:00,16,3,3,79,0,13.76,0.38,61.56,46.29,4
2025-03-20 17:00:00,17,3,3,79,0,13.16,0.38,21.12,50.02,3
2025-03-20 18:00:00,18,3,3,79,0,11.25,0.38,0.0,58.16,5
2025-03-20 19:00:00,19,3,3,79,0,12.15,0.38,0.0,51.6,4
2025-03-20 20:00:00,20,3,3,79,0,14.17,0.38,0.0,49.87,4
2025-03-20 21:00:00,21,3,3,79,0,11.03,0.38,0.0,34.47,3
2025-03-20 22:00:00,22,3,3,79,0,8.32,0.22,0.0,23.74,2
2025-03-20 23:00:00,23,3,3,79,0,9.78,0.22,0.0,21.16,1
2025-03-21 00:00:00,0,4,3,80,0,5.63,0.12,0.0,2.5,1
2025-03-21 01:00:00,1,4,3,80,0,6.69,0.12,0.0,7.35,1
2025-03-21 02:00:00,2,4,3,80,0,5.64,0.12,0.0,9.38,1
2025-03-21 03:00:00,3,4,3,80,0,7.39,0.12,0.0,24.14,2
2025-03-21 04:00:00,4,4,3,80,0,2.84,0.12,0.0,5.6,1
2025-03-21 05:00:00,5,4,3,80,0,4.8,0.12,0.0,18.68,2
2025-03-21 06:00:00,6,4,3,80,0,4.02,0.12,0.0,14.97,1
2025-03-21 07:00:00,7,4,3,80,0,7.81,0.22,18.7,20.32,2
2025-03-21 08:00:00,8,4,3,80,0,11.96,0.22,51.37,31.73,2
2025-03-21 09:00:00,9,4,3,80,0,9.82,0.22,92.72,41.61,3
2025-03-21 10:00:00,10,4,3,80,0,11.1,0.22,141.05,34.56,3
2025-03-21 11:00:00,11,4,3,80,0,15.07,0.22,168.43,43.8,4
2025-03-21 12:00:00,12,4,3,80,0,16.5,0.22,178.03,22.86,2
2025-03-21 13:00:00,13,4,3,80,0,14.98,0.22,122.72,31.51,3
2025-03-21 14:00:00,14,4,3,80,0,17.03,0.22,132.86,32.5,2
2025-03-21 15:00:00,15,4,3,80,0,13.67,0.22,95.48,34.01,3
2025-03-21 16:00:00,16,4,3,80,0,18.41,0.38,46.15,36.61,3
2025-03-21 17:00:00,17,4,3,80,0,19.46,0.38,21.77,48.29,4
2025-03-21 18:00:00,18,4,3,80,0,15.41,0.38,0.0,60.59,5
2025-03-21 19:00:00,19,4,3,80,0,9.16,0.38,0.0,56.16,4
2025-03-21 20:00:00,20,4,3,80,0,11.01,0.38,0.0,52.94,3
2025-03-21 21:00:00,21,4,3,80,0,12.05,0.38,0.0,31.16,2
2025-03-21 22:00:00,22,4,3,80,0,8.69,0.22,0.0,27.36,2
2025-03-21 23:00:00,23,4,3,80,0,10.87,0.22,0.0,13.2,1
2025-03-22 00:00:00,0,5,3,81,1,8.63,0.1,0.0,5.0,1
2025-03-22 01:00:00,1,5,3,81,1,5.24,0.1,0.0,5.68,1
2025-03-22 02:00:00,2,5,3,81,1,6.22,0.1,0.0,10.91,1
2025-03-22 03:00:00,3,5,3,81,1,4.2,0.1,0.0,10.2,1
2025-03-22 04:00:00,4,5,3,81,1,5.79,0.1,0.0,2.5,1
2025-03-22 05:00:00,5,5,3,81,1,5.55,0.1,0.0,18.73,2
2025-03-22 06:00:00,6,5,3,81,1,9.8,0.1,0.0,12.26,1
2025-03-22 07:00:00,7,5,3,81,1,12.72,0.1,17.8,10.84,1
2025-03-22 08:00:00,8,5,3,81,1,6.83,0.1,66.67,22.88,2
2025-03-22 09:00:00,9,5,3,81,1,7.14,0.1,96.36,32.12,2
2025-03-22 10:00:00,10,5,3,81,1,11.79,0.15,124.17,33.67,3
2025-03-22 11:00:00,11,5,3,81,1,10.45,0.15,169.71,41.47,4
2025-03-22 12:00:00,12,5,3,81,1,14.61,0.15,188.58,47.57,3
2025-03-22 13:00:00,13,5,3,81,1,16.81,0.15,132.92,57.36,5
2025-03-22 14:00:00,14,5,3,81,1,18.8,0.15,124.44,57.99,4
2025-03-22 15:00:00,15,5,3,81,1,16.39,0.15,110.07,58.6,4
2025-03-22 16:00:00,16,5,3,81,1,15.43,0.15,60.98,54.13,4
2025-03-22 17:00:00,17,5,3,81,1,11.36,0.15,24.83,49.42,4
2025-03-22 18:00:00,18,5,3,81,1,14.57,0.15,0.0,45.01,3
2025-03-22 19:00:00,19,5,3,81,1,13.63,0.1,0.0,42.46,3
2025-03-22 20:00:00,20,5,3,81,1,13.56,0.1,0.0,38.69,3
2025-03-22 21:00:00,21,5,3,81,1,9.57,0.1,0.0,29.75,2
2025-03-22 22:00:00,22,5,3,81,1,8.82,0.1,0.0,17.42,1
2025-03-22 23:00:00,23,5,3,81,1,5.53,0.1,0.0,11.29,1
2025-03-23 00:00:00,0,6,3,82,1,3.03,0.1,0.0,18.97,1
2025-03-23 01:00:00,1,6,3,82,1,4.6,0.1,0.0,2.53,1
2025-03-23 02:00:00,2,6,3,82,1,3.17,0.1,0.0,5.28,1
2025-03-23 03:00:00,3,6,3,82,1,6.82,0.1,0.0,9.01,1
2025-03-23 04:00:00,4,6,3,82,1,5.28,0.1,0.0,15.71,1
2025-03-23 05:00:00,5,6,3,82,1,5.74,0.1,0.0,15.18,1
2025-03-23 06:00:00,6,6,3,82,1,5.64,0.1,0.0,11.23,1
2025-03-23 07:00:00,7,6,3,82,1,2.18,0.1,20.33,9.34,1
2025-03-23 08:00:00,8,6,3,82,1,12.87,0.1,65.79,16.44,1
2025-03-23 09:00:00,9,6,3,82,1,9.14,0.1,112.77,27.36,2
2025-03-23 10:00:00,10,6,3,82,1,11.61,0.15,98.91,36.55,3
2025-03-23 11:00:00,11,6,3,82,1,10.73,0.15,146.17,48.8,3
2025-03-23 12:00:00,12,6,3,82,1,16.62,0.15,167.43,49.32,4
2025-03-23 13:00:00,13,6,3,82,1,15.76,0.15,139.44,49.73,3
2025-03-23 14:00:00,14,6,3,82,1,14.32,0.15,119.42,50.12,3
2025-03-23 15:00:00,15,6,3,82,1,15.36,0.15,105.66,52.35,4
2025-03-23 16:00:00,16,6,3,82,1,19.33,0.15,67.05,54.58,4
2025-03-23 17:00:00,17,6,3,82,1,15.33,0.15,15.89,47.23,3
2025-03-23 18:00:00,18,6,3,82,1,14.32,0.15,0.0,38.69,3
2025-03-23 19:00:00,19,6,3,82,1,11.76,0.1,0.0,39.56,3
2025-03-23 20:00:00,20,6,3,82,1,8.65,0.1,0.0,40.57,3
2025-03-23 21:00:00,21,6,3,82,1,10.82,0.1,0.0,19.03,2
2025-03-23 22:00:00,22,6,3,82,1,10.5,0.1,0.0,16.5,1
2025-03-23 23:00:00,23,6,3,82,1,10.84,0.1,0.0,18.58,1
2025-03-24 00:00:00,0,0,3,83,0,3.27,0.12,0.0,2.59,1
2025-03-24 01:00:00,1,0,3,83,0,4.72,0.12,0.0,5.99,1
2025-03-24 02:00:00,2,0,3,83,0,5.31,0.12,0.0,9.45,1
2025-03-24 03:00:00,3,0,3,83,0,6.3,0.12,0.0,19.37,1
2025-03-24 04:00:00,4,0,3,83,0,6.18,0.12,0.0,10.7,1
2025-03-24 05:00:00,5,0,3,83,0,6.73,0.12,0.0,4.4,1
2025-03-24 06:00:00,6,0,3,83,0,8.58,0.12,0.0,23.09,2
2025-03-24 07:00:00,7,0,3,83,0,7.0,0.22,21.16,25.05,2
2025-03-24 08:00:00,8,0,3,83,0,11.88,0.22,64.09,30.9,2
2025-03-24 09:00:00,9,0,3,83,0,12.17,0.22,105.21,35.16,2
2025-03-24 10:00:00,10,0,3,83,0,11.96,0.22,116.92,33.61,3
2025-03-24 11:00:00,11,0,3,83,0,17.0,0.22,138.98,28.76,2
2025-03-24 12:00:00,12,0,3,83,0,17.95,0.22,167.2,24.66,2
2025-03-24 13:00:00,13,0,3,83,0,17.5,0.22,173.66,24.6,2
2025-03-24 14:00:00,14,0,3,83,0,10.1,0.22,153.71,29.82,2
2025-03-24 15:00:00,15,0,3,83,0,19.46,0.22,103.92,27.51,2
2025-03-24 16:00:00,16,0,3,83,0,17.72,0.38,67.43,34.63,2
2025-03-24 17:00:00,17,0,3,83,0,19.65,0.38,17.24,48.56,3
2025-03-24 18:00:00,18,0,3,83,0,17.31,0.38,0.0,55.41,5
2025-03-24 19:00:00,19,0,3,83,0,16.96,0.38,0.0,56.63,4
2025-03-24 20:00:00,20,0,3,83,0,14.35,0.38,0.0,45.78,3
2025-03-24 21:00:00,21,0,3,83,0,14.0,0.38,0.0,39.79,3
2025-03-24 22:00:00,22,0,3,83,0,14.0,0.22,0.0,28.24,2
2025-03-24 23:00:00,23,0,3,83,0,9.24,0.22,0.0,17.77,1
2025-03-25 00:00:00,0,1,3,84,0,4.78,0.12,0.0,2.5,1
2025-03-25 01:00:00,1,1,3,84,0,6.52,0.12,0.0,11.83,1
2025-03-25 02:00:00,2,1,3,84,0,7.41,0.12,0.0,12.82,1
2025-03-25 03:00:00,3,1,3,84,0,6.61,0.12,0.0,2.5,1
2025-03-25 04:00:00,4,1,3,84,0,4.14,0.12,0.0,18.99,1
2025-03-25 05:00:00,5,1,3,84,0,3.87,0.12,0.0,9.52,1
2025-03-25 06:00:00,6,1,3,84,0,6.45,0.12,0.0,12.49,1
2025-03-25 07:00:00,7,1,3,84,0,10.58,0.22,20.37,21.41,2
2025-03-25 08:00:00,8,1,3,84,0,13.33,0.22,48.5,30.1,2
2025-03-25 09:00:00,9,1,3,84,0,13.3,0.22,104.35,49.99,5
2025-03-25 10:00:00,10,1,3,84,0,14.87,0.22,134.99,36.49,3
2025-03-25 11:00:00,11,1,3,84,0,13.8,0.22,182.08,29.39,2
2025-03-25 12:00:00,12,1,3,84,0,11.51,0.22,158.32,20.01,1
2025-03-25 13:00:00,13,1,3,84,0,14.88,0.22,154.55,25.16,2
2025-03-25 14:00:00,14,1,3,84,0,15.78,0.22,133.25,26.09,2
2025-03-25 15:00:00,15,1,3,84,0,15.47,0.22,101.58,41.3,4
2025-03-25 16:00:00,16,1,3,84,0,16.4,0.38,56.48,31.97,3
2025-03-25 17:00:00,17,1,3,84,0,16.68,0.38,20.54,49.79,3
2025-03-25 18:00:00,18,1,3,84,0,16.7,0.38,0.0,50.81,4
2025-03-25 19:00:00,19,1,3,84,0,13.41,0.38,0.0,52.11,4
2025-03-25 20:00:00,20,1,3,84,0,8.95,0.38,0.0,47.28,4
2025-03-25 21:00:00,21,1,3,84,0,10.5,0.38,0.0,45.43,3
2025-03-25 22:00:00,22,1,3,84,0,10.26,0.22,0.0,18.54,2
2025-03-25 23:00:00,23,1,3,84,0,11.41,0.22,0.0,8.6,1
2025-03-26 00:00:00,0,2,3,85,0,6.95,0.12,0.0,2.5,1
2025-03-26 01:00:00,1,2,3,85,0,8.32,0.12,0.0,5.6,1
2025-03-26 02:00:00,2,2,3,85,0,7.38,0.12,0.0,2.5,1
2025-03-26 03:00:00,3,2,3,85,0,6.71,0.12,0.0,2.5,1
2025-03-26 04:00:00,4,2,3,85,0,8.66,0.12,0.0,8.12,1
2025-03-26 05:00:00,5,2,3,85,0,5.97,0.12,0.0,6.8,1
2025-03-26 06:00:00,6,2,3,85,0,6.94,0.12,0.0,21.3,2
2025-03-26 07:00:00,7,2,3,85,0,9.1,0.22,21.14,25.98,2
2025-03-26 08:00:00,8,2,3,85,0,9.05,0.22,63.32,37.61,3
2025-03-26 09:00:00,9,2,3,85,0,12.64,0.22,91.32,38.48,3
2025-03-26 10:00:00,10,2,3,85,0,11.49,0.22,117.14,46.0,4
2025-03-26 11:00:00,11,2,3,85,0,14.58,0.22,149.06,26.79,2
2025-03-26 12:00:00,12,2,3,85,0,14.96,0.22,192.87,23.48,2
2025-03-26 13:00:00,13,2,3,85,0,16.38,0.22,130.52,23.92,2
2025-03-26 14:00:00,14,2,3,85,0,15.53,0.22,124.82,31.97,3
2025-03-26 15:00:00,15,2,3,85,0,15.95,0.22,114.68,27.37,2
2025-03-26 16:00:00,16,2,3,85,0,16.65,0.38,64.05,39.86,4
2025-03-26 17:00:00,17,2,3,85,0,16.36,0.38,22.89,44.83,3
2025-03-26 18:00:00,18,2,3,85,0,15.15,0.38,0.0,54.17,4
2025-03-26 19:00:00,19,2,3,85,0,17.54,0.38,0.0,61.15,4
2025-03-26 20:00:00,20,2,3,85,0,10.94,0.38,0.0,45.74,4
2025-03-26 21:00:00,21,2,3,85,0,11.5,0.38,0.0,33.04,3
2025-03-26 22:00:00,22,2,3,85,0,7.18,0.22,0.0,21.45,2
2025-03-26 23:00:00,23,2,3,85,0,9.87,0.22,0.0,19.34,2
2025-03-27 00:00:00,0,3,3,86,0,6.02,0.12,0.0,2.5,1
2025-03-27 01:00:00,1,3,3,86,0,6.9,0.12,0.0,8.06,1
2025-03-27 02:00:00,2,3,3,86,0,6.21,0.12,0.0,6.02,1
2025-03-27 03:00:00,3,3,3,86,0,7.35,0.12,0.0,7.45,1
2025-03-27 04:00:00,4,3,3,86,0,5.85,0.12,0.0,4.93,1
2025-03-27 05:00:00,5,3,3,86,0,6.27,0.12,0.0,7.57,1
2025-03-27 06:00:00,6,3,3,86,0,11.12,0.12,0.0,17.72,1
2025-03-27 07:00:00,7,3,3,86,0,9.86,0.22,18.14,24.63,2
2025-03-27 08:00:00,8,3,3,86,0,9.37,0.22,51.11,28.61,2
2025-03-27 09:00:00,9,3,3,86,0,11.29,0.22,96.42,50.9,4
2025-03-27 10:00:00,10,3,3,86,0,16.37,0.22,107.48,36.01,3
2025-03-27 11:00:00,11,3,3,86,0,13.82,0.22,131.48,36.46,2
2025-03-27 12:00:00,12,3,3,86,0,13.94,0.22,193.94,30.65,2
2025-03-27 13:00:00,13,3,3,86,0,14.75,0.22,166.98,26.43,2
2025-03-27 14:00:00,14,3,3,86,0,15.52,0.22,129.07,29.94,2
2025-03-27 15:00:00,15,3,3,86,0,15.6,0.22,115.32,45.86,3
2025-03-27 16:00:00,16,3,3,86,0,14.06,0.38,46.78,30.89,2
2025-03-27 17:00:00,17,3,3,86,0,13.87,0.38,25.46,50.71,3
2025-03-27 18:00:00,18,3,3,86,0,13.66,0.38,0.0,61.03,4
2025-03-27 19:00:00,19,3,3,86,0,15.47,0.38,0.0,49.65,4
2025-03-27 20:00:00,20,3,3,86,0,12.32,0.38,0.0,51.02,4
2025-03-27 21:00:00,21,3,3,86,0,11.37,0.38,0.0,30.08,2
2025-03-27 22:00:00,22,3,3,86,0,13.03,0.22,0.0,23.72,2
2025-03-27 23:00:00,23,3,3,86,0,11.88,0.22,0.0,14.32,1
2025-03-28 00:00:00,0,4,3,87,0,7.85,0.12,0.0,2.5,1
2025-03-28 01:00:00,1,4,3,87,0,6.36,0.12,0.0,4.94,1
2025-03-28 02:00:00,2,4,3,87,0,5.39,0.12,0.0,6.49,1
2025-03-28 03:00:00,3,4,3,87,0,8.34,0.12,0.0,2.5,1
2025-03-28 04:00:00,4,4,3,87,0,6.71,0.12,0.0,12.92,1
2025-03-28 05:00:00,5,4,3,87,0,6.85,0.12,0.0,10.06,1
2025-03-28 06:00:00,6,4,3,87,0,6.79,0.12,0.0,20.34,1
2025-03-28 07:00:00,7,4,3,87,0,7.91,0.22,23.38,24.62,2
2025-03-28 08:00:00,8,4,3,87,0,11.3,0.22,60.6,47.75,3
2025-03-28 09:00:00,9,4,3,87,0,9.32,0.22,89.61,47.47,4
2025-03-28 10:00:00,10,4,3,87,0,15.23,0.22,134.23,37.87,3
2025-03-28 11:00:00,11,4,3,87,0,13.38,0.22,151.54,27.79,2
2025-03-28 12:00:00,12,4,3,87,0,15.19,0.22,185.0,21.88,2
2025-03-28 13:00:00,13,4,3,87,0,13.61,0.22,144.03,20.43,2
2025-03-28 14:00:00,14,4,3,87,0,16.76,0.22,148.96,30.55,2
2025-03-28 15:00:00,15,4,3,87,0,16.29,0.22,90.37,44.5,4
2025-03-28 16:00:00,16,4,3,87,0,16.68,0.38,58.5,38.2,2
2025-03-28 17:00:00,17,4,3,87,0,19.22,0.38,24.49,59.62,4
2025-03-28 18:00:00,18,4,3,87,0,15.84,0.38,0.0,55.05,4
2025-03-28 19:00:00,19,4,3,87,0,12.86,0.38,0.0,54.47,4
2025-03-28 20:00:00,20,4,3,87,0,11.82,0.38,0.0,44.61,3
2025-03-28 21:00:00,21,4,3,87,0,13.14,0.38,0.0,31.79,2
2025-03-28 22:00:00,22,4,3,87,0,13.25,0.22,0.0,19.85,2
2025-03-28 23:00:00,23,4,3,87,0,10.01,0.22,0.0,22.38,1
2025-03-29 00:00:00,0,5,3,88,1,9.96,0.1,0.0,2.68,1
2025-03-29 01:00:00,1,5,3,88,1,9.0,0.1,0.0,4.41,1
2025-03-29 02:00:00,2,5,3,88,1,10.12,0.1,0.0,6.56,1
2025-03-29 03:00:00,3,5,3,88,1,3.22,0.1,0.0,2.5,1
2025-03-29 04:00:00,4,5,3,88,1,8.62,0.1,0.0,6.1,1
2025-03-29 05:00:00,5,5,3,88,1,9.75,0.1,0.0,4.75,1
2025-03-29 06:00:00,6,5,3,88,1,5.9,0.1,0.0,10.17,1
2025-03-29 07:00:00,7,5,3,88,1,7.84,0.1,18.5,30.35,2
2025-03-29 08:00:00,8,5,3,88,1,9.12,0.1,53.21,17.25,1
2025-03-29 09:00:00,9,5,3,88,1,10.66,0.1,110.87,27.39,2
2025-03-29 10:00:00,10,5,3,88,1,12.45,0.15,129.32,37.68,2
2025-03-29 11:00:00,11,5,3,88,1,15.1,0.15,179.68,38.99,3
2025-03-29 12:00:00,12,5,3,88,1,17.38,0.15,179.6,42.73,3
2025-03-29 13:00:00,13,5,3,88,1,18.61,0.15,186.14,49.21,4
2025-03-29 14:00:00,14,5,3,88,1,15.27,0.15,149.01,55.82,4
2025-03-29 15:00:00,15,5,3,88,1,15.43,0.15,116.59,47.84,3
2025-03-29 16:00:00,16,5,3,88,1,19.58,0.15,64.35,50.24,4
2025-03-29 17:00:00,17,5,3,88,1,17.74,0.15,23.68,48.14,3
2025-03-29 18:00:00,18,5,3,88,1,15.82,0.15,0.0,39.64,3
2025-03-29 19:00:00,19,5,3,88,1,15.56,0.1,0.0,41.37,3
2025-03-29 20:00:00,20,5,3,88,1,13.35,0.1,0.0,31.71,2
2025-03-29 21:00:00,21,5,3,88,1,13.16,0.1,0.0,27.48,2
2025-03-29 22:00:00,22,5,3,88,1,10.15,0.1,0.0,21.13,1
2025-03-29 23:00:00,23,5,3,88,1,10.15,0.1,0.0,9.5,1
2025-03-30 00:00:00,0,6,3,89,1,5.72,0.1,0.0,20.27,1
2025-03-30 01:00:00,1,6,3,89,1,6.57,0.1,0.0,2.5,1
2025-03-30 02:00:00,2,6,3,89,1,6.1,0.1,0.0,3.59,1
2025-03-30 03:00:00,3,6,3,89,1,6.53,0.1,0.0,4.77,1
2025-03-30 04:00:00,4,6,3,89,1,5.6,0.1,0.0,10.15,1
2025-03-30 05:00:00,5,6,3,89,1,6.88,0.1,0.0,3.43,1
2025-03-30 06:00:00,6,6,3,89,1,5.72,0.1,0.0,18.92,2
2025-03-30 07:00:00,7,6,3,89,1,10.88,0.1,24.95,11.17,1
2025-03-30 08:00:00,8,6,3,89,1,10.82,0.1,68.84,16.98,1
2025-03-30 09:00:00,9,6,3,89,1,8.87,0.1,99.77,21.49,2
2025-03-30 10:00:00,10,6,3,89,1,11.9,0.15,146.11,34.36,2
2025-03-30 11:00:00,11,6,3,89,1,15.45,0.15,170.36,45.52,4
2025-03-30 12:00:00,12,6,3,89,1,14.73,0.15,153.18,47.69,3
2025-03-30 13:00:00,13,6,3,89,1,15.22,0.15,171.77,61.68,4
2025-03-30 14:00:00,14,6,3,89,1,16.96,0.15,158.88,53.32,5
2025-03-30 15:00:00,15,6,3,89,1,17.97,0.15,98.46,52.18,3
2025-03-30 16:00:00,16,6,3,89,1,14.24,0.15,62.61,47.96,3
2025-03-30 17:00:00,17,6,3,89,1,17.71,0.15,23.49,49.51,4
2025-03-30 18:00:00,18,6,3,89,1,14.22,0.15,0.0,44.14,4
2025-03-30 19:00:00,19,6,3,89,1,14.74,0.1,0.0,38.38,3
2025-03-30 20:00:00,20,6,3,89,1,13.5,0.1,0.0,34.22,3
2025-03-30 21:00:00,21,6,3,89,1,11.23,0.1,0.0,28.03,2
2025-03-30 22:00:00,22,6,3,89,1,8.94,0.1,0.0,18.99,2
2025-03-30 23:00:00,23,6,3,89,1,9.21,0.1,0.0,9.61,1
2025-03-31 00:00:00,0,0,3,90,0,12.16,0.12,0.0,6.29,1
2025-03-31 01:00:00,1,0,3,90,0,5.39,0.12,0.0,2.5,1
2025-03-31 02:00:00,2,0,3,90,0,11.0,0.12,0.0,3.75,1
2025-03-31 03:00:00,3,0,3,90,0,6.93,0.12,0.0,2.5,1
2025-03-31 04:00:00,4,0,3,90,0,7.69,0.12,0.0,5.76,1
2025-03-31 05:00:00,5,0,3,90,0,5.94,0.12,0.0,11.52,1
2025-03-31 06:00:00,6,0,3,90,0,7.37,0.12,0.0,26.34,2
2025-03-31 07:00:00,7,0,3,90,0,8.94,0.22,23.84,31.33,2
2025-03-31 08:00:00,8,0,3,90,0,9.06,0.22,43.51,48.18,4
2025-03-31 09:00:00,9,0,3,90,0,12.03,0.22,104.91,46.37,4
2025-03-31 10:00:00,10,0,3,90,0,12.93,0.22,143.6,47.12,3
2025-03-31 11:00:00,11,0,3,90,0,18.65,0.22,138.86,22.95,1
2025-03-31 12:00:00,12,0,3,90,0,13.65,0.22,180.86,41.14,3
2025-03-31 13:00:00,13,0,3,90,0,16.98,0.22,165.75,22.6,2
2025-03-31 14:00:00,14,0,3,90,0,17.77,0.22,117.74,42.1,3
2025-03-31 15:00:00,15,0,3,90,0,15.31,0.22,116.72,43.32,3
2025-03-31 16:00:00,16,0,3,90,0,18.65,0.38,68.71,38.1,3
2025-03-31 17:00:00,17,0,3,90,0,15.98,0.38,22.06,41.6,4
2025-03-31 18:00:00,18,0,3,90,0,11.0,0.38,0.0,60.49,4
2025-03-31 19:00:00,19,0,3,90,0,16.27,0.38,0.0,47.36,3
2025-03-31 20:00:00,20,0,3,90,0,11.51,0.38,0.0,50.66,4
2025-03-31 21:00:00,21,0,3,90,0,10.35,0.38,0.0,28.65,3
2025-03-31 22:00:00,22,0,3,90,0,12.53,0.22,0.0,25.8,2
2025-03-31 23:00:00,23,0,3,90,0,9.25,0.22,0.0,19.92,2
2025-04-01 00:00:00,0,1,4,91,0,10.91,0.12,0.0,8.46,1
2025-04-01 01:00:00,1,1,4,91,0,10.7,0.12,0.0,9.1,1
2025-04-01 02:00:00,2,1,4,91,0,6.49,0.12,0.0,9.12,1
2025-04-01 03:00:00,3,1,4,91,0,9.2,0.12,0.0,10.77,1
2025-04-01 04:00:00,4,1,4,91,0,6.27,0.12,0.0,3.58,1
2025-04-01 05:00:00,5,1,4,91,0,12.75,0.12,0.0,15.72,1
2025-04-01 06:00:00,6,1,4,91,0,7.69,0.12,0.0,11.01,1
2025-04-01 07:00:00,7,1,4,91,0,12.17,0.22,22.9,31.0,3
2025-04-01 08:00:00,8,1,4,91,0,13.01,0.22,62.3,38.59,3
2025-04-01 09:00:00,9,1,4,91,0,13.25,0.22,108.13,42.24,3
2025-04-01 10:00:00,10,1,4,91,0,12.57,0.22,146.89,35.88,3
2025-04-01 11:00:00,11,1,4,91,0,14.81,0.22,189.17,25.91,2
2025-04-01 12:00:00,12,1,4,91,0,11.84,0.22,147.24,21.99,1
2025-04-01 13:00:00,13,1,4,91,0,17.39,0.22,188.71,37.54,3
2025-04-01 14:00:00,14,1,4,91,0,18.14,0.22,160.59,22.96,2
2025-04-01 15:00:00,15,1,4,91,0,17.88,0.22,111.27,37.4,3
2025-04-01 16:00:00,16,1,4,91,0,11.5,0.38,56.5,32.66,3
2025-04-01 17:00:00,17,1,4,91,0,14.41,0.38,26.24,49.64,4
2025-04-01 18:00:00,18,1,4,91,0,14.65,0.38,0.0,57.8,5
2025-04-01 19:00:00,19,1,4,91,0,15.7,0.38,0.0,50.49,4
2025-04-01 20:00:00,20,1,4,91,0,14.49,0.38,0.0,51.65,5
2025-04-01 21:00:00,21,1,4,91,0,12.27,0.38,0.0,36.1,3
2025-04-01 22:00:00,22,1,4,91,0,12.59,0.22,0.0,33.05,2
2025-04-01 23:00:00,23,1,4,91,0,8.06,0.22,0.0,21.01,2
2025-04-02 00:00:00,0,2,4,92,0,10.47,0.12,0.0,6.9,1
2025-04-02 01:00:00,1,2,4,92,0,9.4,0.12,0.0,2.5,1
2025-04-02 02:00:00,2,2,4,92,0,8.71,0.12,0.0,2.5,1
2025-04-02 03:00:00,3,2,4,92,0,7.42,0.12,0.0,2.5,1
2025-04-02 04:00:00,4,2,4,92,0,11.61,0.12,0.0,2.5,1
2025-04-02 05:00:00,5,2,4,92,0,9.44,0.12,0.0,11.09,1
2025-04-02 06:00:00,6,2,4,92,0,7.31,0.12,0.0,15.32,1
2025-04-02 07:00:00,7,2,4,92,0,10.78,0.22,21.9,18.45,1
2025-04-02 08:00:00,8,2,4,92,0,12.99,0.22,47.79,38.22,3
2025-04-02 09:00:00,9,2,4,92,0,11.6,0.22,73.98,47.54,3
2025-04-02 10:00:00,10,2,4,92,0,16.25,0.22,146.71,45.18,3
2025-04-02 11:00:00,11,2,4,92,0,16.04,0.22,182.32,25.18,2
2025-04-02 12:00:00,12,2,4,92,0,11.63,0.22,177.8,30.88,2
2025-04-02 13:00:00,13,2,4,92,0,17.71,0.22,165.73,25.96,2
2025-04-02 14:00:00,14,2,4,92,0,16.8,0.22,126.48,23.89,2
2025-04-02 15:00:00,15,2,4,92,0,18.86,0.22,114.18,42.61,3
2025-04-02 16:00:00,16,2,4,92,0,19.5,0.38,70.82,34.47,3
2025-04-02 17:00:00,17,2,4,92,0,17.5,0.38,16.19,40.14,3
2025-04-02 18:00:00,18,2,4,92,0,19.65,0.38,0.0,53.77,3
2025-04-02 19:00:00,19,2,4,92,0,14.92,0.38,0.0,52.62,5
2025-04-02 20:00:00,20,2,4,92,0,15.32,0.38,0.0,49.11,4
2025-04-02 21:00:00,21,2,4,92,0,14.39,0.38,0.0,37.66,3
2025-04-02 22:00:00,22,2,4,92,0,11.29,0.22,0.0,29.2,2
2025-04-02 23:00:00,23,2,4,92,0,11.84,0.22,0.0,15.58,1
2025-04-03 00:00:00,0,3,4,93,0,8.22,0.12,0.0,5.99,1
2025-04-03 01:00:00,1,3,4,93,0,7.77,0.12,0.0,15.02,1
2025-04-03 02:00:00,2,3,4,93,0,5.49,0.12,0.0,2.5,1
2025-04-03 03:00:00,3,3,4,93,0,8.43,0.12,0.0,9.38,1
2025-04-03 04:00:00,4,3,4,93,0,8.77,0.12,0.0,7.21,1
2025-04-03 05:00:00,5,3,4,93,0,10.98,0.12,0.0,6.86,1
2025-04-03 06:00:00,6,3,4,93,0,11.0,0.12,0.0,14.41,1
2025-04-03 07:00:00,7,3,4,93,0,9.88,0.22,23.95,25.09,2
2025-04-03 08:00:00,8,3,4,93,0,9.3,0.22,67.67,31.76,2
2025-04-03 09:00:00,9,3,4,93,0,13.81,0.22,100.23,44.03,3
2025-04-03 10:00:00,10,3,4,93,0,16.46,0.22,158.21,41.85,3
2025-04-03 11:00:00,11,3,4,93,0,16.96,0.22,158.74,34.73,3
2025-04-03 12:00:00,12,3,4,93,0,18.65,0.22,201.37,40.09,3
2025-04-03 13:00:00,13,3,4,93,0,16.86,0.22,176.13,31.02,2
2025-04-03 14:00:00,14,3,4,93,0,16.85,0.22,138.78,21.77,2
2025-04-03 15:00:00,15,3,4,93,0,16.48,0.22,108.41,29.7,2
2025-04-03 16:00:00,16,3,4,93,0,17.67,0.38,62.5,32.56,3
2025-04-03 17:00:00,17,3,4,93,0,17.12,0.38,26.51,49.48,4
2025-04-03 18:00:00,18,3,4,93,0,16.9,0.38,0.0,54.29,3
2025-04-03 19:00:00,19,3,4,93,0,15.19,0.38,0.0,61.07,5
2025-04-03 20:00:00,20,3,4,93,0,13.98,0.38,0.0,57.28,4
2025-04-03 21:00:00,21,3,4,93,0,11.4,0.38,0.0,43.36,3
2025-04-03 22:00:00,22,3,4,93,0,13.54,0.22,0.0,26.9,2
2025-04-03 23:00:00,23,3,4,93,0,10.6,0.22,0.0,30.57,2
2025-04-04 00:00:00,0,4,4,94,0,9.23,0.12,0.0,7.81,1
2025-04-04 01:00:00,1,4,4,94,0,7.29,0.12,0.0,2.5,1
2025-04-04 02:00:00,2,4,4,94,0,5.62,0.12,0.0,2.5,1
2025-04-04 03:00:00,3,4,4,94,0,10.73,0.12,0.0,7.44,1
2025-04-04 04:00:00,4,4,4,94,0,9.4,0.12,0.0,9.98,1
2025-04-04 05:00:00,5,4,4,94,0,5.54,0.12,0.0,5.07,1
2025-04-04 06:00:00,6,4,4,94,0,11.11,0.12,0.0,14.06,1
2025-04-04 07:00:00,7,4,4,94,0,12.46,0.22,26.65,17.23,1
2025-04-04 08:00:00,8,4,4,94,0,12.07,0.22,67.86,29.16,3
2025-04-04 09:00:00,9,4,4,94,0,16.31,0.22,117.41,37.28,3
2025-04-04 10:00:00,10,4,4,94,0,14.85,0.22,162.38,37.77,3
2025-04-04 11:00:00,11,4,4,94,0,12.78,0.22,165.3,32.25,2
2025-04-04 12:00:00,12,4,4,94,0,17.38,0.22,180.18,23.32,2
2025-04-04 13:00:00,13,4,4,94,0,17.94,0.22,192.16,20.53,1
2025-04-04 14:00:00,14,4,4,94,0,16.74,0.22,147.07,28.24,2
2025-04-04 15:00:00,15,4,4,94,0,19.26,0.22,114.4,32.97,2
2025-04-04 16:00:00,16,4,4,94,0,14.61,0.38,70.45,37.04,2
2025-04-04 17:00:00,17,4,4,94,0,19.43,0.38,25.51,43.7,3
2025-04-04 18:00:00,18,4,4,94,0,14.9,0.38,0.0,55.25,5
2025-04-04 19:00:00,19,4,4,94,0,13.65,0.38,0.0,52.8,4
2025-04-04 20:00:00,20,4,4,94,0,14.18,0.38,0.0,41.1,3
2025-04-04 21:00:00,21,4,4,94,0,13.98,0.38,0.0,36.94,3
2025-04-04 22:00:00,22,4,4,94,0,12.15,0.22,0.0,31.29,3
2025-04-04 23:00:00,23,4,4,94,0,9.13,0.22,0.0,12.67,1
2025-04-05 00:00:00,0,5,4,95,1,8.74,0.1,0.0,7.26,1
2025-04-05 01:00:00,1,5,4,95,1,6.69,0.1,0.0,3.45,1
2025-04-05 02:00:00,2,5,4,95,1,8.01,0.1,0.0,4.07,1
2025-04-05 03:00:00,3,5,4,95,1,10.44,0.1,0.0,7.2,1
2025-04-05 04:00:00,4,5,4,95,1,8.45,0.1,0.0,13.1,1
2025-04-05 05:00:00,5,5,4,95,1,10.68,0.1,0.0,11.62,1
2025-04-05 06:00:00,6,5,4,95,1,12.66,0.1,0.0,10.29,1
2025-04-05 07:00:00,7,5,4,95,1,9.61,0.1,26.79,11.07,1
2025-04-05 08:00:00,8,5,4,95,1,11.62,0.1,65.91,14.82,1
2025-04-05 09:00:00,9,5,4,95,1,17.63,0.1,102.16,22.04,1
2025-04-05 10:00:00,10,5,4,95,1,17.47,0.15,141.87,28.64,2
2025-04-05 11:00:00,11,5,4,95,1,12.44,0.15,190.08,49.12,3
2025-04-05 12:00:00,12,5,4,95,1,17.6,0.15,178.15,44.6,4
2025-04-05 13:00:00,13,5,4,95,1,17.62,0.15,157.03,54.18,4
2025-04-05 14:00:00,14,5,4,95,1,19.77,0.15,163.97,65.51,6
2025-04-05 15:00:00,15,5,4,95,1,16.8,0.15,109.1,51.37,3
2025-04-05 16:00:00,16,5,4,95,1,16.44,0.15,58.32,59.18,5
2025-04-05 17:00:00,17,5,4,95,1,16.27,0.15,25.11,48.51,4
2025-04-05 18:00:00,18,5,4,95,1,15.68,0.15,0.0,48.43,4
2025-04-05 19:00:00,19,5,4,95,1,17.42,0.1,0.0,36.9,3
2025-04-05 20:00:00,20,5,4,95,1,12.22,0.1,0.0,34.04,3
2025-04-05 21:00:00,21,5,4,95,1,12.04,0.1,0.0,23.76,2
2025-04-05 22:00:00,22,5,4,95,1,8.41,0.1,0.0,13.87,1
2025-04-05 23:00:00,23,5,4,95,1,12.8,0.1,0.0,11.43,1
2025-04-06 00:00:00,0,6,4,96,1,12.46,0.1,0.0,11.69,1
2025-04-06 01:00:00,1,6,4,96,1,8.47,0.1,0.0,8.42,1
2025-04-06 02:00:00,2,6,4,96,1,8.03,0.1,0.0,2.5,1
2025-04-06 03:00:00,3,6,4,96,1,9.36,0.1,0.0,4.08,1
2025-04-06 04:00:00,4,6,4,96,1,11.58,0.1,0.0,2.5,1
2025-04-06 05:00:00,5,6,4,96,1,9.94,0.1,0.0,11.16,1
2025-04-06 06:00:00,6,6,4,96,1,8.53,0.1,0.0,20.86,2
2025-04-06 07:00:00,7,6,4,96,1,7.72,0.1,26.93,13.85,1
2025-04-06 08:00:00,8,6,4,96,1,9.93,0.1,72.3,13.93,1
2025-04-06 09:00:00,9,6,4,96,1,13.6,0.1,83.17,19.72,2
2025-04-06 10:00:00,10,6,4,96,1,13.44,0.15,164.49,42.89,4
2025-04-06 11:00:00,11,6,4,96,1,16.35,0.15,167.2,37.61,2
2025-04-06 12:00:00,12,6,4,96,1,15.89,0.15,204.5,46.23,3
2025-04-06 13:00:00,13,6,4,96,1,15.67,0.15,193.14,54.3,5
2025-04-06 14:00:00,14,6,4,96,1,15.93,0.15,164.81,51.34,4
2025-04-06 15:00:00,15,6,4,96,1,21.58,0.15,111.16,51.69,3
2025-04-06 16:00:00,16,6,4,96,1,20.06,0.15,55.91,52.7,4
2025-04-06 17:00:00,17,6,4,96,1,21.25,0.15,26.69,48.22,4
2025-04-06 18:00:00,18,6,4,96,1,18.07,0.15,0.0,44.69,4
2025-04-06 19:00:00,19,6,4,96,1,15.1,0.1,0.0,40.19,3
2025-04-06 20:00:00,20,6,4,96,1,17.4,0.1,0.0,34.35,3
2025-04-06 21:00:00,21,6,4,96,1,13.39,0.1,0.0,30.98,2
2025-04-06 22:00:00,22,6,4,96,1,12.6,0.1,0.0,13.2,1
2025-04-06 23:00:00,23,6,4,96,1,10.87,0.1,0.0,14.9,1
2025-04-07 00:00:00,0,0,4,97,0,4.2,0.12,0.0,8.14,1
2025-04-07 01:00:00,1,0,4,97,0,12.51,0.12,0.0,2.5,1
2025-04-07 02:00:00,2,0,4,97,0,9.78,0.12,0.0,10.85,1
2025-04-07 03:00:00,3,0,4,97,0,9.29,0.12,0.0,3.06,1
2025-04-07 04:00:00,4,0,4,97,0,8.67,0.12,0.0,3.71,1
2025-04-07 05:00:00,5,0,4,97,0,9.62,0.12,0.0,6.06,1
2025-04-07 06:00:00,6,0,4,97,0,8.9,0.12,0.0,25.83,2
2025-04-07 07:00:00,7,0,4,97,0,12.36,0.22,20.48,23.32,2
2025-04-07 08:00:00,8,0,4,97,0,9.72,0.22,58.31,33.86,2
2025-04-07 09:00:00,9,0,4,97,0,14.0,0.22,88.1,41.19,3
2025-04-07 10:00:00,10,0,4,97,0,16.04,0.22,137.91,37.73,3
2025-04-07 11:00:00,11,0,4,97,0,15.73,0.22,155.0,29.72,2
2025-04-07 12:00:00,12,0,4,97,0,17.9,0.22,190.13,22.78,2
2025-04-07 13:00:00,13,0,4,97,0,15.97,0.22,185.6,32.08,3
2025-04-07 14:00:00,14,0,4,97,0,16.53,0.22,150.94,24.64,2
2025-04-07 15:00:00,15,0,4,97,0,19.1,0.22,104.09,29.2,2
2025-04-07 16:00:00,16,0,4,97,0,19.81,0.38,61.66,44.96,3
2025-04-07 17:00:00,17,0,4,97,0,14.21,0.38,21.1,51.1,3
2025-04-07 18:00:00,18,0,4,97,0,18.21,0.38,0.0,60.66,5
2025-04-07 19:00:00,19,0,4,97,0,15.04,0.38,0.0,51.84,4
2025-04-07 20:00:00,20,0,4,97,0,14.54,0.38,0.0,46.73,3
2025-04-07 21:00:00,21,0,4,97,0,10.95,0.38,0.0,39.62,3
2025-04-07 22:00:00,22,0,4,97,0,10.63,0.22,0.0,34.62,3
2025-04-07 23:00:00,23,0,4,97,0,13.06,0.22,0.0,15.63,1
2025-04-08 00:00:00,0,1,4,98,0,10.33,0.12,0.0,5.94,1
2025-04-08 01:00:00,1,1,4,98,0,8.7,0.12,0.0,7.73,1
2025-04-08 02:00:00,2,1,4,98,0,8.74,0.12,0.0,13.35,1
2025-04-08 03:00:00,3,1,4,98,0,9.78,0.12,0.0,7.3,1
2025-04-08 04:00:00,4,1,4,98,0,9.85,0.12,0.0,17.11,1
2025-04-08 05:00:00,5,1,4,98,0,9.32,0.12,0.0,10.82,1
2025-04-08 06:00:00,6,1,4,98,0,12.45,0.12,0.0,15.73,1
2025-04-08 07:00:00,7,1,4,98,0,13.24,0.22,24.53,23.86,2
2025-04-08 08:00:00,8,1,4,98,0,13.33,0.22,69.18,35.46,3
2025-04-08 09:00:00,9,1,4,98,0,13.91,0.22,92.17,48.05,3
2025-04-08 10:00:00,10,1,4,98,0,16.41,0.22,114.76,37.29,3
2025-04-08 11:00:00,11,1,4,98,0,16.93,0.22,174.55,27.16,2
2025-04-08 12:00:00,12,1,4,98,0,19.46,0.22,151.3,22.69,2
2025-04-08 13:00:00,13,1,4,98,0,19.93,0.22,152.2,29.18,2
2025-04-08 14:00:00,14,1,4,98,0,16.59,0.22,165.12,22.45,2
2025-04-08 15:00:00,15,1,4,98,0,16.63,0.22,110.87,36.64,2
2025-04-08 16:00:00,16,1,4,98,0,17.23,0.38,59.29,35.26,2
2025-04-08 17:00:00,17,1,4,98,0,20.08,0.38,21.66,44.05,4
2025-04-08 18:00:00,18,1,4,98,0,14.18,0.38,0.0,53.82,4
2025-04-08 19:00:00,19,1,4,98,0,17.09,0.38,0.0,60.76,5
2025-04-08 20:00:00,20,1,4,98,0,15.82,0.38,0.0,57.18,5
2025-04-08 21:00:00,21,1,4,98,0,16.12,0.38,0.0,32.9,2
2025-04-08 22:00:00,22,1,4,98,0,12.86,0.22,0.0,30.29,2
2025-04-08 23:00:00,23,1,4,98,0,8.61,0.22,0.0,12.65,1
2025-04-09 00:00:00,0,2,4,99,0,8.51,0.12,0.0,2.5,1
2025-04-09 01:00:00,1,2,4,99,0,7.27,0.12,0.0,3.55,1
2025-04-09 02:00:00,2,2,4,99,0,8.06,0.12,0.0,12.09,1
2025-04-09 03:00:00,3,2,4,99,0,8.6,0.12,0.0,2.5,1
2025-04-09 04:00:00,4,2,4,99,0,6.81,0.12,0.0,2.94,1
2025-04-09 05:00:00,5,2,4,99,0,12.58,0.12,0.0,14.94,1
2025-04-09 06:00:00,6,2,4,99,0,7.78,0.12,0.0,16.5,1
2025-04-09 07:00:00,7,2,4,99,0,14.16,0.22,27.33,24.74,2
2025-04-09 08:00:00,8,2,4,99,0,15.05,0.22,61.1,30.87,2
2025-04-09 09:00:00,9,2,4,99,0,15.77,0.22,100.39,38.74,3
2025-04-09 10:00:00,10,2,4,99,0,13.88,0.22,161.22,38.61,3
2025-04-09 11:00:00,11,2,4,99,0,17.15,0.22,157.19,33.7,2
2025-04-09 12:00:00,12,2,4,99,0,14.95,0.22,189.51,40.56,3
2025-04-09 13:00:00,13,2,4,99,0,20.12,0.22,174.4,25.34,2
2025-04-09 14:00:00,14,2,4,99,0,18.65,0.22,139.0,26.76,2
2025-04-09 15:00:00,15,2,4,99,0,18.15,0.22,108.39,34.5,3
2025-04-09 16:00:00,16,2,4,99,0,16.35,0.38,73.39,32.08,3
2025-04-09 17:00:00,17,2,4,99,0,13.34,0.38,26.04,51.82,4
2025-04-09 18:00:00,18,2,4,99,0,15.43,0.38,0.0,49.85,4
2025-04-09 19:00:00,19,2,4,99,0,18.69,0.38,0.0,63.58,5
2025-04-09 20:00:00,20,2,4,99,0,14.46,0.38,0.0,43.22,3
2025-04-09 21:00:00,21,2,4,99,0,13.63,0.38,0.0,29.95,2
2025-04-09 22:00:00,22,2,4,99,0,13.99,0.22,0.0,20.88,1
2025-04-09 23:00:00,23,2,4,99,0,15.08,0.22,0.0,16.09,1
2025-04-10 00:00:00,0,3,4,100,0,13.25,0.12,0.0,4.95,1
2025-04-10 01:00:00,1,3,4,100,0,7.87,0.12,0.0,8.02,1
2025-04-10 02:00:00,2,3,4,100,0,5.43,0.12,0.0,4.82,1
2025-04-10 03:00:00,3,3,4,100,0,13.86,0.12,0.0,5.48,1
2025-04-10 04:00:00,4,3,4,100,0,13.85,0.12,0.0,2.5,1
2025-04-10 05:00:00,5,3,4,100,0,10.19,0.12,0.0,11.79,1
2025-04-10 06:00:00,6,3,4,100,0,8.06,0.12,0.0,17.62,1
2025-04-10 07:00:00,7,3,4,100,0,13.57,0.22,27.47,28.33,2
2025-04-10 08:00:00,8,3,4,100,0,12.63,0.22,54.43,35.39,3
2025-04-10 09:00:00,9,3,4,100,0,13.91,0.22,122.14,42.59,3
2025-04-10 10:00:00,10,3,4,100,0,17.22,0.22,148.25,41.93,3
2025-04-10 11:00:00,11,3,4,100,0,17.31,0.22,153.96,34.51,2
2025-04-10 12:00:00,12,3,4,100,0,15.3,0.22,182.35,27.81,2
2025-04-10 13:00:00,13,3,4,100,0,17.82,0.22,141.16,28.0,2
2025-04-10 14:00:00,14,3,4,100,0,20.29,0.22,135.93,32.03,2
2025-04-10 15:00:00,15,3,4,100,0,20.16,0.22,108.45,31.26,2
2025-04-10 16:00:00,16,3,4,100,0,19.49,0.38,51.17,37.68,3
2025-04-10 17:00:00,17,3,4,100,0,20.34,0.38,25.84,51.53,4
2025-04-10 18:00:00,18,3,4,100,0,16.95,0.38,0.0,52.36,4
2025-04-10 19:00:00,19,3,4,100,0,17.0,0.38,0.0,51.38,4
2025-04-10 20:00:00,20,3,4,100,0,8.68,0.38,0.0,43.27,3
2025-04-10 21:00:00,21,3,4,100,0,13.24,0.38,0.0,31.64,3
2025-04-10 22:00:00,22,3,4,100,0,14.37,0.22,0.0,23.63,2
2025-04-10 23:00:00,23,3,4,100,0,10.86,0.22,0.0,17.81,1
2025-04-11 00:00:00,0,4,4,101,0,9.84,0.12,0.0,5.32,1
2025-04-11 01:00:00,1,4,4,101,0,7.9,0.12,0.0,17.34,1
2025-04-11 02:00:00,2,4,4,101,0,11.49,0.12,0.0,19.36,1
2025-04-11 03:00:00,3,4,4,101,0,10.41,0.12,0.0,2.5,1
2025-04-11 04:00:00,4,4,4,101,0,11.13,0.12,0.0,22.28,2
2025-04-11 05:00:00,5,4,4,101,0,6.53,0.12,0.0,12.4,1
2025-04-11 06:00:00,6,4,4,101,0,10.46,0.12,0.0,11.2,1
2025-04-11 07:00:00,7,4,4,101,0,11.25,0.22,26.12,17.9,1
2025-04-11 08:00:00,8,4,4,101,0,12.46,0.22,62.68,31.47,3
2025-04-11 09:00:00,9,4,4,101,0,13.08,0.22,116.29,35.45,3
2025-04-11 10:00:00,10,4,4,101,0,14.91,0.22,139.62,38.66,3
2025-04-11 11:00:00,11,4,4,101,0,18.51,0.22,155.36,34.02,2
2025-04-11 12:00:00,12,4,4,101,0,14.02,0.22,184.55,24.04,2
2025-04-11 13:00:00,13,4,4,101,0,22.2,0.22,187.5,20.73,1
2025-04-11 14:00:00,14,4,4,101,0,20.11,0.22,154.92,22.03,2
2025-04-11 15:00:00,15,4,4,101,0,19.23,0.22,117.29,40.03,3
2025-04-11 16:00:00,16,4,4,101,0,20.96,0.38,58.45,35.57,3
2025-04-11 17:00:00,17,4,4,101,0,15.74,0.38,27.6,54.59,4
2025-04-11 18:00:00,18,4,4,101,0,16.52,0.38,0.0,49.58,4
2025-04-11 19:00:00,19,4,4,101,0,16.57,0.38,0.0,65.54,5
2025-04-11 20:00:00,20,4,4,101,0,18.34,0.38,0.0,48.02,3
2025-04-11 21:00:00,21,4,4,101,0,14.22,0.38,0.0,31.88,3
2025-04-11 22:00:00,22,4,4,101,0,13.92,0.22,0.0,22.16,2
2025-04-11 23:00:00,23,4,4,101,0,10.63,0.22,0.0,16.65,1
2025-04-12 00:00:00,0,5,4,102,1,11.92,0.1,0.0,7.69,1
2025-04-12 01:00:00,1,5,4,102,1,13.51,0.1,0.0,5.46,1
2025-04-12 02:00:00,2,5,4,102,1,11.65,0.1,0.0,2.5,1
2025-04-12 03:00:00,3,5,4,102,1,9.32,0.1,0.0,2.5,1
2025-04-12 04:00:00,4,5,4,102,1,11.01,0.1,0.0,7.83,1
2025-04-12 05:00:00,5,5,4,102,1,11.31,0.1,0.0,27.81,2
2025-04-12 06:00:00,6,5,4,102,1,11.96,0.1,0.0,10.57,1
2025-04-12 07:00:00,7,5,4,102,1,14.21,0.1,20.82,8.8,1
2025-04-12 08:00:00,8,5,4,102,1,15.4,0.1,71.99,13.53,1
2025-04-12 09:00:00,9,5,4,102,1,14.23,0.1,119.97,19.97,2
2025-04-12 10:00:00,10,5,4,102,1,17.06,0.15,126.68,36.6,3
2025-04-12 11:00:00,11,5,4,102,1,16.22,0.15,188.91,50.6,5
2025-04-12 12:00:00,12,5,4,102,1,16.17,0.15,158.81,44.9,3
2025-04-12 13:00:00,13,5,4,102,1,18.27,0.15,117.66,50.51,3
2025-04-12 14:00:00,14,5,4,102,1,19.16,0.15,146.11,62.39,5
2025-04-12 15:00:00,15,5,4,102,1,16.16,0.15,114.08,56.05,5
2025-04-12 16:00:00,16,5,4,102,1,21.03,0.15,64.5,44.66,4
2025-04-12 17:00:00,17,5,4,102,1,13.28,0.15,27.73,50.33,3
2025-04-12 18:00:00,18,5,4,102,1,23.45,0.15,0.0,46.99,4
2025-04-12 19:00:00,19,5,4,102,1,19.99,0.1,0.0,53.51,3
2025-04-12 20:00:00,20,5,4,102,1,15.26,0.1,0.0,32.78,2
2025-04-12 21:00:00,21,5,4,102,1,14.5,0.1,0.0,23.47,2
2025-04-12 22:00:00,22,5,4,102,1,13.8,0.1,0.0,12.48,1
2025-04-12 23:00:00,23,5,4,102,1,10.81,0.1,0.0,12.47,1
2025-04-13 00:00:00,0,6,4,103,1,11.51,0.1,0.0,5.27,1
2025-04-13 01:00:00,1,6,4,103,1,10.04,0.1,0.0,9.94,1
2025-04-13 02:00:00,2,6,4,103,1,9.64,0.1,0.0,10.74,1
2025-04-13 03:00:00,3,6,4,103,1,10.02,0.1,0.0,8.13,1
2025-04-13 04:00:00,4,6,4,103,1,7.2,0.1,0.0,17.43,1
2025-04-13 05:00:00,5,6,4,103,1,10.4,0.1,0.0,6.6,1
2025-04-13 06:00:00,6,6,4,103,1,11.45,0.1,0.0,7.96,1
2025-04-13 07:00:00,7,6,4,103,1,12.41,0.1,23.74,20.77,1
2025-04-13 08:00:00,8,6,4,103,1,12.93,0.1,69.7,20.38,1
2025-04-13 09:00:00,9,6,4,103,1,16.93,0.1,95.97,24.66,2
2025-04-13 10:00:00,10,6,4,103,1,15.24,0.15,154.02,40.96,3
2025-04-13 11:00:00,11,6,4,103,1,17.61,0.15,161.32,40.87,3
2025-04-13 12:00:00,12,6,4,103,1,20.79,0.15,147.15,46.7,4
2025-04-13 13:00:00,13,6,4,103,1,18.83,0.15,172.79,52.48,4
2025-04-13 14:00:00,14,6,4,103,1,19.91,0.15,170.54,54.14,4
2025-04-13 15:00:00,15,6,4,103,1,19.46,0.15,88.7,49.57,3
2025-04-13 16:00:00,16,6,4,103,1,21.96,0.15,66.91,49.53,4
2025-04-13 17:00:00,17,6,4,103,1,18.47,0.15,27.19,47.33,3
2025-04-13 18:00:00,18,6,4,103,1,20.76,0.15,0.0,47.95,4
2025-04-13 19:00:00,19,6,4,103,1,16.95,0.1,0.0,47.92,3
2025-04-13 20:00:00,20,6,4,103,1,14.23,0.1,0.0,40.92,4
2025-04-13 21:00:00,21,6,4,103,1,16.01,0.1,0.0,25.37,2
2025-04-13 22:00:00,22,6,4,103,1,12.75,0.1,0.0,14.71,1
2025-04-13 23:00:00,23,6,4,103,1,13.4,0.1,0.0,8.44,1
2025-04-14 00:00:00,0,0,4,104,0,5.83,0.12,0.0,2.5,1
2025-04-14 01:00:00,1,0,4,104,0,10.51,0.12,0.0,2.5,1
2025-04-14 02:00:00,2,0,4,104,0,9.08,0.12,0.0,2.5,1
2025-04-14 03:00:00,3,0,4,104,0,7.7,0.12,0.0,25.94,2
2025-04-14 04:00:00,4,0,4,104,0,8.89,0.12,0.0,14.27,1
2025-04-14 05:00:00,5,0,4,104,0,9.35,0.12,0.0,9.36,1
2025-04-14 06:00:00,6,0,4,104,0,11.2,0.12,0.0,13.41,1
2025-04-14 07:00:00,7,0,4,104,0,9.59,0.22,19.01,26.15,2
2025-04-14 08:00:00,8,0,4,104,0,14.17,0.22,66.67,31.46,3
2025-04-14 09:00:00,9,0,4,104,0,17.56,0.22,114.35,40.4,3
2025-04-14 10:00:00,10,0,4,104,0,16.68,0.22,157.15,32.65,3
2025-04-14 11:00:00,11,0,4,104,0,18.95,0.22,190.55,33.24,2
2025-04-14 12:00:00,12,0,4,104,0,20.55,0.22,186.88,32.31,3
2025-04-14 13:00:00,13,0,4,104,0,21.63,0.22,130.07,20.28,1
2025-04-14 14:00:00,14,0,4,104,0,23.4,0.22,161.78,21.39,2
2025-04-14 15:00:00,15,0,4,104,0,18.83,0.22,112.72,29.51,2
2025-04-14 16:00:00,16,0,4,104,0,18.22,0.38,58.0,29.91,2
2025-04-14 17:00:00,17,0,4,104,0,20.72,0.38,19.36,44.89,4
2025-04-14 18:00:00,18,0,4,104,0,19.78,0.38,0.0,52.87,5
2025-04-14 19:00:00,19,0,4,104,0,18.88,0.38,0.0,67.31,5
2025-04-14 20:00:00,20,0,4,104,0,19.9,0.38,0.0,47.89,4
2025-04-14 21:00:00,21,0,4,104,0,14.85,0.38,0.0,30.88,2
2025-04-14 22:00:00,22,0,4,104,0,14.39,0.22,0.0,23.73,2
2025-04-14 23:00:00,23,0,4,104,0,10.37,0.22,0.0,12.52,1
2025-04-15 00:00:00,0,1,4,105,0,15.74,0.12,0.0,2.77,1
2025-04-15 01:00:00,1,1,4,105,0,10.0,0.12,0.0,7.66,1
2025-04-15 02:00:00,2,1,4,105,0,9.55,0.12,0.0,2.5,1
2025-04-15 03:00:00,3,1,4,105,0,9.31,0.12,0.0,2.5,1
2025-04-15 04:00:00,4,1,4,105,0,8.88,0.12,0.0,11.88,1
2025-04-15 05:00:00,5,1,4,105,0,9.21,0.12,0.0,9.75,1
2025-04-15 06:00:00,6,1,4,105,0,10.42,0.12,0.0,7.88,1
2025-04-15 07:00:00,7,1,4,105,0,9.77,0.22,27.04,24.46,2
2025-04-15 08:00:00,8,1,4,105,0,12.14,0.22,58.68,31.01,3
2025-04-15 09:00:00,9,1,4,105,0,18.9,0.22,118.24,36.46,3
2025-04-15 10:00:00,10,1,4,105,0,17.77,0.22,132.46,45.47,3
2025-04-15 11:00:00,11,1,4,105,0,19.35,0.22,202.75,27.46,2
2025-04-15 12:00:00,12,1,4,105,0,20.89,0.22,201.58,23.45,2
2025-04-15 13:00:00,13,1,4,105,0,23.0,0.22,161.68,23.18,1
2025-04-15 14:00:00,14,1,4,105,0,16.29,0.22,153.14,32.86,2
2025-04-15 15:00:00,15,1,4,105,0,17.54,0.22,98.74,27.94,2
2025-04-15 16:00:00,16,1,4,105,0,18.22,0.38,75.51,38.96,3
2025-04-15 17:00:00,17,1,4,105,0,18.39,0.38,28.12,48.61,3
2025-04-15 18:00:00,18,1,4,105,0,17.93,0.38,0.0,57.26,4
2025-04-15 19:00:00,19,1,4,105,0,16.61,0.38,0.0,56.02,5
2025-04-15 20:00:00,20,1,4,105,0,16.73,0.38,0.0,45.55,4
2025-04-15 21:00:00,21,1,4,105,0,15.07,0.38,0.0,34.2,3
2025-04-15 22:00:00,22,1,4,105,0,12.26,0.22,0.0,35.04,3
2025-04-15 23:00:00,23,1,4,105,0,8.15,0.22,0.0,16.7,1
2025-04-16 00:00:00,0,2,4,106,0,9.65,0.12,0.0,6.3,1
2025-04-16 01:00:00,1,2,4,106,0,9.74,0.12,0.0,2.5,1
2025-04-16 02:00:00,2,2,4,106,0,9.85,0.12,0.0,17.01,1
2025-04-16 03:00:00,3,2,4,106,0,7.91,0.12,0.0,6.5,1
2025-04-16 04:00:00,4,2,4,106,0,9.36,0.12,0.0,10.11,1
2025-04-16 05:00:00,5,2,4,106,0,8.58,0.12,0.0,4.09,1
2025-04-16 06:00:00,6,2,4,106,0,11.38,0.12,0.0,12.53,1
2025-04-16 07:00:00,7,2,4,106,0,10.53,0.22,21.5,20.4,1
2025-04-16 08:00:00,8,2,4,106,0,12.18,0.22,58.79,38.08,3
2025-04-16 09:00:00,9,2,4,106,0,12.55,0.22,103.56,36.1,3
2025-04-16 10:00:00,10,2,4,106,0,16.16,0.22,169.18,41.44,3
2025-04-16 11:00:00,11,2,4,106,0,15.94,0.22,203.68,33.49,3
2025-04-16 12:00:00,12,2,4,106,0,20.52,0.22,201.9,18.72,1
2025-04-16 13:00:00,13,2,4,106,0,20.31,0.22,194.69,25.51,2
2025-04-16 14:00:00,14,2,4,106,0,19.86,0.22,165.78,23.91,2
2025-04-16 15:00:00,15,2,4,106,0,18.58,0.22,74.04,44.51,3
2025-04-16 16:00:00,16,2,4,106,0,20.76,0.38,66.84,40.87,3
2025-04-16 17:00:00,17,2,4,106,0,20.88,0.38,18.77,46.29,4
2025-04-16 18:00:00,18,2,4,106,0,18.99,0.38,0.0,55.71,3
2025-04-16 19:00:00,19,2,4,106,0,20.88,0.38,0.0,59.78,4
2025-04-16 20:00:00,20,2,4,106,0,17.39,0.38,0.0,41.09,3
2025-04-16 21:00:00,21,2,4,106,0,17.0,0.38,0.0,33.95,3
2025-04-16 22:00:00,22,2,4,106,0,14.15,0.22,0.0,29.9,3
2025-04-16 23:00:00,23,2,4,106,0,14.02,0.22,0.0,13.8,1
2025-04-17 00:00:00,0,3,4,107,0,10.22,0.12,0.0,7.55,1
2025-04-17 01:00:00,1,3,4,107,0,10.1,0.12,0.0,4.68,1
2025-04-17 02:00:00,2,3,4,107,0,11.21,0.12,0.0,2.5,1
2025-04-17 03:00:00,3,3,4,107,0,11.03,0.12,0.0,8.31,1
2025-04-17 04:00:00,4,3,4,107,0,11.53,0.12,0.0,13.05,1
2025-04-17 05:00:00,5,3,4,107,0,13.21,0.12,0.0,3.9,1
2025-04-17 06:00:00,6,3,4,107,0,8.96,0.12,0.0,15.16,1
2025-04-17 07:00:00,7,3,4,107,0,10.9,0.22,22.68,19.76,1
2025-04-17 08:00:00,8,3,4,107,0,14.51,0.22,55.69,30.82,2
2025-04-17 09:00:00,9,3,4,107,0,13.9,0.22,107.59,38.79,3
2025-04-17 10:00:00,10,3,4,107,0,23.39,0.22,144.68,41.16,3
2025-04-17 11:00:00,11,3,4,107,0,18.88,0.22,161.95,28.02,2
2025-04-17 12:00:00,12,3,4,107,0,18.72,0.22,211.69,21.52,2
2025-04-17 13:00:00,13,3,4,107,0,18.64,0.22,151.26,21.27,1
2025-04-17 14:00:00,14,3,4,107,0,19.21,0.22,149.27,24.3,2
2025-04-17 15:00:00,15,3,4,107,0,20.4,0.22,128.15,32.13,2
2025-04-17 16:00:00,16,3,4,107,0,20.4,0.38,75.36,48.45,4
2025-04-17 17:00:00,17,3,4,107,0,18.76,0.38,28.38,61.79,5
2025-04-17 18:00:00,18,3,4,107,0,18.33,0.38,0.0,55.33,4
2025-04-17 19:00:00,19,3,4,107,0,20.53,0.38,0.0,57.9,5
2025-04-17 20:00:00,20,3,4,107,0,19.41,0.38,0.0,40.61,3
2025-04-17 21:00:00,21,3,4,107,0,15.85,0.38,0.0,41.07,3
2025-04-17 22:00:00,22,3,4,107,0,11.37,0.22,0.0,26.25,2
2025-04-17 23:00:00,23,3,4,107,0,13.92,0.22,0.0,9.23,1
2025-04-18 00:00:00,0,4,4,108,0,15.09,0.12,0.0,10.28,1
2025-04-18 01:00:00,1,4,4,108,0,13.93,0.12,0.0,2.5,1
2025-04-18 02:00:00,2,4,4,108,0,12.16,0.12,0.0,7.81,1
2025-04-18 03:00:00,3,4,4,108,0,13.36,0.12,0.0,8.98,1
2025-04-18 04:00:00,4,4,4,108,0,10.79,0.12,0.0,22.48,2
2025-04-18 05:00:00,5,4,4,108,0,12.44,0.12,0.0,8.48,1
2025-04-18 06:00:00,6,4,4,108,0,10.62,0.12,0.0,16.63,1
2025-04-18 07:00:00,7,4,4,108,0,13.6,0.22,25.27,24.47,2
2025-04-18 08:00:00,8,4,4,108,0,16.88,0.22,68.2,32.74,3
2025-04-18 09:00:00,9,4,4,108,0,14.34,0.22,108.55,47.49,4
2025-04-18 10:00:00,10,4,4,108,0,15.09,0.22,174.46,38.83,3
2025-04-18 11:00:00,11,4,4,108,0,18.21,0.22,199.6,32.49,3
2025-04-18 12:00:00,12,4,4,108,0,18.6,0.22,190.97,33.23,3
2025-04-18 13:00:00,13,4,4,108,0,21.14,0.22,169.82,24.96,2
2025-04-18 14:00:00,14,4,4,108,0,19.44,0.22,151.04,31.63,2
2025-04-18 15:00:00,15,4,4,108,0,23.95,0.22,119.72,26.86,2
2025-04-18 16:00:00,16,4,4,108,0,17.77,0.38,76.53,35.16,3
2025-04-18 17:00:00,17,4,4,108,0,22.35,0.38,20.39,53.07,4
2025-04-18 18:00:00,18,4,4,108,0,17.52,0.38,0.0,54.62,4
2025-04-18 19:00:00,19,4,4,108,0,14.42,0.38,0.0,71.64,6
2025-04-18 20:00:00,20,4,4,108,0,17.29,0.38,0.0,44.54,3
2025-04-18 21:00:00,21,4,4,108,0,15.01,0.38,0.0,49.39,3
2025-04-18 22:00:00,22,4,4,108,0,12.0,0.22,0.0,20.94,1
2025-04-18 23:00:00,23,4,4,108,0,9.65,0.22,0.0,9.13,1
2025-04-19 00:00:00,0,5,4,109,1,12.14,0.1,0.0,2.77,1
2025-04-19 01:00:00,1,5,4,109,1,13.31,0.1,0.0,13.44,1
2025-04-19 02:00:00,2,5,4,109,1,12.03,0.1,0.0,2.5,1
2025-04-19 03:00:00,3,5,4,109,1,10.8,0.1,0.0,3.5,1
2025-04-19 04:00:00,4,5,4,109,1,11.82,0.1,0.0,5.19,1
2025-04-19 05:00:00,5,5,4,109,1,11.3,0.1,0.0,19.03,2
2025-04-19 06:00:00,6,5,4,109,1,9.29,0.1,0.0,13.76,1
2025-04-19 07:00:00,7,5,4,109,1,10.35,0.1,27.16,12.96,1
2025-04-19 08:00:00,8,5,4,109,1,13.99,0.1,65.23,11.68,1
2025-04-19 09:00:00,9,5,4,109,1,15.37,0.1,129.28,26.72,2
2025-04-19 10:00:00,10,5,4,109,1,18.68,0.15,128.23,27.63,2
2025-04-19 11:00:00,11,5,4,109,1,19.7,0.15,138.89,43.47,4
2025-04-19 12:00:00,12,5,4,109,1,20.43,0.15,144.14,52.88,4
2025-04-19 13:00:00,13,5,4,109,1,19.46,0.15,130.13,55.57,4
2025-04-19 14:00:00,14,5,4,109,1,17.76,0.15,168.35,61.26,4
2025-04-19 15:00:00,15,5,4,109,1,21.51,0.15,122.32,50.4,4
2025-04-19 16:00:00,16,5,4,109,1,21.57,0.15,76.87,56.81,4
2025-04-19 17:00:00,17,5,4,109,1,15.24,0.15,21.56,44.75,3
2025-04-19 18:00:00,18,5,4,109,1,17.55,0.15,0.0,39.61,3
2025-04-19 19:00:00,19,5,4,109,1,16.81,0.1,0.0,38.31,3
2025-04-19 20:00:00,20,5,4,109,1,17.22,0.1,0.0,33.67,2
2025-04-19 21:00:00,21,5,4,109,1,14.08,0.1,0.0,20.63,1
2025-04-19 22:00:00,22,5,4,109,1,14.32,0.1,0.0,16.97,1
2025-04-19 23:00:00,23,5,4,109,1,12.77,0.1,0.0,14.18,1
2025-04-20 00:00:00,0,6,4,110,1,12.01,0.1,0.0,4.51,1
2025-04-20 01:00:00,1,6,4,110,1,10.1,0.1,0.0,13.14,1
2025-04-20 02:00:00,2,6,4,110,1,9.75,0.1,0.0,6.65,1
2025-04-20 03:00:00,3,6,4,110,1,8.7,0.1,0.0,2.5,1
2025-04-20 04:00:00,4,6,4,110,1,11.79,0.1,0.0,7.04,1
2025-04-20 05:00:00,5,6,4,110,1,12.67,0.1,0.0,3.38,1
2025-04-20 06:00:00,6,6,4,110,1,10.78,0.1,0.0,4.94,1
2025-04-20 07:00:00,7,6,4,110,1,16.4,0.1,26.29,9.81,1
2025-04-20 08:00:00,8,6,4,110,1,13.94,0.1,53.77,23.2,2
2025-04-20 09:00:00,9,6,4,110,1,18.92,0.1,121.06,26.82,2
2025-04-20 10:00:00,10,6,4,110,1,15.87,0.15,152.59,26.63,2
2025-04-20 11:00:00,11,6,4,110,1,14.31,0.15,207.3,46.86,3
2025-04-20 12:00:00,12,6,4,110,1,20.2,0.15,151.65,58.18,4
2025-04-20 13:00:00,13,6,4,110,1,20.69,0.15,207.3,54.66,4
2025-04-20 14:00:00,14,6,4,110,1,20.76,0.15,118.88,51.88,4
2025-04-20 15:00:00,15,6,4,110,1,19.58,0.15,93.58,51.47,4
2025-04-20 16:00:00,16,6,4,110,1,20.62,0.15,52.4,52.45,3
2025-04-20 17:00:00,17,6,4,110,1,19.17,0.15,26.17,39.31,3
2025-04-20 18:00:00,18,6,4,110,1,18.79,0.15,0.0,42.11,4
2025-04-20 19:00:00,19,6,4,110,1,20.04,0.1,0.0,35.56,3
2025-04-20 20:00:00,20,6,4,110,1,17.52,0.1,0.0,34.71,2
2025-04-20 21:00:00,21,6,4,110,1,17.08,0.1,0.0,20.9,1
2025-04-20 22:00:00,22,6,4,110,1,14.1,0.1,0.0,28.99,2
2025-04-20 23:00:00,23,6,4,110,1,12.68,0.1,0.0,14.3,1
2025-04-21 00:00:00,0,0,4,111,0,10.19,0.12,0.0,6.75,1
2025-04-21 01:00:00,1,0,4,111,0,10.96,0.12,0.0,4.12,1
2025-04-21 02:00:00,2,0,4,111,0,4.56,0.12,0.0,2.5,1
2025-04-21 03:00:00,3,0,4,111,0,9.85,0.12,0.0,2.5,1
2025-04-21 04:00:00,4,0,4,111,0,11.04,0.12,0.0,8.65,1
2025-04-21 05:00:00,5,0,4,111,0,12.83,0.12,0.0,3.42,1
2025-04-21 06:00:00,6,0,4,111,0,11.96,0.12,0.0,13.34,1
2025-04-21 07:00:00,7,0,4,111,0,14.23,0.22,25.09,21.67,2
2025-04-21 08:00:00,8,0,4,111,0,10.38,0.22,71.07,40.75,3
2025-04-21 09:00:00,9,0,4,111,0,15.92,0.22,84.37,44.81,4
2025-04-21 10:00:00,10,0,4,111,0,13.97,0.22,121.39,46.42,3
2025-04-21 11:00:00,11,0,4,111,0,16.11,0.22,205.92,26.93,2
2025-04-21 12:00:00,12,0,4,111,0,19.19,0.22,175.51,23.15,2
2025-04-21 13:00:00,13,0,4,111,0,22.91,0.22,167.8,27.49,2
2025-04-21 14:00:00,14,0,4,111,0,21.6,0.22,159.06,27.39,2
2025-04-21 15:00:00,15,0,4,111,0,21.07,0.22,108.71,29.84,2
2025-04-21 16:00:00,16,0,4,111,0,20.82,0.38,72.11,55.05,4
2025-04-21 17:00:00,17,0,4,111,0,18.93,0.38,25.23,56.14,4
2025-04-21 18:00:00,18,0,4,111,0,18.48,0.38,0.0,57.37,5
2025-04-21 19:00:00,19,0,4,111,0,19.39,0.38,0.0,49.01,3
2025-04-21 20:00:00,20,0,4,111,0,14.55,0.38,0.0,47.04,3
2025-04-21 21:00:00,21,0,4,111,0,17.22,0.38,0.0,32.91,3
2025-04-21 22:00:00,22,0,4,111,0,13.96,0.22,0.0,29.88,2
2025-04-21 23:00:00,23,0,4,111,0,15.18,0.22,0.0,11.16,1
2025-04-22 00:00:00,0,1,4,112,0,14.59,0.12,0.0,3.31,1
2025-04-22 01:00:00,1,1,4,112,0,8.53,0.12,0.0,10.16,1
2025-04-22 02:00:00,2,1,4,112,0,10.21,0.12,0.0,7.82,1
2025-04-22 03:00:00,3,1,4,112,0,9.49,0.12,0.0,2.5,1
2025-04-22 04:00:00,4,1,4,112,0,7.75,0.12,0.0,12.06,1
2025-04-22 05:00:00,5,1,4,112,0,9.81,0.12,0.0,8.82,1
2025-04-22 06:00:00,6,1,4,112,0,17.55,0.12,0.0,12.84,1
2025-04-22 07:00:00,7,1,4,112,0,14.92,0.22,27.18,31.8,2
2025-04-22 08:00:00,8,1,4,112,0,18.74,0.22,65.07,33.58,3
2025-04-22 09:00:00,9,1,4,112,0,17.86,0.22,130.94,45.12,4
2025-04-22 10:00:00,10,1,4,112,0,16.01,0.22,169.82,49.04,3
2025-04-22 11:00:00,11,1,4,112,0,17.94,0.22,185.92,34.59,2
2025-04-22 12:00:00,12,1,4,112,0,20.91,0.22,190.55,25.4,2
2025-04-22 13:00:00,13,1,4,112,0,21.41,0.22,208.5,24.72,2
2025-04-22 14:00:00,14,1,4,112,0,19.88,0.22,143.27,17.87,1
2025-04-22 15:00:00,15,1,4,112,0,18.18,0.22,87.21,34.54,3
2025-04-22 16:00:00,16,1,4,112,0,27.61,0.38,69.19,37.2,2
2025-04-22 17:00:00,17,1,4,112,0,20.25,0.38,29.0,49.73,4
2025-04-22 18:00:00,18,1,4,112,0,19.09,0.38,0.0,50.28,4
2025-04-22 19:00:00,19,1,4,112,0,18.93,0.38,0.0,64.72,4
2025-04-22 20:00:00,20,1,4,112,0,17.01,0.38,0.0,41.93,3
2025-04-22 21:00:00,21,1,4,112,0,16.45,0.38,0.0,30.62,2
2025-04-22 22:00:00,22,1,4,112,0,17.48,0.22,0.0,29.06,2
2025-04-22 23:00:00,23,1,4,112,0,13.45,0.22,0.0,13.11,1
2025-04-23 00:00:00,0,2,4,113,0,10.51,0.12,0.0,3.61,1
2025-04-23 01:00:00,1,2,4,113,0,11.72,0.12,0.0,3.23,1
2025-04-23 02:00:00,2,2,4,113,0,10.61,0.12,0.0,2.68,1
2025-04-23 03:00:00,3,2,4,113,0,14.22,0.12,0.0,9.63,1
2025-04-23 04:00:00,4,2,4,113,0,13.89,0.12,0.0,19.97,1
2025-04-23 05:00:00,5,2,4,113,0,12.26,0.12,0.0,8.62,1
2025-04-23 06:00:00,6,2,4,113,0,10.28,0.12,0.0,14.33,1
2025-04-23 07:00:00,7,2,4,113,0,11.42,0.22,26.49,20.46,2
2025-04-23 08:00:00,8,2,4,113,0,15.11,0.22,61.66,37.15,2
2025-04-23 09:00:00,9,2,4,113,0,17.05,0.22,114.17,40.54,3
2025-04-23 10:00:00,10,2,4,113,0,16.92,0.22,159.27,44.34,4
2025-04-23 11:00:00,11,2,4,113,0,17.91,0.22,164.89,26.35,2
2025-04-23 12:00:00,12,2,4,113,0,18.72,0.22,186.83,23.66,2
2025-04-23 13:00:00,13,2,4,113,0,20.66,0.22,180.55,27.05,2
2025-04-23 14:00:00,14,2,4,113,0,16.44,0.22,158.02,28.77,2
2025-04-23 15:00:00,15,2,4,113,0,19.17,0.22,87.89,32.52,2
2025-04-23 16:00:00,16,2,4,113,0,19.95,0.38,67.53,34.76,3
2025-04-23 17:00:00,17,2,4,113,0,23.12,0.38,24.3,45.43,3
2025-04-23 18:00:00,18,2,4,113,0,18.28,0.38,0.0,58.64,4
2025-04-23 19:00:00,19,2,4,113,0,19.23,0.38,0.0,60.67,5
2025-04-23 20:00:00,20,2,4,113,0,18.12,0.38,0.0,53.14,3
2025-04-23 21:00:00,21,2,4,113,0,18.97,0.38,0.0,33.2,3
2025-04-23 22:00:00,22,2,4,113,0,17.6,0.22,0.0,23.26,2
2025-04-23 23:00:00,23,2,4,113,0,13.76,0.22,0.0,16.74,1
2025-04-24 00:00:00,0,3,4,114,0,12.06,0.12,0.0,4.43,1
2025-04-24 01:00:00,1,3,4,114,0,10.89,0.12,0.0,3.19,1
2025-04-24 02:00:00,2,3,4,114,0,11.23,0.12,0.0,3.97,1
2025-04-24 03:00:00,3,3,4,114,0,10.68,0.12,0.0,8.34,1
2025-04-24 04:00:00,4,3,4,114,0,12.82,0.12,0.0,3.97,1
2025-04-24 05:00:00,5,3,4,114,0,13.05,0.12,0.0,6.31,1
2025-04-24 06:00:00,6,3,4,114,0,14.19,0.12,0.0,14.14,1
2025-04-24 07:00:00,7,3,4,114,0,16.56,0.22,22.16,20.12,2
2025-04-24 08:00:00,8,3,4,114,0,18.97,0.22,78.5,37.81,3
2025-04-24 09:00:00,9,3,4,114,0,16.79,0.22,92.47,37.9,3
2025-04-24 10:00:00,10,3,4,114,0,20.04,0.22,82.42,38.08,2
2025-04-24 11:00:00,11,3,4,114,0,18.34,0.22,204.94,31.52,2
2025-04-24 12:00:00,12,3,4,114,0,22.45,0.22,219.65,17.08,1
2025-04-24 13:00:00,13,3,4,114,0,23.0,0.22,195.95,21.75,2
2025-04-24 14:00:00,14,3,4,114,0,23.39,0.22,129.5,28.1,2
2025-04-24 15:00:00,15,3,4,114,0,21.73,0.22,115.24,27.62,2
2025-04-24 16:00:00,16,3,4,114,0,20.04,0.38,66.46,37.07,3
2025-04-24 17:00:00,17,3,4,114,0,18.08,0.38,23.84,46.53,4
2025-04-24 18:00:00,18,3,4,114,0,20.0,0.38,0.0,52.57,4
2025-04-24 19:00:00,19,3,4,114,0,22.11,0.38,0.0,51.85,4
2025-04-24 20:00:00,20,3,4,114,0,17.22,0.38,0.0,45.35,3
2025-04-24 21:00:00,21,3,4,114,0,18.11,0.38,0.0,40.83,3
2025-04-24 22:00:00,22,3,4,114,0,16.94,0.22,0.0,27.25,2
2025-04-24 23:00:00,23,3,4,114,0,13.48,0.22,0.0,14.62,1
2025-04-25 00:00:00,0,4,4,115,0,15.81,0.12,0.0,9.25,1
2025-04-25 01:00:00,1,4,4,115,0,6.57,0.12,0.0,6.38,1
2025-04-25 02:00:00,2,4,4,115,0,9.44,0.12,0.0,9.89,1
2025-04-25 03:00:00,3,4,4,115,0,9.88,0.12,0.0,2.79,1
2025-04-25 04:00:00,4,4,4,115,0,10.24,0.12,0.0,4.98,1
2025-04-25 05:00:00,5,4,4,115,0,13.06,0.12,0.0,16.39,1
2025-04-25 06:00:00,6,4,4,115,0,13.76,0.12,0.0,9.32,1
2025-04-25 07:00:00,7,4,4,115,0,15.0,0.22,29.35,27.43,2
2025-04-25 08:00:00,8,4,4,115,0,16.61,0.22,71.74,35.74,3
2025-04-25 09:00:00,9,4,4,115,0,14.81,0.22,107.92,39.84,3
2025-04-25 10:00:00,10,4,4,115,0,15.57,0.22,124.52,56.59,5
2025-04-25 11:00:00,11,4,4,115,0,20.01,0.22,188.41,26.22,2
2025-04-25 12:00:00,12,4,4,115,0,18.99,0.22,160.08,18.42,2
2025-04-25 13:00:00,13,4,4,115,0,17.9,0.22,148.42,26.21,2
2025-04-25 14:00:00,14,4,4,115,0,23.49,0.22,157.65,20.72,1
2025-04-25 15:00:00,15,4,4,115,0,24.5,0.22,104.49,34.03,2
2025-04-25 16:00:00,16,4,4,115,0,24.66,0.38,72.62,37.75,3
2025-04-25 17:00:00,17,4,4,115,0,21.42,0.38,25.27,41.62,3
2025-04-25 18:00:00,18,4,4,115,0,21.5,0.38,0.0,64.25,4
2025-04-25 19:00:00,19,4,4,115,0,21.95,0.38,0.0,51.97,3
2025-04-25 20:00:00,20,4,4,115,0,16.72,0.38,0.0,47.2,4
2025-04-25 21:00:00,21,4,4,115,0,18.93,0.38,0.0,48.17,3
2025-04-25 22:00:00,22,4,4,115,0,15.97,0.22,0.0,36.96,3
2025-04-25 23:00:00,23,4,4,115,0,16.04,0.22,0.0,28.0,2
2025-04-26 00:00:00,0,5,4,116,1,13.72,0.1,0.0,8.73,1
2025-04-26 01:00:00,1,5,4,116,1,15.14,0.1,0.0,9.73,1
2025-04-26 02:00:00,2,5,4,116,1,12.5,0.1,0.0,4.22,1
2025-04-26 03:00:00,3,5,4,116,1,8.91,0.1,0.0,4.95,1
2025-04-26 04:00:00,4,5,4,116,1,14.96,0.1,0.0,14.02,1
2025-04-26 05:00:00,5,5,4,116,1,10.66,0.1,0.0,15.6,1
2025-04-26 06:00:00,6,5,4,116,1,15.85,0.1,0.0,7.14,1
2025-04-26 07:00:00,7,5,4,116,1,14.2,0.1,25.53,11.38,1
2025-04-26 08:00:00,8,5,4,116,1,17.94,0.1,76.15,22.39,2
2025-04-26 09:00:00,9,5,4,116,1,19.15,0.1,130.95,20.37,1
2025-04-26 10:00:00,10,5,4,116,1,19.04,0.15,180.37,35.91,3
2025-04-26 11:00:00,11,5,4,116,1,20.4,0.15,177.36,38.59,2
2025-04-26 12:00:00,12,5,4,116,1,21.26,0.15,193.52,53.25,4
2025-04-26 13:00:00,13,5,4,116,1,17.18,0.15,160.64,60.92,5
2025-04-26 14:00:00,14,5,4,116,1,21.95,0.15,131.59,52.82,4
2025-04-26 15:00:00,15,5,4,116,1,19.65,0.15,120.75,52.11,4
2025-04-26 16:00:00,16,5,4,116,1,22.05,0.15,62.26,58.26,4
2025-04-26 17:00:00,17,5,4,116,1,18.93,0.15,29.47,57.4,5
2025-04-26 18:00:00,18,5,4,116,1,18.05,0.15,0.0,42.72,3
2025-04-26 19:00:00,19,5,4,116,1,22.59,0.1,0.0,42.57,3
2025-04-26 20:00:00,20,5,4,116,1,20.32,0.1,0.0,30.64,2
2025-04-26 21:00:00,21,5,4,116,1,16.87,0.1,0.0,20.78,1
2025-04-26 22:00:00,22,5,4,116,1,15.96,0.1,0.0,14.44,1
2025-04-26 23:00:00,23,5,4,116,1,13.89,0.1,0.0,12.58,1
2025-04-27 00:00:00,0,6,4,117,1,14.66,0.1,0.0,6.4,1
2025-04-27 01:00:00,1,6,4,117,1,11.37,0.1,0.0,2.68,1
2025-04-27 02:00:00,2,6,4,117,1,14.21,0.1,0.0,2.5,1
2025-04-27 03:00:00,3,6,4,117,1,11.54,0.1,0.0,3.33,1
2025-04-27 04:00:00,4,6,4,117,1,11.38,0.1,0.0,12.05,1
2025-04-27 05:00:00,5,6,4,117,1,12.76,0.1,0.0,13.35,1
2025-04-27 06:00:00,6,6,4,117,1,12.33,0.1,0.0,16.67,1
2025-04-27 07:00:00,7,6,4,117,1,15.21,0.1,23.85,14.96,1
2025-04-27 08:00:00,8,6,4,117,1,14.68,0.1,67.99,31.71,3
2025-04-27 09:00:00,9,6,4,117,1,17.99,0.1,123.87,24.53,2
2025-04-27 10:00:00,10,6,4,117,1,20.78,0.15,140.59,32.59,2
2025-04-27 11:00:00,11,6,4,117,1,18.11,0.15,213.29,41.09,3
2025-04-27 12:00:00,12,6,4,117,1,20.33,0.15,224.67,46.52,3
2025-04-27 13:00:00,13,6,4,117,1,22.3,0.15,203.21,55.43,4
2025-04-27 14:00:00,14,6,4,117,1,21.01,0.15,160.86,49.02,4
2025-04-27 15:00:00,15,6,4,117,1,22.98,0.15,69.62,56.52,5
2025-04-27 16:00:00,16,6,4,117,1,22.99,0.15,73.95,55.23,5
2025-04-27 17:00:00,17,6,4,117,1,23.55,0.15,24.64,52.52,4
2025-04-27 18:00:00,18,6,4,117,1,19.37,0.15,0.0,40.08,3
2025-04-27 19:00:00,19,6,4,117,1,17.67,0.1,0.0,37.8,3
2025-04-27 20:00:00,20,6,4,117,1,17.73,0.1,0.0,35.56,2
2025-04-27 21:00:00,21,6,4,117,1,15.12,0.1,0.0,23.58,2
2025-04-27 22:00:00,22,6,4,117,1,16.89,0.1,0.0,22.73,2
2025-04-27 23:00:00,23,6,4,117,1,12.23,0.1,0.0,11.78,1
2025-04-28 00:00:00,0,0,4,118,0,18.35,0.12,0.0,2.87,1
2025-04-28 01:00:00,1,0,4,118,0,15.48,0.12,0.0,3.83,1
2025-04-28 02:00:00,2,0,4,118,0,12.41,0.12,0.0,7.4,1
2025-04-28 03:00:00,3,0,4,118,0,13.95,0.12,0.0,2.5,1
2025-04-28 04:00:00,4,0,4,118,0,9.12,0.12,0.0,19.62,2
2025-04-28 05:00:00,5,0,4,118,0,17.94,0.12,0.0,13.58,1
2025-04-28 06:00:00,6,0,4,118,0,12.5,0.12,0.0,12.55,1
2025-04-28 07:00:00,7,0,4,118,0,14.48,0.22,27.8,21.11,1
2025-04-28 08:00:00,8,0,4,118,0,12.21,0.22,66.41,31.93,3
2025-04-28 09:00:00,9,0,4,118,0,18.19,0.22,95.45,41.06,4
2025-04-28 10:00:00,10,0,4,118,0,16.3,0.22,151.43,34.19,2
2025-04-28 11:00:00,11,0,4,118,0,19.92,0.22,214.1,30.42,2
2025-04-28 12:00:00,12,0,4,118,0,19.67,0.22,201.98,23.55,2
2025-04-28 13:00:00,13,0,4,118,0,19.39,0.22,148.51,18.27,2
2025-04-28 14:00:00,14,0,4,118,0,20.44,0.22,135.42,23.8,2
2025-04-28 15:00:00,15,0,4,118,0,22.67,0.22,134.1,29.44,2
2025-04-28 16:00:00,16,0,4,118,0,19.49,0.38,74.84,37.74,3
2025-04-28 17:00:00,17,0,4,118,0,20.05,0.38,21.74,43.09,3
2025-04-28 18:00:00,18,0,4,118,0,22.08,0.38,0.0,50.08,4
2025-04-28 19:00:00,19,0,4,118,0,24.92,0.38,0.0,53.2,5
2025-04-28 20:00:00,20,0,4,118,0,19.47,0.38,0.0,46.89,3
2025-04-28 21:00:00,21,0,4,118,0,15.38,0.38,0.0,33.26,2
2025-04-28 22:00:00,22,0,4,118,0,15.19,0.22,0.0,23.24,1
2025-04-28 23:00:00,23,0,4,118,0,14.78,0.22,0.0,15.82,1
2025-04-29 00:00:00,0,1,4,119,0,13.15,0.12,0.0,2.5,1
2025-04-29 01:00:00,1,1,4,119,0,14.86,0.12,0.0,2.5,1
2025-04-29 02:00:00,2,1,4,119,0,12.99,0.12,0.0,2.5,1
2025-04-29 03:00:00,3,1,4,119,0,14.2,0.12,0.0,6.77,1
2025-04-29 04:00:00,4,1,4,119,0,11.93,0.12,0.0,18.75,2
2025-04-29 05:00:00,5,1,4,119,0,15.71,0.12,0.0,4.88,1
2025-04-29 06:00:00,6,1,4,119,0,13.52,0.12,0.0,9.99,1
2025-04-29 07:00:00,7,1,4,119,0,12.94,0.22,27.1,27.63,2
2025-04-29 08:00:00,8,1,4,119,0,20.45,0.22,80.04,40.42,3
2025-04-29 09:00:00,9,1,4,119,0,13.74,0.22,108.44,38.6,3
2025-04-29 10:00:00,10,1,4,119,0,17.2,0.22,156.39,37.34,3
2025-04-29 11:00:00,11,1,4,119,0,18.63,0.22,164.64,31.03,2
2025-04-29 12:00:00,12,1,4,119,0,25.94,0.22,205.33,36.46,3
2025-04-29 13:00:00,13,1,4,119,0,25.33,0.22,209.33,18.6,1
2025-04-29 14:00:00,14,1,4,119,0,25.2,0.22,174.34,21.86,2
2025-04-29 15:00:00,15,1,4,119,0,21.73,0.22,99.55,30.72,2
2025-04-29 16:00:00,16,1,4,119,0,27.07,0.38,71.84,29.24,2
2025-04-29 17:00:00,17,1,4,119,0,22.45,0.38,23.81,49.83,4
2025-04-29 18:00:00,18,1,4,119,0,22.88,0.38,0.0,57.02,4
2025-04-29 19:00:00,19,1,4,119,0,20.25,0.38,0.0,51.03,3
2025-04-29 20:00:00,20,1,4,119,0,18.58,0.38,0.0,46.77,3
2025-04-29 21:00:00,21,1,4,119,0,16.88,0.38,0.0,35.91,3
2025-04-29 22:00:00,22,1,4,119,0,15.67,0.22,0.0,24.75,2
2025-04-29 23:00:00,23,1,4,119,0,16.1,0.22,0.0,9.81,1
2025-04-30 00:00:00,0,2,4,120,0,14.75,0.12,0.0,11.21,1
2025-04-30 01:00:00,1,2,4,120,0,13.16,0.12,0.0,2.5,1
2025-04-30 02:00:00,2,2,4,120,0,15.74,0.12,0.0,7.86,1
2025-04-30 03:00:00,3,2,4,120,0,6.62,0.12,0.0,8.3,1
2025-04-30 04:00:00,4,2,4,120,0,13.74,0.12,0.0,7.22,1
2025-04-30 05:00:00,5,2,4,120,0,14.66,0.12,0.0,4.96,1
2025-04-30 06:00:00,6,2,4,120,0,16.31,0.12,0.0,14.69,1
2025-04-30 07:00:00,7,2,4,120,0,14.92,0.22,26.77,20.98,2
2025-04-30 08:00:00,8,2,4,120,0,16.68,0.22,71.22,44.54,4
2025-04-30 09:00:00,9,2,4,120,0,19.53,0.22,134.22,34.34,3
2025-04-30 10:00:00,10,2,4,120,0,21.83,0.22,183.12,37.51,2
2025-04-30 11:00:00,11,2,4,120,0,19.45,0.22,207.83,31.62,2
2025-04-30 12:00:00,12,2,4,120,0,21.62,0.22,209.57,21.66,1
2025-04-30 13:00:00,13,2,4,120,0,25.24,0.22,162.67,29.35,2
2025-04-30 14:00:00,14,2,4,120,0,18.14,0.22,137.66,28.57,2
2025-04-30 15:00:00,15,2,4,120,0,21.17,0.22,105.18,37.74,2
2025-04-30 16:00:00,16,2,4,120,0,25.31,0.38,77.94,40.76,3
2025-04-30 17:00:00,17,2,4,120,0,24.07,0.38,26.59,44.4,3
2025-04-30 18:00:00,18,2,4,120,0,22.13,0.38,0.0,50.94,4
2025-04-30 19:00:00,19,2,4,120,0,19.16,0.38,0.0,49.63,4
2025-04-30 20:00:00,20,2,4,120,0,17.08,0.38,0.0,42.95,4
2025-04-30 21:00:00,21,2,4,120,0,16.37,0.38,0.0,32.06,2
2025-04-30 22:00:00,22,2,4,120,0,19.36,0.22,0.0,28.83,2
2025-04-30 23:00:00,23,2,4,120,0,13.8,0.22,0.0,11.71,1
2025-05-01 00:00:00,0,3,5,121,0,14.39,0.12,0.0,6.53,1
2025-05-01 01:00:00,1,3,5,121,0,11.88,0.12,0.0,3.79,1
2025-05-01 02:00:00,2,3,5,121,0,14.58,0.12,0.0,7.6,1
2025-05-01 03:00:00,3,3,5,121,0,11.64,0.12,0.0,9.99,1
2025-05-01 04:00:00,4,3,5,121,0,12.69,0.12,0.0,6.55,1
2025-05-01 05:00:00,5,3,5,121,0,10.02,0.12,0.0,3.57,1
2025-05-01 06:00:00,6,3,5,121,0,10.96,0.12,0.0,15.67,1
2025-05-01 07:00:00,7,3,5,121,0,15.23,0.22,28.06,31.55,3
2025-05-01 08:00:00,8,3,5,121,0,13.78,0.22,75.61,31.33,3
2025-05-01 09:00:00,9,3,5,121,0,21.93,0.22,112.61,48.46,3
2025-05-01 10:00:00,10,3,5,121,0,14.89,0.22,168.73,35.48,2
2025-05-01 11:00:00,11,3,5,121,0,18.62,0.22,195.33,30.3,2
2025-05-01 12:00:00,12,3,5,121,0,21.29,0.22,199.6,21.14,1
2025-05-01 13:00:00,13,3,5,121,0,21.32,0.22,190.84,21.92,2
2025-05-01 14:00:00,14,3,5,121,0,20.34,0.22,163.09,34.23,2
2025-05-01 15:00:00,15,3,5,121,0,20.8,0.22,121.44,26.97,2
2025-05-01 16:00:00,16,3,5,121,0,20.57,0.38,71.53,44.04,3
2025-05-01 17:00:00,17,3,5,121,0,21.48,0.38,22.45,46.01,3
2025-05-01 18:00:00,18,3,5,121,0,25.16,0.38,0.0,53.75,4
2025-05-01 19:00:00,19,3,5,121,0,20.38,0.38,0.0,49.58,3
2025-05-01 20:00:00,20,3,5,121,0,21.38,0.38,0.0,42.92,3
2025-05-01 21:00:00,21,3,5,121,0,18.73,0.38,0.0,37.04,3
2025-05-01 22:00:00,22,3,5,121,0,18.65,0.22,0.0,27.17,2
2025-05-01 23:00:00,23,3,5,121,0,9.62,0.22,0.0,21.83,2
2025-05-02 00:00:00,0,4,5,122,0,13.74,0.12,0.0,2.5,1
2025-05-02 01:00:00,1,4,5,122,0,16.17,0.12,0.0,6.82,1
2025-05-02 02:00:00,2,4,5,122,0,11.91,0.12,0.0,4.01,1
2025-05-02 03:00:00,3,4,5,122,0,16.41,0.12,0.0,9.0,1
2025-05-02 04:00:00,4,4,5,122,0,16.02,0.12,0.0,2.5,1
2025-05-02 05:00:00,5,4,5,122,0,12.62,0.12,0.0,7.67,1
2025-05-02 06:00:00,6,4,5,122,0,13.34,0.12,0.0,15.03,1
2025-05-02 07:00:00,7,4,5,122,0,13.36,0.22,27.39,23.41,2
2025-05-02 08:00:00,8,4,5,122,0,15.33,0.22,63.14,31.76,2
2025-05-02 09:00:00,9,4,5,122,0,15.42,0.22,112.12,43.71,4
2025-05-02 10:00:00,10,4,5,122,0,20.04,0.22,175.67,38.51,3
2025-05-02 11:00:00,11,4,5,122,0,17.47,0.22,149.1,25.69,2
2025-05-02 12:00:00,12,4,5,122,0,22.63,0.22,164.43,18.76,2
2025-05-02 13:00:00,13,4,5,122,0,23.47,0.22,191.46,23.45,2
2025-05-02 14:00:00,14,4,5,122,0,19.39,0.22,183.35,20.99,1
2025-05-02 15:00:00,15,4,5,122,0,25.98,0.22,136.08,32.17,2
2025-05-02 16:00:00,16,4,5,122,0,23.74,0.38,69.09,38.92,3
2025-05-02 17:00:00,17,4,5,122,0,23.71,0.38,30.13,41.19,3
2025-05-02 18:00:00,18,4,5,122,0,19.9,0.38,0.0,53.34,4
2025-05-02 19:00:00,19,4,5,122,0,21.63,0.38,0.0,52.16,4
2025-05-02 20:00:00,20,4,5,122,0,21.43,0.38,0.0,44.34,3
2025-05-02 21:00:00,21,4,5,122,0,17.69,0.38,0.0,30.06,2
2025-05-02 22:00:00,22,4,5,122,0,20.59,0.22,0.0,29.74,2
2025-05-02 23:00:00,23,4,5,122,0,15.47,0.22,0.0,20.57,2
2025-05-03 00:00:00,0,5,5,123,1,16.8,0.1,0.0,3.88,1
2025-05-03 01:00:00,1,5,5,123,1,14.31,0.1,0.0,3.66,1
2025-05-03 02:00:00,2,5,5,123,1,14.39,0.1,0.0,2.5,1
2025-05-03 03:00:00,3,5,5,123,1,9.71,0.1,0.0,3.67,1
2025-05-03 04:00:00,4,5,5,123,1,13.96,0.1,0.0,5.83,1
2025-05-03 05:00:00,5,5,5,123,1,12.25,0.1,0.0,4.56,1
2025-05-03 06:00:00,6,5,5,123,1,12.82,0.1,0.0,4.99,1
2025-05-03 07:00:00,7,5,5,123,1,19.04,0.1,30.22,19.93,1
2025-05-03 08:00:00,8,5,5,123,1,16.33,0.1,81.19,18.74,1
2025-05-03 09:00:00,9,5,5,123,1,16.04,0.1,103.51,29.28,2
2025-05-03 10:00:00,10,5,5,123,1,18.63,0.15,156.25,30.89,3
2025-05-03 11:00:00,11,5,5,123,1,17.95,0.15,217.88,38.29,3
2025-05-03 12:00:00,12,5,5,123,1,24.45,0.15,202.06,51.62,3
2025-05-03 13:00:00,13,5,5,123,1,20.99,0.15,155.37,55.68,4
2025-05-03 14:00:00,14,5,5,123,1,23.94,0.15,159.69,50.46,4
2025-05-03 15:00:00,15,5,5,123,1,25.76,0.15,106.19,45.36,4
2025-05-03 16:00:00,16,5,5,123,1,21.88,0.15,81.19,51.97,4
2025-05-03 17:00:00,17,5,5,123,1,23.44,0.15,28.81,47.26,4
2025-05-03 18:00:00,18,5,5,123,1,19.52,0.15,0.0,43.13,3
2025-05-03 19:00:00,19,5,5,123,1,25.44,0.1,0.0,38.31,3
2025-05-03 20:00:00,20,5,5,123,1,21.22,0.1,0.0,33.18,2
2025-05-03 21:00:00,21,5,5,123,1,17.66,0.1,0.0,25.35,2
2025-05-03 22:00:00,22,5,5,123,1,15.21,0.1,0.0,19.41,1
2025-05-03 23:00:00,23,5,5,123,1,15.32,0.1,0.0,13.66,1
2025-05-04 00:00:00,0,6,5,124,1,14.0,0.1,0.0,6.85,1
2025-05-04 01:00:00,1,6,5,124,1,17.79,0.1,0.0,4.22,1
2025-05-04 02:00:00,2,6,5,124,1,10.93,0.1,0.0,2.5,1
2025-05-04 03:00:00,3,6,5,124,1,13.48,0.1,0.0,9.42,1
2025-05-04 04:00:00,4,6,5,124,1,13.35,0.1,0.0,7.14,1
2025-05-04 05:00:00,5,6,5,124,1,13.65,0.1,0.0,7.85,1
2025-05-04 06:00:00,6,6,5,124,1,14.46,0.1,0.0,4.58,1
2025-05-04 07:00:00,7,6,5,124,1,15.48,0.1,30.34,18.55,1
2025-05-04 08:00:00,8,6,5,124,1,18.66,0.1,71.63,15.68,1
2025-05-04 09:00:00,9,6,5,124,1,19.43,0.1,111.75,27.18,2
2025-05-04 10:00:00,10,6,5,124,1,20.34,0.15,140.54,26.24,2
2025-05-04 11:00:00,11,6,5,124,1,14.64,0.15,163.72,37.84,3
2025-05-04 12:00:00,12,6,5,124,1,22.35,0.15,225.11,43.78,4
2025-05-04 13:00:00,13,6,5,124,1,19.23,0.15,205.98,54.69,4
2025-05-04 14:00:00,14,6,5,124,1,24.33,0.15,161.95,54.51,4
2025-05-04 15:00:00,15,6,5,124,1,26.16,0.15,128.93,50.95,4
2025-05-04 16:00:00,16,6,5,124,1,21.19,0.15,73.09,44.82,4
2025-05-04 17:00:00,17,6,5,124,1,22.02,0.15,30.21,56.67,4
2025-05-04 18:00:00,18,6,5,124,1,20.55,0.15,0.0,39.44,3
2025-05-04 19:00:00,19,6,5,124,1,23.18,0.1,0.0,38.72,3
2025-05-04 20:00:00,20,6,5,124,1,19.7,0.1,0.0,43.33,4
2025-05-04 21:00:00,21,6,5,124,1,21.67,0.1,0.0,22.93,1
2025-05-04 22:00:00,22,6,5,124,1,17.75,0.1,0.0,23.98,2
2025-05-04 23:00:00,23,6,5,124,1,16.2,0.1,0.0,12.41,1
2025-05-05 00:00:00,0,0,5,125,0,14.98,0.12,0.0,10.47,1
2025-05-05 01:00:00,1,0,5,125,0,15.68,0.12,0.0,10.73,1
2025-05-05 02:00:00,2,0,5,125,0,10.07,0.12,0.0,2.5,1
2025-05-05 03:00:00,3,0,5,125,0,13.55,0.12,0.0,20.85,1
2025-05-05 04:00:00,4,0,5,125,0,13.41,0.12,0.0,12.37,1
2025-05-05 05:00:00,5,0,5,125,0,15.5,0.12,0.0,6.82,1
2025-05-05 06:00:00,6,0,5,125,0,14.46,0.12,0.0,19.45,1
2025-05-05 07:00:00,7,0,5,125,0,13.8,0.22,20.76,21.72,1
2025-05-05 08:00:00,8,0,5,125,0,17.1,0.22,69.66,40.17,3
2025-05-05 09:00:00,9,0,5,125,0,16.21,0.22,113.7,39.35,3
2025-05-05 10:00:00,10,0,5,125,0,15.82,0.22,160.98,42.44,3
2025-05-05 11:00:00,11,0,5,125,0,22.33,0.22,178.43,30.71,3
2025-05-05 12:00:00,12,0,5,125,0,23.07,0.22,161.64,29.45,2
2025-05-05 13:00:00,13,0,5,125,0,23.64,0.22,183.51,21.72,2
2025-05-05 14:00:00,14,0,5,125,0,25.81,0.22,184.8,29.32,2
2025-05-05 15:00:00,15,0,5,125,0,22.05,0.22,137.48,32.05,2
2025-05-05 16:00:00,16,0,5,125,0,20.34,0.38,81.75,38.37,2
2025-05-05 17:00:00,17,0,5,125,0,22.57,0.38,30.44,44.01,4
2025-05-05 18:00:00,18,0,5,125,0,21.22,0.38,0.0,53.63,4
2025-05-05 19:00:00,19,0,5,125,0,19.19,0.38,0.0,60.81,5
2025-05-05 20:00:00,20,0,5,125,0,19.51,0.38,0.0,45.13,3
2025-05-05 21:00:00,21,0,5,125,0,17.15,0.38,0.0,34.16,2
2025-05-05 22:00:00,22,0,5,125,0,13.41,0.22,0.0,24.24,2
2025-05-05 23:00:00,23,0,5,125,0,14.99,0.22,0.0,15.7,1
2025-05-06 00:00:00,0,1,5,126,0,12.73,0.12,0.0,2.5,1
2025-05-06 01:00:00,1,1,5,126,0,14.67,0.12,0.0,3.27,1
2025-05-06 02:00:00,2,1,5,126,0,12.4,0.12,0.0,4.61,1
2025-05-06 03:00:00,3,1,5,126,0,15.76,0.12,0.0,2.5,1
2025-05-06 04:00:00,4,1,5,126,0,16.91,0.12,0.0,19.37,1
2025-05-06 05:00:00,5,1,5,126,0,15.57,0.12,0.0,10.28,1
2025-05-06 06:00:00,6,1,5,126,0,11.9,0.12,0.0,17.78,1
2025-05-06 07:00:00,7,1,5,126,0,19.05,0.22,27.58,27.7,2
2025-05-06 08:00:00,8,1,5,126,0,20.39,0.22,81.41,36.57,2
2025-05-06 09:00:00,9,1,5,126,0,18.57,0.22,106.6,53.09,3
2025-05-06 10:00:00,10,1,5,126,0,22.48,0.22,153.39,35.57,3
2025-05-06 11:00:00,11,1,5,126,0,19.93,0.22,207.95,25.2,2
2025-05-06 12:00:00,12,1,5,126,0,18.34,0.22,146.53,22.68,2
2025-05-06 13:00:00,13,1,5,126,0,21.35,0.22,220.22,28.78,2
2025-05-06 14:00:00,14,1,5,126,0,26.82,0.22,171.33,20.13,2
2025-05-06 15:00:00,15,1,5,126,0,20.55,0.22,123.92,31.67,2
2025-05-06 16:00:00,16,1,5,126,0,23.37,0.38,56.13,34.12,3
2025-05-06 17:00:00,17,1,5,126,0,22.94,0.38,22.16,53.65,4
2025-05-06 18:00:00,18,1,5,126,0,21.05,0.38,0.0,60.0,4
2025-05-06 19:00:00,19,1,5,126,0,20.15,0.38,0.0,49.18,3
2025-05-06 20:00:00,20,1,5,126,0,19.98,0.38,0.0,40.17,3
2025-05-06 21:00:00,21,1,5,126,0,17.41,0.38,0.0,33.67,3
2025-05-06 22:00:00,22,1,5,126,0,14.4,0.22,0.0,25.04,2
2025-05-06 23:00:00,23,1,5,126,0,16.47,0.22,0.0,13.24,1
2025-05-07 00:00:00,0,2,5,127,0,17.31,0.12,0.0,2.5,1
2025-05-07 01:00:00,1,2,5,127,0,16.11,0.12,0.0,2.5,1
2025-05-07 02:00:00,2,2,5,127,0,12.25,0.12,0.0,8.35,1
2025-05-07 03:00:00,3,2,5,127,0,11.19,0.12,0.0,2.5,1
2025-05-07 04:00:00,4,2,5,127,0,13.3,0.12,0.0,12.12,1
2025-05-07 05:00:00,5,2,5,127,0,17.5,0.12,0.0,5.5,1
2025-05-07 06:00:00,6,2,5,127,0,16.45,0.12,0.0,29.87,2
2025-05-07 07:00:00,7,2,5,127,0,17.61,0.22,25.7,19.58,1
2025-05-07 08:00:00,8,2,5,127,0,19.18,0.22,54.37,37.49,3
2025-05-07 09:00:00,9,2,5,127,0,19.54,0.22,134.36,62.32,5
2025-05-07 10:00:00,10,2,5,127,0,20.23,0.22,136.96,35.86,3
2025-05-07 11:00:00,11,2,5,127,0,22.52,0.22,192.63,30.02,2
2025-05-07 12:00:00,12,2,5,127,0,21.14,0.22,209.07,31.21,3
2025-05-07 13:00:00,13,2,5,127,0,20.2,0.22,194.95,27.17,2
2025-05-07 14:00:00,14,2,5,127,0,24.97,0.22,187.56,31.61,3
2025-05-07 15:00:00,15,2,5,127,0,26.17,0.22,120.89,40.04,3
2025-05-07 16:00:00,16,2,5,127,0,21.29,0.38,76.63,31.85,2
2025-05-07 17:00:00,17,2,5,127,0,24.67,0.38,26.76,49.17,4
2025-05-07 18:00:00,18,2,5,127,0,25.59,0.38,0.0,62.86,5
2025-05-07 19:00:00,19,2,5,127,0,21.19,0.38,0.0,53.64,5
2025-05-07 20:00:00,20,2,5,127,0,18.36,0.38,0.0,48.06,4
2025-05-07 21:00:00,21,2,5,127,0,18.94,0.38,0.0,35.38,2
2025-05-07 22:00:00,22,2,5,127,0,16.3,0.22,0.0,23.4,2
2025-05-07 23:00:00,23,2,5,127,0,14.96,0.22,0.0,13.81,1
2025-05-08 00:00:00,0,3,5,128,0,16.19,0.12,0.0,2.5,1
2025-05-08 01:00:00,1,3,5,128,0,11.32,0.12,0.0,4.78,1
2025-05-08 02:00:00,2,3,5,128,0,11.14,0.12,0.0,13.42,1
2025-05-08 03:00:00,3,3,5,128,0,13.9,0.12,0.0,13.22,1
2025-05-08 04:00:00,4,3,5,128,0,13.98,0.12,0.0,3.41,1
2025-05-08 05:00:00,5,3,5,128,0,15.21,0.12,0.0,2.5,1
2025-05-08 06:00:00,6,3,5,128,0,19.07,0.12,0.0,14.49,1
2025-05-08 07:00:00,7,3,5,128,0,16.57,0.22,27.99,17.73,1
2025-05-08 08:00:00,8,3,5,128,0,18.76,0.22,75.55,32.99,3
2025-05-08 09:00:00,9,3,5,128,0,16.91,0.22,119.51,47.08,4
2025-05-08 10:00:00,10,3,5,128,0,21.69,0.22,159.89,36.31,3
2025-05-08 11:00:00,11,3,5,128,0,20.3,0.22,221.63,33.81,3
2025-05-08 12:00:00,12,3,5,128,0,22.54,0.22,218.83,20.2,2
2025-05-08 13:00:00,13,3,5,128,0,22.97,0.22,179.79,29.72,2
2025-05-08 14:00:00,14,3,5,128,0,25.75,0.22,159.31,23.43,2
2025-05-08 15:00:00,15,3,5,128,0,21.24,0.22,138.82,37.52,3
2025-05-08 16:00:00,16,3,5,128,0,19.12,0.38,65.34,44.01,4
2025-05-08 17:00:00,17,3,5,128,0,22.76,0.38,21.58,46.16,4
2025-05-08 18:00:00,18,3,5,128,0,23.33,0.38,0.0,50.39,3
2025-05-08 19:00:00,19,3,5,128,0,21.66,0.38,0.0,54.65,4
2025-05-08 20:00:00,20,3,5,128,0,22.62,0.38,0.0,42.22,3
2025-05-08 21:00:00,21,3,5,128,0,19.73,0.38,0.0,32.4,2
2025-05-08 22:00:00,22,3,5,128,0,16.43,0.22,0.0,25.33,2
2025-05-08 23:00:00,23,3,5,128,0,11.71,0.22,0.0,14.44,1
2025-05-09 00:00:00,0,4,5,129,0,15.0,0.12,0.0,2.5,1
2025-05-09 01:00:00,1,4,5,129,0,16.74,0.12,0.0,10.44,1
2025-05-09 02:00:00,2,4,5,129,0,13.4,0.12,0.0,4.86,1
2025-05-09 03:00:00,3,4,5,129,0,14.07,0.12,0.0,11.89,1
2025-05-09 04:00:00,4,4,5,129,0,15.03,0.12,0.0,11.77,1
2025-05-09 05:00:00,5,4,5,129,0,12.65,0.12,0.0,12.83,1
2025-05-09 06:00:00,6,4,5,129,0,16.73,0.12,0.0,28.91,2
2025-05-09 07:00:00,7,4,5,129,0,19.79,0.22,26.36,21.63,1
2025-05-09 08:00:00,8,4,5,129,0,17.38,0.22,79.8,32.79,3
2025-05-09 09:00:00,9,4,5,129,0,16.76,0.22,113.82,45.76,3
2025-05-09 10:00:00,10,4,5,129,0,20.18,0.22,147.95,34.73,2
2025-05-09 11:00:00,11,4,5,129,0,17.07,0.22,222.32,30.12,2
2025-05-09 12:00:00,12,4,5,129,0,23.22,0.22,173.98,27.32,2
2025-05-09 13:00:00,13,4,5,129,0,24.25,0.22,186.19,29.26,2
2025-05-09 14:00:00,14,4,5,129,0,27.2,0.22,173.02,25.03,2
2025-05-09 15:00:00,15,4,5,129,0,23.63,0.22,106.89,24.5,2
2025-05-09 16:00:00,16,4,5,129,0,24.66,0.38,79.33,43.03,3
2025-05-09 17:00:00,17,4,5,129,0,21.62,0.38,26.0,54.44,4
2025-05-09 18:00:00,18,4,5,129,0,21.84,0.38,0.0,53.33,4
2025-05-09 19:00:00,19,4,5,129,0,18.46,0.38,0.0,57.94,5
2025-05-09 20:00:00,20,4,5,129,0,19.92,0.38,0.0,54.27,4
2025-05-09 21:00:00,21,4,5,129,0,18.4,0.38,0.0,40.39,3
2025-05-09 22:00:00,22,4,5,129,0,18.32,0.22,0.0,29.59,3
2025-05-09 23:00:00,23,4,5,129,0,15.27,0.22,0.0,16.64,1
2025-05-10 00:00:00,0,5,5,130,1,15.8,0.1,0.0,22.42,2
2025-05-10 01:00:00,1,5,5,130,1,14.18,0.1,0.0,7.88,1
2025-05-10 02:00:00,2,5,5,130,1,13.68,0.1,0.0,2.5,1
2025-05-10 03:00:00,3,5,5,130,1,14.33,0.1,0.0,5.9,1
2025-05-10 04:00:00,4,5,5,130,1,14.42,0.1,0.0,7.57,1
2025-05-10 05:00:00,5,5,5,130,1,16.36,0.1,0.0,10.94,1
2025-05-10 06:00:00,6,5,5,130,1,15.4,0.1,0.0,8.13,1
2025-05-10 07:00:00,7,5,5,130,1,15.97,0.1,26.51,13.75,1
2025-05-10 08:00:00,8,5,5,130,1,17.52,0.1,63.3,24.06,2
2025-05-10 09:00:00,9,5,5,130,1,17.74,0.1,131.73,38.4,3
2025-05-10 10:00:00,10,5,5,130,1,19.75,0.15,152.83,28.02,3
2025-05-10 11:00:00,11,5,5,130,1,25.73,0.15,188.54,41.14,4
2025-05-10 12:00:00,12,5,5,130,1,20.88,0.15,233.99,44.22,3
2025-05-10 13:00:00,13,5,5,130,1,22.94,0.15,212.92,52.41,4
2025-05-10 14:00:00,14,5,5,130,1,23.23,0.15,166.94,51.69,4
2025-05-10 15:00:00,15,5,5,130,1,23.68,0.15,125.77,55.48,4
2025-05-10 16:00:00,16,5,5,130,1,23.34,0.15,73.2,51.32,3
2025-05-10 17:00:00,17,5,5,130,1,24.06,0.15,25.62,44.44,3
2025-05-10 18:00:00,18,5,5,130,1,19.29,0.15,0.0,43.66,3
2025-05-10 19:00:00,19,5,5,130,1,23.75,0.1,0.0,37.35,3
2025-05-10 20:00:00,20,5,5,130,1,21.73,0.1,0.0,37.27,3
2025-05-10 21:00:00,21,5,5,130,1,16.69,0.1,0.0,26.33,2
2025-05-10 22:00:00,22,5,5,130,1,13.34,0.1,0.0,18.44,1
2025-05-10 23:00:00,23,5,5,130,1,14.72,0.1,0.0,5.87,1
2025-05-11 00:00:00,0,6,5,131,1,15.31,0.1,0.0,22.07,2
2025-05-11 01:00:00,1,6,5,131,1,20.16,0.1,0.0,2.5,1
2025-05-11 02:00:00,2,6,5,131,1,15.58,0.1,0.0,3.45,1
2025-05-11 03:00:00,3,6,5,131,1,10.71,0.1,0.0,20.19,2
2025-05-11 04:00:00,4,6,5,131,1,13.12,0.1,0.0,5.33,1
2025-05-11 05:00:00,5,6,5,131,1,14.89,0.1,0.0,23.32,2
2025-05-11 06:00:00,6,6,5,131,1,16.3,0.1,0.0,12.64,1
2025-05-11 07:00:00,7,6,5,131,1,14.2,0.1,24.76,8.32,1
2025-05-11 08:00:00,8,6,5,131,1,17.76,0.1,58.45,21.52,1
2025-05-11 09:00:00,9,6,5,131,1,17.89,0.1,139.61,21.64,1
2025-05-11 10:00:00,10,6,5,131,1,18.41,0.15,136.01,45.34,3
2025-05-11 11:00:00,11,6,5,131,1,22.35,0.15,195.42,39.22,3
2025-05-11 12:00:00,12,6,5,131,1,24.41,0.15,180.57,45.2,3
2025-05-11 13:00:00,13,6,5,131,1,25.34,0.15,217.63,55.37,4
2025-05-11 14:00:00,14,6,5,131,1,25.31,0.15,159.47,53.78,4
2025-05-11 15:00:00,15,6,5,131,1,23.33,0.15,121.01,57.73,4
2025-05-11 16:00:00,16,6,5,131,1,25.59,0.15,72.29,55.33,4
2025-05-11 17:00:00,17,6,5,131,1,24.28,0.15,28.42,45.69,3
2025-05-11 18:00:00,18,6,5,131,1,23.13,0.15,0.0,43.89,3
2025-05-11 19:00:00,19,6,5,131,1,20.6,0.1,0.0,45.79,3
2025-05-11 20:00:00,20,6,5,131,1,19.63,0.1,0.0,42.72,3
2025-05-11 21:00:00,21,6,5,131,1,19.48,0.1,0.0,26.95,2
2025-05-11 22:00:00,22,6,5,131,1,22.91,0.1,0.0,18.77,2
2025-05-11 23:00:00,23,6,5,131,1,17.43,0.1,0.0,14.21,1
2025-05-12 00:00:00,0,0,5,132,0,14.72,0.12,0.0,7.59,1
2025-05-12 01:00:00,1,0,5,132,0,13.49,0.12,0.0,5.04,1
2025-05-12 02:00:00,2,0,5,132,0,13.67,0.12,0.0,27.86,2
2025-05-12 03:00:00,3,0,5,132,0,18.84,0.12,0.0,6.78,1
2025-05-12 04:00:00,4,0,5,132,0,13.85,0.12,0.0,2.5,1
2025-05-12 05:00:00,5,0,5,132,0,16.97,0.12,0.0,5.29,1
2025-05-12 06:00:00,6,0,5,132,0,15.19,0.12,0.0,12.9,1
2025-05-12 07:00:00,7,0,5,132,0,17.5,0.22,28.87,18.63,2
2025-05-12 08:00:00,8,0,5,132,0,19.77,0.22,67.46,30.91,2
2025-05-12 09:00:00,9,0,5,132,0,18.34,0.22,134.4,42.51,3
2025-05-12 10:00:00,10,0,5,132,0,19.49,0.22,159.53,33.8,2
2025-05-12 11:00:00,11,0,5,132,0,25.3,0.22,164.22,28.48,2
2025-05-12 12:00:00,12,0,5,132,0,24.99,0.22,200.29,21.8,1
2025-05-12 13:00:00,13,0,5,132,0,25.39,0.22,224.3,19.8,1
2025-05-12 14:00:00,14,0,5,132,0,25.89,0.22,190.42,24.85,2
2025-05-12 15:00:00,15,0,5,132,0,25.4,0.22,131.83,30.58,2
2025-05-12 16:00:00,16,0,5,132,0,28.35,0.38,72.14,33.4,2
2025-05-12 17:00:00,17,0,5,132,0,23.9,0.38,28.51,57.62,5
2025-05-12 18:00:00,18,0,5,132,0,24.17,0.38,0.0,60.09,4
2025-05-12 19:00:00,19,0,5,132,0,19.08,0.38,0.0,53.18,4
2025-05-12 20:00:00,20,0,5,132,0,19.13,0.38,0.0,50.37,3
2025-05-12 21:00:00,21,0,5,132,0,17.08,0.38,0.0,45.12,3
2025-05-12 22:00:00,22,0,5,132,0,20.74,0.22,0.0,20.93,1
2025-05-12 23:00:00,23,0,5,132,0,11.88,0.22,0.0,14.18,1
2025-05-13 00:00:00,0,1,5,133,0,15.3,0.12,0.0,2.5,1
2025-05-13 01:00:00,1,1,5,133,0,9.32,0.12,0.0,3.04,1
2025-05-13 02:00:00,2,1,5,133,0,13.14,0.12,0.0,14.37,1
2025-05-13 03:00:00,3,1,5,133,0,13.65,0.12,0.0,4.82,1
2025-05-13 04:00:00,4,1,5,133,0,17.58,0.12,0.0,15.89,1
2025-05-13 05:00:00,5,1,5,133,0,16.1,0.12,0.0,8.22,1
2025-05-13 06:00:00,6,1,5,133,0,14.43,0.12,0.0,14.15,1
2025-05-13 07:00:00,7,1,5,133,0,19.27,0.22,23.63,21.31,1
2025-05-13 08:00:00,8,1,5,133,0,18.38,0.22,62.8,35.32,3
2025-05-13 09:00:00,9,1,5,133,0,19.71,0.22,140.88,44.78,3
2025-05-13 10:00:00,10,1,5,133,0,18.52,0.22,158.41,32.28,3
2025-05-13 11:00:00,11,1,5,133,0,20.16,0.22,177.92,36.94,3
2025-05-13 12:00:00,12,1,5,133,0,21.52,0.22,236.93,18.13,1
2025-05-13 13:00:00,13,1,5,133,0,24.06,0.22,219.93,21.0,2
2025-05-13 14:00:00,14,1,5,133,0,24.62,0.22,159.52,20.83,1
2025-05-13 15:00:00,15,1,5,133,0,27.72,0.22,131.21,30.11,2
2025-05-13 16:00:00,16,1,5,133,0,25.24,0.38,71.35,38.01,3
2025-05-13 17:00:00,17,1,5,133,0,18.55,0.38,24.86,53.6,3
2025-05-13 18:00:00,18,1,5,133,0,23.7,0.38,0.0,60.35,5
2025-05-13 19:00:00,19,1,5,133,0,19.24,0.38,0.0,50.08,3
2025-05-13 20:00:00,20,1,5,133,0,19.0,0.38,0.0,47.46,4
2025-05-13 21:00:00,21,1,5,133,0,18.01,0.38,0.0,41.35,4
2025-05-13 22:00:00,22,1,5,133,0,17.01,0.22,0.0,26.55,2
2025-05-13 23:00:00,23,1,5,133,0,14.39,0.22,0.0,18.61,2
2025-05-14 00:00:00,0,2,5,134,0,16.66,0.12,0.0,2.97,1
2025-05-14 01:00:00,1,2,5,134,0,12.64,0.12,0.0,4.21,1
2025-05-14 02:00:00,2,2,5,134,0,15.67,0.12,0.0,2.5,1
2025-05-14 03:00:00,3,2,5,134,0,19.26,0.12,0.0,3.28,1
2025-05-14 04:00:00,4,2,5,134,0,12.3,0.12,0.0,3.74,1
2025-05-14 05:00:00,5,2,5,134,0,14.89,0.12,0.0,4.11,1
2025-05-14 06:00:00,6,2,5,134,0,11.2,0.12,0.0,8.58,1
2025-05-14 07:00:00,7,2,5,134,0,16.69,0.22,24.15,27.56,2
2025-05-14 08:00:00,8,2,5,134,0,19.78,0.22,83.71,44.1,3
2025-05-14 09:00:00,9,2,5,134,0,21.23,0.22,106.83,41.35,3
2025-05-14 10:00:00,10,2,5,134,0,21.24,0.22,180.09,36.22,3
2025-05-14 11:00:00,11,2,5,134,0,24.07,0.22,214.06,28.56,2
2025-05-14 12:00:00,12,2,5,134,0,28.41,0.22,210.64,36.24,3
2025-05-14 13:00:00,13,2,5,134,0,27.54,0.22,185.07,23.89,2
2025-05-14 14:00:00,14,2,5,134,0,23.57,0.22,171.74,24.64,2
2025-05-14 15:00:00,15,2,5,134,0,21.89,0.22,128.84,46.32,3
2025-05-14 16:00:00,16,2,5,134,0,23.8,0.38,84.0,41.8,3
2025-05-14 17:00:00,17,2,5,134,0,22.22,0.38,24.25,54.5,5
2025-05-14 18:00:00,18,2,5,134,0,24.23,0.38,0.0,53.73,5
2025-05-14 19:00:00,19,2,5,134,0,19.92,0.38,0.0,60.6,5
2025-05-14 20:00:00,20,2,5,134,0,20.94,0.38,0.0,44.52,3
2025-05-14 21:00:00,21,2,5,134,0,21.46,0.38,0.0,34.13,3
2025-05-14 22:00:00,22,2,5,134,0,18.29,0.22,0.0,29.86,2
2025-05-14 23:00:00,23,2,5,134,0,15.39,0.22,0.0,19.48,2
2025-05-15 00:00:00,0,3,5,135,0,18.75,0.12,0.0,8.92,1
2025-05-15 01:00:00,1,3,5,135,0,11.85,0.12,0.0,2.5,1
2025-05-15 02:00:00,2,3,5,135,0,14.45,0.12,0.0,2.5,1
2025-05-15 03:00:00,3,3,5,135,0,14.85,0.12,0.0,3.27,1
2025-05-15 04:00:00,4,3,5,135,0,15.14,0.12,0.0,10.3,1
2025-05-15 05:00:00,5,3,5,135,0,15.97,0.12,0.0,7.58,1
2025-05-15 06:00:00,6,3,5,135,0,17.62,0.12,0.0,9.85,1
2025-05-15 07:00:00,7,3,5,135,0,17.37,0.22,30.46,25.19,2
2025-05-15 08:00:00,8,3,5,135,0,17.91,0.22,56.26,40.49,3
2025-05-15 09:00:00,9,3,5,135,0,19.12,0.22,141.65,36.08,3
2025-05-15 10:00:00,10,3,5,135,0,20.01,0.22,150.06,34.7,3
2025-05-15 11:00:00,11,3,5,135,0,24.01,0.22,184.59,27.6,2
2025-05-15 12:00:00,12,3,5,135,0,22.18,0.22,224.08,24.38,2
2025-05-15 13:00:00,13,3,5,135,0,25.96,0.22,207.6,25.36,2
2025-05-15 14:00:00,14,3,5,135,0,24.81,0.22,170.9,27.42,2
2025-05-15 15:00:00,15,3,5,135,0,23.9,0.22,101.48,30.96,2
2025-05-15 16:00:00,16,3,5,135,0,26.0,0.38,75.13,36.77,2
2025-05-15 17:00:00,17,3,5,135,0,22.81,0.38,31.22,48.5,3
2025-05-15 18:00:00,18,3,5,135,0,24.75,0.38,0.0,62.64,5
2025-05-15 19:00:00,19,3,5,135,0,22.86,0.38,0.0,62.4,4
2025-05-15 20:00:00,20,3,5,135,0,20.04,0.38,0.0,51.91,4
2025-05-15 21:00:00,21,3,5,135,0,21.0,0.38,0.0,32.22,2
2025-05-15 22:00:00,22,3,5,135,0,19.74,0.22,0.0,20.48,1
2025-05-15 23:00:00,23,3,5,135,0,19.75,0.22,0.0,18.76,1
2025-05-16 00:00:00,0,4,5,136,0,18.48,0.12,0.0,3.49,1
2025-05-16 01:00:00,1,4,5,136,0,16.74,0.12,0.0,14.56,1
2025-05-16 02:00:00,2,4,5,136,0,13.0,0.12,0.0,2.5,1
2025-05-16 03:00:00,3,4,5,136,0,19.98,0.12,0.0,3.96,1
2025-05-16 04:00:00,4,4,5,136,0,12.45,0.12,0.0,19.21,2
2025-05-16 05:00:00,5,4,5,136,0,17.66,0.12,0.0,10.46,1
2025-05-16 06:00:00,6,4,5,136,0,17.41,0.12,0.0,10.75,1
2025-05-16 07:00:00,7,4,5,136,0,15.24,0.22,31.45,16.61,1
2025-05-16 08:00:00,8,4,5,136,0,18.54,0.22,73.98,36.43,2
2025-05-16 09:00:00,9,4,5,136,0,19.93,0.22,142.02,46.9,3
2025-05-16 10:00:00,10,4,5,136,0,23.99,0.22,168.26,49.44,3
2025-05-16 11:00:00,11,4,5,136,0,21.16,0.22,175.5,25.71,2
2025-05-16 12:00:00,12,4,5,136,0,23.1,0.22,238.84,29.1,2
2025-05-16 13:00:00,13,4,5,136,0,19.74,0.22,226.74,18.17,1
2025-05-16 14:00:00,14,4,5,136,0,28.39,0.22,145.82,27.63,2
2025-05-16 15:00:00,15,4,5,136,0,22.95,0.22,107.26,27.52,2
2025-05-16 16:00:00,16,4,5,136,0,25.57,0.38,74.72,39.26,3
2025-05-16 17:00:00,17,4,5,136,0,24.21,0.38,31.28,41.87,3
2025-05-16 18:00:00,18,4,5,136,0,23.43,0.38,0.0,59.98,4
2025-05-16 19:00:00,19,4,5,136,0,24.21,0.38,0.0,58.49,5
2025-05-16 20:00:00,20,4,5,136,0,24.72,0.38,0.0,49.41,4
2025-05-16 21:00:00,21,4,5,136,0,20.59,0.38,0.0,31.77,3
2025-05-16 22:00:00,22,4,5,136,0,20.1,0.22,0.0,24.88,2
2025-05-16 23:00:00,23,4,5,136,0,18.24,0.22,0.0,18.59,1
2025-05-17 00:00:00,0,5,5,137,1,18.73,0.1,0.0,10.67,1
2025-05-17 01:00:00,1,5,5,137,1,14.98,0.1,0.0,19.1,1
2025-05-17 02:00:00,2,5,5,137,1,17.56,0.1,0.0,10.44,1
2025-05-17 03:00:00,3,5,5,137,1,17.46,0.1,0.0,18.36,1
2025-05-17 04:00:00,4,5,5,137,1,17.57,0.1,0.0,16.73,1
2025-05-17 05:00:00,5,5,5,137,1,14.58,0.1,0.0,7.4,1
2025-05-17 06:00:00,6,5,5,137,1,16.36,0.1,0.0,5.62,1
2025-05-17 07:00:00,7,5,5,137,1,18.21,0.1,18.02,11.66,1
2025-05-17 08:00:00,8,5,5,137,1,16.2,0.1,50.73,11.75,1
2025-05-17 09:00:00,9,5,5,137,1,23.42,0.1,142.38,23.19,2
2025-05-17 10:00:00,10,5,5,137,1,21.5,0.15,168.04,33.02,2
2025-05-17 11:00:00,11,5,5,137,1,23.3,0.15,185.51,44.09,3
2025-05-17 12:00:00,12,5,5,137,1,22.62,0.15,237.87,47.48,4
2025-05-17 13:00:00,13,5,5,137,1,21.91,0.15,189.0,58.87,4
2025-05-17 14:00:00,14,5,5,137,1,23.86,0.15,176.04,63.58,4
2025-05-17 15:00:00,15,5,5,137,1,25.67,0.15,125.73,57.3,4
2025-05-17 16:00:00,16,5,5,137,1,26.41,0.15,69.71,55.38,4
2025-05-17 17:00:00,17,5,5,137,1,24.89,0.15,28.86,47.12,3
2025-05-17 18:00:00,18,5,5,137,1,24.46,0.15,0.0,52.42,4
2025-05-17 19:00:00,19,5,5,137,1,22.06,0.1,0.0,44.53,3
2025-05-17 20:00:00,20,5,5,137,1,22.52,0.1,0.0,31.44,3
2025-05-17 21:00:00,21,5,5,137,1,23.2,0.1,0.0,33.69,3
2025-05-17 22:00:00,22,5,5,137,1,20.35,0.1,0.0,12.46,1
2025-05-17 23:00:00,23,5,5,137,1,19.35,0.1,0.0,13.31,1
2025-05-18 00:00:00,0,6,5,138,1,17.43,0.1,0.0,11.48,1
2025-05-18 01:00:00,1,6,5,138,1,13.04,0.1,0.0,5.02,1
2025-05-18 02:00:00,2,6,5,138,1,13.46,0.1,0.0,3.93,1
2025-05-18 03:00:00,3,6,5,138,1,16.29,0.1,0.0,17.19,1
2025-05-18 04:00:00,4,6,5,138,1,15.53,0.1,0.0,2.5,1
2025-05-18 05:00:00,5,6,5,138,1,16.93,0.1,0.0,2.51,1
2025-05-18 06:00:00,6,6,5,138,1,20.2,0.1,0.0,16.03,1
2025-05-18 07:00:00,7,6,5,138,1,19.33,0.1,28.83,10.33,1
2025-05-18 08:00:00,8,6,5,138,1,21.6,0.1,72.8,15.94,1
2025-05-18 09:00:00,9,6,5,138,1,20.57,0.1,109.7,21.99,2
2025-05-18 10:00:00,10,6,5,138,1,20.06,0.15,184.06,29.42,2
2025-05-18 11:00:00,11,6,5,138,1,22.76,0.15,219.77,40.94,3
2025-05-18 12:00:00,12,6,5,138,1,22.31,0.15,214.51,60.77,4
2025-05-18 13:00:00,13,6,5,138,1,27.83,0.15,171.26,56.2,5
2025-05-18 14:00:00,14,6,5,138,1,26.79,0.15,157.99,58.5,4
2025-05-18 15:00:00,15,6,5,138,1,26.42,0.15,124.57,55.9,5
2025-05-18 16:00:00,16,6,5,138,1,27.68,0.15,81.69,42.88,3
2025-05-18 17:00:00,17,6,5,138,1,20.67,0.15,21.81,45.01,3
2025-05-18 18:00:00,18,6,5,138,1,25.09,0.15,0.0,46.95,3
2025-05-18 19:00:00,19,6,5,138,1,20.26,0.1,0.0,40.45,3
2025-05-18 20:00:00,20,6,5,138,1,21.66,0.1,0.0,28.63,3
2025-05-18 21:00:00,21,6,5,138,1,19.76,0.1,0.0,19.51,2
2025-05-18 22:00:00,22,6,5,138,1,20.41,0.1,0.0,14.03,1
2025-05-18 23:00:00,23,6,5,138,1,18.34,0.1,0.0,9.99,1
2025-05-19 00:00:00,0,0,5,139,0,19.68,0.12,0.0,5.75,1
2025-05-19 01:00:00,1,0,5,139,0,14.99,0.12,0.0,2.5,1
2025-05-19 02:00:00,2,0,5,139,0,17.11,0.12,0.0,2.5,1
2025-05-19 03:00:00,3,0,5,139,0,15.85,0.12,0.0,4.58,1
2025-05-19 04:00:00,4,0,5,139,0,12.42,0.12,0.0,7.64,1
2025-05-19 05:00:00,5,0,5,139,0,14.36,0.12,0.0,4.34,1
2025-05-19 06:00:00,6,0,5,139,0,16.69,0.12,0.0,14.27,1
2025-05-19 07:00:00,7,0,5,139,0,20.25,0.22,25.6,31.56,2
2025-05-19 08:00:00,8,0,5,139,0,20.16,0.22,77.9,31.1,3
2025-05-19 09:00:00,9,0,5,139,0,18.19,0.22,129.93,47.55,3
2025-05-19 10:00:00,10,0,5,139,0,21.54,0.22,160.94,35.53,3
2025-05-19 11:00:00,11,0,5,139,0,27.06,0.22,193.63,25.64,2
2025-05-19 12:00:00,12,0,5,139,0,24.28,0.22,169.77,21.3,1
2025-05-19 13:00:00,13,0,5,139,0,24.2,0.22,228.42,27.53,2
2025-05-19 14:00:00,14,0,5,139,0,26.34,0.22,186.64,22.32,2
2025-05-19 15:00:00,15,0,5,139,0,27.05,0.22,137.09,37.92,3
2025-05-19 16:00:00,16,0,5,139,0,24.44,0.38,58.58,36.17,3
2025-05-19 17:00:00,17,0,5,139,0,25.86,0.38,25.62,43.04,3
2025-05-19 18:00:00,18,0,5,139,0,23.4,0.38,0.0,51.73,5
2025-05-19 19:00:00,19,0,5,139,0,24.46,0.38,0.0,55.3,5
2025-05-19 20:00:00,20,0,5,139,0,22.16,0.38,0.0,43.69,4
2025-05-19 21:00:00,21,0,5,139,0,21.49,0.38,0.0,32.01,3
2025-05-19 22:00:00,22,0,5,139,0,17.71,0.22,0.0,19.01,1
2025-05-19 23:00:00,23,0,5,139,0,16.38,0.22,0.0,13.82,1
2025-05-20 00:00:00,0,1,5,140,0,19.02,0.12,0.0,4.15,1
2025-05-20 01:00:00,1,1,5,140,0,16.18,0.12,0.0,2.5,1
2025-05-20 02:00:00,2,1,5,140,0,16.41,0.12,0.0,6.76,1
2025-05-20 03:00:00,3,1,5,140,0,15.05,0.12,0.0,9.79,1
2025-05-20 04:00:00,4,1,5,140,0,17.63,0.12,0.0,13.87,1
2025-05-20 05:00:00,5,1,5,140,0,15.12,0.12,0.0,8.85,1
2025-05-20 06:00:00,6,1,5,140,0,16.86,0.12,0.0,18.39,2
2025-05-20 07:00:00,7,1,5,140,0,19.74,0.22,25.17,27.37,2
2025-05-20 08:00:00,8,1,5,140,0,21.72,0.22,77.94,37.63,3
2025-05-20 09:00:00,9,1,5,140,0,19.62,0.22,128.83,43.09,3
2025-05-20 10:00:00,10,1,5,140,0,25.88,0.22,174.97,33.08,3
2025-05-20 11:00:00,11,1,5,140,0,23.79,0.22,195.51,25.53,2
2025-05-20 12:00:00,12,1,5,140,0,22.12,0.22,241.17,29.48,2
2025-05-20 13:00:00,13,1,5,140,0,25.74,0.22,197.81,36.2,3
2025-05-20 14:00:00,14,1,5,140,0,24.73,0.22,194.37,23.58,2
2025-05-20 15:00:00,15,1,5,140,0,26.54,0.22,135.9,36.5,3
2025-05-20 16:00:00,16,1,5,140,0,25.41,0.38,78.63,38.06,3
2025-05-20 17:00:00,17,1,5,140,0,25.15,0.38,27.51,47.01,4
2025-05-20 18:00:00,18,1,5,140,0,22.38,0.38,0.0,59.02,4
2025-05-20 19:00:00,19,1,5,140,0,25.15,0.38,0.0,52.84,4
2025-05-20 20:00:00,20,1,5,140,0,19.65,0.38,0.0,49.34,3
2025-05-20 21:00:00,21,1,5,140,0,18.45,0.38,0.0,35.67,3
2025-05-20 22:00:00,22,1,5,140,0,20.11,0.22,0.0,26.64,2
2025-05-20 23:00:00,23,1,5,140,0,21.37,0.22,0.0,21.66,2
2025-05-21 00:00:00,0,2,5,141,0,16.57,0.12,0.0,2.5,1
2025-05-21 01:00:00,1,2,5,141,0,17.88,0.12,0.0,2.5,1
2025-05-21 02:00:00,2,2,5,141,0,18.13,0.12,0.0,4.26,1
2025-05-21 03:00:00,3,2,5,141,0,17.44,0.12,0.0,2.5,1
2025-05-21 04:00:00,4,2,5,141,0,15.36,0.12,0.0,5.44,1
2025-05-21 05:00:00,5,2,5,141,0,14.3,0.12,0.0,6.46,1
2025-05-21 06:00:00,6,2,5,141,0,12.86,0.12,0.0,14.67,1
2025-05-21 07:00:00,7,2,5,141,0,17.78,0.22,19.35,28.77,2
2025-05-21 08:00:00,8,2,5,141,0,21.87,0.22,78.6,31.67,2
2025-05-21 09:00:00,9,2,5,141,0,18.56,0.22,141.0,37.34,3
2025-05-21 10:00:00,10,2,5,141,0,23.5,0.22,194.81,40.95,3
2025-05-21 11:00:00,11,2,5,141,0,21.41,0.22,161.62,26.51,2
2025-05-21 12:00:00,12,2,5,141,0,24.56,0.22,241.72,34.41,3
2025-05-21 13:00:00,13,2,5,141,0,26.55,0.22,229.47,30.07,2
2025-05-21 14:00:00,14,2,5,141,0,24.32,0.22,124.27,35.44,3
2025-05-21 15:00:00,15,2,5,141,0,26.15,0.22,134.73,27.6,2
2025-05-21 16:00:00,16,2,5,141,0,24.81,0.38,81.54,38.11,3
2025-05-21 17:00:00,17,2,5,141,0,26.55,0.38,26.76,44.1,4
2025-05-21 18:00:00,18,2,5,141,0,24.81,0.38,0.0,65.86,5
2025-05-21 19:00:00,19,2,5,141,0,23.42,0.38,0.0,54.3,4
2025-05-21 20:00:00,20,2,5,141,0,25.22,0.38,0.0,47.88,4
2025-05-21 21:00:00,21,2,5,141,0,22.13,0.38,0.0,32.23,2
2025-05-21 22:00:00,22,2,5,141,0,18.13,0.22,0.0,28.15,2
2025-05-21 23:00:00,23,2,5,141,0,18.14,0.22,0.0,14.48,1
2025-05-22 00:00:00,0,3,5,142,0,17.26,0.12,0.0,10.67,1
2025-05-22 01:00:00,1,3,5,142,0,16.78,0.12,0.0,7.98,1
2025-05-22 02:00:00,2,3,5,142,0,21.17,0.12,0.0,5.68,1
2025-05-22 03:00:00,3,3,5,142,0,16.69,0.12,0.0,10.4,1
2025-05-22 04:00:00,4,3,5,142,0,12.05,0.12,0.0,9.84,1
2025-05-22 05:00:00,5,3,5,142,0,15.53,0.12,0.0,19.56,1
2025-05-22 06:00:00,6,3,5,142,0,13.55,0.12,0.0,12.31,1
2025-05-22 07:00:00,7,3,5,142,0,17.79,0.22,26.81,29.07,2
2025-05-22 08:00:00,8,3,5,142,0,15.68,0.22,68.7,35.53,3
2025-05-22 09:00:00,9,3,5,142,0,19.2,0.22,134.03,45.7,3
2025-05-22 10:00:00,10,3,5,142,0,19.2,0.22,170.01,36.64,3
2025-05-22 11:00:00,11,3,5,142,0,24.22,0.22,169.1,26.51,2
2025-05-22 12:00:00,12,3,5,142,0,24.48,0.22,242.24,27.57,2
2025-05-22 13:00:00,13,3,5,142,0,25.88,0.22,185.07,20.88,2
2025-05-22 14:00:00,14,3,5,142,0,25.57,0.22,193.53,21.8,1
2025-05-22 15:00:00,15,3,5,142,0,23.16,0.22,141.31,31.17,2
2025-05-22 16:00:00,16,3,5,142,0,26.8,0.38,62.42,39.94,3
2025-05-22 17:00:00,17,3,5,142,0,29.12,0.38,24.23,59.64,5
2025-05-22 18:00:00,18,3,5,142,0,25.3,0.38,0.0,54.62,4
2025-05-22 19:00:00,19,3,5,142,0,22.6,0.38,0.0,54.9,5
2025-05-22 20:00:00,20,3,5,142,0,19.39,0.38,0.0,45.97,4
2025-05-22 21:00:00,21,3,5,142,0,19.13,0.38,0.0,33.31,2
2025-05-22 22:00:00,22,3,5,142,0,20.56,0.22,0.0,24.57,2
2025-05-22 23:00:00,23,3,5,142,0,20.59,0.22,0.0,16.35,1
2025-05-23 00:00:00,0,4,5,143,0,18.07,0.12,0.0,3.97,1
2025-05-23 01:00:00,1,4,5,143,0,18.35,0.12,0.0,10.77,1
2025-05-23 02:00:00,2,4,5,143,0,17.67,0.12,0.0,6.58,1
2025-05-23 03:00:00,3,4,5,143,0,17.1,0.12,0.0,3.65,1
2025-05-23 04:00:00,4,4,5,143,0,14.94,0.12,0.0,7.85,1
2025-05-23 05:00:00,5,4,5,143,0,17.1,0.12,0.0,15.91,1
2025-05-23 06:00:00,6,4,5,143,0,15.85,0.12,0.0,21.64,1
2025-05-23 07:00:00,7,4,5,143,0,18.62,0.22,22.74,26.72,2
2025-05-23 08:00:00,8,4,5,143,0,20.45,0.22,72.28,45.7,3
2025-05-23 09:00:00,9,4,5,143,0,24.44,0.22,128.64,52.31,5
2025-05-23 10:00:00,10,4,5,143,0,19.76,0.22,160.74,35.71,3
2025-05-23 11:00:00,11,4,5,143,0,24.55,0.22,197.77,31.79,3
2025-05-23 12:00:00,12,4,5,143,0,27.58,0.22,173.22,35.46,3
2025-05-23 13:00:00,13,4,5,143,0,26.93,0.22,175.49,21.36,2
2025-05-23 14:00:00,14,4,5,143,0,27.58,0.22,183.86,28.84,2
2025-05-23 15:00:00,15,4,5,143,0,27.26,0.22,127.54,31.08,3
2025-05-23 16:00:00,16,4,5,143,0,28.51,0.38,68.42,33.44,2
2025-05-23 17:00:00,17,4,5,143,0,23.24,0.38,31.96,45.98,3
2025-05-23 18:00:00,18,4,5,143,0,21.85,0.38,0.0,53.39,4
2025-05-23 19:00:00,19,4,5,143,0,23.57,0.38,0.0,61.44,4
2025-05-23 20:00:00,20,4,5,143,0,18.06,0.38,0.0,55.29,4
2025-05-23 21:00:00,21,4,5,143,0,23.55,0.38,0.0,31.67,2
2025-05-23 22:00:00,22,4,5,143,0,22.23,0.22,0.0,18.65,1
2025-05-23 23:00:00,23,4,5,143,0,17.72,0.22,0.0,24.05,2
2025-05-24 00:00:00,0,5,5,144,1,16.94,0.1,0.0,2.5,1
2025-05-24 01:00:00,1,5,5,144,1,16.75,0.1,0.0,9.73,1
2025-05-24 02:00:00,2,5,5,144,1,16.49,0.1,0.0,18.99,1
2025-05-24 03:00:00,3,5,5,144,1,16.47,0.1,0.0,2.5,1
2025-05-24 04:00:00,4,5,5,144,1,17.51,0.1,0.0,12.21,1
2025-05-24 05:00:00,5,5,5,144,1,16.55,0.1,0.0,7.92,1
2025-05-24 06:00:00,6,5,5,144,1,19.57,0.1,0.0,10.98,1
2025-05-24 07:00:00,7,5,5,144,1,19.61,0.1,21.37,12.76,1
2025-05-24 08:00:00,8,5,5,144,1,18.71,0.1,64.8,14.51,1
2025-05-24 09:00:00,9,5,5,144,1,23.89,0.1,144.64,29.9,2
2025-05-24 10:00:00,10,5,5,144,1,19.8,0.15,187.59,33.05,3
2025-05-24 11:00:00,11,5,5,144,1,23.54,0.15,194.19,37.44,3
2025-05-24 12:00:00,12,5,5,144,1,26.69,0.15,243.25,66.16,6
2025-05-24 13:00:00,13,5,5,144,1,24.1,0.15,215.59,52.28,4
2025-05-24 14:00:00,14,5,5,144,1,26.67,0.15,177.99,51.48,4
2025-05-24 15:00:00,15,5,5,144,1,27.31,0.15,131.2,54.09,4
2025-05-24 16:00:00,16,5,5,144,1,24.33,0.15,80.48,43.19,3
2025-05-24 17:00:00,17,5,5,144,1,25.41,0.15,30.13,43.04,3
2025-05-24 18:00:00,18,5,5,144,1,24.44,0.15,0.0,45.99,3
2025-05-24 19:00:00,19,5,5,144,1,22.62,0.1,0.0,39.58,3
2025-05-24 20:00:00,20,5,5,144,1,27.12,0.1,0.0,25.22,2
2025-05-24 21:00:00,21,5,5,144,1,19.69,0.1,0.0,22.6,2
2025-05-24 22:00:00,22,5,5,144,1,21.94,0.1,0.0,15.65,1
2025-05-24 23:00:00,23,5,5,144,1,17.93,0.1,0.0,13.73,1
2025-05-25 00:00:00,0,6,5,145,1,15.65,0.1,0.0,10.18,1
2025-05-25 01:00:00,1,6,5,145,1,17.23,0.1,0.0,9.24,1
2025-05-25 02:00:00,2,6,5,145,1,17.82,0.1,0.0,12.37,1
2025-05-25 03:00:00,3,6,5,145,1,18.2,0.1,0.0,7.73,1
2025-05-25 04:00:00,4,6,5,145,1,19.65,0.1,0.0,4.3,1
2025-05-25 05:00:00,5,6,5,145,1,22.91,0.1,0.0,11.78,1
2025-05-25 06:00:00,6,6,5,145,1,18.32,0.1,0.0,5.18,1
2025-05-25 07:00:00,7,6,5,145,1,17.53,0.1,24.22,17.14,1
2025-05-25 08:00:00,8,6,5,145,1,20.97,0.1,80.9,13.52,1
2025-05-25 09:00:00,9,6,5,145,1,20.82,0.1,126.1,24.1,2
2025-05-25 10:00:00,10,6,5,145,1,24.5,0.15,135.91,35.92,3
2025-05-25 11:00:00,11,6,5,145,1,21.26,0.15,145.99,38.16,3
2025-05-25 12:00:00,12,6,5,145,1,29.63,0.15,197.81,58.3,5
2025-05-25 13:00:00,13,6,5,145,1,27.4,0.15,159.51,48.71,3
2025-05-25 14:00:00,14,6,5,145,1,22.82,0.15,128.8,55.81,4
2025-05-25 15:00:00,15,6,5,145,1,24.94,0.15,144.92,52.68,4
2025-05-25 16:00:00,16,6,5,145,1,27.82,0.15,74.82,51.74,3
2025-05-25 17:00:00,17,6,5,145,1,28.04,0.15,27.22,46.19,4
2025-05-25 18:00:00,18,6,5,145,1,22.35,0.15,0.0,61.92,5
2025-05-25 19:00:00,19,6,5,145,1,25.28,0.1,0.0,47.76,3
2025-05-25 20:00:00,20,6,5,145,1,18.75,0.1,0.0,35.64,2
2025-05-25 21:00:00,21,6,5,145,1,21.18,0.1,0.0,35.05,3
2025-05-25 22:00:00,22,6,5,145,1,22.28,0.1,0.0,20.39,2
2025-05-25 23:00:00,23,6,5,145,1,17.75,0.1,0.0,13.65,1
2025-05-26 00:00:00,0,0,5,146,0,14.94,0.12,0.0,2.5,1
2025-05-26 01:00:00,1,0,5,146,0,17.45,0.12,0.0,14.42,1
2025-05-26 02:00:00,2,0,5,146,0,15.45,0.12,0.0,2.5,1
2025-05-26 03:00:00,3,0,5,146,0,17.75,0.12,0.0,10.31,1
2025-05-26 04:00:00,4,0,5,146,0,14.89,0.12,0.0,9.99,1
2025-05-26 05:00:00,5,0,5,146,0,15.61,0.12,0.0,11.84,1
2025-05-26 06:00:00,6,0,5,146,0,13.91,0.12,0.0,8.66,1
2025-05-26 07:00:00,7,0,5,146,0,19.33,0.22,31.93,22.93,1
2025-05-26 08:00:00,8,0,5,146,0,19.87,0.22,82.12,34.51,3
2025-05-26 09:00:00,9,0,5,146,0,19.11,0.22,144.4,39.51,3
2025-05-26 10:00:00,10,0,5,146,0,23.17,0.22,153.16,32.17,2
2025-05-26 11:00:00,11,0,5,146,0,26.04,0.22,189.85,29.76,2
2025-05-26 12:00:00,12,0,5,146,0,24.59,0.22,234.04,21.04,2
2025-05-26 13:00:00,13,0,5,146,0,26.35,0.22,222.68,25.26,2
2025-05-26 14:00:00,14,0,5,146,0,26.86,0.22,157.16,28.85,2
2025-05-26 15:00:00,15,0,5,146,0,24.08,0.22,138.43,32.06,3
2025-05-26 16:00:00,16,0,5,146,0,30.43,0.38,66.2,35.82,3
2025-05-26 17:00:00,17,0,5,146,0,24.87,0.38,30.15,43.59,3
2025-05-26 18:00:00,18,0,5,146,0,26.33,0.38,0.0,51.55,4
2025-05-26 19:00:00,19,0,5,146,0,25.52,0.38,0.0,58.43,5
2025-05-26 20:00:00,20,0,5,146,0,22.5,0.38,0.0,42.69,3
2025-05-26 21:00:00,21,0,5,146,0,22.7,0.38,0.0,41.55,3
2025-05-26 22:00:00,22,0,5,146,0,20.68,0.22,0.0,28.26,2
2025-05-26 23:00:00,23,0,5,146,0,16.15,0.22,0.0,15.22,1
2025-05-27 00:00:00,0,1,5,147,0,17.42,0.12,0.0,7.87,1
2025-05-27 01:00:00,1,1,5,147,0,16.06,0.12,0.0,2.9,1
2025-05-27 02:00:00,2,1,5,147,0,15.86,0.12,0.0,13.26,1
2025-05-27 03:00:00,3,1,5,147,0,14.01,0.12,0.0,2.5,1
2025-05-27 04:00:00,4,1,5,147,0,19.04,0.12,0.0,6.72,1
2025-05-27 05:00:00,5,1,5,147,0,20.49,0.12,0.0,3.1,1
2025-05-27 06:00:00,6,1,5,147,0,20.04,0.12,0.0,18.06,1
2025-05-27 07:00:00,7,1,5,147,0,21.66,0.22,32.21,23.72,1
2025-05-27 08:00:00,8,1,5,147,0,19.63,0.22,70.57,38.31,3
2025-05-27 09:00:00,9,1,5,147,0,20.34,0.22,125.14,35.93,3
2025-05-27 10:00:00,10,1,5,147,0,21.35,0.22,163.25,47.33,4
2025-05-27 11:00:00,11,1,5,147,0,25.4,0.22,172.7,26.01,2
2025-05-27 12:00:00,12,1,5,147,0,25.61,0.22,244.63,22.08,2
2025-05-27 13:00:00,13,1,5,147,0,25.79,0.22,205.71,28.16,2
2025-05-27 14:00:00,14,1,5,147,0,29.04,0.22,197.16,27.75,2
2025-05-27 15:00:00,15,1,5,147,0,27.43,0.22,145.46,33.77,3
2025-05-27 16:00:00,16,1,5,147,0,24.77,0.38,66.07,39.23,3
2025-05-27 17:00:00,17,1,5,147,0,24.58,0.38,32.21,41.15,3
2025-05-27 18:00:00,18,1,5,147,0,26.52,0.38,0.0,49.97,4
2025-05-27 19:00:00,19,1,5,147,0,26.2,0.38,0.0,50.74,3
2025-05-27 20:00:00,20,1,5,147,0,24.01,0.38,0.0,43.62,4
2025-05-27 21:00:00,21,1,5,147,0,25.41,0.38,0.0,33.54,2
2025-05-27 22:00:00,22,1,5,147,0,23.59,0.22,0.0,19.68,1
2025-05-27 23:00:00,23,1,5,147,0,20.0,0.22,0.0,8.19,1
2025-05-28 00:00:00,0,2,5,148,0,16.53,0.12,0.0,2.5,1
2025-05-28 01:00:00,1,2,5,148,0,14.79,0.12,0.0,10.78,1
2025-05-28 02:00:00,2,2,5,148,0,16.14,0.12,0.0,2.5,1
2025-05-28 03:00:00,3,2,5,148,0,18.25,0.12,0.0,2.5,1
2025-05-28 04:00:00,4,2,5,148,0,20.57,0.12,0.0,4.81,1
2025-05-28 05:00:00,5,2,5,148,0,18.25,0.12,0.0,7.17,1
2025-05-28 06:00:00,6,2,5,148,0,20.55,0.12,0.0,17.59,1
2025-05-28 07:00:00,7,2,5,148,0,18.75,0.22,21.78,20.88,1
2025-05-28 08:00:00,8,2,5,148,0,21.7,0.22,61.23,33.25,3
2025-05-28 09:00:00,9,2,5,148,0,23.39,0.22,144.07,40.09,3
2025-05-28 10:00:00,10,2,5,148,0,19.08,0.22,159.72,38.82,2
2025-05-28 11:00:00,11,2,5,148,0,23.42,0.22,200.28,31.72,2
2025-05-28 12:00:00,12,2,5,148,0,27.18,0.22,238.09,20.53,2
2025-05-28 13:00:00,13,2,5,148,0,26.62,0.22,200.31,21.3,2
2025-05-28 14:00:00,14,2,5,148,0,24.18,0.22,178.64,24.95,2
2025-05-28 15:00:00,15,2,5,148,0,21.88,0.22,137.59,36.51,3
2025-05-28 16:00:00,16,2,5,148,0,25.84,0.38,71.77,32.48,3
2025-05-28 17:00:00,17,2,5,148,0,25.93,0.38,27.75,56.67,5
2025-05-28 18:00:00,18,2,5,148,0,23.51,0.38,0.0,53.06,3
2025-05-28 19:00:00,19,2,5,148,0,24.53,0.38,0.0,53.18,5
2025-05-28 20:00:00,20,2,5,148,0,24.05,0.38,0.0,41.46,3
2025-05-28 21:00:00,21,2,5,148,0,23.09,0.38,0.0,33.01,3
2025-05-28 22:00:00,22,2,5,148,0,15.74,0.22,0.0,19.43,1
2025-05-28 23:00:00,23,2,5,148,0,16.62,0.22,0.0,19.27,1
2025-05-29 00:00:00,0,3,5,149,0,17.73,0.12,0.0,15.8,1
2025-05-29 01:00:00,1,3,5,149,0,18.68,0.12,0.0,7.2,1
2025-05-29 02:00:00,2,3,5,149,0,18.02,0.12,0.0,10.63,1
2025-05-29 03:00:00,3,3,5,149,0,17.81,0.12,0.0,10.31,1
2025-05-29 04:00:00,4,3,5,149,0,16.27,0.12,0.0,7.94,1
2025-05-29 05:00:00,5,3,5,149,0,16.89,0.12,0.0,11.53,1
2025-05-29 06:00:00,6,3,5,149,0,16.88,0.12,0.0,14.79,1
2025-05-29 07:00:00,7,3,5,149,0,20.91,0.22,22.38,26.14,2
2025-05-29 08:00:00,8,3,5,149,0,18.74,0.22,78.07,37.1,3
2025-05-29 09:00:00,9,3,5,149,0,23.57,0.22,107.87,47.95,4
2025-05-29 10:00:00,10,3,5,149,0,23.58,0.22,194.98,38.16,3
2025-05-29 11:00:00,11,3,5,149,0,24.28,0.22,160.84,41.48,3
2025-05-29 12:00:00,12,3,5,149,0,24.09,0.22,176.72,24.25,2
2025-05-29 13:00:00,13,3,5,149,0,23.49,0.22,187.36,21.4,1
2025-05-29 14:00:00,14,3,5,149,0,25.4,0.22,180.4,31.27,3
2025-05-29 15:00:00,15,3,5,149,0,26.21,0.22,118.01,32.07,2
2025-05-29 16:00:00,16,3,5,149,0,21.96,0.38,70.28,35.02,2
2025-05-29 17:00:00,17,3,5,149,0,25.81,0.38,27.74,44.67,3
2025-05-29 18:00:00,18,3,5,149,0,27.25,0.38,0.0,54.8,5
2025-05-29 19:00:00,19,3,5,149,0,25.5,0.38,0.0,52.9,4
2025-05-29 20:00:00,20,3,5,149,0,22.17,0.38,0.0,52.52,4
2025-05-29 21:00:00,21,3,5,149,0,21.96,0.38,0.0,37.63,3
2025-05-29 22:00:00,22,3,5,149,0,19.46,0.22,0.0,27.09,2
2025-05-29 23:00:00,23,3,5,149,0,19.67,0.22,0.0,31.13,2
2025-05-30 00:00:00,0,4,5,150,0,21.54,0.12,0.0,12.01,1
2025-05-30 01:00:00,1,4,5,150,0,19.6,0.12,0.0,17.32,1
2025-05-30 02:00:00,2,4,5,150,0,18.21,0.12,0.0,2.5,1
2025-05-30 03:00:00,3,4,5,150,0,16.01,0.12,0.0,13.62,1
2025-05-30 04:00:00,4,4,5,150,0,18.66,0.12,0.0,9.39,1
2025-05-30 05:00:00,5,4,5,150,0,14.29,0.12,0.0,5.69,1
2025-05-30 06:00:00,6,4,5,150,0,17.95,0.12,0.0,10.6,1
2025-05-30 07:00:00,7,4,5,150,0,20.66,0.22,32.37,24.75,2
2025-05-30 08:00:00,8,4,5,150,0,22.18,0.22,84.23,35.38,2
2025-05-30 09:00:00,9,4,5,150,0,23.33,0.22,117.41,35.45,3
2025-05-30 10:00:00,10,4,5,150,0,23.88,0.22,184.5,36.8,2
2025-05-30 11:00:00,11,4,5,150,0,24.1,0.22,233.41,25.16,2
2025-05-30 12:00:00,12,4,5,150,0,26.61,0.22,175.24,22.18,1
2025-05-30 13:00:00,13,4,5,150,0,24.42,0.22,176.75,25.81,2
2025-05-30 14:00:00,14,4,5,150,0,25.13,0.22,174.11,32.09,2
2025-05-30 15:00:00,15,4,5,150,0,27.12,0.22,129.27,38.52,2
2025-05-30 16:00:00,16,4,5,150,0,27.17,0.38,75.95,33.44,2
2025-05-30 17:00:00,17,4,5,150,0,22.67,0.38,27.28,43.24,3
2025-05-30 18:00:00,18,4,5,150,0,26.44,0.38,0.0,50.37,3
2025-05-30 19:00:00,19,4,5,150,0,26.04,0.38,0.0,55.47,5
2025-05-30 20:00:00,20,4,5,150,0,23.13,0.38,0.0,62.82,4
2025-05-30 21:00:00,21,4,5,150,0,26.74,0.38,0.0,30.21,2
2025-05-30 22:00:00,22,4,5,150,0,19.33,0.22,0.0,31.15,3
2025-05-30 23:00:00,23,4,5,150,0,18.77,0.22,0.0,11.78,1
2025-05-31 00:00:00,0,5,5,151,1,17.79,0.1,0.0,2.5,1
2025-05-31 01:00:00,1,5,5,151,1,17.63,0.1,0.0,2.5,1
2025-05-31 02:00:00,2,5,5,151,1,16.63,0.1,0.0,5.78,1
2025-05-31 03:00:00,3,5,5,151,1,14.3,0.1,0.0,6.52,1
2025-05-31 04:00:00,4,5,5,151,1,16.19,0.1,0.0,12.13,1
2025-05-31 05:00:00,5,5,5,151,1,17.59,0.1,0.0,28.33,3
2025-05-31 06:00:00,6,5,5,151,1,21.04,0.1,0.0,12.45,1
2025-05-31 07:00:00,7,5,5,151,1,24.02,0.1,29.01,22.64,2
2025-05-31 08:00:00,8,5,5,151,1,23.49,0.1,79.74,20.19,1
2025-05-31 09:00:00,9,5,5,151,1,20.57,0.1,132.37,25.08,2
2025-05-31 10:00:00,10,5,5,151,1,22.02,0.15,174.34,56.67,4
2025-05-31 11:00:00,11,5,5,151,1,24.3,0.15,209.45,36.0,2
2025-05-31 12:00:00,12,5,5,151,1,29.22,0.15,246.24,50.14,3
2025-05-31 13:00:00,13,5,5,151,1,26.12,0.15,223.1,56.02,4
2025-05-31 14:00:00,14,5,5,151,1,24.29,0.15,196.61,53.63,4
2025-05-31 15:00:00,15,5,5,151,1,26.11,0.15,132.2,58.18,5
2025-05-31 16:00:00,16,5,5,151,1,28.46,0.15,59.73,47.78,4
2025-05-31 17:00:00,17,5,5,151,1,27.83,0.15,21.47,41.45,3
2025-05-31 18:00:00,18,5,5,151,1,25.25,0.15,0.0,41.21,3
2025-05-31 19:00:00,19,5,5,151,1,25.98,0.1,0.0,48.09,4
2025-05-31 20:00:00,20,5,5,151,1,18.86,0.1,0.0,33.45,2
2025-05-31 21:00:00,21,5,5,151,1,22.32,0.1,0.0,20.08,2
2025-05-31 22:00:00,22,5,5,151,1,22.54,0.1,0.0,15.85,1
2025-05-31 23:00:00,23,5,5,151,1,17.95,0.1,0.0,18.72,2
2025-06-01 00:00:00,0,6,6,152,1,17.03,0.1,0.0,3.03,1
2025-06-01 01:00:00,1,6,6,152,1,14.17,0.1,0.0,2.71,1
2025-06-01 02:00:00,2,6,6,152,1,20.59,0.1,0.0,6.12,1
2025-06-01 03:00:00,3,6,6,152,1,15.8,0.1,0.0,10.92,1
2025-06-01 04:00:00,4,6,6,152,1,17.89,0.1,0.0,11.31,1
2025-06-01 05:00:00,5,6,6,152,1,19.11,0.1,0.0,5.55,1
2025-06-01 06:00:00,6,6,6,152,1,21.73,0.1,0.0,22.25,2
2025-06-01 07:00:00,7,6,6,152,1,19.43,0.1,21.98,11.66,1
2025-06-01 08:00:00,8,6,6,152,1,19.86,0.1,76.39,17.78,2
2025-06-01 09:00:00,9,6,6,152,1,22.58,0.1,112.21,18.23,1
2025-06-01 10:00:00,10,6,6,152,1,26.1,0.15,197.02,34.25,3
2025-06-01 11:00:00,11,6,6,152,1,24.4,0.15,198.12,41.18,3
2025-06-01 12:00:00,12,6,6,152,1,23.86,0.15,226.14,54.55,4
2025-06-01 13:00:00,13,6,6,152,1,23.49,0.15,234.1,52.79,4
2025-06-01 14:00:00,14,6,6,152,1,24.62,0.15,139.47,55.34,5
2025-06-01 15:00:00,15,6,6,152,1,28.97,0.15,116.28,56.17,4
2025-06-01 16:00:00,16,6,6,152,1,26.42,0.15,78.62,46.72,3
2025-06-01 17:00:00,17,6,6,152,1,25.35,0.15,29.79,43.19,3
2025-06-01 18:00:00,18,6,6,152,1,24.34,0.15,0.0,46.42,4
2025-06-01 19:00:00,19,6,6,152,1,24.91,0.1,0.0,42.49,3
2025-06-01 20:00:00,20,6,6,152,1,23.05,0.1,0.0,32.02,2
2025-06-01 21:00:00,21,6,6,152,1,21.69,0.1,0.0,26.27,2
2025-06-01 22:00:00,22,6,6,152,1,23.64,0.1,0.0,19.33,1
2025-06-01 23:00:00,23,6,6,152,1,22.81,0.1,0.0,12.01,1
2025-06-02 00:00:00,0,0,6,153,0,15.6,0.12,0.0,6.1,1
2025-06-02 01:00:00,1,0,6,153,0,18.68,0.12,0.0,8.7,1
2025-06-02 02:00:00,2,0,6,153,0,15.97,0.12,0.0,11.14,1
2025-06-02 03:00:00,3,0,6,153,0,16.86,0.12,0.0,5.4,1
2025-06-02 04:00:00,4,0,6,153,0,18.14,0.12,0.0,6.78,1
2025-06-02 05:00:00,5,0,6,153,0,17.6,0.12,0.0,4.83,1
2025-06-02 06:00:00,6,0,6,153,0,19.28,0.12,0.0,20.82,2
2025-06-02 07:00:00,7,0,6,153,0,21.2,0.22,25.42,25.53,2
2025-06-02 08:00:00,8,0,6,153,0,21.65,0.22,87.31,34.52,3
2025-06-02 09:00:00,9,0,6,153,0,21.06,0.22,146.83,39.43,3
2025-06-02 10:00:00,10,0,6,153,0,22.39,0.22,176.22,41.98,3
2025-06-02 11:00:00,11,0,6,153,0,21.97,0.22,187.17,42.71,3
2025-06-02 12:00:00,12,0,6,153,0,24.18,0.22,232.5,29.05,2
2025-06-02 13:00:00,13,0,6,153,0,30.61,0.22,211.78,19.9,1
2025-06-02 14:00:00,14,0,6,153,0,25.6,0.22,154.62,22.22,1
2025-06-02 15:00:00,15,0,6,153,0,24.97,0.22,117.6,30.46,2
2025-06-02 16:00:00,16,0,6,153,0,27.82,0.38,81.58,35.43,3
2025-06-02 17:00:00,17,0,6,153,0,26.46,0.38,32.26,48.53,4
2025-06-02 18:00:00,18,0,6,153,0,25.5,0.38,0.0,57.49,4
2025-06-02 19:00:00,19,0,6,153,0,27.67,0.38,0.0,62.46,5
2025-06-02 20:00:00,20,0,6,153,0,24.75,0.38,0.0,61.04,4
2025-06-02 21:00:00,21,0,6,153,0,21.29,0.38,0.0,31.25,2
2025-06-02 22:00:00,22,0,6,153,0,20.21,0.22,0.0,47.44,3
2025-06-02 23:00:00,23,0,6,153,0,18.85,0.22,0.0,17.11,1
2025-06-03 00:00:00,0,1,6,154,0,20.68,0.12,0.0,2.5,1
2025-06-03 01:00:00,1,1,6,154,0,17.52,0.12,0.0,5.22,1
2025-06-03 02:00:00,2,1,6,154,0,14.05,0.12,0.0,6.29,1
2025-06-03 03:00:00,3,1,6,154,0,17.37,0.12,0.0,2.5,1
2025-06-03 04:00:00,4,1,6,154,0,14.57,0.12,0.0,2.84,1
2025-06-03 05:00:00,5,1,6,154,0,22.51,0.12,0.0,16.2,1
2025-06-03 06:00:00,6,1,6,154,0,17.0,0.12,0.0,12.15,1
2025-06-03 07:00:00,7,1,6,154,0,19.65,0.22,29.05,39.43,3
2025-06-03 08:00:00,8,1,6,154,0,21.69,0.22,60.02,32.13,2
2025-06-03 09:00:00,9,1,6,154,0,21.89,0.22,102.0,58.9,4
2025-06-03 10:00:00,10,1,6,154,0,23.18,0.22,176.53,38.54,3
2025-06-03 11:00:00,11,1,6,154,0,25.81,0.22,194.6,29.0,2
2025-06-03 12:00:00,12,1,6,154,0,29.06,0.22,247.26,33.24,3
2025-06-03 13:00:00,13,1,6,154,0,28.33,0.22,199.9,18.17,2
2025-06-03 14:00:00,14,1,6,154,0,30.26,0.22,199.28,26.57,2
2025-06-03 15:00:00,15,1,6,154,0,25.38,0.22,120.98,30.15,2
2025-06-03 16:00:00,16,1,6,154,0,27.93,0.38,87.42,39.95,3
2025-06-03 17:00:00,17,1,6,154,0,27.11,0.38,30.63,52.97,4
2025-06-03 18:00:00,18,1,6,154,0,26.71,0.38,0.0,60.69,4
2025-06-03 19:00:00,19,1,6,154,0,27.72,0.38,0.0,59.04,4
2025-06-03 20:00:00,20,1,6,154,0,23.32,0.38,0.0,43.66,3
2025-06-03 21:00:00,21,1,6,154,0,21.66,0.38,0.0,32.46,3
2025-06-03 22:00:00,22,1,6,154,0,22.24,0.22,0.0,28.02,2
2025-06-03 23:00:00,23,1,6,154,0,16.41,0.22,0.0,17.71,2
2025-06-04 00:00:00,0,2,6,155,0,18.57,0.12,0.0,19.94,2
2025-06-04 01:00:00,1,2,6,155,0,17.98,0.12,0.0,2.5,1
2025-06-04 02:00:00,2,2,6,155,0,15.91,0.12,0.0,15.93,1
2025-06-04 03:00:00,3,2,6,155,0,19.7,0.12,0.0,2.5,1
2025-06-04 04:00:00,4,2,6,155,0,15.63,0.12,0.0,5.35,1
2025-06-04 05:00:00,5,2,6,155,0,17.98,0.12,0.0,14.6,1
2025-06-04 06:00:00,6,2,6,155,0,19.63,0.12,0.0,11.85,1
2025-06-04 07:00:00,7,2,6,155,0,22.79,0.22,32.6,26.81,2
2025-06-04 08:00:00,8,2,6,155,0,21.27,0.22,74.43,39.08,3
2025-06-04 09:00:00,9,2,6,155,0,24.46,0.22,147.21,43.45,4
2025-06-04 10:00:00,10,2,6,155,0,25.28,0.22,184.34,46.01,4
2025-06-04 11:00:00,11,2,6,155,0,25.33,0.22,138.96,47.08,3
2025-06-04 12:00:00,12,2,6,155,0,23.94,0.22,244.11,31.53,2
2025-06-04 13:00:00,13,2,6,155,0,24.04,0.22,170.94,17.99,1
2025-06-04 14:00:00,14,2,6,155,0,27.63,0.22,196.15,25.06,2
2025-06-04 15:00:00,15,2,6,155,0,26.5,0.22,145.47,32.05,2
2025-06-04 16:00:00,16,2,6,155,0,29.25,0.38,80.49,42.58,4
2025-06-04 17:00:00,17,2,6,155,0,28.4,0.38,30.81,41.33,3
2025-06-04 18:00:00,18,2,6,155,0,25.75,0.38,0.0,48.66,4
2025-06-04 19:00:00,19,2,6,155,0,22.77,0.38,0.0,65.68,4
2025-06-04 20:00:00,20,2,6,155,0,24.9,0.38,0.0,44.7,3
2025-06-04 21:00:00,21,2,6,155,0,20.55,0.38,0.0,30.72,2
2025-06-04 22:00:00,22,2,6,155,0,19.77,0.22,0.0,24.56,2
2025-06-04 23:00:00,23,2,6,155,0,18.12,0.22,0.0,11.78,1
2025-06-05 00:00:00,0,3,6,156,0,18.88,0.12,0.0,5.2,1
2025-06-05 01:00:00,1,3,6,156,0,20.7,0.12,0.0,4.88,1
2025-06-05 02:00:00,2,3,6,156,0,17.85,0.12,0.0,4.77,1
2025-06-05 03:00:00,3,3,6,156,0,16.81,0.12,0.0,2.5,1
2025-06-05 04:00:00,4,3,6,156,0,14.81,0.12,0.0,11.06,1
2025-06-05 05:00:00,5,3,6,156,0,19.47,0.12,0.0,14.31,1
2025-06-05 06:00:00,6,3,6,156,0,17.6,0.12,0.0,14.14,1
2025-06-05 07:00:00,7,3,6,156,0,20.43,0.22,28.19,24.99,2
2025-06-05 08:00:00,8,3,6,156,0,20.69,0.22,79.34,35.71,3
2025-06-05 09:00:00,9,3,6,156,0,24.37,0.22,114.45,53.47,3
2025-06-05 10:00:00,10,3,6,156,0,23.67,0.22,158.45,36.14,2
2025-06-05 11:00:00,11,3,6,156,0,25.08,0.22,235.3,30.67,3
2025-06-05 12:00:00,12,3,6,156,0,27.2,0.22,201.79,43.83,4
2025-06-05 13:00:00,13,3,6,156,0,31.24,0.22,235.3,22.28,2
2025-06-05 14:00:00,14,3,6,156,0,29.3,0.22,190.34,20.0,1
2025-06-05 15:00:00,15,3,6,156,0,27.52,0.22,102.32,32.0,2
2025-06-05 16:00:00,16,3,6,156,0,27.53,0.38,82.69,47.89,4
2025-06-05 17:00:00,17,3,6,156,0,25.97,0.38,30.77,54.09,4
2025-06-05 18:00:00,18,3,6,156,0,24.33,0.38,0.0,54.46,4
2025-06-05 19:00:00,19,3,6,156,0,24.09,0.38,0.0,59.42,5
2025-06-05 20:00:00,20,3,6,156,0,22.44,0.38,0.0,59.28,5
2025-06-05 21:00:00,21,3,6,156,0,24.0,0.38,0.0,26.52,2
2025-06-05 22:00:00,22,3,6,156,0,19.26,0.22,0.0,19.81,1
2025-06-05 23:00:00,23,3,6,156,0,22.86,0.22,0.0,12.02,1
2025-06-06 00:00:00,0,4,6,157,0,20.77,0.12,0.0,3.41,1
2025-06-06 01:00:00,1,4,6,157,0,18.51,0.12,0.0,2.5,1
2025-06-06 02:00:00,2,4,6,157,0,17.97,0.12,0.0,9.9,1
2025-06-06 03:00:00,3,4,6,157,0,16.69,0.12,0.0,13.07,1
2025-06-06 04:00:00,4,4,6,157,0,18.51,0.12,0.0,11.6,1
2025-06-06 05:00:00,5,4,6,157,0,20.65,0.12,0.0,9.21,1
2025-06-06 06:00:00,6,4,6,157,0,17.86,0.12,0.0,23.37,1
2025-06-06 07:00:00,7,4,6,157,0,17.24,0.22,28.3,23.51,2
2025-06-06 08:00:00,8,4,6,157,0,22.92,0.22,87.73,41.01,3
2025-06-06 09:00:00,9,4,6,157,0,23.45,0.22,114.71,39.54,4
2025-06-06 10:00:00,10,4,6,157,0,21.86,0.22,134.52,36.33,3
2025-06-06 11:00:00,11,4,6,157,0,23.84,0.22,211.49,24.48,2
2025-06-06 12:00:00,12,4,6,157,0,24.62,0.22,248.13,26.6,2
2025-06-06 13:00:00,13,4,6,157,0,25.68,0.22,222.3,24.57,2
2025-06-06 14:00:00,14,4,6,157,0,26.99,0.22,199.97,21.42,1
2025-06-06 15:00:00,15,4,6,157,0,27.27,0.22,135.71,26.85,2
2025-06-06 16:00:00,16,4,6,157,0,26.33,0.38,79.68,35.87,3
2025-06-06 17:00:00,17,4,6,157,0,25.62,0.38,20.3,48.13,3
2025-06-06 18:00:00,18,4,6,157,0,25.88,0.38,0.0,56.06,4
2025-06-06 19:00:00,19,4,6,157,0,25.64,0.38,0.0,54.83,4
2025-06-06 20:00:00,20,4,6,157,0,23.46,0.38,0.0,50.47,3
2025-06-06 21:00:00,21,4,6,157,0,25.12,0.38,0.0,32.78,2
2025-06-06 22:00:00,22,4,6,157,0,22.53,0.22,0.0,28.17,2
2025-06-06 23:00:00,23,4,6,157,0,17.12,0.22,0.0,12.02,1
2025-06-07 00:00:00,0,5,6,158,1,20.42,0.1,0.0,8.0,1
2025-06-07 01:00:00,1,5,6,158,1,19.79,0.1,0.0,8.41,1
2025-06-07 02:00:00,2,5,6,158,1,17.21,0.1,0.0,6.49,1
2025-06-07 03:00:00,3,5,6,158,1,14.92,0.1,0.0,8.38,1
2025-06-07 04:00:00,4,5,6,158,1,18.1,0.1,0.0,2.5,1
2025-06-07 05:00:00,5,5,6,158,1,18.56,0.1,0.0,7.91,1
2025-06-07 06:00:00,6,5,6,158,1,17.13,0.1,0.0,3.29,1
2025-06-07 07:00:00,7,5,6,158,1,17.51,0.1,21.22,9.33,1
2025-06-07 08:00:00,8,5,6,158,1,21.44,0.1,79.84,18.0,1
2025-06-07 09:00:00,9,5,6,158,1,22.44,0.1,124.48,25.86,2
2025-06-07 10:00:00,10,5,6,158,1,23.37,0.15,174.7,31.08,3
2025-06-07 11:00:00,11,5,6,158,1,25.24,0.15,174.04,38.52,3
2025-06-07 12:00:00,12,5,6,158,1,24.24,0.15,248.38,55.25,5
2025-06-07 13:00:00,13,5,6,158,1,26.37,0.15,231.74,52.28,5
2025-06-07 14:00:00,14,5,6,158,1,28.81,0.15,200.18,67.7,5
2025-06-07 15:00:00,15,5,6,158,1,27.21,0.15,147.69,56.83,5
2025-06-07 16:00:00,16,5,6,158,1,24.4,0.15,83.52,56.09,5
2025-06-07 17:00:00,17,5,6,158,1,26.29,0.15,24.3,43.49,3
2025-06-07 18:00:00,18,5,6,158,1,24.3,0.15,0.0,44.92,3
2025-06-07 19:00:00,19,5,6,158,1,25.94,0.1,0.0,36.41,3
2025-06-07 20:00:00,20,5,6,158,1,24.84,0.1,0.0,32.29,2
2025-06-07 21:00:00,21,5,6,158,1,19.59,0.1,0.0,21.55,2
2025-06-07 22:00:00,22,5,6,158,1,23.13,0.1,0.0,20.28,1
2025-06-07 23:00:00,23,5,6,158,1,18.19,0.1,0.0,10.99,1
2025-06-08 00:00:00,0,6,6,159,1,22.6,0.1,0.0,4.7,1
2025-06-08 01:00:00,1,6,6,159,1,18.59,0.1,0.0,8.37,1
2025-06-08 02:00:00,2,6,6,159,1,15.69,0.1,0.0,5.4,1
2025-06-08 03:00:00,3,6,6,159,1,15.73,0.1,0.0,21.98,2
2025-06-08 04:00:00,4,6,6,159,1,18.88,0.1,0.0,5.17,1
2025-06-08 05:00:00,5,6,6,159,1,17.9,0.1,0.0,3.49,1
2025-06-08 06:00:00,6,6,6,159,1,19.28,0.1,0.0,10.9,1
2025-06-08 07:00:00,7,6,6,159,1,23.74,0.1,29.59,12.31,1
2025-06-08 08:00:00,8,6,6,159,1,20.32,0.1,77.18,17.65,1
2025-06-08 09:00:00,9,6,6,159,1,23.13,0.1,136.86,21.87,2
2025-06-08 10:00:00,10,6,6,159,1,27.15,0.15,200.37,31.51,2
2025-06-08 11:00:00,11,6,6,159,1,26.05,0.15,190.84,40.87,3
2025-06-08 12:00:00,12,6,6,159,1,23.34,0.15,220.07,55.9,5
2025-06-08 13:00:00,13,6,6,159,1,28.35,0.15,189.35,60.19,5
2025-06-08 14:00:00,14,6,6,159,1,25.52,0.15,183.41,50.94,4
2025-06-08 15:00:00,15,6,6,159,1,30.83,0.15,120.0,64.56,4
2025-06-08 16:00:00,16,6,6,159,1,26.2,0.15,71.81,54.54,4
2025-06-08 17:00:00,17,6,6,159,1,33.28,0.15,23.07,55.79,4
2025-06-08 18:00:00,18,6,6,159,1,29.48,0.15,0.0,49.66,4
2025-06-08 19:00:00,19,6,6,159,1,23.92,0.1,0.0,37.24,3
2025-06-08 20:00:00,20,6,6,159,1,24.35,0.1,0.0,34.64,3
2025-06-08 21:00:00,21,6,6,159,1,24.52,0.1,0.0,29.29,2
2025-06-08 22:00:00,22,6,6,159,1,23.29,0.1,0.0,9.87,1
2025-06-08 23:00:00,23,6,6,159,1,21.4,0.1,0.0,19.0,1
2025-06-09 00:00:00,0,0,6,160,0,22.08,0.12,0.0,3.07,1
2025-06-09 01:00:00,1,0,6,160,0,18.54,0.12,0.0,2.5,1
2025-06-09 02:00:00,2,0,6,160,0,17.55,0.12,0.0,3.23,1
2025-06-09 03:00:00,3,0,6,160,0,17.42,0.12,0.0,13.57,1
2025-06-09 04:00:00,4,0,6,160,0,20.0,0.12,0.0,3.16,1
2025-06-09 05:00:00,5,0,6,160,0,19.52,0.12,0.0,7.91,1
2025-06-09 06:00:00,6,0,6,160,0,20.16,0.12,0.0,10.98,1
2025-06-09 07:00:00,7,0,6,160,0,22.21,0.22,26.44,26.84,2
2025-06-09 08:00:00,8,0,6,160,0,17.72,0.22,87.98,31.4,2
2025-06-09 09:00:00,9,0,6,160,0,23.74,0.22,129.67,47.64,3
2025-06-09 10:00:00,10,0,6,160,0,24.85,0.22,141.64,33.3,2
2025-06-09 11:00:00,11,0,6,160,0,28.95,0.22,236.22,30.55,3
2025-06-09 12:00:00,12,0,6,160,0,23.59,0.22,184.93,21.08,2
2025-06-09 13:00:00,13,0,6,160,0,30.56,0.22,191.13,29.94,2
2025-06-09 14:00:00,14,0,6,160,0,28.1,0.22,200.54,24.55,2
2025-06-09 15:00:00,15,0,6,160,0,29.09,0.22,137.57,32.03,2
2025-06-09 16:00:00,16,0,6,160,0,31.3,0.38,72.46,38.85,3
2025-06-09 17:00:00,17,0,6,160,0,28.57,0.38,23.99,54.37,4
2025-06-09 18:00:00,18,0,6,160,0,27.45,0.38,0.0,53.1,4
2025-06-09 19:00:00,19,0,6,160,0,26.1,0.38,0.0,60.0,5
2025-06-09 20:00:00,20,0,6,160,0,23.44,0.38,0.0,47.76,4
2025-06-09 21:00:00,21,0,6,160,0,23.06,0.38,0.0,39.51,3
2025-06-09 22:00:00,22,0,6,160,0,20.39,0.22,0.0,28.25,2
2025-06-09 23:00:00,23,0,6,160,0,20.53,0.22,0.0,18.55,1
2025-06-10 00:00:00,0,1,6,161,0,15.01,0.12,0.0,6.7,1
2025-06-10 01:00:00,1,1,6,161,0,19.74,0.12,0.0,2.5,1
2025-06-10 02:00:00,2,1,6,161,0,18.14,0.12,0.0,2.5,1
2025-06-10 03:00:00,3,1,6,161,0,17.54,0.12,0.0,3.81,1
2025-06-10 04:00:00,4,1,6,161,0,18.82,0.12,0.0,13.24,1
2025-06-10 05:00:00,5,1,6,161,0,16.02,0.12,0.0,4.09,1
2025-06-10 06:00:00,6,1,6,161,0,23.54,0.12,0.0,15.96,1
2025-06-10 07:00:00,7,1,6,161,0,20.51,0.22,25.33,29.32,2
2025-06-10 08:00:00,8,1,6,161,0,21.63,0.22,88.05,31.38,2
2025-06-10 09:00:00,9,1,6,161,0,21.28,0.22,137.79,41.35,3
2025-06-10 10:00:00,10,1,6,161,0,24.56,0.22,177.31,40.45,4
2025-06-10 11:00:00,11,1,6,161,0,28.49,0.22,236.41,34.51,3
2025-06-10 12:00:00,12,1,6,161,0,28.82,0.22,183.82,23.85,2
2025-06-10 13:00:00,13,1,6,161,0,29.25,0.22,222.85,25.18,2
2025-06-10 14:00:00,14,1,6,161,0,29.14,0.22,186.98,19.28,1
2025-06-10 15:00:00,15,1,6,161,0,27.5,0.22,113.68,35.68,2
2025-06-10 16:00:00,16,1,6,161,0,25.14,0.38,82.35,40.13,3
2025-06-10 17:00:00,17,1,6,161,0,27.14,0.38,29.97,44.03,4
2025-06-10 18:00:00,18,1,6,161,0,26.28,0.38,0.0,54.34,4
2025-06-10 19:00:00,19,1,6,161,0,27.81,0.38,0.0,51.56,4
2025-06-10 20:00:00,20,1,6,161,0,25.13,0.38,0.0,39.3,2
2025-06-10 21:00:00,21,1,6,161,0,26.44,0.38,0.0,28.59,2
2025-06-10 22:00:00,22,1,6,161,0,24.32,0.22,0.0,20.13,2
2025-06-10 23:00:00,23,1,6,161,0,19.8,0.22,0.0,14.63,1
2025-06-11 00:00:00,0,2,6,162,0,16.19,0.12,0.0,2.5,1
2025-06-11 01:00:00,1,2,6,162,0,21.75,0.12,0.0,2.5,1
2025-06-11 02:00:00,2,2,6,162,0,21.2,0.12,0.0,8.04,1
2025-06-11 03:00:00,3,2,6,162,0,15.58,0.12,0.0,3.8,1
2025-06-11 04:00:00,4,2,6,162,0,21.5,0.12,0.0,21.99,2
2025-06-11 05:00:00,5,2,6,162,0,19.75,0.12,0.0,12.4,1
2025-06-11 06:00:00,6,2,6,162,0,20.1,0.12,0.0,10.18,1
2025-06-11 07:00:00,7,2,6,162,0,24.04,0.22,29.09,23.11,2
2025-06-11 08:00:00,8,2,6,162,0,24.71,0.22,73.64,31.45,2
2025-06-11 09:00:00,9,2,6,162,0,24.61,0.22,148.18,41.93,3
2025-06-11 10:00:00,10,2,6,162,0,25.55,0.22,181.07,46.47,3
2025-06-11 11:00:00,11,2,6,162,0,27.04,0.22,229.64,36.64,3
2025-06-11 12:00:00,12,2,6,162,0,26.05,0.22,227.82,21.81,2
2025-06-11 13:00:00,13,2,6,162,0,27.53,0.22,201.62,17.56,2
2025-06-11 14:00:00,14,2,6,162,0,26.34,0.22,176.28,26.96,2
2025-06-11 15:00:00,15,2,6,162,0,27.65,0.22,148.18,34.25,3
2025-06-11 16:00:00,16,2,6,162,0,27.41,0.38,88.11,48.03,4
2025-06-11 17:00:00,17,2,6,162,0,26.37,0.38,32.81,48.79,4
2025-06-11 18:00:00,18,2,6,162,0,27.12,0.38,0.0,65.45,5
2025-06-11 19:00:00,19,2,6,162,0,25.16,0.38,0.0,54.19,4
2025-06-11 20:00:00,20,2,6,162,0,25.61,0.38,0.0,60.06,5
2025-06-11 21:00:00,21,2,6,162,0,20.07,0.38,0.0,48.69,3
2025-06-11 22:00:00,22,2,6,162,0,21.79,0.22,0.0,27.13,2
2025-06-11 23:00:00,23,2,6,162,0,21.07,0.22,0.0,20.64,1
2025-06-12 00:00:00,0,3,6,163,0,19.25,0.12,0.0,6.56,1
2025-06-12 01:00:00,1,3,6,163,0,18.73,0.12,0.0,8.44,1
2025-06-12 02:00:00,2,3,6,163,0,15.41,0.12,0.0,7.02,1
2025-06-12 03:00:00,3,3,6,163,0,19.12,0.12,0.0,2.5,1
2025-06-12 04:00:00,4,3,6,163,0,19.87,0.12,0.0,2.5,1
2025-06-12 05:00:00,5,3,6,163,0,20.06,0.12,0.0,5.88,1
2025-06-12 06:00:00,6,3,6,163,0,21.95,0.12,0.0,17.34,1
2025-06-12 07:00:00,7,3,6,163,0,21.31,0.22,26.58,28.55,2
2025-06-12 08:00:00,8,3,6,163,0,23.07,0.22,63.58,38.31,3
2025-06-12 09:00:00,9,3,6,163,0,23.72,0.22,148.28,50.02,4
2025-06-12 10:00:00,10,3,6,163,0,26.08,0.22,199.12,41.72,3
2025-06-12 11:00:00,11,3,6,163,0,22.75,0.22,234.46,24.79,2
2025-06-12 12:00:00,12,3,6,163,0,25.15,0.22,230.45,41.85,4
2025-06-12 13:00:00,13,3,6,163,0,30.91,0.22,225.35,20.59,2
2025-06-12 14:00:00,14,3,6,163,0,23.31,0.22,147.14,26.06,2
2025-06-12 15:00:00,15,3,6,163,0,28.13,0.22,132.47,40.64,3
2025-06-12 16:00:00,16,3,6,163,0,30.58,0.38,67.76,38.11,2
2025-06-12 17:00:00,17,3,6,163,0,27.55,0.38,23.42,53.16,4
2025-06-12 18:00:00,18,3,6,163,0,26.13,0.38,0.0,66.11,5
2025-06-12 19:00:00,19,3,6,163,0,26.17,0.38,0.0,62.58,4
2025-06-12 20:00:00,20,3,6,163,0,23.99,0.38,0.0,48.58,4
2025-06-12 21:00:00,21,3,6,163,0,23.47,0.38,0.0,29.22,2
2025-06-12 22:00:00,22,3,6,163,0,20.75,0.22,0.0,25.12,2
2025-06-12 23:00:00,23,3,6,163,0,23.12,0.22,0.0,14.61,1
2025-06-13 00:00:00,0,4,6,164,0,22.81,0.12,0.0,14.42,1
2025-06-13 01:00:00,1,4,6,164,0,18.9,0.12,0.0,6.23,1
2025-06-13 02:00:00,2,4,6,164,0,15.9,0.12,0.0,8.54,1
2025-06-13 03:00:00,3,4,6,164,0,17.45,0.12,0.0,2.5,1
2025-06-13 04:00:00,4,4,6,164,0,18.3,0.12,0.0,13.33,1
2025-06-13 05:00:00,5,4,6,164,0,20.18,0.12,0.0,15.03,1
2025-06-13 06:00:00,6,4,6,164,0,17.95,0.12,0.0,11.81,1
2025-06-13 07:00:00,7,4,6,164,0,19.46,0.22,28.23,28.42,2
2025-06-13 08:00:00,8,4,6,164,0,23.23,0.22,73.12,32.42,3
2025-06-13 09:00:00,9,4,6,164,0,25.38,0.22,148.36,44.97,4
2025-06-13 10:00:00,10,4,6,164,0,23.55,0.22,168.27,44.15,3
2025-06-13 11:00:00,11,4,6,164,0,23.33,0.22,229.65,33.76,2
2025-06-13 12:00:00,12,4,6,164,0,33.6,0.22,215.47,35.69,2
2025-06-13 13:00:00,13,4,6,164,0,29.39,0.22,178.67,24.78,2
2025-06-13 14:00:00,14,4,6,164,0,27.79,0.22,201.09,22.63,2
2025-06-13 15:00:00,15,4,6,164,0,30.24,0.22,132.7,34.16,3
2025-06-13 16:00:00,16,4,6,164,0,28.08,0.38,70.11,34.76,3
2025-06-13 17:00:00,17,4,6,164,0,29.56,0.38,23.43,50.3,3
2025-06-13 18:00:00,18,4,6,164,0,27.35,0.38,0.0,46.84,3
2025-06-13 19:00:00,19,4,6,164,0,26.18,0.38,0.0,53.17,4
2025-06-13 20:00:00,20,4,6,164,0,24.57,0.38,0.0,48.62,4
2025-06-13 21:00:00,21,4,6,164,0,20.6,0.38,0.0,32.32,2
2025-06-13 22:00:00,22,4,6,164,0,26.08,0.22,0.0,25.39,2
2025-06-13 23:00:00,23,4,6,164,0,19.12,0.22,0.0,12.66,1
2025-06-14 00:00:00,0,5,6,165,1,17.33,0.1,0.0,8.8,1
2025-06-14 01:00:00,1,5,6,165,1,18.83,0.1,0.0,7.61,1
2025-06-14 02:00:00,2,5,6,165,1,16.84,0.1,0.0,4.42,1
2025-06-14 03:00:00,3,5,6,165,1,18.48,0.1,0.0,2.97,1
2025-06-14 04:00:00,4,5,6,165,1,20.13,0.1,0.0,4.39,1
2025-06-14 05:00:00,5,5,6,165,1,21.25,0.1,0.0,7.42,1
2025-06-14 06:00:00,6,5,6,165,1,21.68,0.1,0.0,4.29,1
2025-06-14 07:00:00,7,5,6,165,1,20.48,0.1,29.76,17.91,1
2025-06-14 08:00:00,8,5,6,165,1,22.39,0.1,70.4,29.67,2
2025-06-14 09:00:00,9,5,6,165,1,24.4,0.1,134.57,35.55,3
2025-06-14 10:00:00,10,5,6,165,1,21.37,0.15,156.88,32.15,2
2025-06-14 11:00:00,11,5,6,165,1,27.23,0.15,132.59,49.42,4
2025-06-14 12:00:00,12,5,6,165,1,24.21,0.15,249.64,52.16,3
2025-06-14 13:00:00,13,5,6,165,1,32.0,0.15,213.94,51.57,4
2025-06-14 14:00:00,14,5,6,165,1,27.61,0.15,162.83,49.12,4
2025-06-14 15:00:00,15,5,6,165,1,28.22,0.15,96.18,49.81,3
2025-06-14 16:00:00,16,5,6,165,1,26.88,0.15,61.84,48.27,3
2025-06-14 17:00:00,17,5,6,165,1,26.66,0.15,32.87,47.99,4
2025-06-14 18:00:00,18,5,6,165,1,31.67,0.15,0.0,46.38,3
2025-06-14 19:00:00,19,5,6,165,1,27.97,0.1,0.0,36.04,3
2025-06-14 20:00:00,20,5,6,165,1,21.78,0.1,0.0,35.79,2
2025-06-14 21:00:00,21,5,6,165,1,26.6,0.1,0.0,25.67,2
2025-06-14 22:00:00,22,5,6,165,1,24.68,0.1,0.0,17.93,1
2025-06-14 23:00:00,23,5,6,165,1,20.53,0.1,0.0,12.52,1
2025-06-15 00:00:00,0,6,6,166,1,20.75,0.1,0.0,11.81,1
2025-06-15 01:00:00,1,6,6,166,1,19.31,0.1,0.0,17.66,1
2025-06-15 02:00:00,2,6,6,166,1,22.79,0.1,0.0,11.9,1
2025-06-15 03:00:00,3,6,6,166,1,17.08,0.1,0.0,25.7,2
2025-06-15 04:00:00,4,6,6,166,1,19.14,0.1,0.0,10.4,1
2025-06-15 05:00:00,5,6,6,166,1,18.49,0.1,0.0,9.76,1
2025-06-15 06:00:00,6,6,6,166,1,17.27,0.1,0.0,9.57,1
2025-06-15 07:00:00,7,6,6,166,1,25.56,0.1,28.24,22.86,2
2025-06-15 08:00:00,8,6,6,166,1,20.02,0.1,86.1,15.17,1
2025-06-15 09:00:00,9,6,6,166,1,24.11,0.1,142.7,34.14,2
2025-06-15 10:00:00,10,6,6,166,1,21.49,0.15,152.72,29.57,2
2025-06-15 11:00:00,11,6,6,166,1,25.38,0.15,237.09,42.86,3
2025-06-15 12:00:00,12,6,6,166,1,28.05,0.15,184.91,51.81,4
2025-06-15 13:00:00,13,6,6,166,1,26.36,0.15,237.09,50.81,3
2025-06-15 14:00:00,14,6,6,166,1,29.68,0.15,163.84,56.15,4
2025-06-15 15:00:00,15,6,6,166,1,28.14,0.15,133.6,56.6,5
2025-06-15 16:00:00,16,6,6,166,1,30.82,0.15,80.1,46.92,4
2025-06-15 17:00:00,17,6,6,166,1,30.73,0.15,29.72,43.91,3
2025-06-15 18:00:00,18,6,6,166,1,26.04,0.15,0.0,59.83,5
2025-06-15 19:00:00,19,6,6,166,1,26.33,0.1,0.0,45.14,3
2025-06-15 20:00:00,20,6,6,166,1,25.34,0.1,0.0,38.07,3
2025-06-15 21:00:00,21,6,6,166,1,24.91,0.1,0.0,23.21,2
2025-06-15 22:00:00,22,6,6,166,1,22.41,0.1,0.0,19.55,1
2025-06-15 23:00:00,23,6,6,166,1,21.55,0.1,0.0,12.76,1
2025-06-16 00:00:00,0,0,6,167,0,19.74,0.12,0.0,2.5,1
2025-06-16 01:00:00,1,0,6,167,0,19.66,0.12,0.0,27.04,2
2025-06-16 02:00:00,2,0,6,167,0,21.53,0.12,0.0,7.91,1
2025-06-16 03:00:00,3,0,6,167,0,20.05,0.12,0.0,7.67,1
2025-06-16 04:00:00,4,0,6,167,0,20.33,0.12,0.0,8.83,1
2025-06-16 05:00:00,5,0,6,167,0,20.87,0.12,0.0,4.77,1
2025-06-16 06:00:00,6,0,6,167,0,19.92,0.12,0.0,35.96,3
2025-06-16 07:00:00,7,0,6,167,0,21.9,0.22,30.28,21.91,1
2025-06-16 08:00:00,8,0,6,167,0,20.29,0.22,83.21,33.43,3
2025-06-16 09:00:00,9,0,6,167,0,26.3,0.22,132.42,44.29,3
2025-06-16 10:00:00,10,0,6,167,0,19.49,0.22,195.72,36.47,3
2025-06-16 11:00:00,11,0,6,167,0,26.08,0.22,222.57,30.86,2
2025-06-16 12:00:00,12,0,6,167,0,29.58,0.22,218.22,26.46,2
2025-06-16 13:00:00,13,0,6,167,0,25.36,0.22,237.17,24.59,2
2025-06-16 14:00:00,14,0,6,167,0,29.39,0.22,163.99,25.06,2
2025-06-16 15:00:00,15,0,6,167,0,27.4,0.22,148.55,28.8,2
2025-06-16 16:00:00,16,0,6,167,0,27.85,0.38,63.37,42.55,3
2025-06-16 17:00:00,17,0,6,167,0,29.98,0.38,32.16,56.41,4
2025-06-16 18:00:00,18,0,6,167,0,27.69,0.38,0.0,51.98,4
2025-06-16 19:00:00,19,0,6,167,0,22.19,0.38,0.0,62.22,4
2025-06-16 20:00:00,20,0,6,167,0,23.1,0.38,0.0,44.01,3
2025-06-16 21:00:00,21,0,6,167,0,25.71,0.38,0.0,37.28,2
2025-06-16 22:00:00,22,0,6,167,0,23.36,0.22,0.0,27.48,2
2025-06-16 23:00:00,23,0,6,167,0,24.76,0.22,0.0,20.17,1
2025-06-17 00:00:00,0,1,6,168,0,23.67,0.12,0.0,2.5,1
2025-06-17 01:00:00,1,1,6,168,0,18.83,0.12,0.0,7.17,1
2025-06-17 02:00:00,2,1,6,168,0,24.02,0.12,0.0,3.89,1
2025-06-17 03:00:00,3,1,6,168,0,18.89,0.12,0.0,10.83,1
2025-06-17 04:00:00,4,1,6,168,0,17.09,0.12,0.0,9.14,1
2025-06-17 05:00:00,5,1,6,168,0,18.24,0.12,0.0,10.26,1
2025-06-17 06:00:00,6,1,6,168,0,15.79,0.12,0.0,11.99,1
2025-06-17 07:00:00,7,1,6,168,0,24.55,0.22,25.31,27.23,2
2025-06-17 08:00:00,8,1,6,168,0,25.74,0.22,62.4,32.48,3
2025-06-17 09:00:00,9,1,6,168,0,21.81,0.22,148.59,36.5,3
2025-06-17 10:00:00,10,1,6,168,0,24.68,0.22,162.57,36.13,2
2025-06-17 11:00:00,11,1,6,168,0,26.53,0.22,194.13,28.82,2
2025-06-17 12:00:00,12,1,6,168,0,25.46,0.22,188.0,23.47,2
2025-06-17 13:00:00,13,1,6,168,0,24.66,0.22,211.45,23.71,2
2025-06-17 14:00:00,14,1,6,168,0,28.25,0.22,159.92,26.19,2
2025-06-17 15:00:00,15,1,6,168,0,28.2,0.22,148.46,34.29,3
2025-06-17 16:00:00,16,1,6,168,0,27.89,0.38,80.95,37.89,2
2025-06-17 17:00:00,17,1,6,168,0,28.62,0.38,26.7,45.17,3
2025-06-17 18:00:00,18,1,6,168,0,30.24,0.38,0.0,59.61,5
2025-06-17 19:00:00,19,1,6,168,0,25.73,0.38,0.0,52.28,4
2025-06-17 20:00:00,20,1,6,168,0,25.48,0.38,0.0,47.85,4
2025-06-17 21:00:00,21,1,6,168,0,25.29,0.38,0.0,40.33,3
2025-06-17 22:00:00,22,1,6,168,0,23.65,0.22,0.0,24.17,2
2025-06-17 23:00:00,23,1,6,168,0,20.11,0.22,0.0,11.2,1
2025-06-18 00:00:00,0,2,6,169,0,20.58,0.12,0.0,2.5,1
2025-06-18 01:00:00,1,2,6,169,0,20.68,0.12,0.0,2.5,1
2025-06-18 02:00:00,2,2,6,169,0,16.83,0.12,0.0,2.5,1
2025-06-18 03:00:00,3,2,6,169,0,21.45,0.12,0.0,12.01,1
2025-06-18 04:00:00,4,2,6,169,0,21.95,0.12,0.0,5.45,1
2025-06-18 05:00:00,5,2,6,169,0,18.14,0.12,0.0,22.85,2
2025-06-18 06:00:00,6,2,6,169,0,20.77,0.12,0.0,14.48,1
2025-06-18 07:00:00,7,2,6,169,0,22.7,0.22,32.91,17.85,1
2025-06-18 08:00:00,8,2,6,169,0,21.53,0.22,77.96,36.19,3
2025-06-18 09:00:00,9,2,6,169,0,24.88,0.22,133.46,40.75,3
2025-06-18 10:00:00,10,2,6,169,0,25.54,0.22,149.12,43.08,3
2025-06-18 11:00:00,11,2,6,169,0,23.48,0.22,237.29,30.08,2
2025-06-18 12:00:00,12,2,6,169,0,28.37,0.22,190.33,24.08,2
2025-06-18 13:00:00,13,2,6,169,0,26.05,0.22,232.87,26.4,2
2025-06-18 14:00:00,14,2,6,169,0,30.63,0.22,201.44,23.5,2
2025-06-18 15:00:00,15,2,6,169,0,27.58,0.22,131.65,30.92,3
2025-06-18 16:00:00,16,2,6,169,0,28.43,0.38,88.03,41.86,3
2025-06-18 17:00:00,17,2,6,169,0,30.99,0.38,32.91,43.45,3
2025-06-18 18:00:00,18,2,6,169,0,28.45,0.38,0.0,54.56,3
2025-06-18 19:00:00,19,2,6,169,0,24.26,0.38,0.0,46.72,4
2025-06-18 20:00:00,20,2,6,169,0,23.18,0.38,0.0,56.35,4
2025-06-18 21:00:00,21,2,6,169,0,22.72,0.38,0.0,34.03,2
2025-06-18 22:00:00,22,2,6,169,0,23.42,0.22,0.0,22.64,1
2025-06-18 23:00:00,23,2,6,169,0,22.14,0.22,0.0,19.65,1
2025-06-19 00:00:00,0,3,6,170,0,18.77,0.12,0.0,6.48,1
2025-06-19 01:00:00,1,3,6,170,0,17.33,0.12,0.0,2.5,1
2025-06-19 02:00:00,2,3,6,170,0,19.73,0.12,0.0,10.45,1
2025-06-19 03:00:00,3,3,6,170,0,18.63,0.12,0.0,8.5,1
2025-06-19 04:00:00,4,3,6,170,0,23.48,0.12,0.0,10.96,1
2025-06-19 05:00:00,5,3,6,170,0,19.74,0.12,0.0,7.54,1
2025-06-19 06:00:00,6,3,6,170,0,24.09,0.12,0.0,17.86,1
2025-06-19 07:00:00,7,3,6,170,0,19.16,0.22,21.64,36.36,3
2025-06-19 08:00:00,8,3,6,170,0,19.56,0.22,63.93,44.81,3
2025-06-19 09:00:00,9,3,6,170,0,21.76,0.22,145.21,44.88,3
2025-06-19 10:00:00,10,3,6,170,0,27.67,0.22,169.82,33.84,2
2025-06-19 11:00:00,11,3,6,170,0,30.01,0.22,237.32,33.58,2
2025-06-19 12:00:00,12,3,6,170,0,25.97,0.22,232.96,31.42,2
2025-06-19 13:00:00,13,3,6,170,0,27.41,0.22,223.95,29.24,2
2025-06-19 14:00:00,14,3,6,170,0,26.49,0.22,151.27,26.71,2
2025-06-19 15:00:00,15,3,6,170,0,25.37,0.22,123.94,36.08,2
2025-06-19 16:00:00,16,3,6,170,0,30.26,0.38,70.01,33.17,2
2025-06-19 17:00:00,17,3,6,170,0,28.77,0.38,24.76,49.56,4
2025-06-19 18:00:00,18,3,6,170,0,27.55,0.38,0.0,49.92,3
2025-06-19 19:00:00,19,3,6,170,0,23.7,0.38,0.0,61.03,5
2025-06-19 20:00:00,20,3,6,170,0,28.57,0.38,0.0,51.55,4
2025-06-19 21:00:00,21,3,6,170,0,22.99,0.38,0.0,38.41,3
2025-06-19 22:00:00,22,3,6,170,0,23.77,0.22,0.0,27.52,2
2025-06-19 23:00:00,23,3,6,170,0,18.59,0.22,0.0,23.87,2
2025-06-20 00:00:00,0,4,6,171,0,20.15,0.12,0.0,4.69,1
2025-06-20 01:00:00,1,4,6,171,0,20.32,0.12,0.0,4.16,1
2025-06-20 02:00:00,2,4,6,171,0,19.89,0.12,0.0,9.73,1
2025-06-20 03:00:00,3,4,6,171,0,19.38,0.12,0.0,2.5,1
2025-06-20 04:00:00,4,4,6,171,0,20.23,0.12,0.0,7.41,1
2025-06-20 05:00:00,5,4,6,171,0,17.48,0.12,0.0,7.44,1
2025-06-20 06:00:00,6,4,6,171,0,20.93,0.12,0.0,15.69,1
2025-06-20 07:00:00,7,4,6,171,0,21.8,0.22,32.92,26.82,2
2025-06-20 08:00:00,8,4,6,171,0,23.24,0.22,59.9,33.61,2
2025-06-20 09:00:00,9,4,6,171,0,24.21,0.22,104.35,57.51,4
2025-06-20 10:00:00,10,4,6,171,0,22.82,0.22,174.72,41.42,3
2025-06-20 11:00:00,11,4,6,171,0,23.93,0.22,172.85,31.2,3
2025-06-20 12:00:00,12,4,6,171,0,23.18,0.22,250.0,35.95,2
2025-06-20 13:00:00,13,4,6,171,0,30.04,0.22,175.3,24.63,2
2025-06-20 14:00:00,14,4,6,171,0,30.56,0.22,201.48,22.21,1
2025-06-20 15:00:00,15,4,6,171,0,30.76,0.22,148.65,34.53,2
2025-06-20 16:00:00,16,4,6,171,0,29.51,0.38,88.39,33.64,2
2025-06-20 17:00:00,17,4,6,171,0,24.13,0.38,32.92,46.03,4
2025-06-20 18:00:00,18,4,6,171,0,25.55,0.38,0.0,53.55,5
2025-06-20 19:00:00,19,4,6,171,0,26.91,0.38,0.0,49.62,3
2025-06-20 20:00:00,20,4,6,171,0,25.64,0.38,0.0,48.09,4
2025-06-20 21:00:00,21,4,6,171,0,23.62,0.38,0.0,32.47,2
2025-06-20 22:00:00,22,4,6,171,0,23.51,0.22,0.0,28.06,2
2025-06-20 23:00:00,23,4,6,171,0,21.59,0.22,0.0,9.97,1
2025-06-21 00:00:00,0,5,6,172,1,20.85,0.1,0.0,7.7,1
2025-06-21 01:00:00,1,5,6,172,1,18.53,0.1,0.0,4.6,1
2025-06-21 02:00:00,2,5,6,172,1,21.28,0.1,0.0,7.36,1
2025-06-21 03:00:00,3,5,6,172,1,18.28,0.1,0.0,3.17,1
2025-06-21 04:00:00,4,5,6,172,1,16.65,0.1,0.0,9.98,1
2025-06-21 05:00:00,5,5,6,172,1,18.27,0.1,0.0,9.59,1
2025-06-21 06:00:00,6,5,6,172,1,19.91,0.1,0.0,11.35,1
2025-06-21 07:00:00,7,5,6,172,1,23.63,0.1,28.41,10.58,1
2025-06-21 08:00:00,8,5,6,172,1,22.76,0.1,65.24,14.5,1
2025-06-21 09:00:00,9,5,6,172,1,23.77,0.1,128.67,29.67,2
2025-06-21 10:00:00,10,5,6,172,1,22.94,0.15,180.88,28.04,2
2025-06-21 11:00:00,11,5,6,172,1,28.21,0.15,223.62,50.92,4
2025-06-21 12:00:00,12,5,6,172,1,26.37,0.15,222.31,60.66,4
2025-06-21 13:00:00,13,5,6,172,1,28.27,0.15,183.76,52.85,4
2025-06-21 14:00:00,14,5,6,172,1,31.93,0.15,201.48,60.54,5
2025-06-21 15:00:00,15,5,6,172,1,30.16,0.15,145.6,53.5,5
2025-06-21 16:00:00,16,5,6,172,1,25.71,0.15,83.64,50.39,3
2025-06-21 17:00:00,17,5,6,172,1,24.93,0.15,32.92,49.41,4
2025-06-21 18:00:00,18,5,6,172,1,27.55,0.15,0.0,53.33,5
2025-06-21 19:00:00,19,5,6,172,1,24.22,0.1,0.0,37.59,3
2025-06-21 20:00:00,20,5,6,172,1,26.73,0.1,0.0,37.87,3
2025-06-21 21:00:00,21,5,6,172,1,24.23,0.1,0.0,27.01,2
2025-06-21 22:00:00,22,5,6,172,1,23.18,0.1,0.0,16.59,1
2025-06-21 23:00:00,23,5,6,172,1,20.23,0.1,0.0,9.53,1
2025-06-22 00:00:00,0,6,6,173,1,24.16,0.1,0.0,5.87,1
2025-06-22 01:00:00,1,6,6,173,1,25.56,0.1,0.0,3.05,1
2025-06-22 02:00:00,2,6,6,173,1,18.82,0.1,0.0,3.73,1
2025-06-22 03:00:00,3,6,6,173,1,19.92,0.1,0.0,2.5,1
2025-06-22 04:00:00,4,6,6,173,1,19.57,0.1,0.0,16.15,1
2025-06-22 05:00:00,5,6,6,173,1,19.36,0.1,0.0,4.68,1
2025-06-22 06:00:00,6,6,6,173,1,19.01,0.1,0.0,9.52,1
2025-06-22 07:00:00,7,6,6,173,1,19.54,0.1,32.91,18.65,1
2025-06-22 08:00:00,8,6,6,173,1,20.64,0.1,81.41,13.11,1
2025-06-22 09:00:00,9,6,6,173,1,25.02,0.1,142.41,20.11,1
2025-06-22 10:00:00,10,6,6,173,1,24.46,0.15,201.46,30.06,3
2025-06-22 11:00:00,11,6,6,173,1,21.55,0.15,230.1,41.53,3
2025-06-22 12:00:00,12,6,6,173,1,28.63,0.15,247.45,47.79,3
2025-06-22 13:00:00,13,6,6,173,1,28.46,0.15,197.74,76.82,6
2025-06-22 14:00:00,14,6,6,173,1,31.73,0.15,201.46,55.2,5
2025-06-22 15:00:00,15,6,6,173,1,29.96,0.15,143.21,54.45,4
2025-06-22 16:00:00,16,6,6,173,1,26.08,0.15,79.11,48.33,3
2025-06-22 17:00:00,17,6,6,173,1,24.08,0.15,32.91,45.46,4
2025-06-22 18:00:00,18,6,6,173,1,26.31,0.15,0.0,41.37,3
2025-06-22 19:00:00,19,6,6,173,1,25.46,0.1,0.0,54.31,4
2025-06-22 20:00:00,20,6,6,173,1,27.39,0.1,0.0,41.43,3
2025-06-22 21:00:00,21,6,6,173,1,24.19,0.1,0.0,18.52,2
2025-06-22 22:00:00,22,6,6,173,1,25.18,0.1,0.0,25.5,2
2025-06-22 23:00:00,23,6,6,173,1,19.06,0.1,0.0,10.29,1
2025-06-23 00:00:00,0,0,6,174,0,22.67,0.12,0.0,8.71,1
2025-06-23 01:00:00,1,0,6,174,0,21.39,0.12,0.0,2.5,1
2025-06-23 02:00:00,2,0,6,174,0,15.41,0.12,0.0,2.5,1
2025-06-23 03:00:00,3,0,6,174,0,21.92,0.12,0.0,19.69,1
2025-06-23 04:00:00,4,0,6,174,0,19.63,0.12,0.0,7.85,1
2025-06-23 05:00:00,5,0,6,174,0,20.73,0.12,0.0,2.5,1
2025-06-23 06:00:00,6,0,6,174,0,19.01,0.12,0.0,36.35,3
2025-06-23 07:00:00,7,0,6,174,0,24.33,0.22,32.91,21.99,1
2025-06-23 08:00:00,8,0,6,174,0,20.61,0.22,88.36,37.1,2
2025-06-23 09:00:00,9,0,6,174,0,25.94,0.22,144.45,42.77,3
2025-06-23 10:00:00,10,0,6,174,0,27.21,0.22,201.43,44.51,3
2025-06-23 11:00:00,11,0,6,174,0,24.83,0.22,192.43,28.0,2
2025-06-23 12:00:00,12,0,6,174,0,31.78,0.22,194.91,23.42,2
2025-06-23 13:00:00,13,0,6,174,0,29.07,0.22,237.27,35.96,2
2025-06-23 14:00:00,14,0,6,174,0,30.41,0.22,180.22,26.77,2
2025-06-23 15:00:00,15,0,6,174,0,26.22,0.22,106.24,29.81,3
2025-06-23 16:00:00,16,0,6,174,0,33.34,0.38,74.41,37.5,3
2025-06-23 17:00:00,17,0,6,174,0,26.16,0.38,29.97,50.13,3
2025-06-23 18:00:00,18,0,6,174,0,29.86,0.38,0.0,52.7,5
2025-06-23 19:00:00,19,0,6,174,0,24.79,0.38,0.0,64.49,4
2025-06-23 20:00:00,20,0,6,174,0,24.33,0.38,0.0,44.37,3
2025-06-23 21:00:00,21,0,6,174,0,25.85,0.38,0.0,33.93,3
2025-06-23 22:00:00,22,0,6,174,0,25.04,0.22,0.0,24.29,2
2025-06-23 23:00:00,23,0,6,174,0,19.23,0.22,0.0,14.25,1
2025-06-24 00:00:00,0,1,6,175,0,22.98,0.12,0.0,2.5,1
2025-06-24 01:00:00,1,1,6,175,0,22.1,0.12,0.0,7.5,1
2025-06-24 02:00:00,2,1,6,175,0,17.63,0.12,0.0,5.26,1
2025-06-24 03:00:00,3,1,6,175,0,22.54,0.12,0.0,6.49,1
2025-06-24 04:00:00,4,1,6,175,0,16.6,0.12,0.0,16.99,1
2025-06-24 05:00:00,5,1,6,175,0,18.76,0.12,0.0,3.05,1
2025-06-24 06:00:00,6,1,6,175,0,21.76,0.12,0.0,12.02,1
2025-06-24 07:00:00,7,1,6,175,0,20.13,0.22,31.77,29.1,3
2025-06-24 08:00:00,8,1,6,175,0,23.57,0.22,80.06,34.68,3
2025-06-24 09:00:00,9,1,6,175,0,24.82,0.22,148.57,42.1,4
2025-06-24 10:00:00,10,1,6,175,0,25.26,0.22,157.74,36.39,3
2025-06-24 11:00:00,11,1,6,175,0,28.5,0.22,169.03,27.97,2
2025-06-24 12:00:00,12,1,6,175,0,27.42,0.22,249.87,21.83,2
2025-06-24 13:00:00,13,1,6,175,0,29.13,0.22,168.01,24.84,2
2025-06-24 14:00:00,14,1,6,175,0,31.46,0.22,193.72,43.78,3
2025-06-24 15:00:00,15,1,6,175,0,30.92,0.22,113.3,40.97,3
2025-06-24 16:00:00,16,1,6,175,0,30.74,0.38,55.8,36.64,2
2025-06-24 17:00:00,17,1,6,175,0,26.37,0.38,27.47,41.62,3
2025-06-24 18:00:00,18,1,6,175,0,28.92,0.38,0.0,62.35,4
2025-06-24 19:00:00,19,1,6,175,0,25.08,0.38,0.0,56.24,4
2025-06-24 20:00:00,20,1,6,175,0,23.07,0.38,0.0,62.94,5
2025-06-24 21:00:00,21,1,6,175,0,24.19,0.38,0.0,36.99,3
2025-06-24 22:00:00,22,1,6,175,0,21.24,0.22,0.0,24.78,2
2025-06-24 23:00:00,23,1,6,175,0,23.42,0.22,0.0,13.5,1
2025-06-25 00:00:00,0,2,6,176,0,22.49,0.12,0.0,2.5,1
2025-06-25 01:00:00,1,2,6,176,0,16.26,0.12,0.0,4.97,1
2025-06-25 02:00:00,2,2,6,176,0,17.91,0.12,0.0,10.82,1
2025-06-25 03:00:00,3,2,6,176,0,16.48,0.12,0.0,2.5,1
2025-06-25 04:00:00,4,2,6,176,0,18.64,0.12,0.0,18.27,1
2025-06-25 05:00:00,5,2,6,176,0,20.98,0.12,0.0,3.27,1
2025-06-25 06:00:00,6,2,6,176,0,20.38,0.12,0.0,11.9,1
2025-06-25 07:00:00,7,2,6,176,0,20.72,0.22,29.42,25.94,2
2025-06-25 08:00:00,8,2,6,176,0,25.7,0.22,80.16,30.01,2
2025-06-25 09:00:00,9,2,6,176,0,19.79,0.22,112.9,40.65,3
2025-06-25 10:00:00,10,2,6,176,0,28.17,0.22,144.49,39.46,3
2025-06-25 11:00:00,11,2,6,176,0,25.81,0.22,197.96,32.76,3
2025-06-25 12:00:00,12,2,6,176,0,27.78,0.22,217.2,23.02,2
2025-06-25 13:00:00,13,2,6,176,0,27.67,0.22,237.13,18.66,1
2025-06-25 14:00:00,14,2,6,176,0,32.31,0.22,199.44,35.61,2
2025-06-25 15:00:00,15,2,6,176,0,26.94,0.22,134.0,35.15,3
2025-06-25 16:00:00,16,2,6,176,0,29.25,0.38,88.31,39.27,3
2025-06-25 17:00:00,17,2,6,176,0,29.78,0.38,25.22,46.02,3
2025-06-25 18:00:00,18,2,6,176,0,24.71,0.38,0.0,59.47,4
2025-06-25 19:00:00,19,2,6,176,0,25.06,0.38,0.0,50.09,4
2025-06-25 20:00:00,20,2,6,176,0,25.4,0.38,0.0,59.09,5
2025-06-25 21:00:00,21,2,6,176,0,22.63,0.38,0.0,31.95,2
2025-06-25 22:00:00,22,2,6,176,0,21.47,0.22,0.0,30.43,3
2025-06-25 23:00:00,23,2,6,176,0,21.2,0.22,0.0,22.45,2
2025-06-26 00:00:00,0,3,6,177,0,22.22,0.12,0.0,6.28,1
2025-06-26 01:00:00,1,3,6,177,0,19.44,0.12,0.0,6.81,1
2025-06-26 02:00:00,2,3,6,177,0,21.78,0.12,0.0,5.31,1
2025-06-26 03:00:00,3,3,6,177,0,17.46,0.12,0.0,12.01,1
2025-06-26 04:00:00,4,3,6,177,0,17.12,0.12,0.0,3.66,1
2025-06-26 05:00:00,5,3,6,177,0,23.98,0.12,0.0,12.24,1
2025-06-26 06:00:00,6,3,6,177,0,19.6,0.12,0.0,15.31,1
2025-06-26 07:00:00,7,3,6,177,0,19.33,0.22,25.68,33.47,3
2025-06-26 08:00:00,8,3,6,177,0,19.68,0.22,88.28,44.18,4
2025-06-26 09:00:00,9,3,6,177,0,26.61,0.22,148.47,39.23,4
2025-06-26 10:00:00,10,3,6,177,0,25.07,0.22,201.24,45.06,4
2025-06-26 11:00:00,11,3,6,177,0,26.45,0.22,190.1,33.52,3
2025-06-26 12:00:00,12,3,6,177,0,27.67,0.22,171.54,25.09,2
2025-06-26 13:00:00,13,3,6,177,0,30.81,0.22,177.68,29.36,2
2025-06-26 14:00:00,14,3,6,177,0,28.93,0.22,166.31,30.17,2
2025-06-26 15:00:00,15,3,6,177,0,34.14,0.22,88.37,31.94,3
2025-06-26 16:00:00,16,3,6,177,0,29.55,0.38,72.65,33.15,3
2025-06-26 17:00:00,17,3,6,177,0,30.91,0.38,28.14,44.94,4
2025-06-26 18:00:00,18,3,6,177,0,29.6,0.38,0.0,52.61,3
2025-06-26 19:00:00,19,3,6,177,0,26.88,0.38,0.0,54.24,4
2025-06-26 20:00:00,20,3,6,177,0,24.58,0.38,0.0,48.81,4
2025-06-26 21:00:00,21,3,6,177,0,25.12,0.38,0.0,34.88,3
2025-06-26 22:00:00,22,3,6,177,0,24.18,0.22,0.0,20.3,1
2025-06-26 23:00:00,23,3,6,177,0,20.81,0.22,0.0,13.68,1
2025-06-27 00:00:00,0,4,6,178,0,21.31,0.12,0.0,18.11,1
2025-06-27 01:00:00,1,4,6,178,0,22.65,0.12,0.0,3.47,1
2025-06-27 02:00:00,2,4,6,178,0,23.82,0.12,0.0,2.5,1
2025-06-27 03:00:00,3,4,6,178,0,21.22,0.12,0.0,9.85,1
2025-06-27 04:00:00,4,4,6,178,0,23.41,0.12,0.0,2.5,1
2025-06-27 05:00:00,5,4,6,178,0,18.92,0.12,0.0,11.48,1
2025-06-27 06:00:00,6,4,6,178,0,22.38,0.12,0.0,17.4,1
2025-06-27 07:00:00,7,4,6,178,0,24.69,0.22,28.59,25.79,2
2025-06-27 08:00:00,8,4,6,178,0,21.42,0.22,75.91,31.81,2
2025-06-27 09:00:00,9,4,6,178,0,23.54,0.22,139.33,41.41,3
2025-06-27 10:00:00,10,4,6,178,0,29.28,0.22,132.72,35.35,3
2025-06-27 11:00:00,11,4,6,178,0,25.06,0.22,176.81,27.45,2
2025-06-27 12:00:00,12,4,6,178,0,25.36,0.22,195.74,40.72,3
2025-06-27 13:00:00,13,4,6,178,0,31.9,0.22,195.58,28.21,2
2025-06-27 14:00:00,14,4,6,178,0,31.73,0.22,155.77,27.91,2
2025-06-27 15:00:00,15,4,6,178,0,30.37,0.22,136.52,31.98,2
2025-06-27 16:00:00,16,4,6,178,0,29.25,0.38,78.51,41.45,3
2025-06-27 17:00:00,17,4,6,178,0,27.96,0.38,32.86,48.63,3
2025-06-27 18:00:00,18,4,6,178,0,28.61,0.38,0.0,59.67,5
2025-06-27 19:00:00,19,4,6,178,0,30.17,0.38,0.0,64.84,5
2025-06-27 20:00:00,20,4,6,178,0,26.28,0.38,0.0,49.32,4
2025-06-27 21:00:00,21,4,6,178,0,28.84,0.38,0.0,30.84,2
2025-06-27 22:00:00,22,4,6,178,0,21.42,0.22,0.0,32.59,3
2025-06-27 23:00:00,23,4,6,178,0,21.97,0.22,0.0,14.57,1
2025-06-28 00:00:00,0,5,6,179,1,20.28,0.1,0.0,8.76,1
2025-06-28 01:00:00,1,5,6,179,1,18.06,0.1,0.0,6.11,1
2025-06-28 02:00:00,2,5,6,179,1,19.43,0.1,0.0,2.6,1
2025-06-28 03:00:00,3,5,6,179,1,20.4,0.1,0.0,12.89,1
2025-06-28 04:00:00,4,5,6,179,1,20.78,0.1,0.0,16.16,1
2025-06-28 05:00:00,5,5,6,179,1,24.57,0.1,0.0,10.09,1
2025-06-28 06:00:00,6,5,6,179,1,21.96,0.1,0.0,16.55,1
2025-06-28 07:00:00,7,5,6,179,1,24.36,0.1,29.52,11.01,1
2025-06-28 08:00:00,8,5,6,179,1,23.4,0.1,68.29,19.28,2
2025-06-28 09:00:00,9,5,6,179,1,27.92,0.1,133.38,22.41,2
2025-06-28 10:00:00,10,5,6,179,1,30.65,0.15,201.03,35.45,3
2025-06-28 11:00:00,11,5,6,179,1,28.12,0.15,215.8,43.65,3
2025-06-28 12:00:00,12,5,6,179,1,26.11,0.15,229.15,49.78,4
2025-06-28 13:00:00,13,5,6,179,1,27.79,0.15,231.61,55.14,4
2025-06-28 14:00:00,14,5,6,179,1,29.96,0.15,143.05,48.13,3
2025-06-28 15:00:00,15,5,6,179,1,30.48,0.15,148.32,51.08,3
2025-06-28 16:00:00,16,5,6,179,1,30.79,0.15,66.44,47.0,4
2025-06-28 17:00:00,17,5,6,179,1,29.81,0.15,32.37,49.85,4
2025-06-28 18:00:00,18,5,6,179,1,28.11,0.15,0.0,44.56,3
2025-06-28 19:00:00,19,5,6,179,1,25.79,0.1,0.0,34.11,3
2025-06-28 20:00:00,20,5,6,179,1,26.66,0.1,0.0,29.9,2
2025-06-28 21:00:00,21,5,6,179,1,28.27,0.1,0.0,17.34,1
2025-06-28 22:00:00,22,5,6,179,1,25.31,0.1,0.0,29.4,3
2025-06-28 23:00:00,23,5,6,179,1,23.13,0.1,0.0,8.67,1
2025-06-29 00:00:00,0,6,6,180,1,23.13,0.1,0.0,10.65,1
2025-06-29 01:00:00,1,6,6,180,1,19.54,0.1,0.0,6.44,1
2025-06-29 02:00:00,2,6,6,180,1,18.77,0.1,0.0,2.5,1
2025-06-29 03:00:00,3,6,6,180,1,18.12,0.1,0.0,5.16,1
2025-06-29 04:00:00,4,6,6,180,1,19.53,0.1,0.0,11.07,1
2025-06-29 05:00:00,5,6,6,180,1,19.44,0.1,0.0,6.92,1
2025-06-29 06:00:00,6,6,6,180,1,23.49,0.1,0.0,14.81,1
2025-06-29 07:00:00,7,6,6,180,1,21.16,0.1,27.94,9.55,1
2025-06-29 08:00:00,8,6,6,180,1,21.71,0.1,83.66,18.48,1
2025-06-29 09:00:00,9,6,6,180,1,28.5,0.1,142.46,27.79,2
2025-06-29 10:00:00,10,6,6,180,1,25.0,0.15,131.96,29.9,2
2025-06-29 11:00:00,11,6,6,180,1,27.42,0.15,228.32,41.36,3
2025-06-29 12:00:00,12,6,6,180,1,29.05,0.15,212.0,46.25,3
2025-06-29 13:00:00,13,6,6,180,1,26.67,0.15,203.01,55.23,4
2025-06-29 14:00:00,14,6,6,180,1,31.91,0.15,119.8,52.5,4
2025-06-29 15:00:00,15,6,6,180,1,30.89,0.15,148.23,52.28,5
2025-06-29 16:00:00,16,6,6,180,1,32.56,0.15,79.43,43.08,4
2025-06-29 17:00:00,17,6,6,180,1,27.58,0.15,22.85,47.31,4
2025-06-29 18:00:00,18,6,6,180,1,28.35,0.15,0.0,43.79,4
2025-06-29 19:00:00,19,6,6,180,1,27.19,0.1,0.0,41.86,3
2025-06-29 20:00:00,20,6,6,180,1,26.43,0.1,0.0,28.3,2
2025-06-29 21:00:00,21,6,6,180,1,21.7,0.1,0.0,30.57,2
2025-06-29 22:00:00,22,6,6,180,1,23.54,0.1,0.0,17.9,1
2025-06-29 23:00:00,23,6,6,180,1,19.26,0.1,0.0,11.55,1
2025-06-30 00:00:00,0,0,6,181,0,21.84,0.12,0.0,2.5,1
