timestamp,renewable_generation_kw,solar_irradiance_wm2,wind_speed_ms,ambient_temperature_c,relative_humidity_pct
2024-01-01 00:00:00,0.45,0.0,1.85,-0.36,73.3
2024-01-01 01:00:00,6.81,0.0,6.26,-1.91,79.0
2024-01-01 02:00:00,128.48,0.0,10.81,-0.94,67.6
2024-01-01 03:00:00,4.07,0.0,4.38,0.58,69.5
2024-01-01 04:00:00,0.82,0.0,4.96,-1.46,62.4
2024-01-01 05:00:00,8.47,0.0,6.35,-0.5,68.0
2024-01-01 06:00:00,20.67,0.0,7.01,3.46,62.5
2024-01-01 07:00:00,28.26,155.21,5.21,3.69,60.9
2024-01-01 08:00:00,73.68,190.69,8.37,3.38,56.5
2024-01-01 09:00:00,93.35,605.42,5.53,6.46,48.5
2024-01-01 10:00:00,103.7,704.68,4.56,6.39,57.6
2024-01-01 11:00:00,102.73,666.14,5.1,7.63,65.1
2024-01-01 12:00:00,149.73,829.89,7.47,9.65,59.1
2024-01-01 13:00:00,122.4,795.92,5.03,7.01,57.3
2024-01-01 14:00:00,91.6,590.96,0.5,7.5,55.4
2024-01-01 15:00:00,76.42,532.58,1.57,9.04,61.6
2024-01-01 16:00:00,45.64,292.79,1.93,7.77,72.3
2024-01-01 17:00:00,17.21,129.39,0.96,8.8,79.2
2024-01-01 18:00:00,1.71,0.0,2.9,5.73,78.8
2024-01-01 19:00:00,0.0,0.0,3.87,3.52,84.6
2024-01-01 20:00:00,0.0,0.0,3.36,6.29,86.5
2024-01-01 21:00:00,24.41,0.0,7.54,2.2,87.0
2024-01-01 22:00:00,0.0,0.0,1.67,1.19,81.7
2024-01-01 23:00:00,5.84,0.0,5.76,-2.29,85.4
2024-01-02 00:00:00,1.95,0.0,5.34,-1.95,78.7
2024-01-02 01:00:00,1.65,0.0,3.65,-1.56,80.7
2024-01-02 02:00:00,9.56,0.0,6.11,-3.66,79.2
2024-01-02 03:00:00,3.38,0.0,3.06,-1.16,82.3
2024-01-02 04:00:00,21.59,0.0,7.24,-2.03,63.5
2024-01-02 05:00:00,7.76,0.0,5.9,-0.61,68.5
2024-01-02 06:00:00,4.34,0.0,4.78,0.16,69.9
2024-01-02 07:00:00,35.56,162.51,6.57,5.29,63.2
2024-01-02 08:00:00,60.17,356.15,6.29,4.05,61.2
2024-01-02 09:00:00,91.33,605.42,3.74,4.03,58.4
2024-01-02 10:00:00,82.03,565.85,1.93,8.3,61.5
2024-01-02 11:00:00,128.09,819.4,4.0,6.48,50.1
2024-01-02 12:00:00,121.79,789.66,4.16,9.58,50.1
2024-01-02 13:00:00,143.29,887.28,5.78,6.92,59.4
2024-01-02 14:00:00,105.87,656.16,5.99,8.08,51.7
2024-01-02 15:00:00,73.05,479.65,2.54,10.16,72.3
2024-01-02 16:00:00,53.01,359.25,3.51,10.37,76.1
2024-01-02 17:00:00,25.9,160.87,1.58,8.57,71.7
2024-01-02 18:00:00,0.0,0.0,3.19,6.89,75.6
2024-01-02 19:00:00,0.0,0.0,0.5,5.17,80.2
2024-01-02 20:00:00,0.0,0.0,1.44,1.85,83.3
2024-01-02 21:00:00,0.0,0.0,3.1,1.43,85.1
2024-01-02 22:00:00,2.96,0.0,0.5,0.38,87.8
2024-01-02 23:00:00,4.59,0.0,4.52,1.41,83.6
2024-01-03 00:00:00,3.79,0.0,5.89,-0.63,87.7
2024-01-03 01:00:00,2.74,0.0,3.83,-4.39,82.8
2024-01-03 02:00:00,2.93,0.0,4.55,-1.46,74.5
2024-01-03 03:00:00,20.99,0.0,7.45,-2.32,80.6
2024-01-03 04:00:00,18.6,0.0,7.13,-2.16,63.2
2024-01-03 05:00:00,0.16,0.0,4.69,0.72,65.7
2024-01-03 06:00:00,3.49,0.0,4.94,2.6,67.3
2024-01-03 07:00:00,35.83,162.58,6.7,3.89,55.8
2024-01-03 08:00:00,47.61,275.83,5.86,2.79,58.6
2024-01-03 09:00:00,60.42,411.73,3.46,5.14,58.2
2024-01-03 10:00:00,107.8,711.19,3.87,7.55,50.7
2024-01-03 11:00:00,116.9,656.9,7.09,9.75,55.1
2024-01-03 12:00:00,123.91,822.1,4.82,8.53,56.2
2024-01-03 13:00:00,143.73,706.14,8.18,9.57,56.6
2024-01-03 14:00:00,73.62,459.25,4.34,8.39,74.0
2024-01-03 15:00:00,52.16,312.05,5.83,8.05,62.3
2024-01-03 16:00:00,49.08,341.07,0.64,10.46,75.0
2024-01-03 17:00:00,20.02,125.52,3.44,10.33,71.9
2024-01-03 18:00:00,0.0,0.0,0.5,6.94,72.1
2024-01-03 19:00:00,0.0,0.0,2.79,7.11,81.1
2024-01-03 20:00:00,4.46,0.0,1.92,4.59,86.2
2024-01-03 21:00:00,0.0,0.0,1.64,1.53,89.1
2024-01-03 22:00:00,1.95,0.0,5.14,1.59,92.8
2024-01-03 23:00:00,4.84,0.0,5.54,2.11,95.0
2024-01-04 00:00:00,3.46,0.0,0.8,-1.22,84.2
2024-01-04 01:00:00,0.0,0.0,4.89,0.58,77.3
2024-01-04 02:00:00,0.98,0.0,4.16,-5.9,79.8
2024-01-04 03:00:00,5.79,0.0,4.81,-0.53,72.6
2024-01-04 04:00:00,26.73,0.0,7.59,-1.03,74.6
2024-01-04 05:00:00,0.0,0.0,4.8,-0.66,59.6
2024-01-04 06:00:00,66.12,0.0,9.26,1.17,74.3
2024-01-04 07:00:00,22.03,141.78,4.09,-0.5,63.7
2024-01-04 08:00:00,66.86,355.77,6.41,3.7,48.6
2024-01-04 09:00:00,98.65,605.42,6.14,6.12,52.0
2024-01-04 10:00:00,93.39,611.28,3.57,9.25,59.1
2024-01-04 11:00:00,102.78,704.14,3.46,7.5,61.4
2024-01-04 12:00:00,146.16,950.0,5.88,8.02,50.6
2024-01-04 13:00:00,122.44,812.31,4.78,9.08,63.0
2024-01-04 14:00:00,121.07,787.98,1.96,11.41,52.8
2024-01-04 15:00:00,81.26,540.82,2.57,10.32,65.7
2024-01-04 16:00:00,39.73,260.98,0.5,8.43,75.6
2024-01-04 17:00:00,16.54,106.55,0.5,9.05,71.1
2024-01-04 18:00:00,2.22,0.0,1.74,7.18,70.0
2024-01-04 19:00:00,0.0,0.0,0.5,7.04,81.3
2024-01-04 20:00:00,1.88,0.0,4.23,2.98,80.0
2024-01-04 21:00:00,0.0,0.0,3.59,1.99,87.6
2024-01-04 22:00:00,13.59,0.0,6.27,0.45,80.6
2024-01-04 23:00:00,0.0,0.0,4.34,-2.4,80.6
2024-01-05 00:00:00,18.69,0.0,7.21,-0.73,72.9
2024-01-05 01:00:00,2.23,0.0,4.6,-1.38,81.5
2024-01-05 02:00:00,3.61,0.0,5.33,-1.97,76.7
2024-01-05 03:00:00,81.01,0.0,9.64,-2.13,67.9
2024-01-05 04:00:00,10.21,0.0,6.29,-3.3,71.0
2024-01-05 05:00:00,0.0,0.0,2.86,-0.85,71.3
2024-01-05 06:00:00,21.4,0.0,7.05,0.51,61.4
2024-01-05 07:00:00,74.01,163.92,8.58,1.26,60.7
2024-01-05 08:00:00,82.16,385.82,7.28,3.78,58.4
2024-01-05 09:00:00,88.67,564.03,5.65,6.18,49.5
2024-01-05 10:00:00,121.84,769.75,5.72,9.85,65.3
2024-01-05 11:00:00,203.57,841.94,9.54,8.53,53.2
2024-01-05 12:00:00,113.52,741.78,1.54,9.6,60.3
2024-01-05 13:00:00,134.02,874.97,4.18,9.7,63.2
2024-01-05 14:00:00,76.13,504.96,1.73,7.14,61.8
2024-01-05 15:00:00,87.78,605.42,3.13,9.78,69.2
2024-01-05 16:00:00,42.38,258.82,2.63,9.31,71.2
2024-01-05 17:00:00,23.07,146.35,0.5,11.96,66.8
2024-01-05 18:00:00,0.0,0.0,0.5,6.73,75.8
2024-01-05 19:00:00,0.81,0.0,2.51,6.03,77.5
2024-01-05 20:00:00,0.0,0.0,0.5,3.97,80.7
2024-01-05 21:00:00,2.11,0.0,1.22,0.71,78.0
2024-01-05 22:00:00,0.0,0.0,4.88,2.74,90.6
2024-01-05 23:00:00,0.0,0.0,2.44,0.91,92.5
2024-01-06 00:00:00,0.6,0.0,3.75,0.0,87.9
2024-01-06 01:00:00,31.32,0.0,7.74,-3.15,87.0
2024-01-06 02:00:00,0.23,0.0,3.43,0.12,75.8
2024-01-06 03:00:00,2.57,0.0,4.68,-3.89,70.7
2024-01-06 04:00:00,8.05,0.0,6.09,-0.3,66.1
2024-01-06 05:00:00,20.1,0.0,7.19,3.05,69.3
2024-01-06 06:00:00,48.25,0.0,8.6,-0.47,63.6
2024-01-06 07:00:00,75.56,163.92,8.72,1.61,59.0
2024-01-06 08:00:00,58.31,281.35,7.14,4.16,63.5
2024-01-06 09:00:00,89.44,605.42,3.85,4.81,57.5
2024-01-06 10:00:00,62.49,413.33,1.84,4.69,50.8
2024-01-06 11:00:00,91.01,609.24,3.75,8.36,52.1
2024-01-06 12:00:00,100.32,670.87,1.91,7.61,60.4
2024-01-06 13:00:00,88.33,587.68,4.44,10.52,64.6
2024-01-06 14:00:00,70.74,482.61,3.66,8.63,65.3
2024-01-06 15:00:00,81.83,552.11,0.5,12.13,75.6
2024-01-06 16:00:00,47.15,315.56,4.16,8.03,78.2
2024-01-06 17:00:00,22.31,148.66,0.62,7.77,76.1
2024-01-06 18:00:00,0.79,0.0,1.47,8.23,73.3
2024-01-06 19:00:00,0.0,0.0,2.77,3.72,74.1
2024-01-06 20:00:00,0.0,0.0,1.73,4.35,81.1
2024-01-06 21:00:00,0.0,0.0,2.1,4.42,88.3
2024-01-06 22:00:00,5.19,0.0,0.5,-1.4,94.1
2024-01-06 23:00:00,0.0,0.0,2.81,0.05,86.6
2024-01-07 00:00:00,2.41,0.0,5.32,-0.8,88.8
2024-01-07 01:00:00,22.87,0.0,7.3,-0.62,79.4
2024-01-07 02:00:00,1.45,0.0,4.38,-3.85,80.6
2024-01-07 03:00:00,2.77,0.0,4.85,-3.77,78.0
2024-01-07 04:00:00,12.39,0.0,6.64,-0.41,60.1
2024-01-07 05:00:00,65.48,0.0,9.19,0.21,64.1
2024-01-07 06:00:00,1.34,0.0,4.65,1.38,67.2
2024-01-07 07:00:00,20.97,117.25,5.45,2.97,60.8
2024-01-07 08:00:00,67.07,299.72,7.29,2.98,51.0
2024-01-07 09:00:00,98.89,605.42,5.79,5.91,43.4
2024-01-07 10:00:00,109.22,728.45,2.7,7.44,53.2
2024-01-07 11:00:00,138.36,908.14,4.99,7.18,55.2
2024-01-07 12:00:00,144.64,950.0,2.2,12.0,52.6
2024-01-07 13:00:00,138.15,908.14,3.34,10.51,60.1
2024-01-07 14:00:00,79.03,505.74,2.96,8.22,65.0
2024-01-07 15:00:00,85.89,583.97,4.88,10.78,69.5
2024-01-07 16:00:00,50.54,324.87,1.89,7.74,58.2
2024-01-07 17:00:00,20.07,125.78,0.78,9.43,67.3
2024-01-07 18:00:00,0.0,0.0,0.5,8.74,76.0
2024-01-07 19:00:00,1.16,0.0,4.34,4.33,83.5
2024-01-07 20:00:00,2.1,0.0,0.5,5.45,85.4
2024-01-07 21:00:00,0.0,0.0,2.03,3.07,86.8
2024-01-07 22:00:00,0.89,0.0,1.2,2.24,83.1
2024-01-07 23:00:00,3.53,0.0,4.87,2.61,82.9
2024-01-08 00:00:00,0.0,0.0,3.68,-1.56,79.3
2024-01-08 01:00:00,0.0,0.0,3.59,-2.93,84.4
2024-01-08 02:00:00,0.99,0.0,4.12,-3.33,72.9
2024-01-08 03:00:00,22.68,0.0,7.46,-3.02,78.1
2024-01-08 04:00:00,4.35,0.0,5.81,-1.31,71.0
2024-01-08 05:00:00,16.51,0.0,6.94,0.27,65.9
2024-01-08 06:00:00,48.16,0.0,8.54,1.42,59.2
2024-01-08 07:00:00,66.35,124.63,8.53,3.69,52.6
2024-01-08 08:00:00,52.01,349.37,4.69,4.02,53.8
2024-01-08 09:00:00,142.24,567.67,8.88,7.73,53.9
2024-01-08 10:00:00,97.01,657.9,1.84,6.6,43.2
2024-01-08 11:00:00,111.5,764.1,3.72,12.32,54.5
2024-01-08 12:00:00,141.14,866.0,6.52,10.14,61.6
2024-01-08 13:00:00,113.31,740.44,2.17,8.51,62.2
2024-01-08 14:00:00,119.51,787.98,1.68,8.39,60.0
2024-01-08 15:00:00,88.62,590.83,1.42,10.52,66.4
2024-01-08 16:00:00,55.94,378.46,2.66,8.86,67.2
2024-01-08 17:00:00,16.56,115.57,1.57,9.31,74.6
2024-01-08 18:00:00,0.22,0.0,3.07,7.71,85.2
2024-01-08 19:00:00,0.0,0.0,4.58,5.44,85.4
2024-01-08 20:00:00,0.0,0.0,3.01,2.73,85.6
2024-01-08 21:00:00,0.0,0.0,0.89,0.18,82.0
2024-01-08 22:00:00,5.2,0.0,6.07,0.33,88.7
2024-01-08 23:00:00,0.0,0.0,2.11,1.04,76.1
2024-01-09 00:00:00,0.82,0.0,1.97,-0.87,81.7
2024-01-09 01:00:00,0.02,0.0,2.06,-3.66,83.5
2024-01-09 02:00:00,2.04,0.0,5.13,-1.74,81.2
2024-01-09 03:00:00,0.0,0.0,3.14,-1.22,77.2
2024-01-09 04:00:00,3.22,0.0,3.63,-2.52,71.5
2024-01-09 05:00:00,0.0,0.0,4.75,-0.01,65.1
2024-01-09 06:00:00,1.9,0.0,4.72,1.09,65.2
2024-01-09 07:00:00,25.07,109.11,6.28,0.73,54.6
2024-01-09 08:00:00,82.2,385.82,7.45,4.54,52.8
2024-01-09 09:00:00,92.35,515.89,6.71,6.39,55.8
2024-01-09 10:00:00,87.22,599.29,3.62,8.62,55.9
2024-01-09 11:00:00,109.66,731.16,3.05,9.82,46.4
2024-01-09 12:00:00,171.57,922.77,7.82,7.13,59.3
2024-01-09 13:00:00,107.37,692.3,0.5,8.39,63.3
2024-01-09 14:00:00,90.39,581.21,5.33,10.77,62.1
2024-01-09 15:00:00,74.26,494.49,0.86,10.57,78.0
2024-01-09 16:00:00,48.32,259.83,5.62,9.97,66.6
2024-01-09 17:00:00,26.86,163.92,1.1,14.02,72.1
2024-01-09 18:00:00,0.0,0.0,1.51,7.86,75.5
2024-01-09 19:00:00,0.0,0.0,3.01,7.26,80.2
2024-01-09 20:00:00,1.91,0.0,2.53,5.43,81.3
2024-01-09 21:00:00,0.0,0.0,1.49,3.42,77.5
2024-01-09 22:00:00,2.18,0.0,3.08,0.53,82.3
2024-01-09 23:00:00,1.74,0.0,4.57,0.9,84.0
2024-01-10 00:00:00,1.04,0.0,1.08,-2.35,89.1
2024-01-10 01:00:00,0.0,0.0,1.1,-2.15,91.6
2024-01-10 02:00:00,0.0,0.0,4.6,-2.73,84.2
2024-01-10 03:00:00,2.93,0.0,3.26,-1.67,70.0
2024-01-10 04:00:00,10.43,0.0,6.42,2.28,66.5
2024-01-10 05:00:00,0.0,0.0,4.29,-3.04,65.3
2024-01-10 06:00:00,4.01,0.0,5.48,2.03,71.4
2024-01-10 07:00:00,22.48,144.15,4.19,0.03,58.6
2024-01-10 08:00:00,57.81,359.53,5.79,3.29,50.4
2024-01-10 09:00:00,46.48,317.4,3.15,7.19,53.0
2024-01-10 10:00:00,99.09,668.82,1.82,7.1,58.8
2024-01-10 11:00:00,120.71,793.45,1.7,6.63,59.0
2024-01-10 12:00:00,138.57,767.95,7.51,8.13,56.0
2024-01-10 13:00:00,132.71,908.14,1.4,10.82,62.8
2024-01-10 14:00:00,104.25,719.63,3.95,8.91,51.1
2024-01-10 15:00:00,87.87,605.42,0.5,10.12,66.6
2024-01-10 16:00:00,50.04,315.45,0.5,9.27,74.3
2024-01-10 17:00:00,24.39,162.38,1.92,7.27,69.7
2024-01-10 18:00:00,1.0,0.0,1.64,10.22,73.3
2024-01-10 19:00:00,5.43,0.0,5.51,6.51,71.3
2024-01-10 20:00:00,4.75,0.0,5.57,0.96,90.9
2024-01-10 21:00:00,0.14,0.0,4.02,2.73,80.9
2024-01-10 22:00:00,2.1,0.0,3.34,0.01,86.2
2024-01-10 23:00:00,0.29,0.0,3.07,1.04,87.5
2024-01-11 00:00:00,2.8,0.0,3.1,-2.38,90.6
2024-01-11 01:00:00,32.8,0.0,7.86,-1.96,79.8
2024-01-11 02:00:00,2.28,0.0,5.34,-1.24,74.8
2024-01-11 03:00:00,3.98,0.0,5.63,-0.49,74.7
2024-01-11 04:00:00,0.0,0.0,4.19,-2.99,76.4
2024-01-11 05:00:00,2.44,0.0,3.06,-0.74,65.3
2024-01-11 06:00:00,67.97,0.0,9.31,0.3,57.7
2024-01-11 07:00:00,19.81,131.71,4.82,1.47,51.7
2024-01-11 08:00:00,61.67,385.82,5.26,6.66,50.9
2024-01-11 09:00:00,38.34,256.92,3.14,6.17,59.8
2024-01-11 10:00:00,117.01,667.82,6.9,5.12,53.4
2024-01-11 11:00:00,117.4,757.5,1.4,9.63,52.5
2024-01-11 12:00:00,119.75,742.86,5.87,12.39,53.4
2024-01-11 13:00:00,136.27,908.14,1.39,11.35,59.8
2024-01-11 14:00:00,85.75,564.9,5.41,7.73,61.3
2024-01-11 15:00:00,86.79,584.69,3.67,9.08,64.8
2024-01-11 16:00:00,53.71,348.56,0.5,11.1,76.7
2024-01-11 17:00:00,22.25,163.92,2.21,7.19,81.6
2024-01-11 18:00:00,4.28,0.0,0.88,7.67,69.4
2024-01-11 19:00:00,0.03,0.0,0.5,6.72,82.2
2024-01-11 20:00:00,0.82,0.0,4.38,2.62,79.1
2024-01-11 21:00:00,0.0,0.0,1.92,2.37,83.2
2024-01-11 22:00:00,0.99,0.0,2.31,-3.85,86.5
2024-01-11 23:00:00,0.0,0.0,1.58,-1.77,83.4
2024-01-12 00:00:00,4.33,0.0,3.23,-1.56,84.1
2024-01-12 01:00:00,17.19,0.0,6.76,-3.65,84.0
2024-01-12 02:00:00,2.37,0.0,4.13,0.46,79.0
2024-01-12 03:00:00,52.44,0.0,8.86,-3.93,70.6
2024-01-12 04:00:00,61.5,0.0,9.06,-1.84,66.9
2024-01-12 05:00:00,2.6,0.0,3.87,-0.03,58.9
2024-01-12 06:00:00,1.59,0.0,4.14,3.18,58.2
2024-01-12 07:00:00,44.37,69.69,8.08,0.31,69.2
2024-01-12 08:00:00,57.19,375.05,5.01,5.76,53.0
2024-01-12 09:00:00,78.04,526.28,1.8,5.58,49.5
2024-01-12 10:00:00,95.35,643.11,3.68,5.54,56.6
2024-01-12 11:00:00,140.96,908.14,4.83,8.95,55.0
2024-01-12 12:00:00,135.62,898.32,5.58,9.51,56.0
2024-01-12 13:00:00,137.53,908.14,1.34,8.91,66.4
2024-01-12 14:00:00,73.19,505.16,0.7,10.12,65.2
2024-01-12 15:00:00,78.96,511.47,5.48,9.23,63.5
2024-01-12 16:00:00,31.17,234.38,3.5,9.38,67.9
2024-01-12 17:00:00,18.96,133.69,2.34,9.25,71.4
2024-01-12 18:00:00,3.03,0.0,3.35,9.39,81.9
2024-01-12 19:00:00,0.53,0.0,1.53,3.71,79.1
2024-01-12 20:00:00,0.0,0.0,3.55,7.22,74.0
2024-01-12 21:00:00,2.03,0.0,1.76,-0.47,84.2
2024-01-12 22:00:00,2.46,0.0,1.52,0.79,77.3
2024-01-12 23:00:00,1.25,0.0,4.56,0.66,95.0
2024-01-13 00:00:00,4.09,0.0,3.41,-0.75,78.2
2024-01-13 01:00:00,59.49,0.0,8.95,-2.7,79.8
2024-01-13 02:00:00,1.7,0.0,4.07,-2.29,78.8
2024-01-13 03:00:00,39.19,0.0,8.3,-2.51,72.4
2024-01-13 04:00:00,54.86,0.0,8.8,-2.05,68.5
2024-01-13 05:00:00,1.26,0.0,4.44,1.06,68.2
2024-01-13 06:00:00,27.27,0.0,7.57,1.56,70.1
2024-01-13 07:00:00,21.63,127.74,5.41,1.43,63.2
2024-01-13 08:00:00,102.61,369.52,8.55,5.38,64.4
2024-01-13 09:00:00,75.53,500.28,4.98,6.04,50.3
2024-01-13 10:00:00,93.63,593.94,6.18,8.25,56.6
2024-01-13 11:00:00,138.65,908.14,4.16,9.21,56.3
2024-01-13 12:00:00,99.82,685.5,2.43,7.98,58.8
2024-01-13 13:00:00,116.73,776.76,1.75,8.98,66.3
2024-01-13 14:00:00,112.7,746.88,2.44,11.15,61.4
2024-01-13 15:00:00,55.79,366.46,3.84,10.74,64.1
2024-01-13 16:00:00,52.79,355.74,2.62,9.19,72.7
2024-01-13 17:00:00,17.55,113.39,2.89,8.45,65.0
2024-01-13 18:00:00,0.94,0.0,0.73,8.94,76.3
2024-01-13 19:00:00,1.47,0.0,1.79,4.69,79.9
2024-01-13 20:00:00,3.47,0.0,0.5,4.85,78.4
2024-01-13 21:00:00,1.09,0.0,4.32,2.17,89.8
2024-01-13 22:00:00,34.42,0.0,8.0,0.7,79.7
2024-01-13 23:00:00,0.0,0.0,2.83,1.43,83.8
2024-01-14 00:00:00,0.87,0.0,0.58,0.08,84.5
2024-01-14 01:00:00,1.33,0.0,2.61,-0.53,87.4
2024-01-14 02:00:00,4.52,0.0,5.61,-0.0,77.4
2024-01-14 03:00:00,7.14,0.0,5.8,-1.72,78.6
2024-01-14 04:00:00,20.1,0.0,7.22,-0.13,73.5
2024-01-14 05:00:00,2.28,0.0,4.51,-0.67,66.7
2024-01-14 06:00:00,23.87,0.0,7.32,1.53,57.1
2024-01-14 07:00:00,33.72,115.97,6.75,2.29,52.2
2024-01-14 08:00:00,38.16,244.4,4.66,4.19,57.5
2024-01-14 09:00:00,72.58,470.75,5.45,6.49,52.8
2024-01-14 10:00:00,97.78,660.0,2.95,5.81,59.6
2024-01-14 11:00:00,122.3,805.03,4.09,11.42,59.2
2024-01-14 12:00:00,156.63,943.06,6.35,7.73,56.1
2024-01-14 13:00:00,125.87,843.69,2.9,8.02,53.6
2024-01-14 14:00:00,99.94,647.22,4.92,11.78,65.1
2024-01-14 15:00:00,73.38,496.61,2.86,11.02,61.0
2024-01-14 16:00:00,51.67,357.47,0.5,10.17,66.2
2024-01-14 17:00:00,23.23,163.92,2.29,9.23,69.0
2024-01-14 18:00:00,0.0,0.0,1.84,7.02,76.8
2024-01-14 19:00:00,2.71,0.0,1.38,4.25,86.5
2024-01-14 20:00:00,0.0,0.0,0.5,4.15,83.0
2024-01-14 21:00:00,0.0,0.0,1.98,1.47,82.3
2024-01-14 22:00:00,0.0,0.0,0.5,2.5,77.4
2024-01-14 23:00:00,0.0,0.0,1.09,-0.42,87.2
2024-01-15 00:00:00,2.77,0.0,3.39,-2.38,79.1
2024-01-15 01:00:00,0.42,0.0,3.36,-2.22,81.2
2024-01-15 02:00:00,31.24,0.0,7.94,-1.32,75.7
2024-01-15 03:00:00,0.0,0.0,4.61,-2.58,78.1
2024-01-15 04:00:00,16.11,0.0,7.01,-2.37,69.2
2024-01-15 05:00:00,6.56,0.0,5.89,0.18,65.8
2024-01-15 06:00:00,16.89,0.0,6.92,1.43,64.9
2024-01-15 07:00:00,27.88,153.9,4.54,1.74,69.9
2024-01-15 08:00:00,107.31,351.65,8.97,3.35,61.5
2024-01-15 09:00:00,85.66,547.02,5.38,5.96,55.1
2024-01-15 10:00:00,116.91,679.39,6.85,4.89,55.0
2024-01-15 11:00:00,116.99,766.75,3.66,6.19,52.9
2024-01-15 12:00:00,143.21,950.0,1.62,8.18,52.3
2024-01-15 13:00:00,137.9,908.14,4.22,9.53,56.6
2024-01-15 14:00:00,113.97,755.22,0.5,10.52,58.6
2024-01-15 15:00:00,76.85,524.76,2.27,12.07,69.4
2024-01-15 16:00:00,60.3,385.82,0.5,10.54,64.6
2024-01-15 17:00:00,24.41,152.06,2.54,8.06,80.5
2024-01-15 18:00:00,12.03,0.0,6.34,7.03,81.3
2024-01-15 19:00:00,2.53,0.0,1.7,4.11,80.7
2024-01-15 20:00:00,1.11,0.0,4.0,4.03,83.0
2024-01-15 21:00:00,2.96,0.0,2.43,2.07,81.7
2024-01-15 22:00:00,0.76,0.0,2.79,1.54,86.4
2024-01-15 23:00:00,11.41,0.0,6.51,-1.43,89.9
2024-01-16 00:00:00,11.24,0.0,6.45,-0.34,79.5
2024-01-16 01:00:00,7.32,0.0,5.99,0.58,72.9
2024-01-16 02:00:00,0.0,0.0,3.8,-2.09,81.0
2024-01-16 03:00:00,7.3,0.0,5.45,-1.12,75.5
2024-01-16 04:00:00,1.0,0.0,4.14,-0.08,64.4
2024-01-16 05:00:00,4.29,0.0,5.46,-0.77,62.5
2024-01-16 06:00:00,6.36,0.0,5.73,1.41,58.2
2024-01-16 07:00:00,60.41,162.88,7.78,2.54,55.8
2024-01-16 08:00:00,79.89,282.18,8.26,4.22,55.4
2024-01-16 09:00:00,77.57,517.69,4.8,4.47,54.2
2024-01-16 10:00:00,73.5,508.44,1.72,7.11,51.7
2024-01-16 11:00:00,143.05,867.47,6.65,9.07,51.7
2024-01-16 12:00:00,132.71,881.44,2.12,11.45,55.9
2024-01-16 13:00:00,125.21,839.45,3.93,11.31,60.2
2024-01-16 14:00:00,99.42,669.97,0.5,13.31,60.9
2024-01-16 15:00:00,83.13,552.27,1.9,8.72,71.9
2024-01-16 16:00:00,74.02,385.82,6.97,10.58,72.5
2024-01-16 17:00:00,20.47,132.32,0.5,8.6,65.9
2024-01-16 18:00:00,2.23,0.0,1.43,10.36,80.1
2024-01-16 19:00:00,1.35,0.0,0.92,4.42,83.6
2024-01-16 20:00:00,3.67,0.0,4.91,2.82,80.8
2024-01-16 21:00:00,3.78,0.0,4.8,1.63,77.0
2024-01-16 22:00:00,0.57,0.0,1.49,-2.11,85.0
2024-01-16 23:00:00,0.0,0.0,0.95,-0.95,84.5
2024-01-17 00:00:00,0.0,0.0,4.47,-2.23,77.4
2024-01-17 01:00:00,0.0,0.0,3.52,-1.47,73.4
2024-01-17 02:00:00,4.52,0.0,5.73,-1.39,77.1
2024-01-17 03:00:00,1.46,0.0,2.36,1.12,72.7
2024-01-17 04:00:00,0.75,0.0,3.59,0.33,67.9
2024-01-17 05:00:00,15.8,0.0,6.75,-1.01,65.7
2024-01-17 06:00:00,0.0,0.0,4.35,-0.25,57.0
2024-01-17 07:00:00,61.27,157.08,8.03,3.29,57.2
2024-01-17 08:00:00,37.31,254.45,2.99,2.12,59.7
2024-01-17 09:00:00,84.23,575.34,3.78,8.4,53.8
2024-01-17 10:00:00,284.12,749.2,11.57,8.87,46.6
2024-01-17 11:00:00,128.88,824.25,4.0,7.64,53.1
2024-01-17 12:00:00,101.02,665.79,4.91,6.73,51.7
2024-01-17 13:00:00,120.24,805.91,1.66,11.93,60.7
2024-01-17 14:00:00,79.12,529.95,3.38,9.93,64.1
2024-01-17 15:00:00,73.52,491.65,3.65,11.75,57.8
2024-01-17 16:00:00,56.31,385.82,1.16,6.91,73.8
2024-01-17 17:00:00,24.32,158.92,3.89,7.44,68.3
2024-01-17 18:00:00,2.15,0.0,2.34,7.11,85.3
2024-01-17 19:00:00,0.63,0.0,1.33,5.72,80.4
2024-01-17 20:00:00,0.0,0.0,2.37,3.43,76.8
2024-01-17 21:00:00,0.0,0.0,2.79,3.48,78.8
2024-01-17 22:00:00,0.0,0.0,1.07,-0.5,86.7
2024-01-17 23:00:00,0.11,0.0,2.81,-0.36,82.5
2024-01-18 00:00:00,2.66,0.0,3.04,-0.89,82.5
2024-01-18 01:00:00,0.0,0.0,3.84,-0.9,88.7
2024-01-18 02:00:00,9.66,0.0,6.3,-0.81,74.0
2024-01-18 03:00:00,6.23,0.0,5.14,-3.36,74.2
2024-01-18 04:00:00,59.24,0.0,8.94,-3.37,77.1
2024-01-18 05:00:00,2.53,0.0,4.72,1.8,67.5
2024-01-18 06:00:00,7.68,0.0,5.39,1.62,54.5
2024-01-18 07:00:00,41.92,115.27,7.42,1.45,61.9
2024-01-18 08:00:00,59.76,385.82,5.77,6.45,51.2
2024-01-18 09:00:00,78.78,486.85,5.46,5.85,62.5
2024-01-18 10:00:00,110.24,756.18,2.2,8.9,50.9
2024-01-18 11:00:00,103.55,683.28,3.83,8.47,70.4
2024-01-18 12:00:00,73.02,509.63,2.66,12.41,64.3
2024-01-18 13:00:00,231.87,748.72,10.6,12.56,55.4
2024-01-18 14:00:00,95.03,638.39,1.86,9.75,62.6
2024-01-18 15:00:00,72.3,478.29,4.97,11.38,69.9
2024-01-18 16:00:00,47.5,321.31,3.02,10.29,73.9
2024-01-18 17:00:00,23.94,145.83,1.09,10.42,76.1
2024-01-18 18:00:00,0.0,0.0,2.03,5.68,83.8
2024-01-18 19:00:00,1.36,0.0,4.0,6.71,80.0
2024-01-18 20:00:00,0.0,0.0,4.64,5.71,81.2
2024-01-18 21:00:00,0.0,0.0,0.62,-0.06,82.8
2024-01-18 22:00:00,0.65,0.0,2.02,-0.65,89.3
2024-01-18 23:00:00,0.0,0.0,2.48,-3.17,86.3
2024-01-19 00:00:00,0.0,0.0,1.08,-1.45,84.4
2024-01-19 01:00:00,2.67,0.0,4.83,-0.56,84.6
2024-01-19 02:00:00,20.7,0.0,7.07,0.41,67.2
2024-01-19 03:00:00,1.05,0.0,4.64,-1.53,75.4
2024-01-19 04:00:00,15.17,0.0,6.88,1.4,71.1
2024-01-19 05:00:00,11.16,0.0,6.41,-2.16,74.5
2024-01-19 06:00:00,3.02,0.0,5.2,-1.4,54.9
2024-01-19 07:00:00,23.96,155.37,3.84,2.52,67.2
2024-01-19 08:00:00,66.56,385.82,6.69,4.73,57.4
2024-01-19 09:00:00,93.99,476.51,7.48,5.66,58.0
2024-01-19 10:00:00,118.28,759.19,5.81,4.05,63.4
2024-01-19 11:00:00,76.98,511.18,1.24,8.26,58.3
2024-01-19 12:00:00,135.59,901.47,2.37,7.39,59.0
2024-01-19 13:00:00,100.63,662.4,0.84,10.96,60.6
2024-01-19 14:00:00,106.43,706.11,3.17,10.71,60.1
2024-01-19 15:00:00,71.38,492.1,3.85,8.54,66.0
2024-01-19 16:00:00,60.77,385.82,0.5,8.58,66.4
2024-01-19 17:00:00,20.48,117.83,3.98,6.81,73.7
2024-01-19 18:00:00,0.0,0.0,2.09,7.06,65.8
2024-01-19 19:00:00,0.67,0.0,2.9,7.14,82.8
2024-01-19 20:00:00,8.46,0.0,6.28,2.68,82.4
2024-01-19 21:00:00,0.28,0.0,0.5,3.36,82.8
2024-01-19 22:00:00,6.88,0.0,5.59,0.36,86.1
2024-01-19 23:00:00,4.26,0.0,1.29,-1.28,77.3
2024-01-20 00:00:00,1.51,0.0,3.28,-1.17,92.6
2024-01-20 01:00:00,12.88,0.0,6.55,-3.16,80.1
2024-01-20 02:00:00,27.04,0.0,7.66,-2.64,76.8
2024-01-20 03:00:00,3.51,0.0,5.26,-3.41,69.1
2024-01-20 04:00:00,10.32,0.0,6.03,1.94,70.1
2024-01-20 05:00:00,15.92,0.0,6.88,-0.0,73.1
2024-01-20 06:00:00,29.74,0.0,7.86,0.14,67.7
2024-01-20 07:00:00,13.38,110.16,3.71,2.95,63.7
2024-01-20 08:00:00,78.68,361.97,7.4,4.02,59.7
2024-01-20 09:00:00,88.78,570.88,5.13,5.41,53.7
2024-01-20 10:00:00,66.34,443.87,4.56,8.11,47.7
2024-01-20 11:00:00,119.98,784.58,3.95,9.57,54.5
2024-01-20 12:00:00,110.44,740.74,3.86,8.59,55.8
2024-01-20 13:00:00,114.89,668.56,6.79,9.12,64.6
2024-01-20 14:00:00,118.16,787.98,3.05,9.77,64.0
2024-01-20 15:00:00,75.51,455.24,6.07,6.53,74.2
2024-01-20 16:00:00,42.66,281.28,0.5,7.11,76.0
2024-01-20 17:00:00,23.48,141.19,3.12,10.48,71.6
2024-01-20 18:00:00,0.0,0.0,3.69,9.65,68.5
2024-01-20 19:00:00,0.98,0.0,2.84,5.37,87.5
2024-01-20 20:00:00,0.34,0.0,2.63,5.05,89.8
2024-01-20 21:00:00,0.31,0.0,2.72,3.1,77.7
2024-01-20 22:00:00,4.39,0.0,5.13,5.81,92.5
2024-01-20 23:00:00,3.21,0.0,5.25,1.62,86.4
2024-01-21 00:00:00,0.96,0.0,1.78,-1.17,83.8
2024-01-21 01:00:00,13.44,0.0,6.52,-3.01,88.7
2024-01-21 02:00:00,0.0,0.0,4.39,-4.19,84.2
2024-01-21 03:00:00,0.86,0.0,3.99,-1.27,77.1
2024-01-21 04:00:00,32.82,0.0,7.95,-2.11,72.4
2024-01-21 05:00:00,3.55,0.0,5.41,-2.15,69.2
2024-01-21 06:00:00,27.0,0.0,7.65,0.25,60.5
2024-01-21 07:00:00,26.57,163.92,4.56,1.05,59.1
2024-01-21 08:00:00,56.91,378.34,2.1,6.75,52.5
2024-01-21 09:00:00,93.83,600.77,5.2,7.1,53.8
2024-01-21 10:00:00,102.75,685.23,2.62,7.21,53.2
2024-01-21 11:00:00,115.51,752.64,5.77,10.68,52.3
2024-01-21 12:00:00,111.02,739.7,2.69,9.53,57.7
2024-01-21 13:00:00,99.03,659.38,3.01,8.73,57.8
2024-01-21 14:00:00,88.77,588.58,0.51,12.51,65.0
2024-01-21 15:00:00,57.61,391.96,1.33,10.83,58.0
2024-01-21 16:00:00,46.24,323.56,3.71,7.86,69.4
2024-01-21 17:00:00,15.94,97.91,0.5,8.18,74.5
2024-01-21 18:00:00,0.0,0.0,2.58,5.91,75.9
2024-01-21 19:00:00,2.18,0.0,4.89,3.7,79.7
2024-01-21 20:00:00,0.0,0.0,3.04,5.61,75.1
2024-01-21 21:00:00,0.54,0.0,4.26,5.53,86.3
2024-01-21 22:00:00,0.0,0.0,0.69,-0.88,88.2
2024-01-21 23:00:00,0.0,0.0,2.04,0.82,87.0
2024-01-22 00:00:00,12.76,0.0,6.5,-1.91,88.2
2024-01-22 01:00:00,3.12,0.0,5.51,-2.27,81.6
2024-01-22 02:00:00,4.83,0.0,5.54,-2.63,79.9
2024-01-22 03:00:00,8.95,0.0,6.09,-2.83,74.7
2024-01-22 04:00:00,1.43,0.0,5.12,-0.86,73.4
2024-01-22 05:00:00,0.0,0.0,3.04,-1.23,58.2
2024-01-22 06:00:00,29.31,0.0,7.47,1.66,58.0
2024-01-22 07:00:00,37.3,163.12,6.7,2.63,67.3
2024-01-22 08:00:00,62.89,385.46,5.41,3.9,44.7
2024-01-22 09:00:00,128.69,605.42,7.99,4.45,54.8
2024-01-22 10:00:00,87.21,569.03,4.0,6.39,60.9
2024-01-22 11:00:00,124.91,836.67,3.3,9.63,55.0
2024-01-22 12:00:00,143.95,897.62,6.25,10.21,55.0
2024-01-22 13:00:00,106.78,707.32,5.05,8.59,60.0
2024-01-22 14:00:00,88.55,578.56,2.88,10.41,60.7
2024-01-22 15:00:00,91.94,605.42,0.5,11.18,66.3
2024-01-22 16:00:00,50.14,341.11,0.63,6.95,66.6
2024-01-22 17:00:00,21.16,154.96,2.7,9.32,79.4
2024-01-22 18:00:00,0.0,0.0,1.24,6.27,84.6
2024-01-22 19:00:00,2.22,0.0,3.96,6.67,79.9
2024-01-22 20:00:00,5.5,0.0,5.68,3.11,76.1
2024-01-22 21:00:00,0.92,0.0,4.22,-0.0,81.9
2024-01-22 22:00:00,0.0,0.0,2.21,-1.18,84.1
2024-01-22 23:00:00,0.0,0.0,4.98,0.09,87.0
2024-01-23 00:00:00,1.93,0.0,3.08,-0.51,78.0
2024-01-23 01:00:00,0.08,0.0,2.6,-2.85,76.8
2024-01-23 02:00:00,1.81,0.0,1.97,-0.74,80.1
2024-01-23 03:00:00,0.48,0.0,4.66,-3.99,78.6
2024-01-23 04:00:00,41.61,0.0,8.35,-1.0,66.9
2024-01-23 05:00:00,2.22,0.0,4.43,-1.76,59.5
2024-01-23 06:00:00,2.09,0.0,4.31,0.32,78.9
2024-01-23 07:00:00,110.66,130.15,9.89,2.82,63.3
2024-01-23 08:00:00,54.2,365.25,2.58,3.01,55.7
2024-01-23 09:00:00,107.23,598.9,6.89,5.28,59.9
2024-01-23 10:00:00,94.1,611.09,3.93,8.81,54.4
2024-01-23 11:00:00,92.01,614.79,1.54,7.68,59.8
2024-01-23 12:00:00,141.15,845.67,6.82,10.75,57.8
2024-01-23 13:00:00,101.65,659.73,1.38,8.4,59.8
2024-01-23 14:00:00,89.97,608.52,3.07,11.09,61.9
2024-01-23 15:00:00,92.07,605.42,1.27,12.26,58.9
2024-01-23 16:00:00,56.26,375.81,0.5,5.79,79.7
2024-01-23 17:00:00,17.8,143.21,0.5,7.35,69.2
2024-01-23 18:00:00,2.26,0.0,0.5,8.16,70.7
2024-01-23 19:00:00,0.0,0.0,0.5,5.55,79.5
2024-01-23 20:00:00,0.0,0.0,3.56,4.86,78.2
2024-01-23 21:00:00,1.05,0.0,2.32,1.84,84.2
2024-01-23 22:00:00,1.05,0.0,2.03,1.43,88.4
2024-01-23 23:00:00,0.0,0.0,2.89,-0.18,89.5
2024-01-24 00:00:00,17.87,0.0,7.0,0.9,87.1
2024-01-24 01:00:00,15.82,0.0,7.24,-1.07,79.1
2024-01-24 02:00:00,8.78,0.0,5.99,-1.15,77.7
2024-01-24 03:00:00,30.85,0.0,7.8,-2.07,75.9
2024-01-24 04:00:00,1.14,0.0,4.65,-1.58,61.2
2024-01-24 05:00:00,2.79,0.0,5.15,-0.55,69.0
2024-01-24 06:00:00,11.76,0.0,6.4,1.93,55.2
2024-01-24 07:00:00,32.36,145.19,6.38,2.16,69.6
2024-01-24 08:00:00,38.28,253.26,5.45,4.78,55.0
2024-01-24 09:00:00,81.06,501.59,4.73,9.01,54.6
2024-01-24 10:00:00,203.7,787.98,9.72,8.65,51.2
2024-01-24 11:00:00,78.1,473.42,6.28,8.1,52.4
2024-01-24 12:00:00,141.84,950.0,3.49,11.34,68.4
2024-01-24 13:00:00,136.77,908.14,4.55,9.53,64.1
2024-01-24 14:00:00,94.47,615.44,1.66,7.29,54.8
2024-01-24 15:00:00,80.27,563.95,0.5,8.63,73.6
2024-01-24 16:00:00,48.22,328.13,1.35,6.73,76.0
2024-01-24 17:00:00,21.07,163.92,1.4,8.06,72.5
2024-01-24 18:00:00,0.0,0.0,0.5,7.37,79.0
2024-01-24 19:00:00,0.0,0.0,3.77,8.41,80.5
2024-01-24 20:00:00,0.16,0.0,1.38,4.83,92.9
2024-01-24 21:00:00,0.0,0.0,2.81,2.46,80.5
2024-01-24 22:00:00,0.0,0.0,0.5,2.59,85.7
2024-01-24 23:00:00,1.24,0.0,1.61,-3.22,82.3
2024-01-25 00:00:00,12.13,0.0,6.45,-0.45,75.8
2024-01-25 01:00:00,2.95,0.0,4.89,-0.25,91.6
2024-01-25 02:00:00,43.24,0.0,8.42,-3.83,71.6
2024-01-25 03:00:00,198.86,0.0,12.09,0.31,75.0
2024-01-25 04:00:00,1.67,0.0,4.91,-0.3,61.3
2024-01-25 05:00:00,2.45,0.0,4.74,-0.48,64.1
2024-01-25 06:00:00,32.09,0.0,8.1,2.34,64.6
2024-01-25 07:00:00,225.38,163.92,12.53,6.24,55.3
2024-01-25 08:00:00,65.81,373.66,6.22,4.66,59.9
2024-01-25 09:00:00,107.6,602.65,6.96,6.31,54.2
2024-01-25 10:00:00,117.2,708.41,6.45,6.7,60.8
2024-01-25 11:00:00,82.33,582.66,3.61,7.36,62.3
2024-01-25 12:00:00,116.52,779.61,4.19,10.83,54.1
2024-01-25 13:00:00,143.34,908.14,5.35,8.9,59.8
2024-01-25 14:00:00,99.73,663.69,3.82,10.5,63.4
2024-01-25 15:00:00,83.43,560.29,0.5,9.47,69.2
2024-01-25 16:00:00,46.46,309.5,1.27,10.3,70.1
2024-01-25 17:00:00,17.81,114.01,0.5,9.13,74.8
2024-01-25 18:00:00,1.32,0.0,0.5,8.95,76.3
2024-01-25 19:00:00,0.93,0.0,4.72,5.18,81.2
2024-01-25 20:00:00,0.85,0.0,0.5,3.98,89.5
2024-01-25 21:00:00,3.35,0.0,0.97,1.37,87.7
2024-01-25 22:00:00,2.01,0.0,1.87,0.72,88.5
2024-01-25 23:00:00,4.88,0.0,3.9,0.71,88.1
2024-01-26 00:00:00,0.0,0.0,3.98,0.38,82.2
2024-01-26 01:00:00,3.35,0.0,2.9,-2.74,82.2
2024-01-26 02:00:00,0.0,0.0,3.06,-0.26,72.1
2024-01-26 03:00:00,0.91,0.0,3.9,0.68,80.2
2024-01-26 04:00:00,6.04,0.0,5.55,-0.14,56.1
2024-01-26 05:00:00,0.1,0.0,4.6,3.01,65.7
2024-01-26 06:00:00,70.65,0.0,9.36,0.28,68.2
2024-01-26 07:00:00,22.27,105.55,5.56,1.02,52.6
2024-01-26 08:00:00,56.45,385.82,2.99,1.77,59.0
2024-01-26 09:00:00,93.83,525.12,6.5,8.23,52.1
2024-01-26 10:00:00,104.85,715.83,3.96,8.42,53.2
2024-01-26 11:00:00,76.98,469.45,5.14,8.6,60.2
2024-01-26 12:00:00,97.52,636.79,2.71,10.05,58.0
2024-01-26 13:00:00,133.81,892.75,3.65,8.54,49.2
2024-01-26 14:00:00,105.46,703.68,4.38,14.11,57.6
2024-01-26 15:00:00,78.83,501.24,5.57,10.43,71.0
2024-01-26 16:00:00,53.82,360.64,0.88,9.8,72.2
2024-01-26 17:00:00,24.49,163.92,1.06,9.77,82.6
2024-01-26 18:00:00,2.51,0.0,1.63,8.16,85.9
2024-01-26 19:00:00,6.27,0.0,5.04,6.33,78.9
2024-01-26 20:00:00,2.17,0.0,4.86,3.25,95.0
2024-01-26 21:00:00,0.0,0.0,0.5,3.59,84.6
2024-01-26 22:00:00,0.0,0.0,0.85,4.26,80.2
2024-01-26 23:00:00,0.0,0.0,3.27,2.21,81.3
2024-01-27 00:00:00,0.0,0.0,1.67,1.68,71.7
2024-01-27 01:00:00,0.0,0.0,3.56,-2.07,88.6
2024-01-27 02:00:00,4.19,0.0,2.96,-2.99,85.5
2024-01-27 03:00:00,7.55,0.0,5.94,-1.49,68.8
2024-01-27 04:00:00,61.55,0.0,9.13,-0.62,68.9
2024-01-27 05:00:00,193.57,0.0,11.88,1.89,66.6
2024-01-27 06:00:00,0.54,0.0,5.19,-1.05,57.7
2024-01-27 07:00:00,25.01,118.48,6.25,5.23,50.6
2024-01-27 08:00:00,74.51,303.42,7.81,4.25,56.0
2024-01-27 09:00:00,74.32,473.43,3.16,5.4,53.9
2024-01-27 10:00:00,74.36,457.54,5.83,5.97,53.1
2024-01-27 11:00:00,104.34,726.95,3.88,6.25,56.6
2024-01-27 12:00:00,139.21,911.93,2.31,10.92,64.2
2024-01-27 13:00:00,89.14,598.34,2.81,10.39,57.9
2024-01-27 14:00:00,114.5,787.98,0.5,8.55,63.4
2024-01-27 15:00:00,83.23,558.9,3.45,8.34,69.8
2024-01-27 16:00:00,43.86,285.45,0.84,9.18,72.8
2024-01-27 17:00:00,21.19,135.85,0.94,11.24,70.8
2024-01-27 18:00:00,3.6,0.0,0.5,7.1,78.0
2024-01-27 19:00:00,0.0,0.0,4.23,3.79,83.3
2024-01-27 20:00:00,0.09,0.0,2.04,4.12,77.3
2024-01-27 21:00:00,0.0,0.0,2.76,2.53,90.8
2024-01-27 22:00:00,0.0,0.0,3.16,-2.56,92.2
2024-01-27 23:00:00,1.77,0.0,2.85,0.17,80.9
2024-01-28 00:00:00,0.93,0.0,2.23,-1.0,84.0
2024-01-28 01:00:00,6.0,0.0,5.7,-0.21,83.8
2024-01-28 02:00:00,0.85,0.0,2.82,1.32,74.8
2024-01-28 03:00:00,0.0,0.0,3.06,0.44,76.3
2024-01-28 04:00:00,11.79,0.0,6.69,-1.06,70.8
2024-01-28 05:00:00,0.62,0.0,4.26,-1.36,58.8
2024-01-28 06:00:00,4.06,0.0,4.85,5.4,64.8
2024-01-28 07:00:00,23.14,100.0,5.62,3.08,53.9
2024-01-28 08:00:00,62.76,385.82,5.29,4.56,61.7
2024-01-28 09:00:00,70.87,402.49,6.36,6.06,52.2
2024-01-28 10:00:00,86.75,547.81,5.45,7.84,54.2
2024-01-28 11:00:00,109.31,711.94,5.09,8.57,62.4
2024-01-28 12:00:00,142.59,950.0,4.98,8.88,59.5
2024-01-28 13:00:00,116.13,773.89,2.26,9.52,54.0
2024-01-28 14:00:00,75.88,523.67,1.93,10.49,57.4
2024-01-28 15:00:00,90.56,605.42,2.09,9.52,63.1
2024-01-28 16:00:00,58.81,370.25,1.12,8.67,72.0
2024-01-28 17:00:00,38.47,152.57,6.7,8.95,75.7
2024-01-28 18:00:00,0.0,0.0,3.7,7.16,73.3
2024-01-28 19:00:00,0.0,0.0,0.5,8.35,74.8
2024-01-28 20:00:00,0.0,0.0,0.5,0.57,84.4
2024-01-28 21:00:00,0.0,0.0,0.5,4.63,83.6
2024-01-28 22:00:00,2.08,0.0,1.52,3.41,95.0
2024-01-28 23:00:00,1.31,0.0,1.21,-2.81,84.7
2024-01-29 00:00:00,5.22,0.0,3.98,-1.11,92.1
2024-01-29 01:00:00,15.36,0.0,6.62,-1.75,74.8
2024-01-29 02:00:00,8.83,0.0,6.13,-3.51,69.6
2024-01-29 03:00:00,1.48,0.0,3.78,-2.36,68.3
2024-01-29 04:00:00,1.94,0.0,5.04,-2.26,75.9
2024-01-29 05:00:00,3.64,0.0,5.78,2.99,74.9
2024-01-29 06:00:00,30.53,0.0,7.67,3.0,58.6
2024-01-29 07:00:00,54.14,138.79,7.85,4.96,57.1
2024-01-29 08:00:00,101.5,385.82,8.44,5.68,51.2
2024-01-29 09:00:00,78.4,497.65,5.27,4.46,46.5
2024-01-29 10:00:00,122.3,755.95,5.86,6.81,58.6
2024-01-29 11:00:00,124.66,819.75,2.22,9.58,56.6
2024-01-29 12:00:00,125.91,856.19,4.14,7.96,57.1
2024-01-29 13:00:00,110.73,734.96,2.03,11.47,52.4
2024-01-29 14:00:00,78.56,525.98,2.47,10.24,70.7
2024-01-29 15:00:00,64.14,412.75,3.1,9.83,63.6
2024-01-29 16:00:00,57.41,369.0,0.86,10.86,72.7
2024-01-29 17:00:00,23.61,139.81,0.5,9.51,66.6
2024-01-29 18:00:00,0.0,0.0,0.5,7.06,76.5
2024-01-29 19:00:00,0.0,0.0,0.5,7.89,82.1
2024-01-29 20:00:00,2.23,0.0,0.5,2.98,84.6
2024-01-29 21:00:00,0.0,0.0,0.5,3.97,85.3
2024-01-29 22:00:00,0.0,0.0,1.5,2.49,87.5
2024-01-29 23:00:00,1.07,0.0,1.88,-0.11,78.8
2024-01-30 00:00:00,51.28,0.0,8.76,-0.05,84.0
2024-01-30 01:00:00,3.59,0.0,3.36,-3.01,81.2
2024-01-30 02:00:00,0.59,0.0,2.82,0.05,78.7
2024-01-30 03:00:00,4.37,0.0,5.45,-1.41,74.2
2024-01-30 04:00:00,30.18,0.0,7.83,-1.32,63.6
2024-01-30 05:00:00,17.03,0.0,6.7,1.99,59.5
2024-01-30 06:00:00,2.31,0.0,4.8,0.61,51.4
2024-01-30 07:00:00,27.09,133.93,6.05,1.0,63.5
2024-01-30 08:00:00,67.03,363.22,6.72,2.33,61.1
2024-01-30 09:00:00,67.5,373.36,6.49,7.12,59.7
2024-01-30 10:00:00,107.45,693.52,5.7,5.74,56.5
2024-01-30 11:00:00,134.36,785.64,6.75,11.54,44.8
2024-01-30 12:00:00,127.58,813.38,6.22,6.73,51.9
2024-01-30 13:00:00,136.03,908.14,3.7,13.0,60.2
2024-01-30 14:00:00,107.62,709.31,2.46,10.98,63.2
2024-01-30 15:00:00,91.5,605.42,3.14,10.31,65.0
2024-01-30 16:00:00,39.41,270.44,4.0,9.04,71.8
2024-01-30 17:00:00,22.72,142.67,0.5,9.5,73.9
2024-01-30 18:00:00,18.62,0.0,7.2,7.61,78.1
2024-01-30 19:00:00,0.0,0.0,0.5,7.87,77.4
2024-01-30 20:00:00,1.3,0.0,1.93,4.83,87.9
2024-01-30 21:00:00,2.61,0.0,4.83,3.33,82.3
2024-01-30 22:00:00,0.0,0.0,1.42,1.12,78.3
2024-01-30 23:00:00,2.4,0.0,3.18,0.33,80.6
2024-01-31 00:00:00,0.17,0.0,1.85,-0.01,81.2
2024-01-31 01:00:00,1.63,0.0,3.81,-3.64,85.6
2024-01-31 02:00:00,3.06,0.0,3.14,-3.3,77.3
2024-01-31 03:00:00,3.26,0.0,4.55,0.04,73.0
2024-01-31 04:00:00,4.17,0.0,4.92,-0.22,63.8
2024-01-31 05:00:00,155.72,0.0,11.27,0.21,70.0
2024-01-31 06:00:00,174.38,0.0,11.57,1.75,59.2
2024-01-31 07:00:00,20.13,130.82,3.66,3.69,58.9
2024-01-31 08:00:00,69.45,379.4,6.79,3.91,64.4
2024-01-31 09:00:00,62.52,412.73,2.6,5.11,58.1
2024-01-31 10:00:00,87.38,579.14,1.92,8.02,46.9
2024-01-31 11:00:00,118.35,781.19,2.18,7.5,46.7
2024-01-31 12:00:00,172.84,950.0,7.81,10.53,56.7
2024-01-31 13:00:00,138.42,840.25,6.7,7.97,53.3
2024-01-31 14:00:00,106.18,699.13,1.24,12.27,65.7
2024-01-31 15:00:00,75.63,521.7,0.63,11.23,66.3
2024-01-31 16:00:00,55.58,351.11,0.77,10.3,70.8
2024-01-31 17:00:00,21.18,144.29,1.96,10.44,70.3
2024-01-31 18:00:00,0.49,0.0,2.16,10.22,86.2
2024-01-31 19:00:00,1.12,0.0,0.5,7.8,94.8
2024-01-31 20:00:00,1.22,0.0,3.53,1.96,81.6
2024-01-31 21:00:00,0.0,0.0,1.45,1.25,86.3
2024-01-31 22:00:00,8.27,0.0,5.89,0.79,85.5
2024-01-31 23:00:00,0.99,0.0,4.12,0.52,83.2
2024-02-01 00:00:00,0.0,0.0,3.49,0.37,78.8
2024-02-01 01:00:00,6.1,0.0,6.03,-2.09,75.2
2024-02-01 02:00:00,13.6,0.0,6.73,-0.93,71.8
2024-02-01 03:00:00,0.0,0.0,4.18,-2.14,75.9
2024-02-01 04:00:00,4.91,0.0,4.75,-1.32,67.4
2024-02-01 05:00:00,63.93,0.0,9.06,-1.56,53.2
2024-02-01 06:00:00,1.23,0.0,4.06,0.41,64.7
2024-02-01 07:00:00,23.46,159.41,3.01,1.21,59.2
2024-02-01 08:00:00,40.21,248.05,5.31,3.33,63.7
2024-02-01 09:00:00,90.46,475.0,7.01,7.92,57.4
2024-02-01 10:00:00,109.94,639.33,6.37,6.37,47.6
2024-02-01 11:00:00,136.07,762.43,7.37,12.98,44.4
2024-02-01 12:00:00,133.88,905.71,3.98,10.73,53.4
2024-02-01 13:00:00,104.91,678.79,1.1,10.86,56.3
2024-02-01 14:00:00,92.04,637.43,3.26,9.5,67.2
2024-02-01 15:00:00,75.26,513.31,4.01,11.64,66.1
2024-02-01 16:00:00,50.0,336.6,0.5,9.12,75.7
2024-02-01 17:00:00,18.14,141.73,0.5,9.22,67.3
2024-02-01 18:00:00,2.22,0.0,0.5,11.63,82.3
2024-02-01 19:00:00,1.71,0.0,2.36,6.2,84.2
2024-02-01 20:00:00,0.15,0.0,4.68,6.51,72.9
2024-02-01 21:00:00,2.57,0.0,3.31,2.18,91.1
2024-02-01 22:00:00,27.39,0.0,7.47,1.74,85.5
2024-02-01 23:00:00,0.0,0.0,0.78,3.2,86.4
2024-02-02 00:00:00,12.05,0.0,6.61,-1.28,78.7
2024-02-02 01:00:00,13.66,0.0,6.22,1.78,87.0
2024-02-02 02:00:00,1.64,0.0,3.89,-0.08,71.6
2024-02-02 03:00:00,75.91,0.0,9.5,-1.78,78.0
2024-02-02 04:00:00,3.63,0.0,4.49,0.61,74.1
2024-02-02 05:00:00,43.15,0.0,8.37,2.07,61.2
2024-02-02 06:00:00,40.79,0.0,8.34,2.79,72.4
2024-02-02 07:00:00,39.96,129.31,7.21,0.95,60.6
2024-02-02 08:00:00,65.6,380.49,5.86,3.77,60.3
2024-02-02 09:00:00,74.89,525.82,3.18,6.04,47.9
2024-02-02 10:00:00,99.79,655.09,4.97,7.75,65.6
2024-02-02 11:00:00,114.3,743.12,3.62,10.03,49.4
2024-02-02 12:00:00,140.48,913.89,5.53,10.32,62.1
2024-02-02 13:00:00,127.02,816.27,4.76,8.65,54.4
2024-02-02 14:00:00,126.54,787.98,5.72,11.43,59.4
2024-02-02 15:00:00,65.45,437.21,0.5,11.57,70.1
2024-02-02 16:00:00,52.77,357.93,3.93,10.89,75.1
2024-02-02 17:00:00,21.46,126.32,5.24,10.72,67.5
2024-02-02 18:00:00,5.36,0.0,3.5,9.11,83.0
2024-02-02 19:00:00,3.75,0.0,0.5,7.1,85.8
2024-02-02 20:00:00,0.25,0.0,0.5,4.75,78.3
2024-02-02 21:00:00,0.0,0.0,0.5,0.81,92.5
2024-02-02 22:00:00,0.26,0.0,3.48,2.5,77.7
2024-02-02 23:00:00,0.74,0.0,3.97,0.93,81.4
2024-02-03 00:00:00,50.11,0.0,8.77,0.14,85.4
2024-02-03 01:00:00,0.31,0.0,3.82,-2.78,76.3
2024-02-03 02:00:00,2.9,0.0,3.98,-2.69,78.8
2024-02-03 03:00:00,2.9,0.0,5.87,0.71,75.1
2024-02-03 04:00:00,27.16,0.0,7.53,-0.33,69.1
2024-02-03 05:00:00,64.16,0.0,9.07,1.71,70.3
2024-02-03 06:00:00,25.78,0.0,7.61,1.97,61.4
2024-02-03 07:00:00,27.43,135.62,5.38,3.42,60.6
2024-02-03 08:00:00,50.56,283.61,6.25,6.34,62.7
2024-02-03 09:00:00,87.64,412.16,7.5,5.71,59.5
2024-02-03 10:00:00,106.85,706.41,4.76,8.07,58.9
2024-02-03 11:00:00,89.15,598.43,2.89,8.48,49.8
2024-02-03 12:00:00,111.03,748.42,2.09,9.47,59.6
2024-02-03 13:00:00,96.85,636.35,0.5,10.26,55.0
2024-02-03 14:00:00,112.19,734.75,4.01,11.26,56.1
2024-02-03 15:00:00,90.68,605.42,0.5,10.01,65.8
2024-02-03 16:00:00,35.17,252.62,0.79,12.01,65.5
2024-02-03 17:00:00,14.87,93.77,0.87,7.83,77.8
2024-02-03 18:00:00,0.84,0.0,2.12,7.65,81.6
2024-02-03 19:00:00,0.0,0.0,1.37,5.82,71.1
2024-02-03 20:00:00,3.73,0.0,3.01,7.1,78.8
2024-02-03 21:00:00,0.0,0.0,0.5,3.67,77.2
2024-02-03 22:00:00,0.0,0.0,0.79,3.48,82.7
2024-02-03 23:00:00,0.0,0.0,3.29,-1.54,86.8
2024-02-04 00:00:00,1.42,0.0,3.0,0.21,81.8
2024-02-04 01:00:00,0.0,0.0,3.31,0.54,77.7
2024-02-04 02:00:00,0.0,0.0,2.34,-0.87,84.0
2024-02-04 03:00:00,34.85,0.0,7.93,0.81,62.4
2024-02-04 04:00:00,13.49,0.0,6.58,-0.97,76.2
2024-02-04 05:00:00,0.85,0.0,3.71,2.88,63.4
2024-02-04 06:00:00,1.57,0.0,3.32,5.45,62.1
2024-02-04 07:00:00,116.92,138.31,10.07,2.91,56.8
2024-02-04 08:00:00,65.17,360.13,6.51,4.34,64.7
2024-02-04 09:00:00,72.4,460.91,4.82,8.74,49.4
2024-02-04 10:00:00,71.78,451.52,5.91,10.37,55.1
2024-02-04 11:00:00,108.65,713.52,5.78,8.46,58.1
2024-02-04 12:00:00,145.59,950.0,5.43,9.57,49.0
2024-02-04 13:00:00,110.77,726.02,3.18,10.38,54.8
2024-02-04 14:00:00,85.97,569.73,2.46,8.99,61.8
2024-02-04 15:00:00,91.51,598.67,0.5,9.42,61.7
2024-02-04 16:00:00,45.33,308.8,5.23,8.69,65.9
2024-02-04 17:00:00,19.65,126.78,2.41,8.09,72.1
2024-02-04 18:00:00,1.31,0.0,0.5,7.95,80.7
2024-02-04 19:00:00,0.0,0.0,4.92,6.91,78.9
2024-02-04 20:00:00,4.08,0.0,5.05,7.33,88.4
2024-02-04 21:00:00,25.2,0.0,7.52,1.95,79.5
2024-02-04 22:00:00,9.34,0.0,5.27,3.48,78.7
2024-02-04 23:00:00,79.23,0.0,9.73,0.44,94.1
2024-02-05 00:00:00,2.74,0.0,2.53,-0.19,79.7
2024-02-05 01:00:00,10.62,0.0,6.46,0.3,74.1
2024-02-05 02:00:00,11.53,0.0,6.78,-2.6,68.8
2024-02-05 03:00:00,0.0,0.0,3.86,-0.14,79.3
2024-02-05 04:00:00,0.57,0.0,3.34,0.13,68.3
2024-02-05 05:00:00,107.47,0.0,10.27,1.58,64.8
2024-02-05 06:00:00,5.03,0.0,4.8,2.51,61.7
2024-02-05 07:00:00,63.38,151.73,8.16,7.21,64.5
2024-02-05 08:00:00,49.79,344.79,2.1,4.12,56.1
2024-02-05 09:00:00,72.54,468.56,2.2,5.84,67.2
2024-02-05 10:00:00,93.35,609.04,4.64,7.15,55.7
2024-02-05 11:00:00,89.98,608.59,3.01,8.49,60.8
2024-02-05 12:00:00,143.77,950.0,4.83,9.32,61.0
2024-02-05 13:00:00,114.71,773.75,3.63,12.66,59.2
2024-02-05 14:00:00,96.55,643.2,0.5,13.21,59.6
2024-02-05 15:00:00,63.08,430.26,0.64,10.02,67.8
2024-02-05 16:00:00,55.82,385.82,1.53,9.03,72.6
2024-02-05 17:00:00,17.9,112.94,0.5,10.03,71.0
2024-02-05 18:00:00,1.3,0.0,3.53,7.25,78.3
2024-02-05 19:00:00,0.0,0.0,1.46,7.58,86.8
2024-02-05 20:00:00,2.74,0.0,0.5,5.38,93.3
2024-02-05 21:00:00,0.0,0.0,2.32,1.25,88.8
2024-02-05 22:00:00,0.0,0.0,0.55,4.4,94.3
2024-02-05 23:00:00,1.32,0.0,1.31,3.53,81.3
2024-02-06 00:00:00,0.0,0.0,2.5,-0.96,86.5
2024-02-06 01:00:00,13.31,0.0,6.63,-1.22,87.3
2024-02-06 02:00:00,27.82,0.0,7.93,-0.41,73.0
2024-02-06 03:00:00,20.62,0.0,7.22,-0.13,71.5
2024-02-06 04:00:00,0.0,0.0,4.72,0.95,78.7
2024-02-06 05:00:00,0.0,0.0,4.61,3.93,61.2
2024-02-06 06:00:00,5.18,0.0,6.06,1.89,55.8
2024-02-06 07:00:00,39.01,159.93,6.97,2.41,67.0
2024-02-06 08:00:00,192.93,322.04,11.1,3.09,63.0
2024-02-06 09:00:00,64.75,438.1,3.26,5.62,57.7
2024-02-06 10:00:00,115.11,758.53,2.16,8.11,54.8
2024-02-06 11:00:00,133.3,861.06,5.38,12.09,53.3
2024-02-06 12:00:00,144.49,946.02,5.86,9.58,58.4
2024-02-06 13:00:00,119.81,770.1,5.47,11.29,67.3
2024-02-06 14:00:00,90.59,598.88,3.77,11.13,63.7
2024-02-06 15:00:00,63.39,373.05,6.09,12.74,77.0
2024-02-06 16:00:00,56.18,375.37,2.13,14.15,65.5
2024-02-06 17:00:00,24.53,149.75,4.83,8.61,73.8
2024-02-06 18:00:00,8.13,0.0,5.89,7.43,75.6
2024-02-06 19:00:00,0.0,0.0,4.06,8.28,75.2
2024-02-06 20:00:00,0.0,0.0,1.13,6.18,82.2
2024-02-06 21:00:00,3.02,0.0,0.84,6.38,86.6
2024-02-06 22:00:00,2.83,0.0,3.05,3.04,87.6
2024-02-06 23:00:00,1.7,0.0,3.06,0.38,95.0
2024-02-07 00:00:00,11.0,0.0,6.31,0.93,85.3
2024-02-07 01:00:00,3.31,0.0,2.14,1.11,86.4
2024-02-07 02:00:00,3.89,0.0,3.6,0.47,77.8
2024-02-07 03:00:00,13.05,0.0,6.65,0.21,82.3
2024-02-07 04:00:00,0.0,0.0,3.31,1.64,82.0
2024-02-07 05:00:00,1.21,0.0,4.85,2.75,68.8
2024-02-07 06:00:00,9.33,0.0,5.25,4.31,57.5
2024-02-07 07:00:00,29.89,149.59,6.38,4.66,56.6
2024-02-07 08:00:00,57.05,385.82,3.75,4.99,58.4
2024-02-07 09:00:00,88.87,440.26,7.54,7.01,57.8
2024-02-07 10:00:00,119.47,787.98,4.55,10.05,58.5
2024-02-07 11:00:00,124.44,697.28,7.33,8.26,57.8
2024-02-07 12:00:00,92.43,617.14,3.65,10.99,57.0
2024-02-07 13:00:00,126.68,870.56,2.17,10.45,56.2
2024-02-07 14:00:00,119.43,787.98,0.92,11.28,64.5
2024-02-07 15:00:00,93.26,605.42,0.5,12.95,75.4
2024-02-07 16:00:00,38.01,258.52,2.24,10.72,75.1
2024-02-07 17:00:00,23.21,156.51,0.5,9.55,76.6
2024-02-07 18:00:00,0.0,0.0,1.28,6.2,82.6
2024-02-07 19:00:00,0.36,0.0,2.34,7.91,78.8
2024-02-07 20:00:00,0.0,0.0,0.96,6.21,80.4
2024-02-07 21:00:00,1.54,0.0,0.71,6.93,80.7
2024-02-07 22:00:00,3.21,0.0,4.39,1.78,84.4
2024-02-07 23:00:00,13.69,0.0,6.82,1.33,82.4
2024-02-08 00:00:00,0.0,0.0,1.62,0.5,89.0
2024-02-08 01:00:00,1.8,0.0,2.52,1.9,78.2
2024-02-08 02:00:00,46.8,0.0,8.66,-0.82,73.5
2024-02-08 03:00:00,0.0,0.0,2.44,-0.05,83.6
2024-02-08 04:00:00,94.06,0.0,9.99,1.04,67.7
2024-02-08 05:00:00,0.99,0.0,2.32,1.36,66.9
2024-02-08 06:00:00,38.53,0.0,8.26,1.66,64.8
2024-02-08 07:00:00,24.99,163.92,4.79,4.06,53.7
2024-02-08 08:00:00,98.94,292.92,8.91,6.94,63.2
2024-02-08 09:00:00,88.49,597.28,4.32,5.34,58.7
2024-02-08 10:00:00,124.55,787.98,5.63,8.52,62.8
2024-02-08 11:00:00,122.76,834.13,1.97,8.52,52.1
2024-02-08 12:00:00,88.61,594.3,2.51,12.31,57.5
2024-02-08 13:00:00,97.01,646.84,4.87,8.84,59.6
2024-02-08 14:00:00,115.29,787.98,2.95,10.49,63.8
2024-02-08 15:00:00,81.29,499.25,5.57,11.69,58.8
2024-02-08 16:00:00,48.84,332.55,1.73,12.87,70.6
2024-02-08 17:00:00,24.66,157.99,4.29,9.47,66.7
2024-02-08 18:00:00,0.0,0.0,1.56,7.49,79.3
2024-02-08 19:00:00,9.28,0.0,6.4,9.7,70.0
2024-02-08 20:00:00,8.34,0.0,5.92,3.15,73.7
2024-02-08 21:00:00,5.17,0.0,1.55,0.47,88.6
2024-02-08 22:00:00,0.0,0.0,5.4,2.99,82.3
2024-02-08 23:00:00,3.78,0.0,5.48,0.33,79.5
2024-02-09 00:00:00,0.82,0.0,2.34,-1.32,89.3
2024-02-09 01:00:00,0.88,0.0,4.97,0.68,82.2
2024-02-09 02:00:00,1.7,0.0,2.39,-0.22,81.9
2024-02-09 03:00:00,20.24,0.0,7.31,-1.23,73.1
2024-02-09 04:00:00,0.48,0.0,3.86,-1.7,83.4
2024-02-09 05:00:00,0.0,0.0,3.31,2.48,63.1
2024-02-09 06:00:00,5.85,0.0,5.32,3.39,71.2
2024-02-09 07:00:00,31.68,163.92,6.13,3.71,59.1
2024-02-09 08:00:00,71.84,281.35,7.8,8.18,48.7
2024-02-09 09:00:00,158.01,531.72,9.53,5.36,57.9
2024-02-09 10:00:00,87.71,592.16,4.51,6.12,56.6
2024-02-09 11:00:00,110.61,736.46,1.79,8.62,50.3
2024-02-09 12:00:00,88.18,592.32,5.21,10.54,52.4
2024-02-09 13:00:00,109.17,741.87,3.62,11.57,59.3
2024-02-09 14:00:00,97.8,646.88,2.55,11.05,64.2
2024-02-09 15:00:00,82.57,563.67,1.45,11.74,53.8
2024-02-09 16:00:00,50.04,340.87,2.09,8.73,75.3
2024-02-09 17:00:00,17.47,109.86,1.08,11.82,71.4
2024-02-09 18:00:00,0.0,0.0,3.27,8.29,70.8
2024-02-09 19:00:00,1.65,0.0,2.1,8.64,85.3
2024-02-09 20:00:00,1.48,0.0,4.57,5.93,82.9
2024-02-09 21:00:00,0.87,0.0,2.62,4.54,90.6
2024-02-09 22:00:00,2.48,0.0,1.49,3.27,87.2
2024-02-09 23:00:00,4.99,0.0,5.51,1.84,84.5
2024-02-10 00:00:00,3.44,0.0,4.1,1.27,82.2
2024-02-10 01:00:00,1.82,0.0,2.83,1.7,83.0
2024-02-10 02:00:00,3.0,0.0,5.45,-0.2,75.4
2024-02-10 03:00:00,3.55,0.0,4.52,0.77,69.6
2024-02-10 04:00:00,29.0,0.0,7.7,0.17,73.0
2024-02-10 05:00:00,3.55,0.0,5.51,3.42,65.4
2024-02-10 06:00:00,18.96,0.0,7.06,1.49,62.7
2024-02-10 07:00:00,21.32,127.08,3.51,6.65,64.8
2024-02-10 08:00:00,47.94,298.29,5.03,5.44,56.4
2024-02-10 09:00:00,161.99,441.82,9.95,4.91,55.6
2024-02-10 10:00:00,109.87,628.74,6.65,8.69,52.0
2024-02-10 11:00:00,132.58,876.91,2.55,8.72,57.7
2024-02-10 12:00:00,96.55,657.33,2.7,11.96,58.8
2024-02-10 13:00:00,124.17,830.19,2.45,10.32,63.9
2024-02-10 14:00:00,70.5,468.62,3.6,10.83,59.6
2024-02-10 15:00:00,71.11,463.63,3.85,8.46,63.8
2024-02-10 16:00:00,47.64,308.88,3.48,10.02,74.0
2024-02-10 17:00:00,24.93,163.92,1.93,6.11,75.1
2024-02-10 18:00:00,0.32,0.0,3.67,6.13,73.0
2024-02-10 19:00:00,1.44,0.0,1.57,8.2,87.1
2024-02-10 20:00:00,0.0,0.0,0.5,6.68,74.5
2024-02-10 21:00:00,3.39,0.0,2.72,4.59,88.4
2024-02-10 22:00:00,7.29,0.0,6.46,1.05,78.7
2024-02-10 23:00:00,5.15,0.0,5.01,1.19,93.9
2024-02-11 00:00:00,0.4,0.0,4.21,0.39,75.3
2024-02-11 01:00:00,4.55,0.0,5.1,-1.94,86.4
2024-02-11 02:00:00,35.62,0.0,8.03,1.85,77.1
2024-02-11 03:00:00,2.48,0.0,4.87,1.11,72.0
2024-02-11 04:00:00,2.47,0.0,4.71,0.07,70.9
2024-02-11 05:00:00,102.76,0.0,10.17,1.39,69.3
2024-02-11 06:00:00,36.9,0.0,8.15,2.91,58.0
2024-02-11 07:00:00,23.74,132.57,4.87,0.98,55.3
2024-02-11 08:00:00,50.24,325.27,5.36,5.22,60.3
2024-02-11 09:00:00,80.35,524.97,4.8,6.12,47.0
2024-02-11 10:00:00,103.24,677.09,2.96,7.09,52.1
2024-02-11 11:00:00,135.55,645.56,8.12,9.41,70.7
2024-02-11 12:00:00,117.99,780.39,3.34,13.49,52.2
2024-02-11 13:00:00,90.19,567.93,5.76,12.35,65.1
2024-02-11 14:00:00,119.99,787.98,1.21,10.74,59.6
2024-02-11 15:00:00,71.72,487.03,2.64,12.25,68.7
2024-02-11 16:00:00,48.45,299.65,0.5,12.89,73.3
2024-02-11 17:00:00,24.43,163.92,3.39,11.22,79.5
2024-02-11 18:00:00,0.0,0.0,2.22,8.68,76.5
2024-02-11 19:00:00,0.0,0.0,2.53,6.18,90.6
2024-02-11 20:00:00,0.09,0.0,0.5,6.64,80.0
2024-02-11 21:00:00,0.28,0.0,0.92,4.63,85.7
2024-02-11 22:00:00,3.94,0.0,0.5,3.94,86.2
2024-02-11 23:00:00,0.0,0.0,2.24,2.3,78.9
2024-02-12 00:00:00,0.96,0.0,4.47,2.07,81.6
2024-02-12 01:00:00,0.0,0.0,4.66,-0.91,81.4
2024-02-12 02:00:00,2.76,0.0,5.39,1.66,75.3
2024-02-12 03:00:00,7.52,0.0,5.47,0.19,86.1
2024-02-12 04:00:00,0.0,0.0,4.41,3.61,65.8
2024-02-12 05:00:00,2.02,0.0,4.46,0.41,72.0
2024-02-12 06:00:00,0.98,0.0,3.88,5.29,66.8
2024-02-12 07:00:00,57.68,163.92,7.94,4.43,59.3
2024-02-12 08:00:00,66.08,376.69,6.15,4.71,52.7
2024-02-12 09:00:00,75.25,516.71,3.61,6.52,51.7
2024-02-12 10:00:00,121.51,787.98,3.14,8.21,52.4
2024-02-12 11:00:00,103.47,565.88,6.77,10.57,46.6
2024-02-12 12:00:00,95.58,617.87,5.17,11.67,52.0
2024-02-12 13:00:00,76.53,475.23,4.14,10.62,52.0
2024-02-12 14:00:00,87.27,587.11,2.35,11.65,69.2
2024-02-12 15:00:00,80.19,529.29,1.2,14.7,69.2
2024-02-12 16:00:00,65.82,333.9,6.61,13.48,73.9
2024-02-12 17:00:00,20.6,143.0,3.63,10.59,76.8
2024-02-12 18:00:00,0.0,0.0,0.83,8.75,78.3
2024-02-12 19:00:00,0.0,0.0,4.07,7.42,87.9
2024-02-12 20:00:00,4.17,0.0,3.55,6.61,79.9
2024-02-12 21:00:00,0.0,0.0,1.39,2.6,85.0
2024-02-12 22:00:00,0.0,0.0,2.45,2.3,88.7
2024-02-12 23:00:00,0.0,0.0,1.68,-1.06,77.9
2024-02-13 00:00:00,1.9,0.0,1.7,1.19,95.0
2024-02-13 01:00:00,3.02,0.0,5.56,0.96,80.7
2024-02-13 02:00:00,0.0,0.0,3.65,-0.94,78.2
2024-02-13 03:00:00,20.42,0.0,7.16,2.35,80.2
2024-02-13 04:00:00,162.84,0.0,11.44,-1.25,74.6
2024-02-13 05:00:00,0.0,0.0,3.36,-0.65,66.3
2024-02-13 06:00:00,8.06,0.0,5.68,3.12,63.2
2024-02-13 07:00:00,51.03,163.92,7.53,5.8,51.9
2024-02-13 08:00:00,68.48,316.07,7.23,8.31,54.2
2024-02-13 09:00:00,105.18,605.42,6.7,6.65,58.1
2024-02-13 10:00:00,90.68,607.55,4.06,10.4,57.2
2024-02-13 11:00:00,109.44,700.59,4.1,9.97,61.6
2024-02-13 12:00:00,103.77,698.6,4.3,10.72,56.4
2024-02-13 13:00:00,160.57,891.27,7.59,12.91,52.5
2024-02-13 14:00:00,88.12,585.93,1.96,12.76,67.8
2024-02-13 15:00:00,92.23,573.14,5.49,9.22,73.3
2024-02-13 16:00:00,48.08,305.81,0.93,13.2,74.5
2024-02-13 17:00:00,31.08,90.74,7.0,12.1,73.1
2024-02-13 18:00:00,0.58,0.0,2.72,7.85,82.7
2024-02-13 19:00:00,0.66,0.0,1.7,7.93,95.0
2024-02-13 20:00:00,0.0,0.0,2.66,6.53,83.6
2024-02-13 21:00:00,0.0,0.0,1.26,4.62,77.9
2024-02-13 22:00:00,0.0,0.0,1.68,1.96,82.1
2024-02-13 23:00:00,0.0,0.0,1.2,0.54,87.6
2024-02-14 00:00:00,0.0,0.0,1.72,0.65,75.0
2024-02-14 01:00:00,1.55,0.0,3.57,1.85,81.5
2024-02-14 02:00:00,9.95,0.0,6.31,0.7,79.4
2024-02-14 03:00:00,5.48,0.0,5.78,-0.47,81.6
2024-02-14 04:00:00,0.0,0.0,3.37,1.85,76.6
2024-02-14 05:00:00,33.67,0.0,7.97,-2.63,70.4
2024-02-14 06:00:00,4.9,0.0,6.33,4.61,51.7
2024-02-14 07:00:00,97.56,124.15,9.61,1.72,64.0
2024-02-14 08:00:00,61.51,334.14,6.45,5.34,60.5
2024-02-14 09:00:00,73.02,483.26,3.54,5.76,56.8
2024-02-14 10:00:00,110.83,751.09,4.68,6.94,46.3
2024-02-14 11:00:00,106.29,688.41,5.11,11.87,51.6
2024-02-14 12:00:00,117.82,799.37,0.9,10.38,51.2
2024-02-14 13:00:00,134.6,908.14,0.5,12.2,49.3
2024-02-14 14:00:00,107.96,710.18,0.83,11.81,62.5
2024-02-14 15:00:00,80.4,509.15,1.15,12.4,62.1
2024-02-14 16:00:00,44.07,293.11,1.73,11.2,83.1
2024-02-14 17:00:00,16.93,123.76,1.81,8.2,73.0
2024-02-14 18:00:00,0.38,0.0,0.5,10.38,84.0
2024-02-14 19:00:00,1.88,0.0,2.8,6.7,72.8
2024-02-14 20:00:00,1.24,0.0,2.57,3.55,80.3
2024-02-14 21:00:00,5.49,0.0,1.37,3.69,85.0
2024-02-14 22:00:00,0.0,0.0,0.5,5.14,80.5
2024-02-14 23:00:00,0.5,0.0,0.92,2.92,82.4
2024-02-15 00:00:00,3.1,0.0,3.28,0.27,81.9
2024-02-15 01:00:00,2.97,0.0,2.51,-0.33,79.4
2024-02-15 02:00:00,0.0,0.0,4.2,-0.5,86.8
2024-02-15 03:00:00,6.63,0.0,5.89,3.31,75.8
2024-02-15 04:00:00,8.87,0.0,5.78,1.36,72.4
2024-02-15 05:00:00,6.51,0.0,4.38,2.39,68.8
2024-02-15 06:00:00,3.73,0.0,5.04,4.53,65.6
2024-02-15 07:00:00,34.0,163.92,6.33,4.79,59.0
2024-02-15 08:00:00,73.2,291.56,7.86,5.6,55.4
2024-02-15 09:00:00,91.26,489.4,6.66,7.24,56.3
2024-02-15 10:00:00,86.02,547.29,5.08,8.88,60.8
2024-02-15 11:00:00,110.01,744.2,3.65,10.17,61.1
2024-02-15 12:00:00,119.94,802.29,3.14,12.27,55.8
2024-02-15 13:00:00,135.96,861.77,5.81,11.86,63.2
2024-02-15 14:00:00,119.28,787.98,0.5,13.09,61.5
2024-02-15 15:00:00,89.05,446.67,7.43,11.66,66.3
2024-02-15 16:00:00,30.89,214.09,2.95,11.3,67.6
2024-02-15 17:00:00,17.51,138.81,2.85,7.23,73.0
2024-02-15 18:00:00,2.08,0.0,0.5,10.36,84.2
2024-02-15 19:00:00,0.0,0.0,2.42,8.06,81.1
2024-02-15 20:00:00,0.93,0.0,2.0,7.48,83.7
2024-02-15 21:00:00,2.84,0.0,0.5,0.09,77.3
2024-02-15 22:00:00,0.44,0.0,1.7,6.12,83.5
2024-02-15 23:00:00,6.71,0.0,5.94,1.53,83.3
2024-02-16 00:00:00,0.72,0.0,4.06,2.56,78.8
2024-02-16 01:00:00,0.33,0.0,3.9,-1.26,80.7
2024-02-16 02:00:00,2.49,0.0,2.39,1.01,75.4
2024-02-16 03:00:00,11.39,0.0,6.4,-1.29,74.3
2024-02-16 04:00:00,12.21,0.0,6.65,-0.04,70.6
2024-02-16 05:00:00,12.25,0.0,6.33,4.72,61.3
2024-02-16 06:00:00,8.88,0.0,5.86,2.8,60.5
2024-02-16 07:00:00,25.77,163.92,5.41,4.86,59.8
2024-02-16 08:00:00,68.5,385.82,6.02,7.4,62.9
2024-02-16 09:00:00,84.24,555.53,3.88,8.39,56.8
2024-02-16 10:00:00,141.66,679.56,8.23,9.32,51.7
2024-02-16 11:00:00,120.11,776.93,4.78,10.88,57.5
2024-02-16 12:00:00,69.03,467.74,2.87,14.89,65.5
2024-02-16 13:00:00,132.92,873.42,3.04,11.8,64.0
2024-02-16 14:00:00,103.28,685.64,4.63,12.39,65.2
2024-02-16 15:00:00,80.08,553.5,0.63,13.46,69.7
2024-02-16 16:00:00,41.02,286.77,1.05,12.94,77.2
2024-02-16 17:00:00,20.62,129.88,2.84,12.11,79.3
2024-02-16 18:00:00,0.0,0.0,0.9,10.05,80.3
2024-02-16 19:00:00,3.28,0.0,3.6,5.93,85.9
2024-02-16 20:00:00,2.38,0.0,0.5,8.54,77.6
2024-02-16 21:00:00,2.86,0.0,3.89,2.82,77.0
2024-02-16 22:00:00,0.25,0.0,0.5,3.54,85.8
2024-02-16 23:00:00,0.52,0.0,0.5,0.72,84.8
2024-02-17 00:00:00,9.9,0.0,6.55,0.9,80.3
2024-02-17 01:00:00,3.44,0.0,4.74,0.89,84.7
2024-02-17 02:00:00,1.1,0.0,4.08,0.68,68.2
2024-02-17 03:00:00,1.32,0.0,3.87,1.03,71.2
2024-02-17 04:00:00,11.94,0.0,6.15,3.42,67.6
2024-02-17 05:00:00,4.72,0.0,5.79,2.63,57.9
2024-02-17 06:00:00,148.95,0.0,11.16,2.83,70.0
2024-02-17 07:00:00,130.61,105.35,10.47,6.09,52.6
2024-02-17 08:00:00,52.53,299.96,6.25,7.98,54.1
2024-02-17 09:00:00,90.29,591.05,4.94,5.91,60.1
2024-02-17 10:00:00,84.32,545.53,4.77,10.09,58.2
2024-02-17 11:00:00,66.78,427.04,5.31,11.49,50.0
2024-02-17 12:00:00,118.89,775.14,1.63,10.95,60.4
2024-02-17 13:00:00,109.87,752.6,2.44,14.06,60.8
2024-02-17 14:00:00,105.12,685.8,0.5,11.97,74.2
2024-02-17 15:00:00,88.44,580.76,0.5,12.18,68.1
2024-02-17 16:00:00,53.59,364.85,0.52,11.13,69.3
2024-02-17 17:00:00,20.0,145.69,1.8,10.46,69.6
2024-02-17 18:00:00,0.0,0.0,3.47,7.55,73.8
2024-02-17 19:00:00,0.0,0.0,1.81,5.59,76.5
2024-02-17 20:00:00,2.09,0.0,1.26,8.59,89.8
2024-02-17 21:00:00,0.0,0.0,0.5,3.37,84.6
2024-02-17 22:00:00,2.33,0.0,3.06,1.71,87.8
2024-02-17 23:00:00,0.0,0.0,2.15,-1.28,92.1
2024-02-18 00:00:00,2.18,0.0,4.41,0.15,71.2
2024-02-18 01:00:00,50.83,0.0,8.75,-1.47,87.0
2024-02-18 02:00:00,0.0,0.0,2.7,2.77,77.8
2024-02-18 03:00:00,0.0,0.0,3.76,2.03,76.1
2024-02-18 04:00:00,2.5,0.0,5.41,0.08,65.9
2024-02-18 05:00:00,84.89,0.0,9.84,5.44,62.3
2024-02-18 06:00:00,22.59,0.0,7.37,4.78,64.9
2024-02-18 07:00:00,66.39,139.65,8.48,4.27,71.3
2024-02-18 08:00:00,51.57,317.57,4.72,2.56,62.0
2024-02-18 09:00:00,199.12,504.61,10.62,11.3,61.8
2024-02-18 10:00:00,120.64,787.98,2.64,7.22,54.0
2024-02-18 11:00:00,101.92,669.86,1.72,8.08,52.5
2024-02-18 12:00:00,151.14,950.0,6.07,13.04,53.1
2024-02-18 13:00:00,128.95,800.59,6.46,15.76,57.0
2024-02-18 14:00:00,97.92,650.82,0.54,14.38,52.2
2024-02-18 15:00:00,92.01,605.42,0.5,12.95,62.5
2024-02-18 16:00:00,42.94,266.85,0.5,12.39,67.2
2024-02-18 17:00:00,20.97,130.63,0.5,11.83,73.0
2024-02-18 18:00:00,2.48,0.0,0.5,10.44,78.2
2024-02-18 19:00:00,5.57,0.0,6.03,8.28,82.4
2024-02-18 20:00:00,0.0,0.0,2.97,6.46,82.9
2024-02-18 21:00:00,1.14,0.0,4.01,4.66,81.6
2024-02-18 22:00:00,3.08,0.0,4.41,2.17,75.2
2024-02-18 23:00:00,0.0,0.0,3.47,1.64,81.6
2024-02-19 00:00:00,4.48,0.0,5.57,-1.32,78.1
2024-02-19 01:00:00,3.03,0.0,4.82,0.47,82.9
2024-02-19 02:00:00,0.0,0.0,3.89,-1.07,82.0
2024-02-19 03:00:00,7.68,0.0,5.53,-1.03,78.6
2024-02-19 04:00:00,3.7,0.0,5.71,1.49,73.8
2024-02-19 05:00:00,24.85,0.0,7.71,4.26,65.5
2024-02-19 06:00:00,113.58,0.0,10.45,4.79,59.9
2024-02-19 07:00:00,29.14,149.33,5.3,2.51,55.7
2024-02-19 08:00:00,67.03,317.96,7.05,4.93,49.5
2024-02-19 09:00:00,87.39,572.6,3.03,9.38,60.5
2024-02-19 10:00:00,110.31,662.27,6.41,7.94,54.1
2024-02-19 11:00:00,85.93,574.27,3.69,10.32,49.3
2024-02-19 12:00:00,119.65,818.27,1.04,12.44,52.9
2024-02-19 13:00:00,131.7,908.14,2.62,10.76,55.1
2024-02-19 14:00:00,100.36,666.33,3.38,12.58,62.7
2024-02-19 15:00:00,90.37,584.99,0.5,10.21,71.5
2024-02-19 16:00:00,43.68,267.44,5.19,10.71,68.3
2024-02-19 17:00:00,22.05,138.68,0.5,11.14,62.6
2024-02-19 18:00:00,5.43,0.0,5.02,7.03,76.6
2024-02-19 19:00:00,0.66,0.0,3.01,8.63,79.8
2024-02-19 20:00:00,0.0,0.0,1.24,6.39,81.9
2024-02-19 21:00:00,0.0,0.0,1.86,5.69,81.4
2024-02-19 22:00:00,4.47,0.0,4.16,3.75,86.1
2024-02-19 23:00:00,1.2,0.0,3.81,4.22,84.8
2024-02-20 00:00:00,0.0,0.0,4.73,1.52,82.9
2024-02-20 01:00:00,0.0,0.0,3.78,0.09,82.7
2024-02-20 02:00:00,3.97,0.0,4.75,0.71,75.4
2024-02-20 03:00:00,109.63,0.0,10.41,1.55,71.4
2024-02-20 04:00:00,4.06,0.0,4.09,1.41,76.9
2024-02-20 05:00:00,0.0,0.0,5.34,2.35,68.9
2024-02-20 06:00:00,4.38,0.0,4.77,2.48,66.6
2024-02-20 07:00:00,35.83,91.2,7.26,3.98,65.5
2024-02-20 08:00:00,61.85,289.28,7.05,4.43,59.6
2024-02-20 09:00:00,79.94,532.17,4.19,10.71,60.2
2024-02-20 10:00:00,80.35,510.43,2.47,7.66,47.1
2024-02-20 11:00:00,117.52,774.05,1.11,9.73,56.5
2024-02-20 12:00:00,140.72,950.0,3.45,10.65,56.1
2024-02-20 13:00:00,132.78,908.14,2.85,13.67,67.8
2024-02-20 14:00:00,150.34,787.98,7.88,12.09,67.1
2024-02-20 15:00:00,82.52,550.12,2.25,14.2,63.0
2024-02-20 16:00:00,54.83,385.82,0.86,10.72,71.9
2024-02-20 17:00:00,19.11,121.53,4.53,11.19,74.7
2024-02-20 18:00:00,0.0,0.0,1.76,8.28,79.8
2024-02-20 19:00:00,0.02,0.0,2.39,11.3,75.5
2024-02-20 20:00:00,1.45,0.0,0.5,4.75,84.8
2024-02-20 21:00:00,2.99,0.0,1.82,5.44,83.3
2024-02-20 22:00:00,11.55,0.0,6.29,4.48,86.4
2024-02-20 23:00:00,0.0,0.0,3.75,2.91,80.9
2024-02-21 00:00:00,0.74,0.0,3.04,1.17,80.1
2024-02-21 01:00:00,2.26,0.0,4.98,0.66,86.5
2024-02-21 02:00:00,26.1,0.0,7.72,0.71,72.2
2024-02-21 03:00:00,1.16,0.0,4.1,0.63,69.0
2024-02-21 04:00:00,8.35,0.0,5.57,2.9,69.7
2024-02-21 05:00:00,77.25,0.0,9.55,5.72,62.3
2024-02-21 06:00:00,0.0,0.0,4.11,2.81,58.1
2024-02-21 07:00:00,39.58,150.61,6.95,3.04,59.9
2024-02-21 08:00:00,53.58,317.06,6.13,6.51,49.5
2024-02-21 09:00:00,86.39,505.2,6.19,12.07,50.5
2024-02-21 10:00:00,98.07,644.5,4.07,8.44,65.3
2024-02-21 11:00:00,135.29,904.09,3.4,13.35,57.8
2024-02-21 12:00:00,131.01,867.17,4.8,14.36,53.3
2024-02-21 13:00:00,119.87,801.96,1.85,11.61,61.5
2024-02-21 14:00:00,77.95,519.56,2.41,13.5,65.3
2024-02-21 15:00:00,70.49,480.22,0.79,14.88,71.1
2024-02-21 16:00:00,54.22,379.96,0.5,11.27,69.4
2024-02-21 17:00:00,30.94,140.25,6.03,10.58,78.8
2024-02-21 18:00:00,0.0,0.0,1.47,8.77,67.3
2024-02-21 19:00:00,7.78,0.0,6.01,6.68,75.3
2024-02-21 20:00:00,0.57,0.0,0.5,5.67,83.8
2024-02-21 21:00:00,0.64,0.0,2.84,3.26,86.1
2024-02-21 22:00:00,0.0,0.0,1.28,3.7,80.4
2024-02-21 23:00:00,0.0,0.0,4.99,1.25,85.8
2024-02-22 00:00:00,2.91,0.0,5.46,1.92,79.9
2024-02-22 01:00:00,0.79,0.0,2.23,-1.37,79.2
2024-02-22 02:00:00,27.74,0.0,7.74,1.26,82.6
2024-02-22 03:00:00,0.0,0.0,3.66,2.22,78.4
2024-02-22 04:00:00,12.64,0.0,6.13,-1.42,65.0
2024-02-22 05:00:00,117.3,0.0,10.61,3.08,60.8
2024-02-22 06:00:00,40.73,0.0,8.36,5.61,60.4
2024-02-22 07:00:00,101.72,151.05,9.5,3.4,59.3
2024-02-22 08:00:00,59.29,385.82,4.76,9.27,53.7
2024-02-22 09:00:00,74.45,505.75,3.07,8.95,60.7
2024-02-22 10:00:00,108.62,708.53,3.21,8.71,56.7
2024-02-22 11:00:00,136.0,901.66,4.33,10.92,57.5
2024-02-22 12:00:00,107.56,691.95,5.53,12.8,50.7
2024-02-22 13:00:00,123.67,821.88,1.45,12.67,65.2
2024-02-22 14:00:00,86.1,582.26,3.66,13.57,48.4
2024-02-22 15:00:00,86.94,593.14,1.52,11.18,70.3
2024-02-22 16:00:00,50.28,336.71,1.29,12.21,74.7
2024-02-22 17:00:00,19.98,146.67,2.74,8.89,71.7
2024-02-22 18:00:00,0.02,0.0,1.65,9.6,83.9
2024-02-22 19:00:00,0.83,0.0,3.75,6.96,80.3
2024-02-22 20:00:00,1.71,0.0,0.5,5.66,83.3
2024-02-22 21:00:00,2.62,0.0,4.09,7.06,86.2
2024-02-22 22:00:00,0.0,0.0,0.5,5.4,95.0
2024-02-22 23:00:00,1.0,0.0,1.72,3.43,91.2
2024-02-23 00:00:00,2.19,0.0,4.64,0.05,86.5
2024-02-23 01:00:00,13.31,0.0,6.59,0.61,76.0
2024-02-23 02:00:00,0.0,0.0,3.57,2.7,78.2
2024-02-23 03:00:00,0.0,0.0,4.37,1.3,69.8
2024-02-23 04:00:00,6.58,0.0,5.73,5.17,74.1
2024-02-23 05:00:00,0.0,0.0,4.27,3.23,66.8
2024-02-23 06:00:00,27.52,0.0,7.68,4.17,56.9
2024-02-23 07:00:00,41.58,163.92,7.32,4.87,59.8
2024-02-23 08:00:00,55.28,385.82,3.67,7.08,52.8
2024-02-23 09:00:00,90.57,599.84,5.04,8.21,56.3
2024-02-23 10:00:00,110.28,648.96,6.4,10.95,50.7
2024-02-23 11:00:00,118.9,783.22,3.52,12.56,55.6
2024-02-23 12:00:00,118.15,788.84,4.51,10.9,60.8
2024-02-23 13:00:00,137.68,908.14,0.65,10.68,59.1
2024-02-23 14:00:00,86.73,566.26,3.37,10.13,60.5
2024-02-23 15:00:00,65.89,441.43,0.57,13.44,67.1
2024-02-23 16:00:00,55.48,385.82,4.11,10.42,73.5
2024-02-23 17:00:00,20.32,138.24,1.16,7.9,68.3
2024-02-23 18:00:00,0.0,0.0,0.72,10.47,78.8
2024-02-23 19:00:00,0.0,0.0,4.0,12.18,87.2
2024-02-23 20:00:00,0.73,0.0,0.5,6.87,85.9
2024-02-23 21:00:00,0.56,0.0,1.89,6.59,84.8
2024-02-23 22:00:00,0.89,0.0,2.17,4.01,88.2
2024-02-23 23:00:00,0.56,0.0,2.22,2.49,86.8
2024-02-24 00:00:00,15.75,0.0,6.73,3.19,86.8
2024-02-24 01:00:00,5.31,0.0,5.74,0.77,70.5
2024-02-24 02:00:00,0.4,0.0,2.31,1.41,69.7
2024-02-24 03:00:00,10.01,0.0,6.4,1.69,78.9
2024-02-24 04:00:00,4.1,0.0,5.68,0.81,62.5
2024-02-24 05:00:00,48.76,0.0,8.52,4.25,68.1
2024-02-24 06:00:00,0.0,0.0,4.88,3.74,60.7
2024-02-24 07:00:00,31.15,140.46,6.12,4.32,54.4
2024-02-24 08:00:00,46.91,290.84,5.55,7.81,58.8
2024-02-24 09:00:00,92.12,605.42,5.17,7.21,56.5
2024-02-24 10:00:00,78.71,513.88,4.59,10.05,65.6
2024-02-24 11:00:00,113.22,774.65,2.83,11.23,52.4
2024-02-24 12:00:00,126.5,833.1,5.26,13.83,64.2
2024-02-24 13:00:00,134.52,908.14,3.05,13.51,61.2
2024-02-24 14:00:00,119.38,712.3,6.62,12.97,59.2
2024-02-24 15:00:00,68.79,469.32,1.2,14.03,70.1
2024-02-24 16:00:00,44.14,272.9,3.06,14.29,72.8
2024-02-24 17:00:00,26.5,130.92,5.28,12.08,74.1
2024-02-24 18:00:00,0.0,0.0,2.68,10.02,78.8
2024-02-24 19:00:00,1.7,0.0,4.3,6.59,77.6
2024-02-24 20:00:00,2.07,0.0,4.08,5.41,78.9
2024-02-24 21:00:00,1.09,0.0,1.7,4.99,88.3
2024-02-24 22:00:00,0.0,0.0,3.33,3.09,83.9
2024-02-24 23:00:00,0.0,0.0,1.49,2.48,84.1
2024-02-25 00:00:00,0.0,0.0,3.99,2.02,84.4
2024-02-25 01:00:00,0.0,0.0,2.97,2.13,81.9
2024-02-25 02:00:00,6.38,0.0,6.18,1.02,70.4
2024-02-25 03:00:00,3.4,0.0,5.36,2.06,80.3
2024-02-25 04:00:00,0.0,0.0,5.1,2.03,70.6
2024-02-25 05:00:00,0.69,0.0,4.59,-0.08,65.1
2024-02-25 06:00:00,197.5,0.0,12.64,2.72,64.7
2024-02-25 07:00:00,23.25,152.21,3.31,5.36,60.6
2024-02-25 08:00:00,44.36,304.8,2.83,5.31,60.8
2024-02-25 09:00:00,67.76,446.93,3.79,9.58,58.2
2024-02-25 10:00:00,159.94,657.37,9.0,12.43,58.6
2024-02-25 11:00:00,186.32,855.39,8.85,13.2,62.3
2024-02-25 12:00:00,116.71,803.87,4.63,12.01,61.4
2024-02-25 13:00:00,115.81,742.33,5.82,15.16,58.6
2024-02-25 14:00:00,100.9,676.68,1.36,13.35,56.9
2024-02-25 15:00:00,82.87,459.77,6.62,12.42,74.5
2024-02-25 16:00:00,42.91,308.08,0.5,11.41,68.8
2024-02-25 17:00:00,11.24,88.04,0.5,10.92,71.5
2024-02-25 18:00:00,0.26,0.0,0.5,9.55,68.8
2024-02-25 19:00:00,0.17,0.0,2.25,8.94,82.3
2024-02-25 20:00:00,0.85,0.0,3.71,7.37,83.7
2024-02-25 21:00:00,0.89,0.0,1.74,5.58,76.9
2024-02-25 22:00:00,22.0,0.0,7.27,4.78,87.3
2024-02-25 23:00:00,0.39,0.0,2.97,4.67,82.0
2024-02-26 00:00:00,0.11,0.0,1.97,3.48,95.0
2024-02-26 01:00:00,1.76,0.0,4.16,-0.77,77.8
2024-02-26 02:00:00,1.35,0.0,5.77,-2.58,75.3
2024-02-26 03:00:00,24.45,0.0,7.27,2.86,69.5
2024-02-26 04:00:00,0.0,0.0,5.34,0.01,76.4
2024-02-26 05:00:00,7.02,0.0,6.22,2.68,64.3
2024-02-26 06:00:00,0.77,0.0,4.65,2.5,58.9
2024-02-26 07:00:00,27.07,92.49,6.51,3.0,62.9
2024-02-26 08:00:00,152.15,302.84,10.43,8.07,50.1
2024-02-26 09:00:00,90.76,605.42,2.57,9.95,58.6
2024-02-26 10:00:00,111.95,579.12,7.41,9.39,63.9
2024-02-26 11:00:00,106.66,689.66,4.64,7.61,58.3
2024-02-26 12:00:00,110.16,743.67,2.57,11.63,60.2
2024-02-26 13:00:00,108.01,606.43,7.01,13.64,63.7
2024-02-26 14:00:00,60.08,408.77,2.73,11.04,71.0
2024-02-26 15:00:00,73.26,493.66,1.56,13.33,72.2
2024-02-26 16:00:00,48.31,335.81,0.5,12.43,72.2
2024-02-26 17:00:00,18.93,138.04,0.59,12.37,78.4
2024-02-26 18:00:00,1.04,0.0,3.86,10.43,73.1
2024-02-26 19:00:00,0.26,0.0,2.47,7.35,84.5
2024-02-26 20:00:00,3.26,0.0,5.02,9.05,78.0
2024-02-26 21:00:00,0.43,0.0,1.04,5.46,82.7
2024-02-26 22:00:00,1.41,0.0,0.77,4.21,69.6
2024-02-26 23:00:00,1.76,0.0,0.5,1.61,86.5
2024-02-27 00:00:00,0.0,0.0,3.85,1.52,79.8
2024-02-27 01:00:00,137.01,0.0,10.97,0.26,86.2
2024-02-27 02:00:00,5.99,0.0,5.87,1.12,79.5
2024-02-27 03:00:00,0.52,0.0,4.27,4.16,79.5
2024-02-27 04:00:00,33.56,0.0,8.03,0.13,64.6
2024-02-27 05:00:00,24.85,0.0,7.38,0.72,71.3
2024-02-27 06:00:00,3.96,0.0,2.68,6.59,73.0
2024-02-27 07:00:00,43.55,103.29,7.66,5.52,63.2
2024-02-27 08:00:00,35.03,225.57,4.55,6.38,61.0
2024-02-27 09:00:00,83.9,547.91,3.38,10.5,56.4
2024-02-27 10:00:00,89.95,624.41,3.42,9.48,52.4
2024-02-27 11:00:00,120.42,799.47,4.17,14.37,59.3
2024-02-27 12:00:00,122.72,804.95,3.44,13.6,49.5
2024-02-27 13:00:00,94.55,638.91,2.24,12.45,57.3
2024-02-27 14:00:00,97.21,664.43,1.11,16.62,53.6
2024-02-27 15:00:00,60.22,402.62,3.89,12.27,62.6
2024-02-27 16:00:00,79.37,385.82,7.29,13.69,73.2
2024-02-27 17:00:00,14.11,105.99,3.49,12.08,76.4
2024-02-27 18:00:00,4.19,0.0,0.8,12.34,77.8
2024-02-27 19:00:00,0.0,0.0,0.59,11.28,81.5
2024-02-27 20:00:00,0.0,0.0,0.64,7.43,73.6
2024-02-27 21:00:00,0.0,0.0,0.5,4.7,82.6
2024-02-27 22:00:00,1.82,0.0,3.07,5.07,81.6
2024-02-27 23:00:00,0.2,0.0,3.84,2.12,81.2
2024-02-28 00:00:00,2.94,0.0,4.93,5.34,86.0
2024-02-28 01:00:00,1.57,0.0,5.29,1.92,76.3
2024-02-28 02:00:00,3.1,0.0,3.78,0.97,74.5
2024-02-28 03:00:00,1.85,0.0,4.38,2.0,63.4
2024-02-28 04:00:00,14.02,0.0,6.52,0.3,68.5
2024-02-28 05:00:00,2.92,0.0,5.0,1.81,60.7
2024-02-28 06:00:00,2.32,0.0,4.35,6.31,62.9
2024-02-28 07:00:00,21.48,137.36,5.12,4.98,54.6
2024-02-28 08:00:00,50.75,339.82,4.4,5.94,57.5
2024-02-28 09:00:00,57.77,367.18,2.94,9.87,54.8
2024-02-28 10:00:00,136.82,787.98,6.84,12.29,63.4
2024-02-28 11:00:00,122.6,749.54,6.57,12.83,58.0
2024-02-28 12:00:00,136.54,906.91,2.39,14.2,47.8
2024-02-28 13:00:00,97.84,658.02,0.8,12.17,53.1
2024-02-28 14:00:00,104.95,706.19,4.14,11.38,62.8
2024-02-28 15:00:00,60.01,396.29,0.93,15.56,61.5
2024-02-28 16:00:00,55.4,354.11,1.55,12.23,55.2
2024-02-28 17:00:00,20.49,130.58,0.5,11.38,80.6
2024-02-28 18:00:00,0.0,0.0,0.5,12.51,81.1
2024-02-28 19:00:00,1.09,0.0,3.6,9.9,83.2
2024-02-28 20:00:00,0.0,0.0,3.89,8.2,80.0
2024-02-28 21:00:00,0.82,0.0,0.9,9.21,86.6
2024-02-28 22:00:00,2.79,0.0,2.0,3.55,81.5
2024-02-28 23:00:00,0.0,0.0,1.35,4.66,85.5
2024-02-29 00:00:00,1.59,0.0,1.4,2.54,78.4
2024-02-29 01:00:00,80.98,0.0,9.74,2.25,88.2
2024-02-29 02:00:00,7.46,0.0,5.63,3.94,69.6
2024-02-29 03:00:00,2.69,0.0,5.44,2.61,80.0
2024-02-29 04:00:00,15.93,0.0,7.06,3.26,70.2
2024-02-29 05:00:00,32.86,0.0,7.86,5.01,63.7
2024-02-29 06:00:00,28.14,0.0,7.64,4.1,63.3
2024-02-29 07:00:00,9.66,77.7,2.63,4.83,63.1
2024-02-29 08:00:00,49.49,345.16,3.93,6.08,63.8
2024-02-29 09:00:00,86.44,527.27,6.04,6.25,57.1
2024-02-29 10:00:00,93.48,636.11,4.2,13.73,50.5
2024-02-29 11:00:00,171.07,757.45,9.01,10.23,55.8
2024-02-29 12:00:00,144.05,950.0,4.69,12.51,66.1
2024-02-29 13:00:00,126.78,736.75,7.05,13.03,66.1
2024-02-29 14:00:00,110.36,730.08,1.28,14.11,67.0
2024-02-29 15:00:00,72.78,455.63,4.75,14.66,70.1
2024-02-29 16:00:00,51.46,345.03,1.19,14.13,73.5
2024-02-29 17:00:00,38.36,133.47,7.04,11.01,79.7
2024-02-29 18:00:00,4.04,0.0,0.5,10.39,75.2
2024-02-29 19:00:00,0.0,0.0,1.96,9.62,73.8
2024-02-29 20:00:00,2.52,0.0,3.8,7.27,83.3
2024-02-29 21:00:00,2.14,0.0,2.06,8.5,80.4
2024-02-29 22:00:00,1.71,0.0,2.65,5.38,79.7
2024-02-29 23:00:00,41.38,0.0,8.21,4.51,80.9
2024-03-01 00:00:00,0.58,0.0,3.44,3.58,95.0
2024-03-01 01:00:00,0.61,0.0,4.86,3.74,81.3
2024-03-01 02:00:00,2.19,0.0,2.21,2.05,79.3
2024-03-01 03:00:00,25.02,0.0,7.36,0.04,67.8
2024-03-01 04:00:00,12.27,0.0,6.32,3.18,60.8
2024-03-01 05:00:00,3.29,0.0,5.27,2.56,62.0
2024-03-01 06:00:00,0.0,0.0,2.69,3.99,69.7
2024-03-01 07:00:00,32.9,156.15,6.21,7.11,61.1
2024-03-01 08:00:00,44.0,280.79,2.35,9.64,60.0
2024-03-01 09:00:00,81.64,530.6,1.63,9.36,59.2
2024-03-01 10:00:00,81.3,522.06,5.41,11.24,52.0
2024-03-01 11:00:00,111.0,735.78,2.73,14.58,62.5
2024-03-01 12:00:00,119.23,812.3,2.23,13.34,53.8
2024-03-01 13:00:00,123.61,808.5,4.1,17.48,66.4
2024-03-01 14:00:00,79.14,538.01,0.5,14.63,64.7
2024-03-01 15:00:00,92.38,605.42,1.47,10.93,57.2
2024-03-01 16:00:00,41.71,293.4,0.5,14.11,66.3
2024-03-01 17:00:00,16.79,98.16,2.29,12.59,65.0
2024-03-01 18:00:00,0.64,0.0,2.67,12.71,83.3
2024-03-01 19:00:00,0.0,0.0,3.1,10.34,80.5
2024-03-01 20:00:00,1.38,0.0,0.85,7.57,71.8
2024-03-01 21:00:00,0.0,0.0,0.5,4.39,86.4
2024-03-01 22:00:00,1.5,0.0,0.5,4.47,82.3
2024-03-01 23:00:00,0.0,0.0,2.93,2.26,77.1
2024-03-02 00:00:00,18.67,0.0,7.32,1.85,91.4
2024-03-02 01:00:00,0.0,0.0,2.89,3.0,81.1
2024-03-02 02:00:00,0.0,0.0,3.59,4.42,76.0
2024-03-02 03:00:00,2.74,0.0,3.04,2.71,71.9
2024-03-02 04:00:00,9.87,0.0,6.09,0.93,62.4
2024-03-02 05:00:00,17.21,0.0,6.71,4.34,59.6
2024-03-02 06:00:00,15.69,0.0,6.56,6.71,68.9
2024-03-02 07:00:00,53.24,124.79,8.06,5.45,57.0
2024-03-02 08:00:00,56.08,348.69,5.47,7.71,57.1
2024-03-02 09:00:00,60.07,405.94,3.28,9.49,45.3
2024-03-02 10:00:00,72.77,493.25,3.76,9.74,48.4
2024-03-02 11:00:00,71.59,482.59,5.19,13.13,58.6
2024-03-02 12:00:00,137.25,910.24,4.4,12.93,58.9
2024-03-02 13:00:00,102.1,697.65,3.45,14.34,68.2
2024-03-02 14:00:00,118.26,787.98,3.79,12.58,69.2
2024-03-02 15:00:00,67.88,424.3,3.12,13.05,65.0
2024-03-02 16:00:00,41.33,274.62,4.62,14.19,72.4
2024-03-02 17:00:00,19.2,125.43,2.32,11.6,72.3
2024-03-02 18:00:00,1.83,0.0,3.42,13.51,87.8
2024-03-02 19:00:00,0.56,0.0,0.62,8.87,86.4
2024-03-02 20:00:00,0.58,0.0,3.03,8.25,83.8
2024-03-02 21:00:00,2.15,0.0,5.19,7.76,85.5
2024-03-02 22:00:00,0.0,0.0,2.25,2.79,92.2
2024-03-02 23:00:00,0.0,0.0,4.91,1.03,87.4
2024-03-03 00:00:00,4.06,0.0,5.05,0.57,90.8
2024-03-03 01:00:00,0.0,0.0,1.78,4.15,69.6
2024-03-03 02:00:00,4.97,0.0,5.23,1.22,79.8
2024-03-03 03:00:00,0.0,0.0,3.25,6.09,71.3
2024-03-03 04:00:00,80.89,0.0,9.6,2.01,78.8
2024-03-03 05:00:00,26.18,0.0,7.61,4.09,73.8
2024-03-03 06:00:00,0.0,0.0,3.69,7.37,62.7
2024-03-03 07:00:00,15.54,95.22,3.71,9.51,67.1
2024-03-03 08:00:00,53.74,295.15,6.03,11.14,65.9
2024-03-03 09:00:00,68.99,460.13,4.46,11.42,55.9
2024-03-03 10:00:00,90.26,592.11,1.99,12.59,67.4
2024-03-03 11:00:00,97.96,676.87,4.54,13.18,55.4
2024-03-03 12:00:00,104.52,714.38,3.26,14.42,55.9
2024-03-03 13:00:00,110.47,719.26,1.11,13.02,63.7
2024-03-03 14:00:00,89.88,594.66,4.6,12.83,60.7
2024-03-03 15:00:00,79.95,533.52,5.37,13.84,66.5
2024-03-03 16:00:00,50.96,348.8,3.53,12.99,77.0
2024-03-03 17:00:00,15.86,116.94,3.84,11.62,74.0
2024-03-03 18:00:00,0.0,0.0,0.5,12.1,69.0
2024-03-03 19:00:00,0.0,0.0,0.69,11.04,82.4
2024-03-03 20:00:00,0.36,0.0,0.59,8.19,79.5
2024-03-03 21:00:00,0.07,0.0,3.91,8.72,88.8
2024-03-03 22:00:00,13.16,0.0,6.36,3.34,88.5
2024-03-03 23:00:00,1.75,0.0,4.48,3.52,91.8
2024-03-04 00:00:00,11.22,0.0,6.35,1.92,87.5
2024-03-04 01:00:00,4.71,0.0,5.05,-0.4,86.1
2024-03-04 02:00:00,0.0,0.0,4.26,2.07,74.2
2024-03-04 03:00:00,0.0,0.0,4.86,2.21,77.9
2024-03-04 04:00:00,2.41,0.0,3.15,5.27,79.8
2024-03-04 05:00:00,0.27,0.0,2.87,4.9,62.7
2024-03-04 06:00:00,16.16,0.0,6.87,3.66,71.5
2024-03-04 07:00:00,20.52,118.82,5.44,9.42,56.6
2024-03-04 08:00:00,34.35,196.8,5.81,10.02,52.7
2024-03-04 09:00:00,78.48,482.75,5.52,10.62,57.0
2024-03-04 10:00:00,98.49,642.86,3.7,10.85,58.6
2024-03-04 11:00:00,132.46,869.38,4.21,11.0,60.1
2024-03-04 12:00:00,92.89,608.13,3.66,12.83,52.2
2024-03-04 13:00:00,85.86,564.82,2.74,15.62,61.6
2024-03-04 14:00:00,110.21,723.08,4.76,17.02,59.1
2024-03-04 15:00:00,90.46,605.42,2.15,16.3,58.7
2024-03-04 16:00:00,37.97,237.02,2.61,12.65,65.4
2024-03-04 17:00:00,24.93,163.92,4.59,10.76,70.1
2024-03-04 18:00:00,1.19,0.0,4.18,11.4,80.1
2024-03-04 19:00:00,0.0,0.0,4.52,7.09,86.4
2024-03-04 20:00:00,0.0,0.0,0.93,8.68,75.6
2024-03-04 21:00:00,0.0,0.0,0.5,6.42,86.2
2024-03-04 22:00:00,0.0,0.0,1.61,4.49,79.1
2024-03-04 23:00:00,1.6,0.0,2.19,1.56,87.6
2024-03-05 00:00:00,11.21,0.0,6.7,3.91,79.9
2024-03-05 01:00:00,2.79,0.0,5.11,1.74,75.3
2024-03-05 02:00:00,0.27,0.0,2.47,0.58,81.5
2024-03-05 03:00:00,0.0,0.0,3.29,-1.77,70.9
2024-03-05 04:00:00,0.0,0.0,3.74,3.1,68.4
2024-03-05 05:00:00,11.51,0.0,6.42,6.75,55.0
2024-03-05 06:00:00,20.07,0.0,7.12,7.82,67.2
2024-03-05 07:00:00,55.44,137.2,8.05,6.09,63.5
2024-03-05 08:00:00,116.89,385.82,8.95,7.43,57.0
2024-03-05 09:00:00,82.6,551.48,3.7,10.59,47.9
2024-03-05 10:00:00,96.51,642.01,3.87,9.84,61.0
2024-03-05 11:00:00,98.03,650.2,3.02,13.03,52.2
2024-03-05 12:00:00,140.03,921.19,3.11,14.68,54.7
2024-03-05 13:00:00,85.65,516.71,6.26,15.97,71.0
2024-03-05 14:00:00,110.95,746.12,3.19,14.18,59.0
2024-03-05 15:00:00,60.99,414.8,3.73,13.82,69.8
2024-03-05 16:00:00,57.21,385.82,2.03,12.21,72.8
2024-03-05 17:00:00,24.35,143.29,0.5,11.34,75.8
2024-03-05 18:00:00,1.15,0.0,0.5,10.99,78.9
2024-03-05 19:00:00,0.0,0.0,2.07,10.44,82.5
2024-03-05 20:00:00,0.0,0.0,3.28,9.7,84.4
2024-03-05 21:00:00,0.75,0.0,0.95,5.58,84.2
2024-03-05 22:00:00,0.0,0.0,4.03,7.57,92.6
2024-03-05 23:00:00,1.29,0.0,5.15,3.68,77.9
2024-03-06 00:00:00,2.7,0.0,3.37,3.25,88.1
2024-03-06 01:00:00,4.25,0.0,5.71,1.56,84.7
2024-03-06 02:00:00,2.56,0.0,4.34,-1.16,81.0
2024-03-06 03:00:00,11.33,0.0,6.18,4.01,79.5
2024-03-06 04:00:00,16.76,0.0,7.05,4.38,69.5
2024-03-06 05:00:00,145.59,0.0,11.13,3.81,56.8
2024-03-06 06:00:00,1.8,0.0,5.05,5.58,62.1
2024-03-06 07:00:00,23.7,150.19,5.3,7.7,54.4
2024-03-06 08:00:00,58.26,385.82,3.8,6.13,53.4
2024-03-06 09:00:00,55.35,371.07,3.71,9.23,49.3
2024-03-06 10:00:00,125.31,787.98,5.86,12.67,52.6
2024-03-06 11:00:00,161.28,908.14,7.33,10.84,52.5
2024-03-06 12:00:00,94.53,619.27,3.29,14.11,45.1
2024-03-06 13:00:00,132.53,877.0,1.64,12.24,62.9
2024-03-06 14:00:00,96.55,669.91,1.74,15.18,73.6
2024-03-06 15:00:00,57.04,374.35,2.17,14.22,69.1
2024-03-06 16:00:00,56.92,356.47,1.04,11.25,69.0
2024-03-06 17:00:00,17.95,159.82,0.53,14.47,73.6
2024-03-06 18:00:00,1.38,0.0,3.13,10.37,75.4
2024-03-06 19:00:00,0.0,0.0,0.5,8.81,81.1
2024-03-06 20:00:00,0.0,0.0,2.28,8.78,82.8
2024-03-06 21:00:00,1.99,0.0,4.12,8.65,80.3
2024-03-06 22:00:00,3.42,0.0,1.64,3.95,93.4
2024-03-06 23:00:00,1.7,0.0,3.82,4.33,77.1
2024-03-07 00:00:00,0.63,0.0,4.71,4.07,86.6
2024-03-07 01:00:00,0.83,0.0,5.15,3.86,80.1
2024-03-07 02:00:00,1.29,0.0,4.54,2.88,87.0
2024-03-07 03:00:00,2.61,0.0,4.47,2.27,75.6
2024-03-07 04:00:00,26.3,0.0,7.62,2.18,68.2
2024-03-07 05:00:00,19.9,0.0,7.21,4.51,64.9
2024-03-07 06:00:00,7.6,0.0,4.92,4.01,62.7
2024-03-07 07:00:00,26.8,163.92,3.57,2.69,53.7
2024-03-07 08:00:00,44.44,280.92,3.11,9.27,53.2
2024-03-07 09:00:00,87.89,605.42,2.99,11.53,46.6
2024-03-07 10:00:00,102.73,673.9,5.23,8.08,50.4
2024-03-07 11:00:00,87.83,584.54,1.7,11.35,56.0
2024-03-07 12:00:00,140.5,950.0,3.0,14.74,58.5
2024-03-07 13:00:00,122.97,789.07,4.72,17.5,49.5
2024-03-07 14:00:00,118.38,770.38,1.79,14.65,61.8
2024-03-07 15:00:00,89.94,605.42,3.9,13.32,68.9
2024-03-07 16:00:00,55.72,347.51,3.46,13.54,69.2
2024-03-07 17:00:00,18.71,124.77,0.6,14.92,70.7
2024-03-07 18:00:00,5.18,0.0,3.08,10.65,75.4
2024-03-07 19:00:00,0.29,0.0,3.27,8.97,77.9
2024-03-07 20:00:00,1.15,0.0,1.57,7.9,79.8
2024-03-07 21:00:00,2.8,0.0,0.92,5.64,85.4
2024-03-07 22:00:00,2.56,0.0,2.92,5.8,95.0
2024-03-07 23:00:00,11.44,0.0,6.36,6.81,80.8
2024-03-08 00:00:00,0.72,0.0,4.54,4.05,81.4
2024-03-08 01:00:00,1.03,0.0,2.63,2.59,80.3
2024-03-08 02:00:00,4.34,0.0,5.79,2.33,74.1
2024-03-08 03:00:00,2.08,0.0,4.86,0.63,79.4
2024-03-08 04:00:00,5.27,0.0,6.01,4.89,58.1
2024-03-08 05:00:00,14.6,0.0,7.05,4.41,63.5
2024-03-08 06:00:00,6.68,0.0,5.88,5.5,66.6
2024-03-08 07:00:00,52.13,148.99,7.63,12.0,57.9
2024-03-08 08:00:00,74.4,385.82,6.77,9.21,52.9
2024-03-08 09:00:00,75.43,462.92,5.82,9.19,57.7
2024-03-08 10:00:00,89.83,575.56,2.98,11.13,59.5
2024-03-08 11:00:00,126.34,777.49,6.41,14.73,56.6
2024-03-08 12:00:00,145.83,869.48,7.12,14.13,53.0
2024-03-08 13:00:00,103.37,718.25,1.37,12.4,61.7
2024-03-08 14:00:00,107.64,733.34,2.75,16.14,60.5
2024-03-08 15:00:00,83.0,542.43,1.19,13.56,69.8
2024-03-08 16:00:00,39.29,270.17,3.52,16.77,77.4
2024-03-08 17:00:00,23.73,152.08,3.1,14.63,60.9
2024-03-08 18:00:00,3.29,0.0,0.5,11.09,78.1
2024-03-08 19:00:00,0.0,0.0,4.37,12.24,71.9
2024-03-08 20:00:00,0.96,0.0,0.5,8.87,95.0
2024-03-08 21:00:00,1.5,0.0,4.15,8.49,82.1
2024-03-08 22:00:00,0.0,0.0,2.6,6.49,88.7
2024-03-08 23:00:00,2.71,0.0,2.44,3.25,84.3
2024-03-09 00:00:00,0.0,0.0,2.02,2.75,79.0
2024-03-09 01:00:00,0.0,0.0,2.6,4.66,76.0
2024-03-09 02:00:00,9.44,0.0,5.67,2.41,85.4
2024-03-09 03:00:00,5.22,0.0,5.48,2.51,78.7
2024-03-09 04:00:00,1.89,0.0,3.51,2.28,79.7
2024-03-09 05:00:00,2.78,0.0,3.65,5.31,66.4
2024-03-09 06:00:00,0.0,0.0,3.39,9.01,63.9
2024-03-09 07:00:00,36.59,100.34,7.11,5.76,58.1
2024-03-09 08:00:00,70.79,385.82,6.7,8.95,55.6
2024-03-09 09:00:00,64.7,438.59,2.67,12.58,50.3
2024-03-09 10:00:00,101.48,662.84,5.12,11.79,55.4
2024-03-09 11:00:00,123.67,832.74,2.01,13.83,51.6
2024-03-09 12:00:00,140.09,835.94,6.62,12.52,59.2
2024-03-09 13:00:00,145.34,908.14,6.15,15.35,60.2
2024-03-09 14:00:00,108.17,726.4,3.89,14.63,63.9
2024-03-09 15:00:00,71.31,436.39,5.54,16.19,74.5
2024-03-09 16:00:00,57.56,385.82,3.95,15.89,69.8
2024-03-09 17:00:00,21.15,144.11,3.89,17.04,77.7
2024-03-09 18:00:00,0.1,0.0,2.16,12.78,87.8
2024-03-09 19:00:00,0.93,0.0,0.92,10.95,87.1
2024-03-09 20:00:00,0.78,0.0,0.65,9.2,88.8
2024-03-09 21:00:00,0.0,0.0,1.54,6.83,83.0
2024-03-09 22:00:00,1.72,0.0,3.48,6.42,86.1
2024-03-09 23:00:00,0.0,0.0,1.6,4.23,77.9
2024-03-10 00:00:00,0.0,0.0,2.6,4.12,85.5
2024-03-10 01:00:00,0.0,0.0,4.17,5.24,82.0
2024-03-10 02:00:00,1.99,0.0,3.46,1.55,77.6
2024-03-10 03:00:00,5.3,0.0,5.68,4.98,79.0
2024-03-10 04:00:00,49.6,0.0,8.64,5.84,64.0
2024-03-10 05:00:00,21.55,0.0,7.14,4.64,74.3
2024-03-10 06:00:00,12.89,0.0,6.7,2.88,67.0
2024-03-10 07:00:00,25.28,128.88,6.16,6.6,59.0
2024-03-10 08:00:00,57.89,357.03,5.48,11.01,56.3
2024-03-10 09:00:00,65.74,433.71,3.61,10.58,57.9
2024-03-10 10:00:00,99.76,501.13,7.51,10.56,62.6
2024-03-10 11:00:00,120.15,781.36,3.06,12.55,56.0
2024-03-10 12:00:00,134.59,930.41,1.55,15.52,57.7
2024-03-10 13:00:00,84.75,541.03,4.7,15.68,59.5
2024-03-10 14:00:00,116.59,766.73,1.13,14.7,71.4
2024-03-10 15:00:00,89.24,588.83,1.76,14.31,64.3
2024-03-10 16:00:00,50.8,383.16,0.5,13.67,69.9
2024-03-10 17:00:00,27.16,163.92,0.5,11.92,81.2
2024-03-10 18:00:00,0.0,0.0,0.5,14.49,78.2
2024-03-10 19:00:00,0.0,0.0,0.5,10.13,86.3
2024-03-10 20:00:00,0.0,0.0,2.91,10.89,78.4
2024-03-10 21:00:00,1.71,0.0,4.48,9.79,83.5
2024-03-10 22:00:00,1.28,0.0,2.18,7.56,92.4
2024-03-10 23:00:00,7.52,0.0,5.75,4.17,81.1
2024-03-11 00:00:00,1.63,0.0,2.35,4.62,82.2
2024-03-11 01:00:00,0.53,0.0,3.46,3.38,81.9
2024-03-11 02:00:00,0.83,0.0,2.98,1.86,72.6
2024-03-11 03:00:00,4.17,0.0,5.85,3.9,71.8
2024-03-11 04:00:00,1.21,0.0,5.15,2.25,70.6
2024-03-11 05:00:00,11.91,0.0,6.33,6.75,66.4
2024-03-11 06:00:00,23.51,0.0,7.3,5.52,68.9
2024-03-11 07:00:00,33.24,163.92,5.97,7.96,67.1
2024-03-11 08:00:00,57.86,332.26,6.21,9.64,52.7
2024-03-11 09:00:00,138.93,605.42,8.53,10.38,56.1
2024-03-11 10:00:00,116.02,787.98,3.81,13.09,58.4
2024-03-11 11:00:00,130.23,853.39,3.63,12.74,63.1
2024-03-11 12:00:00,123.88,814.53,5.01,15.72,60.6
2024-03-11 13:00:00,134.1,870.33,3.87,12.99,60.8
2024-03-11 14:00:00,90.95,626.61,1.15,15.4,65.8
2024-03-11 15:00:00,94.34,605.42,1.78,17.92,69.5
2024-03-11 16:00:00,50.03,338.37,1.92,12.91,65.4
2024-03-11 17:00:00,19.13,132.62,1.48,12.44,74.8
2024-03-11 18:00:00,0.39,0.0,0.5,12.98,84.8
2024-03-11 19:00:00,0.78,0.0,4.99,11.03,79.6
2024-03-11 20:00:00,0.0,0.0,3.57,9.74,83.6
2024-03-11 21:00:00,0.0,0.0,2.3,8.39,83.3
2024-03-11 22:00:00,0.0,0.0,3.78,7.16,73.4
2024-03-11 23:00:00,8.54,0.0,6.02,6.63,84.6
2024-03-12 00:00:00,0.0,0.0,1.88,4.78,84.5
2024-03-12 01:00:00,0.0,0.0,3.07,3.21,78.0
2024-03-12 02:00:00,0.0,0.0,5.03,4.37,71.7
2024-03-12 03:00:00,16.46,0.0,6.99,6.42,69.5
2024-03-12 04:00:00,2.62,0.0,2.74,3.97,73.8
2024-03-12 05:00:00,114.6,0.0,10.51,3.66,76.0
2024-03-12 06:00:00,3.28,0.0,5.59,8.03,69.4
2024-03-12 07:00:00,27.33,163.92,5.05,7.63,52.7
2024-03-12 08:00:00,58.08,385.82,4.51,6.11,61.3
2024-03-12 09:00:00,86.05,543.68,3.54,12.19,52.2
2024-03-12 10:00:00,129.85,787.98,6.52,11.56,52.1
2024-03-12 11:00:00,154.63,790.16,8.05,13.47,53.2
2024-03-12 12:00:00,120.99,793.95,3.38,15.06,60.5
2024-03-12 13:00:00,127.71,726.55,6.95,15.45,64.2
2024-03-12 14:00:00,96.98,633.09,4.78,16.43,62.0
2024-03-12 15:00:00,55.78,374.04,2.3,14.51,65.7
2024-03-12 16:00:00,55.53,343.24,3.01,15.33,72.3
2024-03-12 17:00:00,20.55,138.34,1.56,13.22,76.7
2024-03-12 18:00:00,0.0,0.0,2.11,13.47,83.4
2024-03-12 19:00:00,0.0,0.0,0.5,11.84,74.2
2024-03-12 20:00:00,0.0,0.0,3.14,7.96,83.1
2024-03-12 21:00:00,1.64,0.0,0.5,9.44,79.1
2024-03-12 22:00:00,0.0,0.0,4.73,5.56,84.7
2024-03-12 23:00:00,3.22,0.0,5.27,6.33,83.4
2024-03-13 00:00:00,0.0,0.0,2.48,4.87,82.8
2024-03-13 01:00:00,4.51,0.0,3.45,6.48,76.6
2024-03-13 02:00:00,0.0,0.0,4.72,3.18,70.1
2024-03-13 03:00:00,3.72,0.0,5.72,3.2,63.4
2024-03-13 04:00:00,0.62,0.0,4.48,4.29,69.3
2024-03-13 05:00:00,8.73,0.0,6.22,4.82,64.0
2024-03-13 06:00:00,0.51,0.0,4.81,7.72,59.1
2024-03-13 07:00:00,22.03,147.93,3.16,5.54,66.0
2024-03-13 08:00:00,38.9,276.13,2.03,7.94,52.7
2024-03-13 09:00:00,91.53,605.42,3.04,9.47,62.6
2024-03-13 10:00:00,125.58,787.98,6.53,13.94,63.1
2024-03-13 11:00:00,137.01,654.66,8.21,16.33,45.8
2024-03-13 12:00:00,131.37,883.62,3.45,14.56,57.5
2024-03-13 13:00:00,102.98,672.92,3.36,15.06,57.4
2024-03-13 14:00:00,121.71,787.98,0.95,15.62,47.9
2024-03-13 15:00:00,59.29,399.7,2.65,17.06,58.9
2024-03-13 16:00:00,56.15,355.76,0.5,13.32,73.9
2024-03-13 17:00:00,17.05,117.86,2.45,14.12,84.0
2024-03-13 18:00:00,0.52,0.0,5.08,13.98,82.0
2024-03-13 19:00:00,3.49,0.0,0.5,11.82,82.2
2024-03-13 20:00:00,1.1,0.0,3.59,9.8,82.9
2024-03-13 21:00:00,0.01,0.0,0.5,9.47,92.9
2024-03-13 22:00:00,1.37,0.0,2.2,2.46,95.0
2024-03-13 23:00:00,0.55,0.0,1.18,6.29,81.6
2024-03-14 00:00:00,0.0,0.0,3.08,3.49,73.0
2024-03-14 01:00:00,0.0,0.0,2.64,1.13,70.1
2024-03-14 02:00:00,0.0,0.0,4.18,4.44,84.1
2024-03-14 03:00:00,2.89,0.0,4.82,5.94,73.6
2024-03-14 04:00:00,0.78,0.0,4.55,4.27,70.9
2024-03-14 05:00:00,14.29,0.0,6.57,6.86,57.2
2024-03-14 06:00:00,55.39,0.0,8.84,9.09,58.7
2024-03-14 07:00:00,25.96,163.92,5.25,10.09,57.9
2024-03-14 08:00:00,39.71,280.71,3.96,12.13,58.0
2024-03-14 09:00:00,57.4,382.47,4.08,12.34,53.5
2024-03-14 10:00:00,123.12,705.47,7.06,12.79,49.8
2024-03-14 11:00:00,106.6,697.35,4.69,11.51,51.6
2024-03-14 12:00:00,141.12,950.0,3.59,14.5,63.1
2024-03-14 13:00:00,115.27,776.66,1.45,14.2,60.6
2024-03-14 14:00:00,88.35,574.96,2.56,18.93,65.6
2024-03-14 15:00:00,61.86,410.43,1.29,15.2,61.6
2024-03-14 16:00:00,60.92,385.82,5.53,15.05,55.2
2024-03-14 17:00:00,19.66,125.28,4.45,14.74,71.3
2024-03-14 18:00:00,2.76,0.0,0.5,12.74,73.2
2024-03-14 19:00:00,0.59,0.0,1.96,13.77,82.4
2024-03-14 20:00:00,1.19,0.0,0.69,8.74,95.0
2024-03-14 21:00:00,0.0,0.0,1.95,8.41,88.0
2024-03-14 22:00:00,5.38,0.0,5.3,5.56,95.0
2024-03-14 23:00:00,4.66,0.0,3.43,3.45,87.3
2024-03-15 00:00:00,0.0,0.0,2.99,3.71,79.8
2024-03-15 01:00:00,0.0,0.0,2.84,3.98,82.3
2024-03-15 02:00:00,13.04,0.0,6.59,3.18,86.4
2024-03-15 03:00:00,8.25,0.0,5.87,2.99,83.0
2024-03-15 04:00:00,3.53,0.0,5.38,2.52,67.1
2024-03-15 05:00:00,0.0,0.0,4.31,5.46,67.4
2024-03-15 06:00:00,1.94,0.0,4.99,4.57,55.4
2024-03-15 07:00:00,97.12,117.6,9.58,9.42,63.5
2024-03-15 08:00:00,46.73,283.21,5.64,9.95,64.8
2024-03-15 09:00:00,67.97,435.53,4.73,9.19,55.7
2024-03-15 10:00:00,117.58,755.42,4.92,12.36,51.7
2024-03-15 11:00:00,132.43,833.01,5.94,12.94,57.3
2024-03-15 12:00:00,117.68,784.91,3.02,15.5,59.1
2024-03-15 13:00:00,98.69,646.86,1.63,17.63,59.8
2024-03-15 14:00:00,100.4,680.7,3.24,13.02,63.4
2024-03-15 15:00:00,53.97,372.52,3.27,15.8,65.2
2024-03-15 16:00:00,49.91,336.25,3.24,14.78,75.0
2024-03-15 17:00:00,23.92,160.76,4.42,15.08,77.6
2024-03-15 18:00:00,0.0,0.0,1.17,13.15,72.6
2024-03-15 19:00:00,3.66,0.0,0.5,10.25,75.6
2024-03-15 20:00:00,10.9,0.0,5.88,9.35,81.7
2024-03-15 21:00:00,0.0,0.0,2.07,7.08,88.2
2024-03-15 22:00:00,0.21,0.0,3.45,8.44,85.7
2024-03-15 23:00:00,0.07,0.0,4.18,5.62,81.3
2024-03-16 00:00:00,2.53,0.0,4.04,7.64,84.3
2024-03-16 01:00:00,2.61,0.0,2.82,4.1,79.0
2024-03-16 02:00:00,5.91,0.0,6.26,2.92,81.9
2024-03-16 03:00:00,18.92,0.0,7.03,1.92,75.5
2024-03-16 04:00:00,3.47,0.0,5.81,2.08,68.4
2024-03-16 05:00:00,8.82,0.0,5.68,3.37,67.3
2024-03-16 06:00:00,0.98,0.0,3.72,7.39,69.1
2024-03-16 07:00:00,18.3,132.85,3.42,9.2,56.5
2024-03-16 08:00:00,48.81,318.86,4.75,7.61,59.0
2024-03-16 09:00:00,60.71,404.71,4.29,12.88,55.2
2024-03-16 10:00:00,164.76,787.98,8.49,12.26,57.1
2024-03-16 11:00:00,143.03,891.34,5.98,14.45,52.2
2024-03-16 12:00:00,140.69,944.89,4.66,17.6,57.6
2024-03-16 13:00:00,113.24,730.31,3.38,17.13,64.9
2024-03-16 14:00:00,73.02,465.4,1.08,15.58,57.8
2024-03-16 15:00:00,105.07,605.42,6.88,14.44,59.5
2024-03-16 16:00:00,48.81,324.41,1.46,11.95,63.5
2024-03-16 17:00:00,21.56,120.92,0.5,13.15,68.0
2024-03-16 18:00:00,2.47,0.0,1.78,12.67,80.5
2024-03-16 19:00:00,0.0,0.0,4.33,10.06,73.6
2024-03-16 20:00:00,2.94,0.0,4.68,9.79,81.5
2024-03-16 21:00:00,5.99,0.0,0.5,8.55,87.6
2024-03-16 22:00:00,4.03,0.0,5.41,6.65,87.1
2024-03-16 23:00:00,0.0,0.0,2.15,4.77,82.6
2024-03-17 00:00:00,0.34,0.0,1.04,5.2,83.9
2024-03-17 01:00:00,12.43,0.0,6.52,5.01,81.1
2024-03-17 02:00:00,18.68,0.0,7.16,2.51,76.4
2024-03-17 03:00:00,6.4,0.0,5.72,6.46,72.8
2024-03-17 04:00:00,4.33,0.0,5.92,4.8,81.2
2024-03-17 05:00:00,25.8,0.0,7.62,5.93,70.2
2024-03-17 06:00:00,26.2,0.0,7.48,8.21,74.9
2024-03-17 07:00:00,58.85,130.52,8.38,8.94,56.9
2024-03-17 08:00:00,52.28,295.99,5.81,11.57,56.6
2024-03-17 09:00:00,126.67,414.97,9.3,12.13,48.9
2024-03-17 10:00:00,245.62,787.98,10.81,12.22,51.0
2024-03-17 11:00:00,135.22,908.14,2.26,14.93,65.0
2024-03-17 12:00:00,104.39,641.91,6.02,13.62,54.4
2024-03-17 13:00:00,138.88,908.14,3.29,16.1,69.0
2024-03-17 14:00:00,93.5,622.56,2.25,16.09,56.3
2024-03-17 15:00:00,78.46,526.34,2.98,15.63,60.9
2024-03-17 16:00:00,49.8,324.29,0.5,15.15,68.3
2024-03-17 17:00:00,16.72,123.11,1.91,11.56,73.6
2024-03-17 18:00:00,0.79,0.0,4.23,12.32,82.1
2024-03-17 19:00:00,0.0,0.0,0.5,11.84,82.9
2024-03-17 20:00:00,0.17,0.0,1.71,10.38,80.9
2024-03-17 21:00:00,5.62,0.0,5.78,7.05,83.8
2024-03-17 22:00:00,0.0,0.0,2.46,9.04,83.4
2024-03-17 23:00:00,0.33,0.0,2.59,4.6,79.9
2024-03-18 00:00:00,0.35,0.0,3.52,6.56,78.6
2024-03-18 01:00:00,3.14,0.0,4.42,5.15,85.7
2024-03-18 02:00:00,1.07,0.0,5.5,3.33,68.4
2024-03-18 03:00:00,17.49,0.0,7.01,7.17,82.0
2024-03-18 04:00:00,1.84,0.0,5.3,3.32,68.3
2024-03-18 05:00:00,29.51,0.0,7.66,7.44,62.3
2024-03-18 06:00:00,8.76,0.0,5.98,8.8,66.2
2024-03-18 07:00:00,27.62,163.92,4.94,7.74,66.8
2024-03-18 08:00:00,62.88,358.08,6.38,12.39,62.6
2024-03-18 09:00:00,85.48,484.83,6.42,11.48,58.0
2024-03-18 10:00:00,74.68,501.23,5.1,13.74,60.4
2024-03-18 11:00:00,120.36,825.57,1.75,14.94,46.9
2024-03-18 12:00:00,136.3,925.68,2.1,15.3,54.4
2024-03-18 13:00:00,102.81,685.87,2.22,17.31,54.8
2024-03-18 14:00:00,106.98,704.2,1.73,17.49,68.6
2024-03-18 15:00:00,66.3,481.59,3.32,13.48,64.2
2024-03-18 16:00:00,50.24,317.3,0.5,17.46,74.2
2024-03-18 17:00:00,12.0,78.16,3.33,12.05,76.6
2024-03-18 18:00:00,0.0,0.0,0.64,14.85,73.2
2024-03-18 19:00:00,0.2,0.0,0.94,13.55,77.7
2024-03-18 20:00:00,2.19,0.0,2.22,8.67,89.5
2024-03-18 21:00:00,1.2,0.0,0.95,8.13,80.6
2024-03-18 22:00:00,5.91,0.0,5.38,5.64,85.6
2024-03-18 23:00:00,0.0,0.0,0.98,5.74,80.6
2024-03-19 00:00:00,0.0,0.0,3.53,4.81,81.4
2024-03-19 01:00:00,10.24,0.0,6.53,5.84,80.4
2024-03-19 02:00:00,7.28,0.0,5.41,6.43,73.6
2024-03-19 03:00:00,1.74,0.0,4.19,6.76,69.1
2024-03-19 04:00:00,8.42,0.0,5.15,4.42,71.4
2024-03-19 05:00:00,14.96,0.0,6.87,5.91,61.9
2024-03-19 06:00:00,95.8,0.0,10.08,4.94,58.4
2024-03-19 07:00:00,66.65,155.12,8.42,7.7,54.7
2024-03-19 08:00:00,38.74,229.9,4.76,11.91,56.6
2024-03-19 09:00:00,278.11,605.42,11.82,14.44,60.2
2024-03-19 10:00:00,90.62,602.44,1.34,11.61,62.5
2024-03-19 11:00:00,108.67,723.17,1.4,13.82,51.9
2024-03-19 12:00:00,148.49,950.0,5.78,15.62,67.8
2024-03-19 13:00:00,120.65,813.04,1.75,16.68,54.4
2024-03-19 14:00:00,93.34,624.12,0.5,15.25,67.9
2024-03-19 15:00:00,46.79,314.34,1.07,16.89,62.5
2024-03-19 16:00:00,57.86,385.82,1.71,14.95,65.6
2024-03-19 17:00:00,17.83,106.25,3.16,14.68,70.2
2024-03-19 18:00:00,3.52,0.0,2.46,14.28,77.2
2024-03-19 19:00:00,0.0,0.0,0.56,12.03,83.5
2024-03-19 20:00:00,0.0,0.0,2.09,9.81,86.3
2024-03-19 21:00:00,2.85,0.0,5.54,8.75,79.8
2024-03-19 22:00:00,1.74,0.0,4.71,7.33,80.1
2024-03-19 23:00:00,0.0,0.0,2.42,5.67,79.9
2024-03-20 00:00:00,45.66,0.0,8.48,5.04,82.4
2024-03-20 01:00:00,6.33,0.0,5.47,7.23,79.6
2024-03-20 02:00:00,0.0,0.0,2.29,5.47,72.7
2024-03-20 03:00:00,0.98,0.0,2.4,4.39,75.2
2024-03-20 04:00:00,0.0,0.0,3.82,6.47,81.3
2024-03-20 05:00:00,18.54,0.0,7.0,5.88,63.6
2024-03-20 06:00:00,0.0,0.0,4.18,9.38,60.3
2024-03-20 07:00:00,32.04,157.57,5.8,9.63,62.2
2024-03-20 08:00:00,50.23,322.62,3.3,10.46,54.2
2024-03-20 09:00:00,104.08,416.35,8.28,12.85,58.9
2024-03-20 10:00:00,95.21,622.11,4.04,11.27,51.4
2024-03-20 11:00:00,136.36,783.43,7.2,13.18,64.7
2024-03-20 12:00:00,161.14,937.21,7.3,14.03,58.7
2024-03-20 13:00:00,113.54,746.91,0.5,16.63,56.3
2024-03-20 14:00:00,77.49,526.86,2.63,19.22,59.6
2024-03-20 15:00:00,80.85,519.76,0.5,19.77,63.5
2024-03-20 16:00:00,51.59,334.51,4.96,16.78,76.9
2024-03-20 17:00:00,22.59,143.9,1.97,15.62,67.5
2024-03-20 18:00:00,4.2,0.0,0.5,10.92,74.2
2024-03-20 19:00:00,0.0,0.0,0.5,11.36,77.8
2024-03-20 20:00:00,0.14,0.0,1.5,9.44,82.9
2024-03-20 21:00:00,8.08,0.0,5.79,8.14,83.1
2024-03-20 22:00:00,2.07,0.0,3.85,7.37,77.5
2024-03-20 23:00:00,4.62,0.0,5.68,5.67,82.5
2024-03-21 00:00:00,0.0,0.0,3.15,2.62,82.5
2024-03-21 01:00:00,0.0,0.0,1.61,6.11,77.5
2024-03-21 02:00:00,65.72,0.0,9.12,3.18,80.9
2024-03-21 03:00:00,0.0,0.0,2.13,5.35,78.5
2024-03-21 04:00:00,62.12,0.0,9.09,8.7,69.6
2024-03-21 05:00:00,1.66,0.0,5.09,5.17,67.3
2024-03-21 06:00:00,1.41,0.0,2.56,3.99,51.7
2024-03-21 07:00:00,38.32,156.02,6.76,8.81,57.3
2024-03-21 08:00:00,138.31,274.18,10.12,12.44,62.0
2024-03-21 09:00:00,126.2,411.62,9.23,15.28,53.4
2024-03-21 10:00:00,90.32,628.79,3.04,11.94,51.3
2024-03-21 11:00:00,102.16,692.12,2.68,15.77,66.9
2024-03-21 12:00:00,118.39,775.92,4.14,15.29,66.1
2024-03-21 13:00:00,89.27,575.62,4.01,16.42,61.7
2024-03-21 14:00:00,119.25,783.11,4.15,20.75,68.2
2024-03-21 15:00:00,91.92,605.42,0.75,14.33,55.0
2024-03-21 16:00:00,38.71,215.25,5.9,16.36,66.1
2024-03-21 17:00:00,26.06,163.39,2.61,15.73,71.5
2024-03-21 18:00:00,0.84,0.0,3.99,15.42,76.3
2024-03-21 19:00:00,3.61,0.0,2.08,12.49,78.2
2024-03-21 20:00:00,0.0,0.0,1.65,11.25,70.2
2024-03-21 21:00:00,18.0,0.0,6.82,8.65,86.4
2024-03-21 22:00:00,1.75,0.0,3.23,8.19,87.7
2024-03-21 23:00:00,6.7,0.0,5.67,6.03,92.5
2024-03-22 00:00:00,20.74,0.0,7.49,6.69,79.0
2024-03-22 01:00:00,5.05,0.0,5.27,4.6,76.3
2024-03-22 02:00:00,2.13,0.0,5.06,5.52,64.1
2024-03-22 03:00:00,0.0,0.0,1.76,5.11,72.4
2024-03-22 04:00:00,0.0,0.0,2.78,7.44,74.5
2024-03-22 05:00:00,0.48,0.0,4.21,6.63,63.1
2024-03-22 06:00:00,0.53,0.0,4.19,5.29,73.2
2024-03-22 07:00:00,18.85,136.72,4.51,11.29,58.1
2024-03-22 08:00:00,56.0,385.82,4.57,9.59,57.7
2024-03-22 09:00:00,79.05,513.91,4.53,11.52,48.7
2024-03-22 10:00:00,96.11,623.93,4.42,13.06,56.4
2024-03-22 11:00:00,136.6,908.14,2.13,17.26,45.6
2024-03-22 12:00:00,112.92,737.45,1.08,12.94,60.5
2024-03-22 13:00:00,87.25,579.47,4.22,21.45,63.0
2024-03-22 14:00:00,91.19,608.69,3.0,18.53,69.3
2024-03-22 15:00:00,83.79,570.82,2.12,17.08,61.0
2024-03-22 16:00:00,54.75,385.82,2.78,16.06,70.8
2024-03-22 17:00:00,25.21,142.06,3.88,15.62,76.7
2024-03-22 18:00:00,2.26,0.0,1.45,14.73,79.7
2024-03-22 19:00:00,0.0,0.0,2.62,13.47,76.3
2024-03-22 20:00:00,6.08,0.0,5.76,11.78,71.0
2024-03-22 21:00:00,0.74,0.0,4.51,9.53,86.2
2024-03-22 22:00:00,0.0,0.0,2.44,7.65,84.2
2024-03-22 23:00:00,0.0,0.0,4.05,6.48,81.7
2024-03-23 00:00:00,0.76,0.0,2.14,5.63,86.8
2024-03-23 01:00:00,2.83,0.0,4.63,7.02,80.4
2024-03-23 02:00:00,73.8,0.0,9.43,6.01,70.9
2024-03-23 03:00:00,3.17,0.0,5.32,0.91,64.2
2024-03-23 04:00:00,50.79,0.0,8.71,6.9,64.4
2024-03-23 05:00:00,5.14,0.0,5.28,7.16,78.1
2024-03-23 06:00:00,200.93,0.0,12.73,8.09,66.1
2024-03-23 07:00:00,28.98,135.27,6.15,8.98,60.3
2024-03-23 08:00:00,49.4,329.78,2.81,12.8,56.1
2024-03-23 09:00:00,84.12,521.48,5.67,14.09,54.3
2024-03-23 10:00:00,91.95,618.68,3.68,12.96,60.8
2024-03-23 11:00:00,137.86,908.14,1.47,15.97,53.1
2024-03-23 12:00:00,99.73,640.85,5.76,14.85,59.9
2024-03-23 13:00:00,100.23,673.7,2.17,14.84,57.7
2024-03-23 14:00:00,120.46,787.98,4.56,16.18,72.2
2024-03-23 15:00:00,60.79,420.34,1.34,18.2,69.8
2024-03-23 16:00:00,34.29,249.6,0.51,17.74,76.2
2024-03-23 17:00:00,32.48,157.39,6.17,16.13,71.0
2024-03-23 18:00:00,0.0,0.0,1.13,15.2,82.8
2024-03-23 19:00:00,0.0,0.0,2.4,13.44,79.0
2024-03-23 20:00:00,1.51,0.0,2.65,10.15,83.5
2024-03-23 21:00:00,0.0,0.0,2.7,10.21,92.7
2024-03-23 22:00:00,8.45,0.0,5.78,9.32,79.8
2024-03-23 23:00:00,0.0,0.0,4.22,8.0,85.5
2024-03-24 00:00:00,0.0,0.0,3.33,7.87,85.2
2024-03-24 01:00:00,14.26,0.0,6.66,6.55,83.2
2024-03-24 02:00:00,0.0,0.0,3.16,5.81,75.2
2024-03-24 03:00:00,6.08,0.0,5.45,7.09,84.3
2024-03-24 04:00:00,64.97,0.0,9.15,6.04,63.5
2024-03-24 05:00:00,7.51,0.0,6.39,5.71,73.4
2024-03-24 06:00:00,28.86,0.0,7.72,8.04,68.6
2024-03-24 07:00:00,25.49,82.74,6.55,8.61,68.9
2024-03-24 08:00:00,68.52,280.44,7.65,10.27,49.1
2024-03-24 09:00:00,119.37,475.84,8.71,12.62,51.2
2024-03-24 10:00:00,96.52,639.17,3.68,13.09,62.5
2024-03-24 11:00:00,116.37,746.32,2.61,15.06,46.1
2024-03-24 12:00:00,141.83,950.0,3.73,13.64,49.0
2024-03-24 13:00:00,140.1,908.14,4.39,17.4,57.0
2024-03-24 14:00:00,95.92,649.49,1.43,17.28,63.5
2024-03-24 15:00:00,91.24,605.42,0.5,15.85,74.1
2024-03-24 16:00:00,53.84,348.65,1.3,17.47,69.1
2024-03-24 17:00:00,28.45,140.91,5.99,16.93,70.8
2024-03-24 18:00:00,0.0,0.0,2.87,11.87,79.1
2024-03-24 19:00:00,1.45,0.0,1.39,11.69,83.0
2024-03-24 20:00:00,3.78,0.0,0.5,10.13,85.2
2024-03-24 21:00:00,0.6,0.0,1.68,8.32,83.6
2024-03-24 22:00:00,0.0,0.0,1.1,9.52,75.2
2024-03-24 23:00:00,0.0,0.0,1.15,6.75,79.9
2024-03-25 00:00:00,18.54,0.0,6.66,5.85,90.1
2024-03-25 01:00:00,126.46,0.0,10.72,2.65,81.5
2024-03-25 02:00:00,0.0,0.0,3.06,6.4,75.9
2024-03-25 03:00:00,0.0,0.0,2.63,3.79,79.5
2024-03-25 04:00:00,0.0,0.0,4.7,6.34,64.3
2024-03-25 05:00:00,5.28,0.0,5.55,7.62,65.0
2024-03-25 06:00:00,1.92,0.0,4.3,10.49,63.2
2024-03-25 07:00:00,21.58,139.23,4.76,7.93,57.2
2024-03-25 08:00:00,35.64,235.92,4.01,6.92,57.5
2024-03-25 09:00:00,80.92,454.25,6.81,13.28,54.6
2024-03-25 10:00:00,91.95,563.07,5.97,17.15,48.0
2024-03-25 11:00:00,135.59,882.15,5.03,17.55,56.4
2024-03-25 12:00:00,122.56,824.15,3.25,16.96,50.4
2024-03-25 13:00:00,101.71,596.79,6.18,16.5,60.2
2024-03-25 14:00:00,131.22,773.8,6.94,18.66,69.4
2024-03-25 15:00:00,58.23,384.4,0.7,15.78,64.7
2024-03-25 16:00:00,53.75,347.05,0.67,17.36,64.1
2024-03-25 17:00:00,17.74,119.31,2.01,16.45,73.2
2024-03-25 18:00:00,0.0,0.0,0.5,16.04,73.3
2024-03-25 19:00:00,0.0,0.0,1.56,17.14,83.6
2024-03-25 20:00:00,2.71,0.0,2.5,12.04,82.3
2024-03-25 21:00:00,0.0,0.0,2.51,9.13,93.0
2024-03-25 22:00:00,1.07,0.0,1.97,8.41,90.8
2024-03-25 23:00:00,1.38,0.0,3.51,4.55,83.7
2024-03-26 00:00:00,25.86,0.0,7.62,5.38,86.6
2024-03-26 01:00:00,0.0,0.0,2.83,5.2,78.6
2024-03-26 02:00:00,7.65,0.0,5.63,4.83,77.7
2024-03-26 03:00:00,0.0,0.0,2.51,6.05,72.1
2024-03-26 04:00:00,4.26,0.0,3.06,5.18,73.8
2024-03-26 05:00:00,5.95,0.0,6.0,9.05,73.3
2024-03-26 06:00:00,0.0,0.0,3.66,8.61,66.5
2024-03-26 07:00:00,18.66,122.6,2.74,10.05,64.0
2024-03-26 08:00:00,42.62,253.62,3.84,11.12,61.6
2024-03-26 09:00:00,91.56,605.42,5.55,13.4,58.3
2024-03-26 10:00:00,115.71,727.87,5.92,15.85,49.3
2024-03-26 11:00:00,112.06,740.71,2.81,14.56,64.0
2024-03-26 12:00:00,98.25,645.47,4.71,15.82,66.0
2024-03-26 13:00:00,99.76,659.97,1.65,16.95,58.2
2024-03-26 14:00:00,116.78,787.98,3.4,15.59,60.6
2024-03-26 15:00:00,77.87,527.11,1.96,16.18,69.2
2024-03-26 16:00:00,44.12,296.08,2.89,16.1,72.8
2024-03-26 17:00:00,48.62,151.86,7.68,17.17,72.9
2024-03-26 18:00:00,2.67,0.0,5.16,15.01,71.2
2024-03-26 19:00:00,0.0,0.0,0.5,13.46,82.1
2024-03-26 20:00:00,0.32,0.0,4.66,12.89,85.7
2024-03-26 21:00:00,0.64,0.0,0.5,9.85,88.1
2024-03-26 22:00:00,7.92,0.0,6.48,9.2,86.7
2024-03-26 23:00:00,0.0,0.0,2.2,7.22,83.1
2024-03-27 00:00:00,4.64,0.0,3.23,6.98,88.0
2024-03-27 01:00:00,0.0,0.0,2.07,5.11,80.9
2024-03-27 02:00:00,2.57,0.0,2.71,2.12,75.2
2024-03-27 03:00:00,11.67,0.0,6.48,5.78,73.0
2024-03-27 04:00:00,58.64,0.0,9.02,8.72,61.3
2024-03-27 05:00:00,7.35,0.0,6.31,8.93,65.2
2024-03-27 06:00:00,17.78,0.0,7.0,10.23,65.9
2024-03-27 07:00:00,46.6,152.31,7.24,12.08,61.1
2024-03-27 08:00:00,32.6,218.01,4.35,11.91,64.6
2024-03-27 09:00:00,75.28,502.96,2.53,13.63,54.2
2024-03-27 10:00:00,77.96,506.27,1.26,13.85,57.4
2024-03-27 11:00:00,134.95,894.75,3.59,15.55,59.5
2024-03-27 12:00:00,134.74,919.24,2.51,17.9,68.7
2024-03-27 13:00:00,97.64,649.59,0.78,19.38,60.1
2024-03-27 14:00:00,89.91,579.24,1.15,17.57,57.3
2024-03-27 15:00:00,70.83,472.72,0.5,16.9,70.4
2024-03-27 16:00:00,26.51,197.57,5.05,16.98,79.3
2024-03-27 17:00:00,22.91,147.59,0.5,16.93,72.3
2024-03-27 18:00:00,0.0,0.0,2.0,12.62,81.7
2024-03-27 19:00:00,0.0,0.0,2.36,9.89,86.8
2024-03-27 20:00:00,0.0,0.0,2.3,10.95,88.1
2024-03-27 21:00:00,1.95,0.0,0.5,8.4,85.1
2024-03-27 22:00:00,0.0,0.0,1.91,8.02,81.5
2024-03-27 23:00:00,0.0,0.0,0.66,7.32,84.1
2024-03-28 00:00:00,0.0,0.0,3.29,6.07,85.3
2024-03-28 01:00:00,0.0,0.0,2.73,8.33,85.1
2024-03-28 02:00:00,2.82,0.0,5.12,6.44,79.2
2024-03-28 03:00:00,9.16,0.0,6.27,6.6,72.0
2024-03-28 04:00:00,3.02,0.0,5.7,7.69,72.8
2024-03-28 05:00:00,2.85,0.0,5.42,6.0,70.4
2024-03-28 06:00:00,4.03,0.0,5.25,10.51,64.4
2024-03-28 07:00:00,54.95,154.06,7.87,10.28,55.2
2024-03-28 08:00:00,38.93,258.05,4.12,12.95,56.1
2024-03-28 09:00:00,104.14,588.08,6.53,11.89,60.3
2024-03-28 10:00:00,96.47,569.35,6.27,12.62,48.1
2024-03-28 11:00:00,107.84,706.12,3.93,17.42,45.0
2024-03-28 12:00:00,132.14,883.12,2.8,17.71,64.6
2024-03-28 13:00:00,102.67,681.54,3.15,16.39,62.0
2024-03-28 14:00:00,100.27,674.22,0.56,16.64,65.5
2024-03-28 15:00:00,74.46,486.03,0.5,19.43,60.7
2024-03-28 16:00:00,50.09,335.43,0.5,15.36,73.7
2024-03-28 17:00:00,12.56,80.79,0.5,18.66,75.3
2024-03-28 18:00:00,0.32,0.0,1.83,13.6,69.6
2024-03-28 19:00:00,0.31,0.0,4.08,14.46,87.7
2024-03-28 20:00:00,5.88,0.0,0.74,11.46,83.8
2024-03-28 21:00:00,4.04,0.0,5.7,11.3,82.5
2024-03-28 22:00:00,10.66,0.0,6.52,8.13,83.1
2024-03-28 23:00:00,20.42,0.0,7.11,7.46,74.4
2024-03-29 00:00:00,5.53,0.0,5.9,6.98,86.0
2024-03-29 01:00:00,0.0,0.0,3.66,4.82,81.9
2024-03-29 02:00:00,0.0,0.0,2.39,7.23,76.5
2024-03-29 03:00:00,5.66,0.0,5.57,5.55,80.3
2024-03-29 04:00:00,7.29,0.0,5.84,6.58,63.1
2024-03-29 05:00:00,32.68,0.0,7.95,6.38,63.1
2024-03-29 06:00:00,187.25,0.0,11.78,5.27,58.2
2024-03-29 07:00:00,17.9,104.73,5.78,10.28,58.0
2024-03-29 08:00:00,52.81,351.23,4.78,15.74,57.3
2024-03-29 09:00:00,90.53,605.42,3.61,14.85,57.7
2024-03-29 10:00:00,100.04,682.55,1.4,15.09,53.3
2024-03-29 11:00:00,94.47,648.41,4.37,15.97,51.1
2024-03-29 12:00:00,141.34,944.01,4.09,17.35,65.4
2024-03-29 13:00:00,133.96,862.3,5.27,18.73,71.5
2024-03-29 14:00:00,84.84,548.5,2.83,16.35,63.2
2024-03-29 15:00:00,85.03,549.24,5.39,19.58,62.3
2024-03-29 16:00:00,59.32,385.66,2.75,18.39,77.4
2024-03-29 17:00:00,26.13,163.92,4.0,17.44,66.6
2024-03-29 18:00:00,2.44,0.0,0.5,15.78,75.8
2024-03-29 19:00:00,0.0,0.0,4.14,13.7,77.1
2024-03-29 20:00:00,0.0,0.0,3.01,13.13,77.2
2024-03-29 21:00:00,0.14,0.0,0.68,11.45,83.1
2024-03-29 22:00:00,0.0,0.0,1.22,8.59,80.7
2024-03-29 23:00:00,9.75,0.0,6.44,7.01,84.6
2024-03-30 00:00:00,0.0,0.0,0.95,7.24,83.1
2024-03-30 01:00:00,0.0,0.0,4.14,8.82,77.5
2024-03-30 02:00:00,0.47,0.0,3.89,4.43,75.6
2024-03-30 03:00:00,9.59,0.0,6.1,4.29,72.7
2024-03-30 04:00:00,26.94,0.0,7.65,7.34,74.0
2024-03-30 05:00:00,3.16,0.0,5.05,8.12,65.4
2024-03-30 06:00:00,4.06,0.0,5.45,9.55,66.6
2024-03-30 07:00:00,136.95,161.02,10.39,11.1,62.3
2024-03-30 08:00:00,62.46,283.87,7.2,11.95,59.9
2024-03-30 09:00:00,106.19,486.81,7.95,16.07,62.5
2024-03-30 10:00:00,103.23,686.97,4.51,12.89,49.4
2024-03-30 11:00:00,101.08,676.06,2.99,15.29,53.1
2024-03-30 12:00:00,140.95,950.0,3.37,17.33,65.8
2024-03-30 13:00:00,117.86,791.58,4.48,15.62,58.1
2024-03-30 14:00:00,54.09,350.25,0.69,18.02,48.4
2024-03-30 15:00:00,79.65,545.42,1.25,20.57,65.1
2024-03-30 16:00:00,45.53,307.8,0.5,17.51,70.7
2024-03-30 17:00:00,22.65,137.49,1.54,16.88,60.8
2024-03-30 18:00:00,0.0,0.0,3.81,13.4,84.2
2024-03-30 19:00:00,1.66,0.0,0.5,12.92,77.0
2024-03-30 20:00:00,0.0,0.0,3.02,11.72,84.6
2024-03-30 21:00:00,2.99,0.0,5.65,10.26,83.4
2024-03-30 22:00:00,0.0,0.0,1.48,11.21,78.6
2024-03-30 23:00:00,3.28,0.0,4.34,8.88,79.1
2024-03-31 00:00:00,35.18,0.0,8.15,5.59,78.3
2024-03-31 01:00:00,40.89,0.0,8.24,7.03,86.0
2024-03-31 02:00:00,0.0,0.0,3.47,7.2,76.8
2024-03-31 03:00:00,2.63,0.0,3.03,8.37,71.3
2024-03-31 04:00:00,4.5,0.0,3.69,9.63,65.3
2024-03-31 05:00:00,12.17,0.0,6.84,6.69,72.1
2024-03-31 06:00:00,16.18,0.0,7.06,8.24,69.8
2024-03-31 07:00:00,39.06,159.5,6.67,9.02,65.3
2024-03-31 08:00:00,43.39,272.91,4.73,12.11,59.5
2024-03-31 09:00:00,88.26,577.8,3.51,14.71,57.0
2024-03-31 10:00:00,93.17,608.72,5.22,16.94,48.9
2024-03-31 11:00:00,99.38,632.53,4.25,16.59,54.3
2024-03-31 12:00:00,129.81,847.41,5.08,17.17,53.6
2024-03-31 13:00:00,58.7,407.58,3.0,18.48,50.3
2024-03-31 14:00:00,68.92,462.82,2.01,17.2,67.8
2024-03-31 15:00:00,72.37,498.49,1.37,21.39,62.6
2024-03-31 16:00:00,53.09,332.72,0.61,15.24,76.0
2024-03-31 17:00:00,18.22,130.25,0.71,16.98,78.3
2024-03-31 18:00:00,0.98,0.0,0.5,18.49,80.3
2024-03-31 19:00:00,0.0,0.0,1.12,14.02,83.7
2024-03-31 20:00:00,0.0,0.0,0.5,12.17,79.9
2024-03-31 21:00:00,0.0,0.0,0.78,10.37,93.8
2024-03-31 22:00:00,1.67,0.0,4.2,9.19,85.2
2024-03-31 23:00:00,2.6,0.0,2.43,10.27,86.0
2024-04-01 00:00:00,0.0,0.0,4.71,4.11,79.7
2024-04-01 01:00:00,1.3,0.0,5.52,9.13,76.0
2024-04-01 02:00:00,4.63,0.0,5.22,4.49,79.9
2024-04-01 03:00:00,57.02,0.0,9.04,6.43,75.0
2024-04-01 04:00:00,2.44,0.0,2.52,6.79,66.1
2024-04-01 05:00:00,16.76,0.0,7.08,9.27,58.9
2024-04-01 06:00:00,77.51,0.0,9.62,7.23,56.2
2024-04-01 07:00:00,60.92,163.92,8.07,11.77,65.4
2024-04-01 08:00:00,44.64,310.42,3.82,15.66,53.9
2024-04-01 09:00:00,90.1,605.42,4.37,12.14,53.8
2024-04-01 10:00:00,97.75,646.93,3.11,15.91,62.3
2024-04-01 11:00:00,133.1,908.14,4.85,15.88,49.9
2024-04-01 12:00:00,126.05,804.39,4.97,18.46,53.4
2024-04-01 13:00:00,130.33,868.25,2.39,18.45,55.5
2024-04-01 14:00:00,115.61,787.98,3.01,17.66,70.6
2024-04-01 15:00:00,72.54,497.04,3.43,19.15,76.1
2024-04-01 16:00:00,53.07,340.59,1.69,20.53,73.8
2024-04-01 17:00:00,26.18,163.92,4.13,16.58,77.8
2024-04-01 18:00:00,2.79,0.0,3.37,16.71,74.6
2024-04-01 19:00:00,0.0,0.0,0.5,12.24,90.3
2024-04-01 20:00:00,0.59,0.0,2.71,11.19,84.3
2024-04-01 21:00:00,0.85,0.0,1.06,11.78,88.8
2024-04-01 22:00:00,1.39,0.0,3.1,11.85,84.5
2024-04-01 23:00:00,20.57,0.0,7.06,8.92,83.1
2024-04-02 00:00:00,8.62,0.0,6.32,7.13,91.3
2024-04-02 01:00:00,0.0,0.0,3.86,7.0,83.3
2024-04-02 02:00:00,0.0,0.0,3.77,4.92,84.8
2024-04-02 03:00:00,0.08,0.0,3.88,7.91,75.2
2024-04-02 04:00:00,6.83,0.0,5.71,8.93,65.8
2024-04-02 05:00:00,0.0,0.0,3.66,7.88,63.2
2024-04-02 06:00:00,10.07,0.0,6.06,9.09,63.0
2024-04-02 07:00:00,12.93,101.38,2.15,11.64,56.3
2024-04-02 08:00:00,58.54,385.82,4.67,12.14,51.5
2024-04-02 09:00:00,81.23,524.01,3.8,14.25,61.5
2024-04-02 10:00:00,178.18,787.98,9.0,18.95,52.3
2024-04-02 11:00:00,115.9,736.49,5.59,16.67,56.2
2024-04-02 12:00:00,99.95,682.1,3.07,17.46,58.5
2024-04-02 13:00:00,119.2,808.58,1.04,17.62,56.5
2024-04-02 14:00:00,98.52,644.27,2.89,19.91,69.8
2024-04-02 15:00:00,59.97,407.65,0.94,18.32,60.5
2024-04-02 16:00:00,56.88,385.82,2.26,17.02,71.3
2024-04-02 17:00:00,20.77,124.03,3.95,19.02,75.1
2024-04-02 18:00:00,0.0,0.0,2.41,17.93,77.2
2024-04-02 19:00:00,0.54,0.0,2.58,13.45,74.1
2024-04-02 20:00:00,0.09,0.0,2.28,10.0,87.3
2024-04-02 21:00:00,4.59,0.0,5.56,12.76,88.2
2024-04-02 22:00:00,6.76,0.0,6.05,8.77,81.6
2024-04-02 23:00:00,0.0,0.0,3.36,9.74,88.0
2024-04-03 00:00:00,0.0,0.0,2.85,4.82,84.9
2024-04-03 01:00:00,1.36,0.0,4.13,8.51,74.2
2024-04-03 02:00:00,0.0,0.0,3.2,5.15,73.2
2024-04-03 03:00:00,8.89,0.0,5.94,8.27,79.6
2024-04-03 04:00:00,4.06,0.0,5.54,7.79,71.5
2024-04-03 05:00:00,0.0,0.0,3.58,7.3,63.3
2024-04-03 06:00:00,0.08,0.0,4.26,9.36,58.2
2024-04-03 07:00:00,25.82,143.95,5.64,12.45,56.8
2024-04-03 08:00:00,81.9,282.39,8.15,13.13,54.8
2024-04-03 09:00:00,83.83,533.07,5.56,15.4,51.3
2024-04-03 10:00:00,117.92,750.36,5.78,18.93,46.3
2024-04-03 11:00:00,138.32,903.03,3.53,14.87,61.2
2024-04-03 12:00:00,96.38,632.77,4.17,20.59,61.9
2024-04-03 13:00:00,139.55,908.14,3.03,18.92,53.0
2024-04-03 14:00:00,116.67,760.49,3.65,17.62,63.2
2024-04-03 15:00:00,75.39,514.45,0.5,16.77,61.6
2024-04-03 16:00:00,59.85,385.82,2.04,17.88,68.7
2024-04-03 17:00:00,27.64,163.92,0.86,18.59,72.2
2024-04-03 18:00:00,3.07,0.0,0.95,15.78,75.4
2024-04-03 19:00:00,7.68,0.0,5.75,16.79,90.6
2024-04-03 20:00:00,1.94,0.0,0.5,10.79,80.8
2024-04-03 21:00:00,0.0,0.0,1.46,11.4,80.4
2024-04-03 22:00:00,0.0,0.0,2.86,8.09,81.2
2024-04-03 23:00:00,4.3,0.0,5.63,9.27,89.7
2024-04-04 00:00:00,0.0,0.0,3.4,9.27,74.7
2024-04-04 01:00:00,8.06,0.0,5.7,6.71,76.8
2024-04-04 02:00:00,18.1,0.0,7.08,3.23,84.7
2024-04-04 03:00:00,3.16,0.0,4.28,7.64,75.1
2024-04-04 04:00:00,0.0,0.0,5.01,8.6,71.0
2024-04-04 05:00:00,4.47,0.0,5.03,9.5,76.8
2024-04-04 06:00:00,30.54,0.0,7.86,11.99,63.7
2024-04-04 07:00:00,20.02,150.57,3.03,9.98,55.9
2024-04-04 08:00:00,50.14,305.18,4.59,14.16,55.6
2024-04-04 09:00:00,77.89,445.37,6.19,16.48,49.8
2024-04-04 10:00:00,90.11,579.91,5.14,13.47,61.3
2024-04-04 11:00:00,108.1,718.3,4.01,17.86,58.4
2024-04-04 12:00:00,130.46,862.0,4.01,17.58,62.6
2024-04-04 13:00:00,89.37,593.17,1.74,18.81,65.5
2024-04-04 14:00:00,91.84,622.84,2.47,19.66,60.4
2024-04-04 15:00:00,75.8,510.84,2.4,18.21,61.4
2024-04-04 16:00:00,45.33,264.34,4.86,17.32,69.7
2024-04-04 17:00:00,29.93,163.92,0.68,17.43,69.5
2024-04-04 18:00:00,3.6,0.0,4.2,14.51,78.3
2024-04-04 19:00:00,0.96,0.0,2.64,13.06,86.3
2024-04-04 20:00:00,0.0,0.0,0.5,14.16,82.1
2024-04-04 21:00:00,0.0,0.0,3.64,9.86,85.2
2024-04-04 22:00:00,0.0,0.0,0.5,11.14,84.5
2024-04-04 23:00:00,77.79,0.0,9.6,9.59,88.5
2024-04-05 00:00:00,13.73,0.0,6.25,5.53,79.7
2024-04-05 01:00:00,3.62,0.0,3.32,6.5,69.6
2024-04-05 02:00:00,1.55,0.0,3.59,9.1,79.9
2024-04-05 03:00:00,0.0,0.0,4.64,6.04,78.8
2024-04-05 04:00:00,3.47,0.0,4.83,7.42,72.2
2024-04-05 05:00:00,2.11,0.0,5.11,9.76,62.9
2024-04-05 06:00:00,0.0,0.0,4.91,11.49,56.8
2024-04-05 07:00:00,35.67,163.92,6.37,11.38,61.9
2024-04-05 08:00:00,36.63,254.49,3.79,12.42,57.7
2024-04-05 09:00:00,112.51,605.42,7.4,17.0,54.9
2024-04-05 10:00:00,111.74,656.62,6.69,18.92,64.1
2024-04-05 11:00:00,121.39,812.66,4.21,19.02,50.8
2024-04-05 12:00:00,146.62,926.22,6.05,18.64,65.9
2024-04-05 13:00:00,102.74,686.06,2.02,17.9,59.6
2024-04-05 14:00:00,112.04,771.93,0.5,18.07,53.3
2024-04-05 15:00:00,43.35,268.73,3.01,19.89,65.2
2024-04-05 16:00:00,40.98,286.28,1.87,19.14,74.8
2024-04-05 17:00:00,15.59,116.61,2.22,19.66,72.1
2024-04-05 18:00:00,0.4,0.0,4.57,17.29,70.1
2024-04-05 19:00:00,7.38,0.0,6.03,12.61,79.8
2024-04-05 20:00:00,2.92,0.0,2.78,14.89,78.7
2024-04-05 21:00:00,0.74,0.0,3.9,10.26,86.9
2024-04-05 22:00:00,1.13,0.0,0.5,9.74,88.9
2024-04-05 23:00:00,0.55,0.0,1.52,9.44,79.2
2024-04-06 00:00:00,3.03,0.0,5.11,11.28,79.5
2024-04-06 01:00:00,0.88,0.0,3.99,12.35,84.4
2024-04-06 02:00:00,0.0,0.0,4.54,8.39,73.2
2024-04-06 03:00:00,0.07,0.0,4.27,7.41,68.5
2024-04-06 04:00:00,10.47,0.0,6.1,9.09,64.1
2024-04-06 05:00:00,8.27,0.0,4.12,10.57,67.9
2024-04-06 06:00:00,9.07,0.0,6.47,10.0,64.0
2024-04-06 07:00:00,20.04,125.81,4.05,14.62,56.0
2024-04-06 08:00:00,45.31,309.7,3.04,13.83,57.0
2024-04-06 09:00:00,85.67,538.95,4.38,15.78,63.1
2024-04-06 10:00:00,110.46,754.31,3.45,17.48,50.1
2024-04-06 11:00:00,132.96,764.95,6.95,18.36,45.8
2024-04-06 12:00:00,118.66,809.8,1.22,19.94,59.3
2024-04-06 13:00:00,118.08,791.44,1.62,18.35,58.8
2024-04-06 14:00:00,91.25,608.8,3.06,18.65,58.9
2024-04-06 15:00:00,66.72,430.57,2.3,17.63,69.4
2024-04-06 16:00:00,31.8,226.35,0.5,19.34,74.2
2024-04-06 17:00:00,19.66,122.24,0.5,18.89,62.8
2024-04-06 18:00:00,15.7,0.0,6.85,17.17,74.2
2024-04-06 19:00:00,0.55,0.0,2.72,17.55,92.2
2024-04-06 20:00:00,1.92,0.0,1.41,13.48,85.9
2024-04-06 21:00:00,0.0,0.0,2.25,12.93,87.9
2024-04-06 22:00:00,1.62,0.0,1.64,8.85,90.9
2024-04-06 23:00:00,0.0,0.0,2.53,8.66,84.6
2024-04-07 00:00:00,3.31,0.0,4.6,9.5,87.0
2024-04-07 01:00:00,16.72,0.0,6.88,9.13,84.2
2024-04-07 02:00:00,0.0,0.0,3.18,7.21,80.2
2024-04-07 03:00:00,21.31,0.0,7.34,7.75,72.3
2024-04-07 04:00:00,1.68,0.0,3.51,6.18,70.9
2024-04-07 05:00:00,3.12,0.0,4.29,8.88,63.2
2024-04-07 06:00:00,0.0,0.0,3.02,11.99,62.6
2024-04-07 07:00:00,13.63,104.91,3.84,12.97,53.6
2024-04-07 08:00:00,95.26,313.52,8.55,14.41,53.1
2024-04-07 09:00:00,60.72,408.99,5.02,15.28,54.1
2024-04-07 10:00:00,90.53,620.92,2.43,16.67,50.3
2024-04-07 11:00:00,152.15,776.33,8.17,16.91,53.0
2024-04-07 12:00:00,151.72,950.0,6.32,19.9,56.2
2024-04-07 13:00:00,108.61,732.35,4.73,20.08,61.4
2024-04-07 14:00:00,122.33,787.98,6.08,20.39,67.2
2024-04-07 15:00:00,88.54,605.42,0.98,18.66,63.8
2024-04-07 16:00:00,59.59,385.82,4.16,15.62,76.7
2024-04-07 17:00:00,19.41,146.33,2.9,19.54,78.6
2024-04-07 18:00:00,0.0,0.0,4.22,15.94,80.0
2024-04-07 19:00:00,3.96,0.0,3.63,13.91,81.4
2024-04-07 20:00:00,0.0,0.0,1.32,14.7,84.6
2024-04-07 21:00:00,0.94,0.0,3.98,11.51,90.4
2024-04-07 22:00:00,0.0,0.0,1.62,12.25,91.1
2024-04-07 23:00:00,4.33,0.0,2.44,10.34,91.2
2024-04-08 00:00:00,0.0,0.0,1.68,9.66,83.2
2024-04-08 01:00:00,26.71,0.0,7.63,5.98,83.4
2024-04-08 02:00:00,2.76,0.0,3.77,9.65,84.2
2024-04-08 03:00:00,3.09,0.0,5.33,8.42,70.8
2024-04-08 04:00:00,2.31,0.0,5.01,8.08,68.4
2024-04-08 05:00:00,77.8,0.0,9.59,9.8,66.2
2024-04-08 06:00:00,1.63,0.0,4.99,8.16,67.0
2024-04-08 07:00:00,43.47,133.83,7.35,12.89,64.0
2024-04-08 08:00:00,71.67,267.48,7.81,12.28,55.9
2024-04-08 09:00:00,91.42,605.42,4.91,13.35,48.0
2024-04-08 10:00:00,117.15,787.98,4.21,14.54,56.2
2024-04-08 11:00:00,102.05,651.51,5.72,19.74,50.9
2024-04-08 12:00:00,135.95,828.49,6.75,18.08,49.6
2024-04-08 13:00:00,100.14,679.22,4.74,21.92,53.1
2024-04-08 14:00:00,111.96,742.46,1.43,19.02,64.1
2024-04-08 15:00:00,88.25,560.89,5.01,17.06,72.9
2024-04-08 16:00:00,57.98,374.92,1.52,17.35,70.2
2024-04-08 17:00:00,17.36,147.49,2.27,19.92,74.9
2024-04-08 18:00:00,0.0,0.0,3.85,16.59,83.4
2024-04-08 19:00:00,0.0,0.0,0.5,14.56,72.9
2024-04-08 20:00:00,0.4,0.0,3.74,14.07,85.6
2024-04-08 21:00:00,0.0,0.0,2.89,13.03,84.4
2024-04-08 22:00:00,5.42,0.0,5.49,12.5,87.8
2024-04-08 23:00:00,0.0,0.0,1.59,11.76,82.1
2024-04-09 00:00:00,0.0,0.0,3.42,8.26,78.9
2024-04-09 01:00:00,8.65,0.0,6.38,6.22,81.3
2024-04-09 02:00:00,0.01,0.0,1.75,7.38,85.7
2024-04-09 03:00:00,0.18,0.0,3.12,8.59,78.2
2024-04-09 04:00:00,127.02,0.0,10.79,7.36,67.5
2024-04-09 05:00:00,0.0,0.0,4.65,8.32,59.4
2024-04-09 06:00:00,101.11,0.0,10.17,11.52,54.1
2024-04-09 07:00:00,15.64,120.49,4.1,12.37,66.0
2024-04-09 08:00:00,45.31,312.64,4.86,14.05,52.2
2024-04-09 09:00:00,94.67,547.82,6.65,14.42,53.9
2024-04-09 10:00:00,70.14,440.29,5.65,16.65,61.6
2024-04-09 11:00:00,66.75,447.04,4.74,16.86,47.4
2024-04-09 12:00:00,127.36,856.82,3.96,20.53,64.5
2024-04-09 13:00:00,129.86,838.94,5.44,21.35,58.1
2024-04-09 14:00:00,116.76,787.98,1.47,17.23,56.8
2024-04-09 15:00:00,79.49,528.96,2.11,18.4,64.9
2024-04-09 16:00:00,55.55,375.39,0.5,16.95,66.4
2024-04-09 17:00:00,20.51,134.52,2.37,17.27,76.1
2024-04-09 18:00:00,1.76,0.0,0.56,16.87,74.3
2024-04-09 19:00:00,1.68,0.0,1.06,13.38,71.0
2024-04-09 20:00:00,2.58,0.0,1.93,12.62,81.9
2024-04-09 21:00:00,1.68,0.0,0.5,10.94,77.7
2024-04-09 22:00:00,0.48,0.0,0.55,11.31,86.0
2024-04-09 23:00:00,0.0,0.0,4.29,9.86,78.6
2024-04-10 00:00:00,0.0,0.0,3.46,7.89,80.6
2024-04-10 01:00:00,11.98,0.0,6.69,8.64,81.5
2024-04-10 02:00:00,6.45,0.0,5.86,7.35,76.4
2024-04-10 03:00:00,1.39,0.0,1.92,7.97,75.1
2024-04-10 04:00:00,7.1,0.0,6.15,11.49,73.4
2024-04-10 05:00:00,0.0,0.0,3.5,11.94,60.3
2024-04-10 06:00:00,22.67,0.0,7.44,9.22,62.2
2024-04-10 07:00:00,169.34,159.54,11.09,13.86,42.7
2024-04-10 08:00:00,61.06,378.42,5.7,15.39,58.2
2024-04-10 09:00:00,89.16,544.03,6.21,14.0,54.0
2024-04-10 10:00:00,113.75,767.19,3.49,18.4,50.1
2024-04-10 11:00:00,113.73,749.55,4.02,20.72,57.1
2024-04-10 12:00:00,150.32,950.0,6.08,17.68,62.9
2024-04-10 13:00:00,115.11,773.11,1.56,18.59,57.0
2024-04-10 14:00:00,102.02,676.62,1.64,21.7,57.8
2024-04-10 15:00:00,72.74,490.48,2.13,20.37,66.9
2024-04-10 16:00:00,57.39,367.56,3.24,20.2,63.3
2024-04-10 17:00:00,17.4,128.97,1.27,18.93,70.6
2024-04-10 18:00:00,1.76,0.0,4.98,17.76,83.6
2024-04-10 19:00:00,0.0,0.0,0.5,13.74,80.9
2024-04-10 20:00:00,0.0,0.0,1.44,15.74,73.6
2024-04-10 21:00:00,0.0,0.0,3.54,14.37,75.5
2024-04-10 22:00:00,1.49,0.0,1.42,10.83,85.8
2024-04-10 23:00:00,1.92,0.0,4.12,9.86,88.8
2024-04-11 00:00:00,1.57,0.0,2.06,6.85,74.9
2024-04-11 01:00:00,0.06,0.0,1.75,9.32,82.9
2024-04-11 02:00:00,0.0,0.0,2.77,9.2,84.2
2024-04-11 03:00:00,42.4,0.0,8.43,8.46,83.3
2024-04-11 04:00:00,9.11,0.0,5.8,10.83,71.7
2024-04-11 05:00:00,27.7,0.0,7.49,9.6,68.7
2024-04-11 06:00:00,2.38,0.0,4.98,12.19,51.8
2024-04-11 07:00:00,32.69,163.92,6.22,11.26,69.9
2024-04-11 08:00:00,48.06,273.03,5.52,14.31,54.1
2024-04-11 09:00:00,115.1,432.25,8.73,15.64,50.8
2024-04-11 10:00:00,68.27,391.96,6.2,17.68,53.7
2024-04-11 11:00:00,143.79,908.14,5.61,18.03,63.1
2024-04-11 12:00:00,100.98,684.38,1.13,19.34,68.0
2024-04-11 13:00:00,114.9,754.68,3.54,21.38,60.0
2024-04-11 14:00:00,85.37,562.18,2.65,19.69,67.5
2024-04-11 15:00:00,91.23,577.73,5.57,17.73,66.3
2024-04-11 16:00:00,43.94,306.21,0.86,22.16,64.8
2024-04-11 17:00:00,14.64,107.25,0.73,20.66,81.3
2024-04-11 18:00:00,0.58,0.0,1.37,15.41,74.4
2024-04-11 19:00:00,0.0,0.0,0.59,16.93,88.3
2024-04-11 20:00:00,0.26,0.0,0.5,13.59,89.5
2024-04-11 21:00:00,2.38,0.0,4.68,13.19,87.6
2024-04-11 22:00:00,1.97,0.0,3.11,11.79,94.1
2024-04-11 23:00:00,2.11,0.0,5.62,9.75,95.0
2024-04-12 00:00:00,8.96,0.0,5.85,8.14,82.1
2024-04-12 01:00:00,3.39,0.0,3.24,7.68,76.6
2024-04-12 02:00:00,3.19,0.0,5.05,7.14,68.2
2024-04-12 03:00:00,0.0,0.0,2.9,7.47,85.1
2024-04-12 04:00:00,45.42,0.0,8.52,9.22,67.8
2024-04-12 05:00:00,3.11,0.0,5.27,9.2,71.8
2024-04-12 06:00:00,3.81,0.0,5.28,12.54,58.8
2024-04-12 07:00:00,24.5,153.03,4.76,15.19,67.1
2024-04-12 08:00:00,59.8,371.31,5.35,13.65,53.5
2024-04-12 09:00:00,69.13,460.35,3.98,16.43,49.6
2024-04-12 10:00:00,74.95,493.01,4.19,18.27,54.0
2024-04-12 11:00:00,122.82,770.24,6.1,19.47,52.9
2024-04-12 12:00:00,123.27,782.87,5.87,19.83,60.0
2024-04-12 13:00:00,105.73,712.55,2.32,21.43,59.1
2024-04-12 14:00:00,112.14,722.06,2.66,21.24,65.6
2024-04-12 15:00:00,71.63,446.43,4.85,18.46,64.7
2024-04-12 16:00:00,40.3,261.28,0.5,21.02,66.7
2024-04-12 17:00:00,24.89,142.01,4.51,20.09,71.0
2024-04-12 18:00:00,1.6,0.0,0.5,16.37,87.7
2024-04-12 19:00:00,0.36,0.0,2.83,16.13,81.7
2024-04-12 20:00:00,0.0,0.0,2.5,15.54,73.1
2024-04-12 21:00:00,0.0,0.0,2.66,12.65,81.9
2024-04-12 22:00:00,1.92,0.0,5.11,13.13,85.5
2024-04-12 23:00:00,0.0,0.0,1.11,13.82,93.7
2024-04-13 00:00:00,0.0,0.0,3.05,8.31,88.1
2024-04-13 01:00:00,1.95,0.0,4.52,6.82,76.0
2024-04-13 02:00:00,14.29,0.0,6.68,9.14,89.6
2024-04-13 03:00:00,0.0,0.0,3.78,9.97,73.7
2024-04-13 04:00:00,20.97,0.0,7.34,9.15,76.2
2024-04-13 05:00:00,5.43,0.0,5.25,12.63,60.3
2024-04-13 06:00:00,0.0,0.0,4.21,9.68,50.5
2024-04-13 07:00:00,43.53,151.04,7.21,14.17,52.4
2024-04-13 08:00:00,57.5,385.82,3.28,13.78,40.8
2024-04-13 09:00:00,68.0,424.37,5.3,18.82,66.1
2024-04-13 10:00:00,78.89,537.35,2.31,20.68,56.1
2024-04-13 11:00:00,100.61,669.09,3.62,17.78,50.9
2024-04-13 12:00:00,122.8,812.08,4.33,19.06,59.3
2024-04-13 13:00:00,81.04,536.83,3.58,21.77,60.3
2024-04-13 14:00:00,101.02,672.42,2.34,20.11,65.6
2024-04-13 15:00:00,91.5,605.42,2.04,20.42,72.2
2024-04-13 16:00:00,54.89,336.71,0.7,19.92,68.6
2024-04-13 17:00:00,24.94,132.13,1.66,16.05,69.5
2024-04-13 18:00:00,2.93,0.0,5.48,17.67,81.6
2024-04-13 19:00:00,0.0,0.0,4.09,15.21,84.6
2024-04-13 20:00:00,1.19,0.0,0.5,13.95,83.5
2024-04-13 21:00:00,0.37,0.0,0.5,15.3,95.0
2024-04-13 22:00:00,10.14,0.0,6.08,9.8,82.8
2024-04-13 23:00:00,0.59,0.0,3.43,11.67,80.0
2024-04-14 00:00:00,0.39,0.0,4.0,9.25,85.1
2024-04-14 01:00:00,9.35,0.0,5.96,8.64,77.2
2024-04-14 02:00:00,2.73,0.0,3.89,10.05,80.0
2024-04-14 03:00:00,0.0,0.0,5.13,9.57,69.7
2024-04-14 04:00:00,78.92,0.0,9.65,10.52,68.0
2024-04-14 05:00:00,13.24,0.0,6.66,12.07,75.6
2024-04-14 06:00:00,0.47,0.0,3.99,11.36,60.5
2024-04-14 07:00:00,23.04,155.72,3.79,12.39,55.4
2024-04-14 08:00:00,38.64,249.82,4.03,13.23,62.9
2024-04-14 09:00:00,87.47,473.27,6.75,15.17,50.3
2024-04-14 10:00:00,80.16,510.54,3.79,22.28,51.5
2024-04-14 11:00:00,98.58,649.48,1.31,20.97,58.4
2024-04-14 12:00:00,152.78,886.02,7.28,18.03,61.7
2024-04-14 13:00:00,100.51,672.0,1.58,18.67,65.5
2024-04-14 14:00:00,94.98,634.22,0.5,21.58,58.8
2024-04-14 15:00:00,56.05,366.82,1.07,21.48,69.1
2024-04-14 16:00:00,51.59,338.77,0.74,20.88,67.7
2024-04-14 17:00:00,24.84,138.24,1.49,18.72,70.9
2024-04-14 18:00:00,0.85,0.0,4.86,17.67,83.5
2024-04-14 19:00:00,1.51,0.0,4.39,16.9,77.9
2024-04-14 20:00:00,4.71,0.0,1.86,14.99,84.4
2024-04-14 21:00:00,0.0,0.0,1.96,9.98,85.3
2024-04-14 22:00:00,0.29,0.0,3.09,11.51,79.6
2024-04-14 23:00:00,0.0,0.0,2.0,9.34,89.3
2024-04-15 00:00:00,0.16,0.0,1.19,10.1,85.8
2024-04-15 01:00:00,27.0,0.0,7.7,13.71,70.7
2024-04-15 02:00:00,2.1,0.0,3.2,9.58,78.9
2024-04-15 03:00:00,0.38,0.0,3.68,8.77,70.0
2024-04-15 04:00:00,1.94,0.0,5.4,11.22,75.5
2024-04-15 05:00:00,7.08,0.0,5.7,11.51,58.9
2024-04-15 06:00:00,0.36,0.0,2.74,12.66,60.7
2024-04-15 07:00:00,21.01,126.08,3.89,14.39,61.2
2024-04-15 08:00:00,42.65,286.27,4.94,18.12,57.3
2024-04-15 09:00:00,71.68,412.38,6.21,14.89,59.3
2024-04-15 10:00:00,101.3,664.9,3.44,18.74,47.4
2024-04-15 11:00:00,85.04,571.06,3.95,17.88,63.8
2024-04-15 12:00:00,139.21,942.42,4.1,21.06,59.6
2024-04-15 13:00:00,123.62,779.41,5.91,19.45,66.2
2024-04-15 14:00:00,110.41,719.71,1.95,20.4,66.9
2024-04-15 15:00:00,73.09,472.27,0.5,20.38,66.1
2024-04-15 16:00:00,45.15,306.7,2.02,21.69,63.6
2024-04-15 17:00:00,19.4,146.4,3.27,20.65,71.1
2024-04-15 18:00:00,0.0,0.0,0.5,16.16,85.4
2024-04-15 19:00:00,0.0,0.0,1.51,16.67,87.5
2024-04-15 20:00:00,0.89,0.0,0.5,13.97,79.9
2024-04-15 21:00:00,0.0,0.0,0.5,11.59,70.4
2024-04-15 22:00:00,0.0,0.0,2.72,11.71,83.9
2024-04-15 23:00:00,2.21,0.0,2.29,10.33,83.1
2024-04-16 00:00:00,7.5,0.0,5.97,13.65,81.7
2024-04-16 01:00:00,2.62,0.0,4.85,10.06,83.2
2024-04-16 02:00:00,0.0,0.0,4.58,7.14,81.9
2024-04-16 03:00:00,0.0,0.0,4.77,8.56,78.8
2024-04-16 04:00:00,1.56,0.0,5.53,11.54,72.2
2024-04-16 05:00:00,0.0,0.0,2.99,14.09,57.1
2024-04-16 06:00:00,46.38,0.0,8.48,9.82,60.8
2024-04-16 07:00:00,216.1,138.55,12.38,10.83,70.9
2024-04-16 08:00:00,54.81,342.84,3.9,18.01,58.9
2024-04-16 09:00:00,68.94,457.32,3.18,17.34,57.4
2024-04-16 10:00:00,110.85,720.88,2.93,16.9,56.8
2024-04-16 11:00:00,102.21,674.22,5.18,20.25,57.6
2024-04-16 12:00:00,79.96,517.89,4.67,16.44,45.1
2024-04-16 13:00:00,93.15,591.89,5.48,21.0,58.2
2024-04-16 14:00:00,102.99,672.27,4.23,21.69,62.3
2024-04-16 15:00:00,61.32,411.89,2.15,22.38,72.5
2024-04-16 16:00:00,49.55,324.05,2.66,18.88,70.2
2024-04-16 17:00:00,19.14,112.9,2.89,19.57,65.6
2024-04-16 18:00:00,0.0,0.0,1.87,16.81,79.7
2024-04-16 19:00:00,0.48,0.0,1.76,17.14,76.6
2024-04-16 20:00:00,0.0,0.0,2.84,13.86,76.9
2024-04-16 21:00:00,1.41,0.0,2.69,13.04,80.3
2024-04-16 22:00:00,3.96,0.0,3.57,10.71,87.7
2024-04-16 23:00:00,0.0,0.0,3.88,11.94,90.8
2024-04-17 00:00:00,2.07,0.0,5.02,11.46,85.4
2024-04-17 01:00:00,4.22,0.0,5.08,9.23,83.8
2024-04-17 02:00:00,1.97,0.0,4.91,9.43,79.9
2024-04-17 03:00:00,9.32,0.0,6.2,7.4,74.4
2024-04-17 04:00:00,2.52,0.0,5.29,9.73,73.5
2024-04-17 05:00:00,0.0,0.0,4.44,11.05,54.0
2024-04-17 06:00:00,0.0,0.0,2.23,16.3,63.1
2024-04-17 07:00:00,32.28,162.94,6.05,12.15,54.2
2024-04-17 08:00:00,38.71,224.11,6.01,17.57,62.8
2024-04-17 09:00:00,164.17,605.42,9.45,18.42,54.8
2024-04-17 10:00:00,71.4,452.47,4.13,18.79,55.2
2024-04-17 11:00:00,133.44,894.26,3.8,22.25,48.0
2024-04-17 12:00:00,110.79,755.09,2.29,21.13,62.1
2024-04-17 13:00:00,129.84,867.61,0.85,21.75,62.5
2024-04-17 14:00:00,76.14,512.29,4.38,21.29,65.3
2024-04-17 15:00:00,88.14,605.42,1.14,23.0,62.1
2024-04-17 16:00:00,36.75,243.16,2.64,22.21,66.1
2024-04-17 17:00:00,17.01,122.89,2.89,18.68,75.0
2024-04-17 18:00:00,0.0,0.0,1.67,16.39,74.0
2024-04-17 19:00:00,1.0,0.0,4.36,16.62,82.8
2024-04-17 20:00:00,0.0,0.0,1.8,14.17,72.2
2024-04-17 21:00:00,0.0,0.0,1.32,13.72,82.1
2024-04-17 22:00:00,5.75,0.0,5.52,14.23,94.0
2024-04-17 23:00:00,1.06,0.0,5.62,10.44,86.7
2024-04-18 00:00:00,0.0,0.0,2.06,10.28,83.8
2024-04-18 01:00:00,0.0,0.0,1.38,9.83,90.5
2024-04-18 02:00:00,0.0,0.0,2.54,10.82,65.8
2024-04-18 03:00:00,1.29,0.0,4.16,6.38,69.8
2024-04-18 04:00:00,85.42,0.0,9.77,9.44,68.0
2024-04-18 05:00:00,12.48,0.0,6.04,11.62,70.4
2024-04-18 06:00:00,5.03,0.0,5.18,14.34,66.9
2024-04-18 07:00:00,61.13,137.42,8.37,13.25,55.1
2024-04-18 08:00:00,49.67,324.57,5.31,12.73,62.0
2024-04-18 09:00:00,94.48,589.65,4.31,18.03,53.5
2024-04-18 10:00:00,122.83,543.78,8.23,17.59,61.1
2024-04-18 11:00:00,128.01,764.89,6.53,18.0,50.3
2024-04-18 12:00:00,149.77,950.0,5.96,19.8,56.4
2024-04-18 13:00:00,136.78,908.14,3.35,21.06,56.9
2024-04-18 14:00:00,116.17,787.98,4.5,20.64,67.8
2024-04-18 15:00:00,77.84,516.82,0.74,18.03,63.5
2024-04-18 16:00:00,52.12,346.52,2.45,22.08,69.8
2024-04-18 17:00:00,35.99,163.92,6.64,21.7,76.4
2024-04-18 18:00:00,0.0,0.0,0.77,19.52,80.2
2024-04-18 19:00:00,3.09,0.0,3.61,15.39,85.0
2024-04-18 20:00:00,0.0,0.0,2.03,15.24,84.0
2024-04-18 21:00:00,4.14,0.0,0.5,13.98,82.4
2024-04-18 22:00:00,0.0,0.0,4.31,13.44,83.3
2024-04-18 23:00:00,0.0,0.0,1.57,12.3,84.6
2024-04-19 00:00:00,0.0,0.0,4.5,9.42,84.2
2024-04-19 01:00:00,0.0,0.0,2.02,10.04,79.9
2024-04-19 02:00:00,40.14,0.0,8.34,10.4,77.6
2024-04-19 03:00:00,1.09,0.0,4.19,12.1,66.3
2024-04-19 04:00:00,0.96,0.0,4.16,11.57,73.3
2024-04-19 05:00:00,0.0,0.0,3.76,12.65,67.0
2024-04-19 06:00:00,64.89,0.0,9.32,12.84,67.5
2024-04-19 07:00:00,43.71,162.99,6.9,16.28,59.4
2024-04-19 08:00:00,73.05,382.69,6.9,16.33,48.3
2024-04-19 09:00:00,91.58,605.42,5.22,15.97,53.7
2024-04-19 10:00:00,91.14,595.22,4.68,20.82,54.0
2024-04-19 11:00:00,110.11,731.34,2.21,21.0,59.2
2024-04-19 12:00:00,137.3,917.09,4.11,20.24,46.7
2024-04-19 13:00:00,105.31,700.07,2.02,20.79,59.6
2024-04-19 14:00:00,118.9,669.18,7.23,22.16,65.1
2024-04-19 15:00:00,84.55,550.82,4.15,22.2,62.8
2024-04-19 16:00:00,54.01,373.39,1.65,21.21,70.4
2024-04-19 17:00:00,13.13,95.62,0.5,20.42,70.7
2024-04-19 18:00:00,1.33,0.0,3.47,21.26,73.9
2024-04-19 19:00:00,2.41,0.0,0.5,18.87,78.6
2024-04-19 20:00:00,3.17,0.0,0.5,16.0,79.4
2024-04-19 21:00:00,2.11,0.0,0.93,15.57,87.9
2024-04-19 22:00:00,0.0,0.0,3.1,11.16,81.3
2024-04-19 23:00:00,0.0,0.0,4.97,12.07,80.0
2024-04-20 00:00:00,2.81,0.0,2.89,13.4,91.8
2024-04-20 01:00:00,2.74,0.0,2.01,9.76,85.4
2024-04-20 02:00:00,0.0,0.0,4.63,8.61,68.2
2024-04-20 03:00:00,14.87,0.0,6.62,9.11,70.1
2024-04-20 04:00:00,0.0,0.0,4.13,9.05,71.2
2024-04-20 05:00:00,3.64,0.0,4.32,10.46,67.7
2024-04-20 06:00:00,69.18,0.0,9.35,12.33,55.0
2024-04-20 07:00:00,99.57,149.28,9.44,12.22,65.2
2024-04-20 08:00:00,179.83,325.92,10.78,15.91,61.1
2024-04-20 09:00:00,87.54,437.06,7.06,18.79,57.9
2024-04-20 10:00:00,117.27,787.98,3.21,17.52,61.8
2024-04-20 11:00:00,117.73,779.43,2.86,22.4,57.8
2024-04-20 12:00:00,140.56,950.0,3.02,21.84,59.3
2024-04-20 13:00:00,84.26,550.49,2.39,23.22,67.2
2024-04-20 14:00:00,104.83,603.97,6.57,20.9,68.0
2024-04-20 15:00:00,82.78,517.57,4.09,22.96,61.9
2024-04-20 16:00:00,58.85,385.82,3.32,19.44,73.2
2024-04-20 17:00:00,23.82,149.15,0.5,21.46,70.6
2024-04-20 18:00:00,0.41,0.0,4.7,19.14,80.0
2024-04-20 19:00:00,1.27,0.0,3.89,18.27,83.0
2024-04-20 20:00:00,0.0,0.0,0.5,14.12,76.1
2024-04-20 21:00:00,1.89,0.0,4.82,12.99,83.9
2024-04-20 22:00:00,0.35,0.0,1.67,13.78,86.3
2024-04-20 23:00:00,0.0,0.0,0.94,10.22,82.3
2024-04-21 00:00:00,1.34,0.0,4.64,11.55,84.6
2024-04-21 01:00:00,1.94,0.0,5.14,8.2,84.6
2024-04-21 02:00:00,0.0,0.0,2.58,11.32,77.3
2024-04-21 03:00:00,2.79,0.0,4.33,8.41,75.0
2024-04-21 04:00:00,142.38,0.0,11.03,11.68,76.9
2024-04-21 05:00:00,14.56,0.0,6.7,12.75,68.5
2024-04-21 06:00:00,15.81,0.0,7.09,12.01,63.5
2024-04-21 07:00:00,19.44,120.09,4.28,15.37,54.6
2024-04-21 08:00:00,56.91,372.3,3.18,16.44,60.4
2024-04-21 09:00:00,71.13,477.02,4.11,16.8,57.2
2024-04-21 10:00:00,112.85,724.24,3.55,17.54,61.4
2024-04-21 11:00:00,80.1,564.54,2.99,17.35,55.7
2024-04-21 12:00:00,139.75,921.21,2.23,21.77,47.9
2024-04-21 13:00:00,105.95,696.3,3.67,19.5,50.9
2024-04-21 14:00:00,101.77,671.22,1.96,22.19,66.2
2024-04-21 15:00:00,76.94,506.17,4.34,21.45,63.3
2024-04-21 16:00:00,39.26,254.36,0.5,22.27,72.2
2024-04-21 17:00:00,18.38,110.98,1.7,19.84,74.5
2024-04-21 18:00:00,0.0,0.0,0.5,18.56,76.7
2024-04-21 19:00:00,0.6,0.0,1.79,18.7,80.1
2024-04-21 20:00:00,0.0,0.0,0.5,16.55,78.7
2024-04-21 21:00:00,13.41,0.0,6.85,14.97,84.4
2024-04-21 22:00:00,2.39,0.0,4.51,13.75,82.1
2024-04-21 23:00:00,0.0,0.0,3.24,9.51,82.6
2024-04-22 00:00:00,0.0,0.0,1.51,12.16,81.4
2024-04-22 01:00:00,0.53,0.0,4.8,11.34,79.5
2024-04-22 02:00:00,8.09,0.0,6.28,8.69,82.1
2024-04-22 03:00:00,2.13,0.0,3.64,10.06,73.2
2024-04-22 04:00:00,6.92,0.0,5.89,10.96,75.1
2024-04-22 05:00:00,30.06,0.0,7.63,11.77,73.8
2024-04-22 06:00:00,21.22,0.0,7.35,13.72,66.8
2024-04-22 07:00:00,48.79,142.21,7.54,16.81,62.1
2024-04-22 08:00:00,92.4,341.62,8.06,17.84,58.6
2024-04-22 09:00:00,112.55,429.32,8.57,15.8,59.8
2024-04-22 10:00:00,96.04,624.35,4.34,20.15,55.4
2024-04-22 11:00:00,114.26,743.89,4.68,22.46,60.4
2024-04-22 12:00:00,144.02,950.0,5.51,22.0,60.1
2024-04-22 13:00:00,75.13,488.48,4.36,23.65,57.6
2024-04-22 14:00:00,169.29,787.98,8.69,25.24,67.0
2024-04-22 15:00:00,63.91,429.53,0.5,23.55,66.6
2024-04-22 16:00:00,35.51,248.54,1.36,21.79,69.5
2024-04-22 17:00:00,25.98,163.92,0.79,22.03,71.5
2024-04-22 18:00:00,0.0,0.0,0.62,19.44,78.3
2024-04-22 19:00:00,4.27,0.0,0.5,17.81,85.6
2024-04-22 20:00:00,0.23,0.0,3.22,15.69,87.4
2024-04-22 21:00:00,0.0,0.0,0.5,17.01,86.3
2024-04-22 22:00:00,0.0,0.0,4.16,11.99,88.0
2024-04-22 23:00:00,0.1,0.0,4.34,14.28,90.8
2024-04-23 00:00:00,4.82,0.0,2.56,11.94,82.2
2024-04-23 01:00:00,0.0,0.0,3.09,8.49,75.0
2024-04-23 02:00:00,3.96,0.0,5.48,10.94,84.0
2024-04-23 03:00:00,13.04,0.0,6.72,7.44,71.2
2024-04-23 04:00:00,35.81,0.0,8.03,12.13,66.5
2024-04-23 05:00:00,32.69,0.0,7.97,13.47,57.1
2024-04-23 06:00:00,83.79,0.0,9.79,12.5,65.4
2024-04-23 07:00:00,22.19,92.95,6.16,15.02,51.3
2024-04-23 08:00:00,92.8,331.02,8.42,19.32,53.3
2024-04-23 09:00:00,106.28,593.18,7.07,17.18,58.5
2024-04-23 10:00:00,116.04,613.42,7.51,17.8,58.6
2024-04-23 11:00:00,138.59,908.14,1.11,22.85,52.3
2024-04-23 12:00:00,120.11,599.38,7.83,24.53,56.3
2024-04-23 13:00:00,133.95,908.14,3.16,22.19,55.0
2024-04-23 14:00:00,112.58,749.58,4.57,23.9,59.8
2024-04-23 15:00:00,53.92,358.77,0.5,24.19,67.4
2024-04-23 16:00:00,55.2,385.82,1.56,20.47,67.5
2024-04-23 17:00:00,23.92,137.76,0.74,19.9,72.7
2024-04-23 18:00:00,1.74,0.0,0.77,21.23,70.2
2024-04-23 19:00:00,2.86,0.0,0.5,20.47,86.3
2024-04-23 20:00:00,0.98,0.0,3.9,17.23,85.5
2024-04-23 21:00:00,0.0,0.0,0.5,13.51,88.5
2024-04-23 22:00:00,3.07,0.0,1.88,16.37,91.5
2024-04-23 23:00:00,0.0,0.0,1.61,11.35,80.4
2024-04-24 00:00:00,0.0,0.0,4.27,10.85,81.2
2024-04-24 01:00:00,0.31,0.0,3.09,11.27,71.1
2024-04-24 02:00:00,2.82,0.0,3.6,12.88,93.2
2024-04-24 03:00:00,4.89,0.0,5.17,12.04,73.1
2024-04-24 04:00:00,12.11,0.0,6.35,11.98,75.2
2024-04-24 05:00:00,0.0,0.0,3.71,13.01,59.9
2024-04-24 06:00:00,0.0,0.0,4.13,13.62,67.5
2024-04-24 07:00:00,23.07,143.34,4.47,15.84,68.7
2024-04-24 08:00:00,144.94,385.82,9.83,12.76,56.7
2024-04-24 09:00:00,67.43,428.45,4.72,17.66,50.5
2024-04-24 10:00:00,123.28,787.98,5.32,19.92,54.3
2024-04-24 11:00:00,108.11,712.88,3.03,19.07,44.4
2024-04-24 12:00:00,137.57,950.0,3.76,22.33,56.8
2024-04-24 13:00:00,108.58,722.17,0.89,22.04,63.5
2024-04-24 14:00:00,85.28,570.44,0.5,25.19,62.3
2024-04-24 15:00:00,86.89,577.01,2.24,24.71,64.7
2024-04-24 16:00:00,43.9,302.73,1.58,21.05,72.6
2024-04-24 17:00:00,15.15,118.64,0.5,20.57,76.9
2024-04-24 18:00:00,0.93,0.0,2.82,19.44,69.2
2024-04-24 19:00:00,22.28,0.0,7.38,17.43,81.1
2024-04-24 20:00:00,1.15,0.0,1.56,16.85,95.0
2024-04-24 21:00:00,0.0,0.0,3.04,13.86,77.8
2024-04-24 22:00:00,17.17,0.0,6.74,11.86,84.6
2024-04-24 23:00:00,5.48,0.0,5.33,13.24,94.2
2024-04-25 00:00:00,0.66,0.0,3.63,12.47,88.5
2024-04-25 01:00:00,4.7,0.0,5.65,9.72,78.0
2024-04-25 02:00:00,1.7,0.0,2.82,12.06,78.5
2024-04-25 03:00:00,4.06,0.0,5.28,9.98,73.9
2024-04-25 04:00:00,1.3,0.0,4.44,11.9,66.3
2024-04-25 05:00:00,2.34,0.0,3.97,13.71,65.7
2024-04-25 06:00:00,6.86,0.0,5.45,13.67,61.1
2024-04-25 07:00:00,20.43,152.02,3.78,15.85,60.0
2024-04-25 08:00:00,54.46,290.18,6.62,15.94,53.3
2024-04-25 09:00:00,69.52,459.1,5.01,17.98,49.1
2024-04-25 10:00:00,90.19,607.37,4.97,19.41,54.8
2024-04-25 11:00:00,136.09,908.14,2.46,19.84,64.1
2024-04-25 12:00:00,53.48,348.51,1.9,21.65,57.4
2024-04-25 13:00:00,123.93,825.8,3.72,20.19,57.7
2024-04-25 14:00:00,127.42,673.83,7.64,21.98,66.3
2024-04-25 15:00:00,56.55,361.96,0.5,22.09,65.3
2024-04-25 16:00:00,52.16,345.87,1.01,21.53,79.3
2024-04-25 17:00:00,23.92,151.03,4.29,20.6,73.9
2024-04-25 18:00:00,2.31,0.0,0.5,19.63,81.0
2024-04-25 19:00:00,0.44,0.0,4.35,18.99,76.8
2024-04-25 20:00:00,4.12,0.0,2.2,18.03,85.5
2024-04-25 21:00:00,0.0,0.0,1.94,14.19,85.9
2024-04-25 22:00:00,4.0,0.0,1.87,11.91,84.7
2024-04-25 23:00:00,0.0,0.0,2.28,10.91,82.0
2024-04-26 00:00:00,1.03,0.0,2.85,10.96,79.8
2024-04-26 01:00:00,15.05,0.0,6.91,10.56,82.0
2024-04-26 02:00:00,9.99,0.0,6.05,9.73,80.6
2024-04-26 03:00:00,7.45,0.0,6.13,9.15,73.2
2024-04-26 04:00:00,22.53,0.0,7.31,11.0,71.4
2024-04-26 05:00:00,0.0,0.0,4.52,12.91,65.9
2024-04-26 06:00:00,12.87,0.0,6.42,14.78,63.0
2024-04-26 07:00:00,22.61,129.42,5.54,14.5,58.4
2024-04-26 08:00:00,75.02,343.7,7.18,16.27,57.1
2024-04-26 09:00:00,74.99,509.4,4.28,17.05,69.0
2024-04-26 10:00:00,112.11,734.56,5.56,19.84,56.6
2024-04-26 11:00:00,106.29,589.45,6.88,19.85,58.7
2024-04-26 12:00:00,104.08,701.71,3.33,22.94,59.2
2024-04-26 13:00:00,113.4,756.11,0.82,20.0,58.1
2024-04-26 14:00:00,117.55,787.98,2.89,22.35,69.0
2024-04-26 15:00:00,73.02,504.27,1.63,23.13,64.7
2024-04-26 16:00:00,57.72,385.82,3.0,22.36,75.3
2024-04-26 17:00:00,27.85,140.28,5.5,25.17,72.2
2024-04-26 18:00:00,2.01,0.0,1.74,20.41,72.7
2024-04-26 19:00:00,0.46,0.0,1.71,16.93,82.4
2024-04-26 20:00:00,2.22,0.0,2.89,16.74,77.5
2024-04-26 21:00:00,0.0,0.0,0.5,12.67,87.2
2024-04-26 22:00:00,0.0,0.0,1.57,13.76,79.0
2024-04-26 23:00:00,10.86,0.0,6.32,11.39,82.9
2024-04-27 00:00:00,1.12,0.0,4.72,13.23,75.8
2024-04-27 01:00:00,0.0,0.0,1.15,10.43,94.7
2024-04-27 02:00:00,0.0,0.0,3.3,10.87,69.2
2024-04-27 03:00:00,4.88,0.0,6.21,10.3,73.9
2024-04-27 04:00:00,19.9,0.0,7.05,14.46,75.7
2024-04-27 05:00:00,31.92,0.0,7.86,12.32,71.3
2024-04-27 06:00:00,3.34,0.0,4.78,16.8,66.8
2024-04-27 07:00:00,74.93,116.44,8.97,16.72,57.8
2024-04-27 08:00:00,54.23,330.44,5.81,17.77,63.8
2024-04-27 09:00:00,96.32,576.98,6.29,19.16,60.1
2024-04-27 10:00:00,68.93,425.67,5.31,20.64,56.1
2024-04-27 11:00:00,135.76,908.14,2.3,18.4,56.7
2024-04-27 12:00:00,145.94,767.15,7.74,21.83,55.5
2024-04-27 13:00:00,72.4,496.06,1.27,24.11,54.8
2024-04-27 14:00:00,102.95,688.47,1.58,22.98,68.7
2024-04-27 15:00:00,78.08,517.64,4.28,20.74,72.7
2024-04-27 16:00:00,50.93,323.21,2.69,22.17,65.6
2024-04-27 17:00:00,25.23,163.7,3.98,23.85,73.1
2024-04-27 18:00:00,3.49,0.0,1.89,21.92,76.8
2024-04-27 19:00:00,0.0,0.0,1.27,18.51,80.4
2024-04-27 20:00:00,3.0,0.0,5.15,18.48,83.3
2024-04-27 21:00:00,0.36,0.0,0.5,14.95,89.2
2024-04-27 22:00:00,3.71,0.0,5.08,11.49,81.3
2024-04-27 23:00:00,0.0,0.0,1.93,11.42,80.3
2024-04-28 00:00:00,10.84,0.0,6.01,14.36,89.2
2024-04-28 01:00:00,0.03,0.0,2.42,11.01,78.3
2024-04-28 02:00:00,0.83,0.0,5.22,10.85,71.2
2024-04-28 03:00:00,31.09,0.0,7.84,10.97,71.5
2024-04-28 04:00:00,3.21,0.0,5.41,14.87,68.3
2024-04-28 05:00:00,24.87,0.0,7.13,15.41,73.9
2024-04-28 06:00:00,29.22,0.0,7.62,17.54,67.1
2024-04-28 07:00:00,43.06,163.92,7.06,15.42,65.1
2024-04-28 08:00:00,88.03,254.43,8.67,17.66,61.1
2024-04-28 09:00:00,94.78,605.42,4.96,16.49,60.2
2024-04-28 10:00:00,120.19,787.98,3.12,22.43,51.6
2024-04-28 11:00:00,102.25,720.46,1.66,19.7,54.5
2024-04-28 12:00:00,94.82,623.54,2.54,22.73,52.1
2024-04-28 13:00:00,107.53,716.48,1.41,21.36,58.3
2024-04-28 14:00:00,98.09,671.44,3.1,22.33,65.9
2024-04-28 15:00:00,86.63,565.8,0.77,21.75,66.8
2024-04-28 16:00:00,48.55,293.72,0.5,21.5,76.6
2024-04-28 17:00:00,25.7,163.92,0.5,20.65,68.2
2024-04-28 18:00:00,2.37,0.0,3.85,19.39,80.0
2024-04-28 19:00:00,3.61,0.0,2.35,20.02,74.4
2024-04-28 20:00:00,0.0,0.0,1.38,15.56,83.5
2024-04-28 21:00:00,0.0,0.0,5.09,15.99,88.2
2024-04-28 22:00:00,1.31,0.0,0.5,16.04,83.9
2024-04-28 23:00:00,31.07,0.0,7.86,12.2,87.2
2024-04-29 00:00:00,0.0,0.0,4.41,11.1,78.2
2024-04-29 01:00:00,0.0,0.0,2.7,11.23,72.3
2024-04-29 02:00:00,7.28,0.0,5.77,13.14,80.3
2024-04-29 03:00:00,13.91,0.0,6.73,11.87,82.6
2024-04-29 04:00:00,1.32,0.0,5.19,11.38,65.0
2024-04-29 05:00:00,35.25,0.0,8.07,13.86,72.2
2024-04-29 06:00:00,0.22,0.0,3.98,12.72,62.7
2024-04-29 07:00:00,21.94,163.92,4.64,16.84,52.7
2024-04-29 08:00:00,51.04,342.13,3.3,17.99,51.4
2024-04-29 09:00:00,84.52,580.61,3.75,18.47,55.6
2024-04-29 10:00:00,90.68,595.54,3.49,19.12,53.0
2024-04-29 11:00:00,155.5,908.14,7.34,20.29,48.9
2024-04-29 12:00:00,117.66,770.87,1.44,23.37,48.5
2024-04-29 13:00:00,120.63,809.72,2.93,25.01,55.2
2024-04-29 14:00:00,82.84,559.49,2.97,22.42,63.5
2024-04-29 15:00:00,66.9,424.07,5.14,23.86,66.1
2024-04-29 16:00:00,98.7,367.78,8.48,19.44,67.5
2024-04-29 17:00:00,19.83,128.42,3.31,20.74,74.9
2024-04-29 18:00:00,5.85,0.0,5.99,20.33,82.7
2024-04-29 19:00:00,0.0,0.0,3.56,17.56,82.6
2024-04-29 20:00:00,8.32,0.0,6.01,15.97,82.4
2024-04-29 21:00:00,0.0,0.0,3.53,14.82,89.1
2024-04-29 22:00:00,0.0,0.0,0.5,14.81,80.2
2024-04-29 23:00:00,0.5,0.0,2.81,12.85,83.4
2024-04-30 00:00:00,1.03,0.0,4.58,8.98,82.0
2024-04-30 01:00:00,0.39,0.0,3.59,8.56,74.4
2024-04-30 02:00:00,0.74,0.0,3.68,10.63,75.4
2024-04-30 03:00:00,5.04,0.0,5.62,12.43,63.5
2024-04-30 04:00:00,55.09,0.0,8.81,8.22,79.6
2024-04-30 05:00:00,0.19,0.0,2.92,12.54,61.4
2024-04-30 06:00:00,18.65,0.0,7.36,13.75,70.4
2024-04-30 07:00:00,38.27,163.92,6.97,18.07,59.6
2024-04-30 08:00:00,127.65,323.14,9.5,16.96,59.8
2024-04-30 09:00:00,130.33,573.53,8.45,19.66,53.1
2024-04-30 10:00:00,101.91,600.71,6.31,20.75,56.0
2024-04-30 11:00:00,136.33,908.14,4.43,18.58,58.8
2024-04-30 12:00:00,142.38,950.0,2.3,23.89,60.3
2024-04-30 13:00:00,115.16,773.53,3.52,23.66,63.3
2024-04-30 14:00:00,112.89,715.47,4.33,24.3,60.7
2024-04-30 15:00:00,92.34,605.42,5.1,29.22,63.7
2024-04-30 16:00:00,46.97,319.43,3.77,19.61,62.0
2024-04-30 17:00:00,15.17,123.18,0.5,24.37,76.5
2024-04-30 18:00:00,3.95,0.0,2.32,20.11,82.9
2024-04-30 19:00:00,0.0,0.0,1.05,19.52,88.7
2024-04-30 20:00:00,1.49,0.0,0.5,17.47,84.5
2024-04-30 21:00:00,1.71,0.0,0.86,15.35,80.7
2024-04-30 22:00:00,0.0,0.0,0.72,13.68,76.5
2024-04-30 23:00:00,5.3,0.0,5.43,13.79,89.7
2024-05-01 00:00:00,0.0,0.0,2.6,10.23,74.0
2024-05-01 01:00:00,0.0,0.0,3.26,13.03,78.9
2024-05-01 02:00:00,51.92,0.0,8.65,11.07,76.4
2024-05-01 03:00:00,0.87,0.0,4.63,10.21,73.5
2024-05-01 04:00:00,1.04,0.0,2.28,11.83,70.2
2024-05-01 05:00:00,2.09,0.0,4.66,15.34,66.8
2024-05-01 06:00:00,1.4,0.0,3.76,13.89,50.4
2024-05-01 07:00:00,20.68,158.26,3.57,16.68,59.5
2024-05-01 08:00:00,41.3,283.1,3.16,16.6,45.9
2024-05-01 09:00:00,95.58,605.42,5.7,20.39,59.2
2024-05-01 10:00:00,116.54,787.98,3.21,21.73,52.2
2024-05-01 11:00:00,115.92,766.58,3.64,24.71,44.7
2024-05-01 12:00:00,153.36,950.0,6.14,22.63,52.9
2024-05-01 13:00:00,96.89,628.0,2.92,24.5,56.5
2024-05-01 14:00:00,123.49,787.98,5.79,23.84,68.5
2024-05-01 15:00:00,91.24,605.42,2.38,25.44,67.1
2024-05-01 16:00:00,57.58,377.92,1.58,21.82,71.7
2024-05-01 17:00:00,22.09,138.95,3.29,23.06,79.8
2024-05-01 18:00:00,0.0,0.0,0.5,20.41,77.0
2024-05-01 19:00:00,3.64,0.0,0.5,19.15,84.4
2024-05-01 20:00:00,1.85,0.0,2.88,17.83,86.4
2024-05-01 21:00:00,1.91,0.0,2.33,16.52,78.1
2024-05-01 22:00:00,3.36,0.0,4.51,14.52,92.4
2024-05-01 23:00:00,10.77,0.0,6.28,13.78,77.4
2024-05-02 00:00:00,0.0,0.0,3.26,15.03,87.6
2024-05-02 01:00:00,1.38,0.0,4.82,13.54,73.0
2024-05-02 02:00:00,0.0,0.0,4.81,13.16,80.5
2024-05-02 03:00:00,89.43,0.0,9.86,11.38,83.2
2024-05-02 04:00:00,25.98,0.0,7.58,11.33,68.9
2024-05-02 05:00:00,49.82,0.0,8.67,15.05,64.8
2024-05-02 06:00:00,3.49,0.0,4.58,16.17,65.6
2024-05-02 07:00:00,43.21,147.66,7.31,18.51,57.7
2024-05-02 08:00:00,53.35,354.35,4.37,16.95,66.1
2024-05-02 09:00:00,35.87,238.11,3.74,19.07,56.5
2024-05-02 10:00:00,155.05,787.98,8.29,18.4,53.4
2024-05-02 11:00:00,135.69,908.14,1.27,21.51,52.8
2024-05-02 12:00:00,124.24,657.85,7.81,24.55,52.3
2024-05-02 13:00:00,94.75,639.47,1.45,22.95,56.3
2024-05-02 14:00:00,95.65,616.56,4.75,24.82,60.7
2024-05-02 15:00:00,67.79,445.95,1.28,23.37,63.7
2024-05-02 16:00:00,49.95,340.91,1.34,23.54,66.7
2024-05-02 17:00:00,13.8,91.47,0.5,20.38,84.4
2024-05-02 18:00:00,0.0,0.0,2.25,20.98,72.3
2024-05-02 19:00:00,-0.0,0.0,1.13,14.92,81.3
2024-05-02 20:00:00,5.86,0.0,2.91,17.58,86.0
2024-05-02 21:00:00,3.69,0.0,0.5,13.86,87.6
2024-05-02 22:00:00,0.11,0.0,0.5,16.67,84.7
2024-05-02 23:00:00,0.32,0.0,1.1,14.78,83.3
2024-05-03 00:00:00,0.0,0.0,3.41,13.52,85.2
2024-05-03 01:00:00,7.59,0.0,6.22,14.5,81.9
2024-05-03 02:00:00,24.53,0.0,7.43,10.59,76.2
2024-05-03 03:00:00,0.0,0.0,3.94,14.84,66.1
2024-05-03 04:00:00,8.65,0.0,5.92,14.22,67.7
2024-05-03 05:00:00,24.66,0.0,7.28,13.42,60.4
2024-05-03 06:00:00,2.16,0.0,4.76,16.72,59.2
2024-05-03 07:00:00,25.91,149.36,5.29,14.8,59.6
2024-05-03 08:00:00,39.06,248.33,5.66,16.78,58.8
2024-05-03 09:00:00,72.24,471.59,3.28,18.65,64.4
2024-05-03 10:00:00,115.91,787.98,1.86,20.22,52.3
2024-05-03 11:00:00,129.75,870.61,2.51,20.67,59.4
2024-05-03 12:00:00,145.27,950.0,4.47,25.05,58.5
2024-05-03 13:00:00,138.28,908.14,0.88,23.42,65.9
2024-05-03 14:00:00,103.82,698.36,1.22,24.54,65.4
2024-05-03 15:00:00,80.48,541.98,1.59,22.95,61.1
2024-05-03 16:00:00,47.48,325.83,0.5,20.48,61.4
2024-05-03 17:00:00,12.09,96.6,0.5,22.66,75.4
2024-05-03 18:00:00,0.14,0.0,4.73,18.15,74.9
2024-05-03 19:00:00,0.0,0.0,0.5,19.46,75.7
2024-05-03 20:00:00,1.37,0.0,2.89,15.96,76.7
2024-05-03 21:00:00,0.79,0.0,1.82,19.44,85.3
2024-05-03 22:00:00,1.23,0.0,3.73,16.38,92.5
2024-05-03 23:00:00,0.0,0.0,3.75,13.93,82.4
2024-05-04 00:00:00,0.0,0.0,2.41,14.87,85.9
2024-05-04 01:00:00,11.98,0.0,6.51,11.11,80.1
2024-05-04 02:00:00,1.65,0.0,4.77,12.99,71.1
2024-05-04 03:00:00,19.83,0.0,7.19,12.68,77.6
2024-05-04 04:00:00,1.88,0.0,5.08,13.37,64.5
2024-05-04 05:00:00,121.59,0.0,10.55,15.84,66.2
2024-05-04 06:00:00,23.66,0.0,7.36,16.27,60.8
2024-05-04 07:00:00,110.03,142.44,9.76,17.05,63.9
2024-05-04 08:00:00,52.26,298.84,5.61,15.69,51.7
2024-05-04 09:00:00,96.73,605.42,5.09,18.28,57.5
2024-05-04 10:00:00,125.53,787.98,6.26,20.99,50.8
2024-05-04 11:00:00,150.33,889.62,6.85,22.55,53.0
2024-05-04 12:00:00,156.64,851.12,7.77,21.67,38.8
2024-05-04 13:00:00,106.59,740.44,2.42,27.59,69.9
2024-05-04 14:00:00,82.94,528.9,4.58,26.45,65.3
2024-05-04 15:00:00,90.23,605.42,0.92,24.87,62.3
2024-05-04 16:00:00,40.49,283.98,2.31,23.48,64.4
2024-05-04 17:00:00,22.52,155.64,0.5,22.1,71.4
2024-05-04 18:00:00,0.0,0.0,1.06,19.74,81.1
2024-05-04 19:00:00,1.19,0.0,5.11,19.84,71.1
2024-05-04 20:00:00,0.0,0.0,0.5,18.56,82.3
2024-05-04 21:00:00,3.46,0.0,3.09,14.76,93.3
2024-05-04 22:00:00,0.0,0.0,3.29,15.67,79.3
2024-05-04 23:00:00,3.32,0.0,1.25,13.7,84.9
2024-05-05 00:00:00,1.7,0.0,2.95,10.27,94.0
2024-05-05 01:00:00,2.02,0.0,4.65,11.24,83.8
2024-05-05 02:00:00,1.5,0.0,3.2,11.71,78.1
2024-05-05 03:00:00,17.66,0.0,7.01,15.36,76.4
2024-05-05 04:00:00,87.63,0.0,9.77,13.97,68.0
2024-05-05 05:00:00,1.73,0.0,4.29,12.08,72.6
2024-05-05 06:00:00,0.0,0.0,4.2,16.06,60.5
2024-05-05 07:00:00,29.56,163.92,5.52,14.45,49.6
2024-05-05 08:00:00,71.53,354.81,6.94,19.95,55.1
2024-05-05 09:00:00,85.31,569.92,4.14,19.17,50.7
2024-05-05 10:00:00,110.87,737.44,1.76,21.19,53.6
2024-05-05 11:00:00,123.67,826.0,4.54,24.56,54.2
2024-05-05 12:00:00,164.42,940.26,7.57,21.59,63.0
2024-05-05 13:00:00,120.77,825.77,2.76,22.03,62.9
2024-05-05 14:00:00,91.85,632.82,2.41,23.45,63.8
2024-05-05 15:00:00,79.35,442.32,6.51,25.68,66.1
2024-05-05 16:00:00,42.05,313.54,3.13,21.24,64.7
2024-05-05 17:00:00,20.72,147.05,3.08,18.32,63.0
2024-05-05 18:00:00,0.0,0.0,2.13,20.65,78.1
2024-05-05 19:00:00,8.41,0.0,6.2,20.71,84.6
2024-05-05 20:00:00,0.0,0.0,3.1,20.13,82.4
2024-05-05 21:00:00,3.34,0.0,5.1,16.08,81.8
2024-05-05 22:00:00,0.0,0.0,3.89,14.71,87.3
2024-05-05 23:00:00,3.39,0.0,4.6,15.82,84.1
2024-05-06 00:00:00,0.0,0.0,2.77,10.48,91.4
2024-05-06 01:00:00,0.0,0.0,3.35,12.1,86.8
2024-05-06 02:00:00,11.33,0.0,6.46,12.77,82.3
2024-05-06 03:00:00,0.98,0.0,4.21,13.36,77.7
2024-05-06 04:00:00,6.5,0.0,5.86,12.52,63.5
2024-05-06 05:00:00,0.04,0.0,4.48,14.29,69.4
2024-05-06 06:00:00,29.62,0.0,7.72,11.75,64.4
2024-05-06 07:00:00,25.59,163.92,3.63,15.94,62.4
2024-05-06 08:00:00,68.27,291.48,7.56,19.16,59.5
2024-05-06 09:00:00,91.59,566.73,5.75,18.56,57.8
2024-05-06 10:00:00,100.9,656.79,3.2,21.57,68.5
2024-05-06 11:00:00,114.44,746.84,4.54,23.4,55.1
2024-05-06 12:00:00,106.48,697.46,2.73,23.16,61.7
2024-05-06 13:00:00,136.56,908.14,2.42,24.53,57.0
2024-05-06 14:00:00,91.94,625.4,2.08,23.04,66.5
2024-05-06 15:00:00,85.1,578.12,0.5,23.97,70.8
2024-05-06 16:00:00,50.71,219.43,6.97,24.59,71.8
2024-05-06 17:00:00,26.47,163.92,0.5,22.96,82.2
2024-05-06 18:00:00,5.57,0.0,2.67,20.6,73.1
2024-05-06 19:00:00,1.96,0.0,1.24,20.37,78.2
2024-05-06 20:00:00,0.0,0.0,2.85,19.55,84.1
2024-05-06 21:00:00,0.0,0.0,1.69,13.85,88.9
2024-05-06 22:00:00,4.67,0.0,3.74,17.22,85.9
2024-05-06 23:00:00,0.62,0.0,4.56,13.74,90.9
2024-05-07 00:00:00,1.8,0.0,4.84,14.08,79.7
2024-05-07 01:00:00,0.0,0.0,2.24,14.64,74.9
2024-05-07 02:00:00,8.18,0.0,5.64,10.58,79.0
2024-05-07 03:00:00,1.39,0.0,4.13,11.78,73.5
2024-05-07 04:00:00,0.0,0.0,2.64,13.01,72.7
2024-05-07 05:00:00,1.44,0.0,5.32,13.22,66.0
2024-05-07 06:00:00,4.8,0.0,5.48,18.24,60.8
2024-05-07 07:00:00,29.38,163.92,5.58,15.8,59.0
2024-05-07 08:00:00,48.71,224.11,6.66,17.8,57.2
2024-05-07 09:00:00,86.21,563.62,4.28,20.5,54.0
2024-05-07 10:00:00,94.35,631.18,3.89,19.83,54.0
2024-05-07 11:00:00,90.77,612.41,1.79,22.28,53.5
2024-05-07 12:00:00,126.77,836.34,4.82,24.31,61.3
2024-05-07 13:00:00,82.94,559.83,3.64,23.93,60.4
2024-05-07 14:00:00,100.91,674.47,2.07,24.5,73.8
2024-05-07 15:00:00,57.88,385.39,3.51,23.64,66.9
2024-05-07 16:00:00,51.4,354.64,2.27,21.56,67.2
2024-05-07 17:00:00,18.75,116.6,1.72,23.36,87.2
2024-05-07 18:00:00,0.0,0.0,1.87,24.27,79.6
2024-05-07 19:00:00,0.0,0.0,2.59,20.22,85.6
2024-05-07 20:00:00,0.0,0.0,2.93,18.97,86.0
2024-05-07 21:00:00,0.48,0.0,1.35,18.12,87.6
2024-05-07 22:00:00,0.17,0.0,0.91,13.73,87.7
2024-05-07 23:00:00,0.84,0.0,1.5,16.95,79.0
2024-05-08 00:00:00,2.8,0.0,4.54,13.89,84.8
2024-05-08 01:00:00,17.32,0.0,6.77,15.44,74.0
2024-05-08 02:00:00,1.27,0.0,4.36,11.69,76.6
2024-05-08 03:00:00,0.0,0.0,3.51,15.72,70.3
2024-05-08 04:00:00,16.99,0.0,7.0,14.75,71.8
2024-05-08 05:00:00,28.15,0.0,7.79,15.37,67.8
2024-05-08 06:00:00,45.15,0.0,8.34,16.14,64.9
2024-05-08 07:00:00,32.89,127.43,6.29,16.86,60.8
2024-05-08 08:00:00,90.63,385.82,7.86,20.59,54.0
2024-05-08 09:00:00,75.44,491.49,2.09,20.55,54.2
2024-05-08 10:00:00,92.85,615.64,2.67,18.84,59.6
2024-05-08 11:00:00,126.23,836.67,2.08,21.35,60.9
2024-05-08 12:00:00,97.31,655.97,4.97,23.7,51.3
2024-05-08 13:00:00,136.05,908.14,0.84,25.05,51.7
2024-05-08 14:00:00,79.98,544.97,2.79,24.7,58.9
2024-05-08 15:00:00,63.09,419.25,2.26,26.41,71.3
2024-05-08 16:00:00,41.18,275.3,1.14,21.06,76.1
2024-05-08 17:00:00,28.19,158.0,4.3,23.25,69.3
2024-05-08 18:00:00,1.83,0.0,0.5,19.06,79.0
2024-05-08 19:00:00,0.57,0.0,1.15,21.48,89.8
2024-05-08 20:00:00,0.0,0.0,3.66,18.65,85.1
2024-05-08 21:00:00,3.35,0.0,0.5,17.86,91.6
2024-05-08 22:00:00,0.05,0.0,3.73,14.49,90.0
2024-05-08 23:00:00,3.59,0.0,5.2,16.46,79.9
2024-05-09 00:00:00,18.43,0.0,7.06,15.3,82.0
2024-05-09 01:00:00,14.35,0.0,6.81,14.02,80.8
2024-05-09 02:00:00,0.28,0.0,3.92,12.74,78.0
2024-05-09 03:00:00,1.28,0.0,5.67,14.01,78.5
2024-05-09 04:00:00,0.0,0.0,3.16,12.68,72.0
2024-05-09 05:00:00,1.68,0.0,4.53,15.98,51.4
2024-05-09 06:00:00,3.19,0.0,3.57,18.41,55.9
2024-05-09 07:00:00,22.14,131.81,4.83,18.99,48.5
2024-05-09 08:00:00,71.53,256.39,8.01,17.84,57.9
2024-05-09 09:00:00,88.8,605.42,4.47,21.03,56.7
2024-05-09 10:00:00,102.97,658.51,5.12,20.0,56.4
2024-05-09 11:00:00,135.36,908.14,4.0,24.04,50.7
2024-05-09 12:00:00,74.47,487.5,3.61,24.81,60.4
2024-05-09 13:00:00,144.37,798.53,7.43,21.93,63.0
2024-05-09 14:00:00,119.15,787.98,1.8,23.2,56.2
2024-05-09 15:00:00,72.45,482.52,3.06,24.31,58.8
2024-05-09 16:00:00,48.0,314.9,1.68,23.68,70.0
2024-05-09 17:00:00,21.75,146.59,0.5,21.37,82.8
2024-05-09 18:00:00,0.0,0.0,1.76,22.52,86.0
2024-05-09 19:00:00,0.0,0.0,3.76,20.87,83.4
2024-05-09 20:00:00,0.0,0.0,0.5,18.65,79.3
2024-05-09 21:00:00,0.0,0.0,0.5,16.25,88.9
2024-05-09 22:00:00,3.04,0.0,0.99,17.51,82.7
2024-05-09 23:00:00,3.07,0.0,4.8,17.18,80.7
2024-05-10 00:00:00,2.81,0.0,5.05,13.17,72.3
2024-05-10 01:00:00,0.0,0.0,4.66,12.37,81.1
2024-05-10 02:00:00,3.23,0.0,4.65,13.82,74.4
2024-05-10 03:00:00,30.93,0.0,7.84,12.75,74.4
2024-05-10 04:00:00,21.63,0.0,7.07,13.68,58.5
2024-05-10 05:00:00,25.0,0.0,7.61,15.95,67.0
2024-05-10 06:00:00,26.87,0.0,7.69,13.22,50.3
2024-05-10 07:00:00,29.03,127.03,6.49,19.51,64.8
2024-05-10 08:00:00,45.23,298.08,5.33,19.2,59.6
2024-05-10 09:00:00,115.31,605.42,7.58,20.02,54.1
2024-05-10 10:00:00,84.82,341.93,7.95,21.95,57.8
2024-05-10 11:00:00,110.69,747.45,1.35,23.27,50.6
2024-05-10 12:00:00,134.79,950.0,1.18,21.69,57.4
2024-05-10 13:00:00,138.39,788.51,7.1,27.12,63.4
2024-05-10 14:00:00,110.39,758.83,1.7,25.15,47.0
2024-05-10 15:00:00,81.28,523.67,4.84,25.55,63.9
2024-05-10 16:00:00,43.34,289.33,1.53,25.71,69.9
2024-05-10 17:00:00,16.87,84.21,0.5,21.8,72.9
2024-05-10 18:00:00,1.99,0.0,0.5,22.8,84.8
2024-05-10 19:00:00,0.0,0.0,0.5,20.24,75.0
2024-05-10 20:00:00,0.0,0.0,0.82,20.36,79.9
2024-05-10 21:00:00,3.01,0.0,2.34,14.34,74.9
2024-05-10 22:00:00,0.0,0.0,3.91,15.94,92.6
2024-05-10 23:00:00,39.25,0.0,8.21,13.94,83.3
2024-05-11 00:00:00,0.0,0.0,3.52,14.69,80.8
2024-05-11 01:00:00,0.1,0.0,4.42,14.14,80.3
2024-05-11 02:00:00,2.65,0.0,4.92,12.17,80.7
2024-05-11 03:00:00,4.28,0.0,5.42,12.37,75.6
2024-05-11 04:00:00,5.91,0.0,5.63,13.87,83.2
2024-05-11 05:00:00,0.28,0.0,2.46,13.65,68.4
2024-05-11 06:00:00,0.84,0.0,2.25,17.5,60.2
2024-05-11 07:00:00,23.6,155.8,3.53,17.13,56.6
2024-05-11 08:00:00,56.44,384.97,3.36,14.87,55.0
2024-05-11 09:00:00,65.82,370.59,6.34,20.22,48.0
2024-05-11 10:00:00,102.17,690.64,3.3,20.68,55.2
2024-05-11 11:00:00,141.33,833.38,7.02,21.03,59.4
2024-05-11 12:00:00,136.39,797.08,7.0,22.57,53.9
2024-05-11 13:00:00,127.14,664.2,7.66,25.19,55.4
2024-05-11 14:00:00,126.07,787.98,6.18,27.23,70.1
2024-05-11 15:00:00,73.39,477.97,1.26,25.5,59.0
2024-05-11 16:00:00,35.3,241.99,2.13,23.52,59.7
2024-05-11 17:00:00,13.73,88.94,0.5,24.16,68.1
2024-05-11 18:00:00,0.31,0.0,3.64,21.55,69.8
2024-05-11 19:00:00,0.0,0.0,4.5,19.75,82.5
2024-05-11 20:00:00,0.75,0.0,4.3,17.5,81.2
2024-05-11 21:00:00,2.01,0.0,2.07,15.05,83.4
2024-05-11 22:00:00,0.95,0.0,4.28,15.65,90.8
2024-05-11 23:00:00,0.45,0.0,1.08,15.23,81.0
2024-05-12 00:00:00,0.0,0.0,1.05,14.04,86.9
2024-05-12 01:00:00,9.71,0.0,5.76,12.96,88.2
2024-05-12 02:00:00,0.0,0.0,4.44,11.96,75.2
2024-05-12 03:00:00,143.09,0.0,11.11,14.5,77.6
2024-05-12 04:00:00,1.73,0.0,3.33,12.21,68.8
2024-05-12 05:00:00,34.21,0.0,8.01,16.3,70.7
2024-05-12 06:00:00,4.85,0.0,5.71,14.88,54.6
2024-05-12 07:00:00,52.77,163.92,7.74,16.7,51.2
2024-05-12 08:00:00,85.92,385.82,7.46,17.18,55.1
2024-05-12 09:00:00,123.11,557.33,8.21,20.18,51.1
2024-05-12 10:00:00,101.92,671.18,3.81,23.84,52.4
2024-05-12 11:00:00,128.8,638.31,7.92,24.4,54.4
2024-05-12 12:00:00,136.91,912.94,1.98,26.04,60.6
2024-05-12 13:00:00,138.5,908.14,0.95,25.96,57.4
2024-05-12 14:00:00,106.03,710.22,2.47,23.72,58.4
2024-05-12 15:00:00,88.66,605.42,4.41,24.68,64.4
2024-05-12 16:00:00,37.68,239.66,1.95,23.41,66.2
2024-05-12 17:00:00,17.79,110.95,3.9,25.62,69.2
2024-05-12 18:00:00,0.22,0.0,3.08,20.58,69.4
2024-05-12 19:00:00,0.94,0.0,0.5,22.27,81.0
2024-05-12 20:00:00,4.38,0.0,5.65,20.72,80.1
2024-05-12 21:00:00,0.04,0.0,0.5,20.57,89.3
2024-05-12 22:00:00,4.3,0.0,5.55,15.77,77.8
2024-05-12 23:00:00,0.0,0.0,2.32,16.21,81.8
2024-05-13 00:00:00,2.52,0.0,3.81,17.75,92.1
2024-05-13 01:00:00,0.0,0.0,3.94,12.8,75.9
2024-05-13 02:00:00,4.72,0.0,3.11,11.22,76.3
2024-05-13 03:00:00,2.72,0.0,4.52,10.91,67.8
2024-05-13 04:00:00,0.0,0.0,3.97,15.4,63.3
2024-05-13 05:00:00,0.06,0.0,4.23,12.46,73.9
2024-05-13 06:00:00,0.14,0.0,4.2,15.97,63.4
2024-05-13 07:00:00,22.48,109.21,5.69,18.63,60.1
2024-05-13 08:00:00,77.74,385.82,7.3,19.8,48.5
2024-05-13 09:00:00,73.99,461.59,5.57,21.72,57.3
2024-05-13 10:00:00,105.78,541.45,7.49,22.86,60.8
2024-05-13 11:00:00,116.94,775.97,5.04,25.69,61.3
2024-05-13 12:00:00,107.37,716.28,4.83,23.29,60.4
2024-05-13 13:00:00,138.51,908.14,4.18,24.3,53.7
2024-05-13 14:00:00,84.05,582.93,2.56,24.37,64.1
2024-05-13 15:00:00,58.74,387.54,3.42,26.57,69.5
2024-05-13 16:00:00,31.97,203.35,0.5,26.07,61.0
2024-05-13 17:00:00,20.81,138.57,4.19,24.44,68.3
2024-05-13 18:00:00,0.12,0.0,3.42,24.3,81.9
2024-05-13 19:00:00,2.33,0.0,0.6,19.31,85.0
2024-05-13 20:00:00,0.0,0.0,3.61,22.03,75.2
2024-05-13 21:00:00,0.0,0.0,0.5,20.26,88.5
2024-05-13 22:00:00,0.0,0.0,1.37,17.63,85.5
2024-05-13 23:00:00,2.33,0.0,0.8,17.95,88.4
2024-05-14 00:00:00,6.55,0.0,5.44,11.99,79.8
2024-05-14 01:00:00,3.09,0.0,5.78,13.08,83.8
2024-05-14 02:00:00,15.87,0.0,6.7,12.56,81.7
2024-05-14 03:00:00,1.64,0.0,1.8,14.95,72.1
2024-05-14 04:00:00,7.64,0.0,5.55,12.9,70.1
2024-05-14 05:00:00,16.52,0.0,6.86,16.56,62.9
2024-05-14 06:00:00,0.19,0.0,4.01,18.72,70.8
2024-05-14 07:00:00,37.51,154.28,6.53,19.16,58.8
2024-05-14 08:00:00,44.03,284.22,3.22,20.09,52.4
2024-05-14 09:00:00,80.34,505.34,3.58,19.74,51.9
2024-05-14 10:00:00,121.44,787.98,4.69,21.4,55.6
2024-05-14 11:00:00,104.95,681.9,5.14,25.78,59.3
2024-05-14 12:00:00,84.79,583.35,1.94,26.03,50.3
2024-05-14 13:00:00,92.97,628.54,1.67,25.4,68.6
2024-05-14 14:00:00,115.2,787.3,1.3,25.04,64.0
2024-05-14 15:00:00,80.23,537.74,1.08,22.42,68.4
2024-05-14 16:00:00,49.93,320.49,0.69,23.26,69.5
2024-05-14 17:00:00,18.88,126.81,1.36,26.78,74.0
2024-05-14 18:00:00,2.04,0.0,2.62,20.75,76.8
2024-05-14 19:00:00,0.68,0.0,1.57,21.5,85.7
2024-05-14 20:00:00,0.0,0.0,3.67,21.18,83.0
2024-05-14 21:00:00,0.24,0.0,3.6,16.23,88.3
2024-05-14 22:00:00,0.94,0.0,0.81,16.94,82.8
2024-05-14 23:00:00,0.28,0.0,0.64,16.83,85.5
2024-05-15 00:00:00,10.24,0.0,6.31,14.63,79.0
2024-05-15 01:00:00,0.0,0.0,1.97,18.32,86.7
2024-05-15 02:00:00,0.0,0.0,2.96,11.31,73.3
2024-05-15 03:00:00,4.52,0.0,2.21,15.6,72.3
2024-05-15 04:00:00,11.54,0.0,6.21,14.35,68.4
2024-05-15 05:00:00,5.73,0.0,6.16,16.72,64.3
2024-05-15 06:00:00,123.73,0.0,10.77,17.47,66.1
2024-05-15 07:00:00,58.95,112.77,8.34,17.16,57.8
2024-05-15 08:00:00,54.94,337.37,5.1,20.15,64.0
2024-05-15 09:00:00,90.88,605.42,4.59,18.57,51.4
2024-05-15 10:00:00,79.37,514.59,3.8,23.71,55.8
2024-05-15 11:00:00,123.96,825.58,2.5,24.5,51.6
2024-05-15 12:00:00,103.25,693.18,1.89,25.96,59.1
2024-05-15 13:00:00,106.06,703.17,1.33,27.19,59.3
2024-05-15 14:00:00,84.7,574.86,0.72,26.36,61.7
2024-05-15 15:00:00,66.43,448.14,1.09,25.83,72.1
2024-05-15 16:00:00,59.21,385.82,1.12,23.68,66.7
2024-05-15 17:00:00,29.76,160.09,5.77,22.98,76.8
2024-05-15 18:00:00,3.82,0.0,2.21,24.59,73.7
2024-05-15 19:00:00,17.45,0.0,6.88,23.52,81.2
2024-05-15 20:00:00,1.26,0.0,1.45,19.45,77.0
2024-05-15 21:00:00,0.0,0.0,2.19,18.32,81.2
2024-05-15 22:00:00,1.75,0.0,1.94,15.45,84.6
2024-05-15 23:00:00,0.0,0.0,1.66,17.32,93.6
2024-05-16 00:00:00,0.56,0.0,1.93,15.75,83.5
2024-05-16 01:00:00,28.91,0.0,7.82,17.06,88.9
2024-05-16 02:00:00,86.79,0.0,9.76,12.63,78.6
2024-05-16 03:00:00,0.58,0.0,2.52,13.58,71.9
2024-05-16 04:00:00,4.06,0.0,3.7,15.1,77.7
2024-05-16 05:00:00,8.41,0.0,5.36,16.67,68.3
2024-05-16 06:00:00,2.0,0.0,4.2,16.62,59.3
2024-05-16 07:00:00,16.72,94.37,5.07,17.08,61.7
2024-05-16 08:00:00,29.39,208.24,3.56,21.27,55.5
2024-05-16 09:00:00,82.44,522.72,5.01,22.58,45.6
2024-05-16 10:00:00,93.12,617.47,3.67,21.57,59.7
2024-05-16 11:00:00,116.51,772.97,3.6,26.22,61.0
2024-05-16 12:00:00,143.72,942.21,1.57,26.9,66.2
2024-05-16 13:00:00,102.45,696.64,2.94,25.94,61.5
2024-05-16 14:00:00,90.73,448.4,7.54,26.07,61.3
2024-05-16 15:00:00,89.77,605.42,1.55,26.57,70.3
2024-05-16 16:00:00,43.22,270.23,4.56,23.85,74.2
2024-05-16 17:00:00,18.4,113.29,4.02,24.23,82.1
2024-05-16 18:00:00,2.28,0.0,5.46,19.72,77.3
2024-05-16 19:00:00,1.57,0.0,3.58,22.81,79.8
2024-05-16 20:00:00,0.0,0.0,2.92,17.61,79.4
2024-05-16 21:00:00,0.0,0.0,4.67,20.65,87.2
2024-05-16 22:00:00,0.0,0.0,0.5,16.45,77.3
2024-05-16 23:00:00,0.0,0.0,3.11,15.39,88.4
2024-05-17 00:00:00,59.43,0.0,8.95,13.95,85.9
2024-05-17 01:00:00,7.1,0.0,5.88,13.86,83.5
2024-05-17 02:00:00,54.69,0.0,8.71,16.21,78.2
2024-05-17 03:00:00,15.1,0.0,6.85,10.56,81.5
2024-05-17 04:00:00,34.2,0.0,8.01,16.8,74.4
2024-05-17 05:00:00,18.3,0.0,6.87,16.35,63.1
2024-05-17 06:00:00,21.53,0.0,7.29,15.27,59.6
2024-05-17 07:00:00,32.73,155.63,5.86,16.92,55.0
2024-05-17 08:00:00,107.65,379.64,8.66,22.6,59.8
2024-05-17 09:00:00,101.66,572.9,7.21,20.22,50.5
2024-05-17 10:00:00,101.63,548.07,6.96,21.35,60.4
2024-05-17 11:00:00,110.42,705.98,5.25,26.03,62.1
2024-05-17 12:00:00,122.56,806.92,2.84,25.79,52.6
2024-05-17 13:00:00,111.12,766.29,0.5,24.47,58.5
2024-05-17 14:00:00,120.12,758.4,6.12,26.41,62.6
2024-05-17 15:00:00,48.57,331.63,2.84,24.34,70.5
2024-05-17 16:00:00,50.01,347.3,1.07,26.93,78.0
2024-05-17 17:00:00,23.24,132.2,0.5,25.92,65.5
2024-05-17 18:00:00,0.13,0.0,3.83,23.88,75.9
2024-05-17 19:00:00,0.17,0.0,3.96,22.18,79.3
2024-05-17 20:00:00,1.36,0.0,3.97,22.73,76.0
2024-05-17 21:00:00,1.14,0.0,3.16,18.53,82.1
2024-05-17 22:00:00,0.0,0.0,2.15,15.31,87.1
2024-05-17 23:00:00,0.0,0.0,2.32,16.52,83.1
2024-05-18 00:00:00,0.0,0.0,0.52,18.15,75.3
2024-05-18 01:00:00,11.45,0.0,6.39,12.9,95.0
2024-05-18 02:00:00,0.0,0.0,2.52,13.68,78.8
2024-05-18 03:00:00,6.77,0.0,5.91,15.05,74.4
2024-05-18 04:00:00,0.46,0.0,5.56,14.94,64.5
2024-05-18 05:00:00,5.9,0.0,5.88,14.5,67.4
2024-05-18 06:00:00,60.42,0.0,8.96,18.9,61.7
2024-05-18 07:00:00,25.72,152.68,2.87,22.15,50.0
2024-05-18 08:00:00,67.75,314.41,7.12,20.51,51.7
2024-05-18 09:00:00,71.85,496.8,2.6,20.42,59.5
2024-05-18 10:00:00,110.25,718.2,2.03,20.9,64.7
2024-05-18 11:00:00,105.3,690.59,3.98,24.85,57.3
2024-05-18 12:00:00,141.08,950.0,1.3,27.07,62.5
2024-05-18 13:00:00,109.83,750.1,4.98,26.73,58.6
2024-05-18 14:00:00,112.8,742.87,2.96,26.22,62.1
2024-05-18 15:00:00,89.58,605.42,0.5,25.13,71.6
2024-05-18 16:00:00,58.57,385.82,0.5,23.78,78.3
2024-05-18 17:00:00,15.79,104.69,2.46,25.72,80.4
2024-05-18 18:00:00,3.15,0.0,3.64,24.59,72.2
2024-05-18 19:00:00,0.0,0.0,1.57,19.45,80.3
2024-05-18 20:00:00,0.0,0.0,2.35,22.61,84.4
2024-05-18 21:00:00,3.6,0.0,4.17,19.53,83.2
2024-05-18 22:00:00,0.0,0.0,3.38,19.32,86.9
2024-05-18 23:00:00,1.63,0.0,1.9,13.96,88.6
2024-05-19 00:00:00,0.35,0.0,4.4,13.11,88.0
2024-05-19 01:00:00,0.18,0.0,5.0,14.34,89.0
2024-05-19 02:00:00,8.28,0.0,6.11,15.11,75.9
2024-05-19 03:00:00,7.75,0.0,5.85,17.25,67.1
2024-05-19 04:00:00,83.96,0.0,9.67,16.22,71.8
2024-05-19 05:00:00,3.41,0.0,4.19,15.75,75.5
2024-05-19 06:00:00,72.5,0.0,9.43,15.81,60.1
2024-05-19 07:00:00,20.94,106.55,5.93,20.65,62.8
2024-05-19 08:00:00,57.77,313.63,6.46,18.91,60.5
2024-05-19 09:00:00,79.37,544.87,3.03,24.35,56.5
2024-05-19 10:00:00,118.26,787.98,4.22,22.93,55.0
2024-05-19 11:00:00,134.23,862.85,5.87,26.98,50.9
2024-05-19 12:00:00,108.65,705.75,4.94,26.57,45.6
2024-05-19 13:00:00,131.29,908.14,0.54,25.94,53.8
2024-05-19 14:00:00,93.47,634.38,3.05,25.58,60.5
2024-05-19 15:00:00,58.75,402.39,0.5,25.64,71.6
2024-05-19 16:00:00,84.62,317.99,8.02,26.19,69.5
2024-05-19 17:00:00,23.5,163.92,4.61,24.71,71.3
2024-05-19 18:00:00,0.45,0.0,0.5,22.46,73.0
2024-05-19 19:00:00,0.19,0.0,4.17,21.66,83.9
2024-05-19 20:00:00,4.68,0.0,5.12,20.47,89.8
2024-05-19 21:00:00,1.19,0.0,1.67,15.61,89.8
2024-05-19 22:00:00,0.53,0.0,4.02,18.04,88.0
2024-05-19 23:00:00,0.0,0.0,3.01,14.64,77.1
2024-05-20 00:00:00,0.0,0.0,4.63,13.56,81.2
2024-05-20 01:00:00,0.54,0.0,3.54,12.16,90.3
2024-05-20 02:00:00,1.28,0.0,3.93,11.8,83.1
2024-05-20 03:00:00,0.0,0.0,4.85,12.66,66.2
2024-05-20 04:00:00,0.0,0.0,3.67,14.23,69.7
2024-05-20 05:00:00,30.44,0.0,7.78,19.17,67.9
2024-05-20 06:00:00,3.08,0.0,5.06,16.7,58.7
2024-05-20 07:00:00,15.87,98.22,5.25,19.2,47.8
2024-05-20 08:00:00,95.99,385.82,8.23,21.09,57.5
2024-05-20 09:00:00,83.55,561.81,5.21,22.24,51.6
2024-05-20 10:00:00,109.25,694.6,5.03,23.37,51.1
2024-05-20 11:00:00,161.77,855.71,8.08,22.94,53.7
2024-05-20 12:00:00,146.69,908.59,6.41,27.86,56.3
2024-05-20 13:00:00,111.04,752.77,1.58,28.99,59.3
2024-05-20 14:00:00,91.85,595.17,2.68,23.96,58.1
2024-05-20 15:00:00,96.47,569.04,6.59,24.75,65.0
2024-05-20 16:00:00,52.61,350.27,1.45,25.26,61.2
2024-05-20 17:00:00,14.52,119.41,1.24,23.28,75.4
2024-05-20 18:00:00,0.0,0.0,0.5,24.25,63.2
2024-05-20 19:00:00,1.19,0.0,0.5,20.95,79.2
2024-05-20 20:00:00,0.0,0.0,3.42,23.73,87.6
2024-05-20 21:00:00,0.0,0.0,3.95,20.72,79.2
2024-05-20 22:00:00,18.62,0.0,6.93,17.81,88.6
2024-05-20 23:00:00,3.28,0.0,4.87,17.78,90.3
2024-05-21 00:00:00,0.0,0.0,2.52,17.08,66.5
2024-05-21 01:00:00,0.0,0.0,1.57,13.97,79.8
2024-05-21 02:00:00,82.33,0.0,9.67,13.39,63.1
2024-05-21 03:00:00,3.5,0.0,4.44,14.94,73.3
2024-05-21 04:00:00,0.0,0.0,4.61,16.71,70.0
2024-05-21 05:00:00,46.2,0.0,8.59,16.58,53.7
2024-05-21 06:00:00,8.33,0.0,6.25,15.25,72.1
2024-05-21 07:00:00,17.85,107.41,4.29,17.86,60.8
2024-05-21 08:00:00,98.25,385.82,8.17,20.51,52.8
2024-05-21 09:00:00,213.58,579.38,10.78,22.06,62.8
2024-05-21 10:00:00,78.76,548.51,2.51,26.58,46.0
2024-05-21 11:00:00,146.32,854.64,6.66,22.78,49.4
2024-05-21 12:00:00,141.26,950.0,3.27,26.57,45.5
2024-05-21 13:00:00,114.01,767.79,3.41,28.65,68.4
2024-05-21 14:00:00,120.32,787.98,5.78,30.02,64.2
2024-05-21 15:00:00,68.05,358.04,6.67,25.81,69.4
2024-05-21 16:00:00,56.79,368.1,0.89,26.55,71.5
2024-05-21 17:00:00,25.12,163.92,0.5,25.71,76.8
2024-05-21 18:00:00,3.48,0.0,0.5,23.91,77.9
2024-05-21 19:00:00,0.0,0.0,2.19,22.02,82.0
2024-05-21 20:00:00,0.0,0.0,0.5,21.27,83.5
2024-05-21 21:00:00,0.46,0.0,1.96,15.27,81.4
2024-05-21 22:00:00,0.93,0.0,0.5,18.64,84.8
2024-05-21 23:00:00,0.46,0.0,2.82,16.56,85.9
2024-05-22 00:00:00,0.0,0.0,1.05,15.21,83.5
2024-05-22 01:00:00,11.41,0.0,6.4,18.02,73.2
2024-05-22 02:00:00,0.0,0.0,3.33,13.73,70.8
2024-05-22 03:00:00,0.0,0.0,4.37,14.34,79.3
2024-05-22 04:00:00,33.45,0.0,7.96,18.54,68.5
2024-05-22 05:00:00,17.36,0.0,7.13,15.25,69.0
2024-05-22 06:00:00,0.0,0.0,4.38,16.92,57.0
2024-05-22 07:00:00,19.36,163.92,3.31,18.97,52.0
2024-05-22 08:00:00,68.56,339.14,6.73,22.01,52.8
2024-05-22 09:00:00,80.43,520.02,4.68,22.61,54.4
2024-05-22 10:00:00,112.27,682.33,6.33,21.81,51.7
2024-05-22 11:00:00,101.74,685.03,4.06,24.19,62.0
2024-05-22 12:00:00,114.12,799.26,3.05,25.03,57.9
2024-05-22 13:00:00,133.99,908.14,3.05,26.42,68.6
2024-05-22 14:00:00,103.43,683.25,4.21,27.38,64.5
2024-05-22 15:00:00,70.57,442.55,5.19,27.17,54.1
2024-05-22 16:00:00,42.45,274.41,0.5,23.28,75.3
2024-05-22 17:00:00,19.43,128.26,2.0,26.58,66.3
2024-05-22 18:00:00,2.61,0.0,0.5,24.12,78.7
2024-05-22 19:00:00,0.0,0.0,1.72,24.37,76.7
2024-05-22 20:00:00,3.43,0.0,4.66,21.41,93.7
2024-05-22 21:00:00,0.0,0.0,1.71,20.84,91.7
2024-05-22 22:00:00,6.11,0.0,6.06,18.44,81.3
2024-05-22 23:00:00,0.0,0.0,3.97,18.52,83.9
2024-05-23 00:00:00,16.67,0.0,7.09,16.46,84.2
2024-05-23 01:00:00,7.26,0.0,5.79,14.93,84.9
2024-05-23 02:00:00,0.0,0.0,2.64,18.28,77.6
2024-05-23 03:00:00,0.0,0.0,3.87,16.41,68.8
2024-05-23 04:00:00,3.69,0.0,5.02,16.53,66.4
2024-05-23 05:00:00,0.95,0.0,4.03,14.71,66.1
2024-05-23 06:00:00,7.85,0.0,5.78,15.94,68.7
2024-05-23 07:00:00,30.43,163.92,5.6,19.76,61.5
2024-05-23 08:00:00,124.65,385.82,9.29,21.09,53.1
2024-05-23 09:00:00,53.02,339.99,4.9,21.5,58.8
2024-05-23 10:00:00,122.47,737.99,6.48,24.08,53.1
2024-05-23 11:00:00,138.71,747.66,7.76,27.5,60.0
2024-05-23 12:00:00,131.03,829.61,6.3,27.11,69.6
2024-05-23 13:00:00,106.29,717.66,1.81,24.95,57.6
2024-05-23 14:00:00,105.93,683.68,2.79,26.7,66.5
2024-05-23 15:00:00,78.28,528.35,1.64,25.46,62.4
2024-05-23 16:00:00,46.55,294.44,1.58,25.49,69.4
2024-05-23 17:00:00,16.66,117.29,1.19,24.49,74.0
2024-05-23 18:00:00,1.92,0.0,3.8,23.15,76.5
2024-05-23 19:00:00,1.8,0.0,1.64,20.54,92.9
2024-05-23 20:00:00,1.91,0.0,2.2,20.68,81.5
2024-05-23 21:00:00,19.37,0.0,7.08,18.48,87.4
2024-05-23 22:00:00,2.75,0.0,0.5,13.48,75.3
2024-05-23 23:00:00,0.76,0.0,3.23,19.71,86.6
2024-05-24 00:00:00,7.17,0.0,5.39,17.43,88.7
2024-05-24 01:00:00,0.0,0.0,2.5,14.63,78.0
2024-05-24 02:00:00,4.43,0.0,5.39,15.02,64.9
2024-05-24 03:00:00,0.77,0.0,3.91,13.44,73.7
2024-05-24 04:00:00,30.94,0.0,7.93,18.34,70.1
2024-05-24 05:00:00,3.0,0.0,4.89,19.6,69.7
2024-05-24 06:00:00,0.0,0.0,4.96,18.23,72.6
2024-05-24 07:00:00,31.73,157.64,6.25,20.98,57.5
2024-05-24 08:00:00,50.97,365.1,3.91,21.26,52.7
2024-05-24 09:00:00,77.05,490.06,4.15,20.54,49.7
2024-05-24 10:00:00,104.61,695.51,4.4,23.38,56.0
2024-05-24 11:00:00,103.16,659.58,3.6,25.44,57.9
2024-05-24 12:00:00,137.71,907.75,3.93,25.51,54.3
2024-05-24 13:00:00,114.57,761.31,3.81,26.46,63.3
2024-05-24 14:00:00,93.69,637.16,3.15,26.86,64.8
2024-05-24 15:00:00,69.69,481.75,3.21,26.67,66.3
2024-05-24 16:00:00,49.45,324.31,1.12,26.27,65.5
2024-05-24 17:00:00,19.1,128.32,0.5,23.65,71.5
2024-05-24 18:00:00,0.0,0.0,3.3,22.92,65.4
2024-05-24 19:00:00,0.0,0.0,4.1,20.62,81.8
2024-05-24 20:00:00,0.0,0.0,0.86,22.46,83.1
2024-05-24 21:00:00,3.64,0.0,1.94,16.28,85.4
2024-05-24 22:00:00,4.43,0.0,2.8,19.72,87.5
2024-05-24 23:00:00,0.44,0.0,3.46,18.83,86.4
2024-05-25 00:00:00,1.54,0.0,4.65,15.47,82.4
2024-05-25 01:00:00,0.0,0.0,1.59,11.42,80.8
2024-05-25 02:00:00,5.77,0.0,6.03,14.57,70.5
2024-05-25 03:00:00,2.75,0.0,2.7,15.22,71.0
2024-05-25 04:00:00,7.46,0.0,5.38,14.4,70.3
2024-05-25 05:00:00,27.58,0.0,7.75,16.1,62.4
2024-05-25 06:00:00,4.48,0.0,5.57,20.41,66.8
2024-05-25 07:00:00,17.04,118.3,3.9,20.56,56.1
2024-05-25 08:00:00,147.88,258.15,10.37,19.73,58.1
2024-05-25 09:00:00,98.89,434.15,7.85,20.27,56.1
2024-05-25 10:00:00,57.82,332.92,6.37,23.63,58.7
2024-05-25 11:00:00,128.02,846.1,3.89,25.04,60.0
2024-05-25 12:00:00,142.78,950.0,2.18,27.06,60.5
2024-05-25 13:00:00,132.02,792.05,6.71,26.11,48.9
2024-05-25 14:00:00,76.27,502.38,2.97,27.88,68.5
2024-05-25 15:00:00,68.6,456.23,4.63,29.81,73.8
2024-05-25 16:00:00,47.18,301.39,1.3,27.54,67.6
2024-05-25 17:00:00,14.08,114.31,1.06,25.29,75.1
2024-05-25 18:00:00,12.91,0.0,6.67,23.84,73.0
2024-05-25 19:00:00,0.0,0.0,1.99,22.13,70.9
2024-05-25 20:00:00,0.0,0.0,0.5,22.89,79.3
2024-05-25 21:00:00,0.0,0.0,0.97,18.62,81.8
2024-05-25 22:00:00,0.0,0.0,2.72,18.18,83.2
2024-05-25 23:00:00,1.9,0.0,0.56,16.95,79.7
2024-05-26 00:00:00,0.0,0.0,3.62,15.29,79.3
2024-05-26 01:00:00,0.0,0.0,3.93,13.38,80.6
2024-05-26 02:00:00,12.7,0.0,6.43,15.72,73.6
2024-05-26 03:00:00,0.0,0.0,4.51,15.35,76.6
2024-05-26 04:00:00,99.49,0.0,10.23,16.79,73.4
2024-05-26 05:00:00,0.0,0.0,4.09,16.19,78.0
2024-05-26 06:00:00,6.76,0.0,6.28,20.07,68.1
2024-05-26 07:00:00,19.58,149.14,3.47,18.37,60.6
2024-05-26 08:00:00,54.46,251.55,6.84,23.8,53.9
2024-05-26 09:00:00,214.93,492.92,10.98,20.17,57.0
2024-05-26 10:00:00,134.16,787.98,6.74,24.89,56.6
2024-05-26 11:00:00,117.44,764.14,4.61,26.19,52.9
2024-05-26 12:00:00,126.62,827.68,3.73,25.24,60.9
2024-05-26 13:00:00,123.52,836.65,5.36,27.67,52.4
2024-05-26 14:00:00,125.51,787.98,6.13,29.16,61.3
2024-05-26 15:00:00,79.03,364.29,7.53,23.71,68.9
2024-05-26 16:00:00,52.3,361.78,1.57,27.19,68.6
2024-05-26 17:00:00,40.82,132.73,7.16,21.74,72.8
2024-05-26 18:00:00,0.0,0.0,0.5,22.79,76.8
2024-05-26 19:00:00,0.0,0.0,0.64,25.23,76.4
2024-05-26 20:00:00,1.27,0.0,0.5,20.36,88.9
2024-05-26 21:00:00,0.98,0.0,1.26,17.92,79.4
2024-05-26 22:00:00,0.94,0.0,4.35,17.94,86.6
2024-05-26 23:00:00,2.69,0.0,5.53,20.1,86.6
2024-05-27 00:00:00,5.4,0.0,5.43,13.41,78.2
2024-05-27 01:00:00,3.59,0.0,5.01,13.98,81.0
2024-05-27 02:00:00,1.99,0.0,4.88,17.6,73.0
2024-05-27 03:00:00,8.09,0.0,6.36,18.35,80.8
2024-05-27 04:00:00,1.35,0.0,5.0,16.0,64.3
2024-05-27 05:00:00,33.37,0.0,7.87,15.25,62.8
2024-05-27 06:00:00,17.22,0.0,6.76,21.5,56.4
2024-05-27 07:00:00,31.14,110.47,6.81,22.19,52.6
2024-05-27 08:00:00,62.91,385.82,5.72,22.37,65.0
2024-05-27 09:00:00,106.37,508.15,7.81,21.69,58.2
2024-05-27 10:00:00,102.58,679.9,3.57,24.28,55.7
2024-05-27 11:00:00,108.89,733.99,3.74,25.36,52.2
2024-05-27 12:00:00,134.6,917.63,5.42,27.05,61.5
2024-05-27 13:00:00,131.9,878.6,3.26,29.33,55.3
2024-05-27 14:00:00,112.42,709.38,5.44,28.67,66.5
2024-05-27 15:00:00,83.48,565.89,1.64,25.53,61.8
2024-05-27 16:00:00,44.53,315.67,1.43,28.62,66.8
2024-05-27 17:00:00,23.46,152.66,4.5,26.07,77.7
2024-05-27 18:00:00,0.0,0.0,1.63,25.38,81.8
2024-05-27 19:00:00,1.99,0.0,1.96,25.11,83.6
2024-05-27 20:00:00,0.11,0.0,1.25,19.69,77.7
2024-05-27 21:00:00,0.0,0.0,1.28,19.75,82.3
2024-05-27 22:00:00,0.0,0.0,3.63,17.56,85.8
2024-05-27 23:00:00,1.73,0.0,1.25,14.76,80.2
2024-05-28 00:00:00,11.28,0.0,6.32,16.79,89.8
2024-05-28 01:00:00,9.13,0.0,5.95,19.44,68.6
2024-05-28 02:00:00,0.0,0.0,3.22,12.71,73.6
2024-05-28 03:00:00,13.3,0.0,6.27,15.63,71.3
2024-05-28 04:00:00,4.46,0.0,6.07,17.23,55.8
2024-05-28 05:00:00,1.8,0.0,4.12,17.41,59.1
2024-05-28 06:00:00,0.0,0.0,4.68,18.3,65.6
2024-05-28 07:00:00,23.15,142.82,5.29,17.97,59.5
2024-05-28 08:00:00,68.09,346.1,6.62,21.82,64.9
2024-05-28 09:00:00,65.68,379.78,5.95,21.89,63.2
2024-05-28 10:00:00,112.26,741.68,4.97,21.18,57.2
2024-05-28 11:00:00,140.28,908.14,5.87,27.5,57.1
2024-05-28 12:00:00,119.37,782.61,5.28,28.1,57.3
2024-05-28 13:00:00,136.17,908.14,3.9,27.34,46.1
2024-05-28 14:00:00,99.41,647.36,4.49,27.81,55.5
2024-05-28 15:00:00,86.47,591.76,1.58,28.88,66.6
2024-05-28 16:00:00,27.62,199.55,4.61,27.0,73.1
2024-05-28 17:00:00,24.7,163.92,2.47,27.07,75.3
2024-05-28 18:00:00,0.0,0.0,3.77,24.02,73.0
2024-05-28 19:00:00,0.0,0.0,2.11,24.99,85.3
2024-05-28 20:00:00,0.6,0.0,0.65,21.95,90.4
2024-05-28 21:00:00,0.0,0.0,2.61,20.21,89.2
2024-05-28 22:00:00,0.61,0.0,2.17,16.56,89.9
2024-05-28 23:00:00,0.0,0.0,4.36,17.66,81.7
2024-05-29 00:00:00,1.06,0.0,3.69,15.14,88.4
2024-05-29 01:00:00,8.23,0.0,6.41,14.83,81.3
2024-05-29 02:00:00,4.14,0.0,5.76,14.36,80.1
2024-05-29 03:00:00,8.64,0.0,6.22,14.19,75.7
2024-05-29 04:00:00,3.85,0.0,4.11,19.57,69.4
2024-05-29 05:00:00,118.5,0.0,10.53,19.34,61.8
2024-05-29 06:00:00,35.26,0.0,7.94,21.46,62.1
2024-05-29 07:00:00,51.25,163.37,7.43,18.2,64.3
2024-05-29 08:00:00,55.4,312.3,4.7,21.69,54.8
2024-05-29 09:00:00,62.15,388.39,5.4,21.2,60.0
2024-05-29 10:00:00,121.04,787.98,2.89,23.54,58.7
2024-05-29 11:00:00,139.21,908.14,4.52,24.45,54.0
2024-05-29 12:00:00,120.49,801.62,1.94,28.64,64.0
2024-05-29 13:00:00,138.84,908.14,3.56,26.78,57.6
2024-05-29 14:00:00,99.6,680.57,3.59,29.19,70.0
2024-05-29 15:00:00,70.06,480.05,1.85,28.28,68.3
2024-05-29 16:00:00,43.44,291.46,2.07,30.23,69.9
2024-05-29 17:00:00,24.9,163.92,4.35,23.61,69.4
2024-05-29 18:00:00,0.64,0.0,0.5,26.47,77.1
2024-05-29 19:00:00,3.18,0.0,3.59,24.86,79.6
2024-05-29 20:00:00,0.0,0.0,0.5,20.12,76.7
2024-05-29 21:00:00,0.0,0.0,0.5,21.54,83.4
2024-05-29 22:00:00,0.35,0.0,1.19,19.09,81.0
2024-05-29 23:00:00,1.16,0.0,4.81,17.0,87.4
2024-05-30 00:00:00,0.0,0.0,3.34,15.26,89.5
2024-05-30 01:00:00,13.51,0.0,6.77,14.82,74.5
2024-05-30 02:00:00,3.36,0.0,4.93,18.77,86.1
2024-05-30 03:00:00,2.88,0.0,2.22,15.9,73.2
2024-05-30 04:00:00,11.96,0.0,6.73,17.67,65.1
2024-05-30 05:00:00,0.0,0.0,3.63,16.27,69.9
2024-05-30 06:00:00,25.13,0.0,7.5,17.52,60.3
2024-05-30 07:00:00,18.22,147.22,4.02,21.76,59.0
2024-05-30 08:00:00,41.27,270.78,4.78,19.67,55.0
2024-05-30 09:00:00,97.61,580.26,6.71,22.62,51.4
2024-05-30 10:00:00,150.58,679.89,8.51,24.75,58.6
2024-05-30 11:00:00,78.93,538.2,3.69,26.1,54.1
2024-05-30 12:00:00,110.14,675.13,5.83,26.62,49.8
2024-05-30 13:00:00,106.41,703.24,1.7,28.08,62.1
2024-05-30 14:00:00,97.62,661.17,4.64,28.73,56.5
2024-05-30 15:00:00,87.37,605.42,3.23,28.59,60.4
2024-05-30 16:00:00,50.79,341.73,0.5,25.41,76.0
2024-05-30 17:00:00,17.55,118.66,0.9,25.51,67.9
2024-05-30 18:00:00,0.69,0.0,0.5,26.49,65.9
2024-05-30 19:00:00,0.0,0.0,1.3,24.59,83.7
2024-05-30 20:00:00,1.49,0.0,0.56,19.63,81.5
2024-05-30 21:00:00,0.53,0.0,3.15,20.67,83.4
2024-05-30 22:00:00,45.56,0.0,8.52,15.73,83.4
2024-05-30 23:00:00,0.0,0.0,0.5,17.52,85.6
2024-05-31 00:00:00,0.0,0.0,4.02,19.45,79.2
2024-05-31 01:00:00,0.0,0.0,4.7,14.59,88.0
2024-05-31 02:00:00,29.89,0.0,7.77,14.55,70.1
2024-05-31 03:00:00,3.31,0.0,5.25,17.15,76.1
2024-05-31 04:00:00,6.31,0.0,5.76,14.29,73.2
2024-05-31 05:00:00,8.36,0.0,5.6,16.61,62.3
2024-05-31 06:00:00,0.98,0.0,4.65,19.7,57.4
2024-05-31 07:00:00,26.6,163.92,3.16,19.3,64.5
2024-05-31 08:00:00,51.87,326.04,5.09,21.45,52.1
2024-05-31 09:00:00,69.85,468.87,2.61,24.47,52.5
2024-05-31 10:00:00,99.42,649.41,5.07,25.44,59.4
2024-05-31 11:00:00,129.53,869.28,3.37,26.45,55.7
2024-05-31 12:00:00,142.47,950.0,3.98,26.49,48.0
2024-05-31 13:00:00,123.92,849.63,1.35,28.15,68.1
2024-05-31 14:00:00,106.17,681.8,6.06,27.62,59.8
2024-05-31 15:00:00,93.43,605.42,5.09,28.29,64.1
2024-05-31 16:00:00,48.04,309.84,0.5,26.25,71.3
2024-05-31 17:00:00,26.0,163.92,1.1,25.77,77.0
2024-05-31 18:00:00,0.31,0.0,2.4,23.32,87.3
2024-05-31 19:00:00,1.53,0.0,0.5,23.3,72.3
2024-05-31 20:00:00,1.43,0.0,1.36,20.59,87.1
2024-05-31 21:00:00,1.58,0.0,1.15,18.58,88.2
2024-05-31 22:00:00,4.23,0.0,5.79,19.19,84.3
2024-05-31 23:00:00,2.23,0.0,5.53,17.88,88.4
2024-06-01 00:00:00,0.0,0.0,4.22,17.89,87.7
2024-06-01 01:00:00,0.77,0.0,4.43,15.47,73.7
2024-06-01 02:00:00,34.47,0.0,8.03,16.52,86.2
2024-06-01 03:00:00,41.29,0.0,8.48,16.94,66.1
2024-06-01 04:00:00,84.81,0.0,9.67,17.38,64.3
2024-06-01 05:00:00,0.0,0.0,3.74,16.43,64.8
2024-06-01 06:00:00,0.65,0.0,4.04,19.13,72.1
2024-06-01 07:00:00,33.64,115.95,6.69,20.9,57.9
2024-06-01 08:00:00,22.97,146.31,5.75,21.92,56.8
2024-06-01 09:00:00,74.3,502.16,2.15,20.33,62.7
2024-06-01 10:00:00,79.4,534.81,2.29,25.15,53.5
2024-06-01 11:00:00,131.08,780.08,6.94,29.47,49.6
2024-06-01 12:00:00,94.58,575.92,6.21,26.57,54.9
2024-06-01 13:00:00,119.62,783.21,2.59,26.61,66.2
2024-06-01 14:00:00,97.26,620.74,5.46,28.47,62.9
2024-06-01 15:00:00,91.58,605.42,2.88,28.17,75.8
2024-06-01 16:00:00,57.27,385.82,3.9,28.89,73.7
2024-06-01 17:00:00,21.0,158.64,1.52,24.27,70.7
2024-06-01 18:00:00,0.0,0.0,0.5,26.01,77.8
2024-06-01 19:00:00,0.0,0.0,1.55,24.35,76.3
2024-06-01 20:00:00,0.72,0.0,1.87,21.7,79.6
2024-06-01 21:00:00,0.06,0.0,2.65,20.86,95.0
2024-06-01 22:00:00,0.0,0.0,0.66,20.45,90.1
2024-06-01 23:00:00,48.08,0.0,8.62,18.98,88.8
2024-06-02 00:00:00,4.02,0.0,2.52,15.1,79.9
2024-06-02 01:00:00,0.0,0.0,2.78,17.45,88.5
2024-06-02 02:00:00,3.87,0.0,4.94,15.92,83.0
2024-06-02 03:00:00,3.85,0.0,5.41,16.33,83.3
2024-06-02 04:00:00,2.98,0.0,5.24,16.93,79.2
2024-06-02 05:00:00,24.26,0.0,7.31,17.55,58.7
2024-06-02 06:00:00,9.57,0.0,5.89,20.8,57.0
2024-06-02 07:00:00,27.75,121.95,6.31,20.34,54.4
2024-06-02 08:00:00,54.36,253.11,6.78,20.33,52.3
2024-06-02 09:00:00,79.06,522.22,2.26,22.98,57.1
2024-06-02 10:00:00,84.04,542.08,5.17,25.28,52.2
2024-06-02 11:00:00,107.25,611.53,6.9,28.1,65.9
2024-06-02 12:00:00,109.3,747.12,0.72,28.11,66.5
2024-06-02 13:00:00,104.53,705.28,2.82,26.53,59.4
2024-06-02 14:00:00,94.4,606.19,5.96,31.74,72.3
2024-06-02 15:00:00,84.28,556.96,1.67,28.21,73.6
2024-06-02 16:00:00,48.87,332.52,1.87,29.12,67.7
2024-06-02 17:00:00,29.03,132.24,6.51,26.03,63.8
2024-06-02 18:00:00,0.0,0.0,0.5,25.81,76.4
2024-06-02 19:00:00,0.0,0.0,0.5,24.83,77.4
2024-06-02 20:00:00,0.0,0.0,4.38,23.84,84.0
2024-06-02 21:00:00,1.65,0.0,4.79,22.05,84.9
2024-06-02 22:00:00,0.0,0.0,2.67,20.32,85.3
2024-06-02 23:00:00,3.97,0.0,3.36,17.3,87.1
2024-06-03 00:00:00,7.76,0.0,5.89,16.06,76.9
2024-06-03 01:00:00,6.23,0.0,5.66,16.82,82.7
2024-06-03 02:00:00,0.0,0.0,3.64,17.52,75.3
2024-06-03 03:00:00,0.0,0.0,2.12,15.99,74.9
2024-06-03 04:00:00,3.01,0.0,5.44,18.52,74.8
2024-06-03 05:00:00,33.55,0.0,8.04,20.05,60.0
2024-06-03 06:00:00,44.57,0.0,8.52,17.74,61.1
2024-06-03 07:00:00,94.75,155.92,9.49,19.31,58.8
2024-06-03 08:00:00,76.81,292.16,8.06,21.9,54.4
2024-06-03 09:00:00,73.12,442.42,5.63,24.13,60.0
2024-06-03 10:00:00,64.43,424.84,4.54,24.33,51.4
2024-06-03 11:00:00,123.1,792.9,5.91,28.39,52.7
2024-06-03 12:00:00,120.67,795.72,5.15,27.95,53.5
2024-06-03 13:00:00,136.97,908.14,3.48,27.97,64.9
2024-06-03 14:00:00,106.43,712.22,0.52,25.96,60.0
2024-06-03 15:00:00,96.04,605.42,5.54,25.94,68.4
2024-06-03 16:00:00,40.97,287.59,1.86,27.73,79.9
2024-06-03 17:00:00,23.35,163.92,1.2,23.16,73.5
2024-06-03 18:00:00,0.71,0.0,2.49,26.63,83.1
2024-06-03 19:00:00,3.79,0.0,2.81,23.43,89.0
2024-06-03 20:00:00,2.86,0.0,0.61,26.98,88.1
2024-06-03 21:00:00,2.06,0.0,4.48,24.02,84.4
2024-06-03 22:00:00,0.3,0.0,1.76,18.84,88.2
2024-06-03 23:00:00,2.8,0.0,1.68,17.71,78.1
2024-06-04 00:00:00,1.6,0.0,3.35,18.51,79.1
2024-06-04 01:00:00,0.28,0.0,5.61,18.97,77.6
2024-06-04 02:00:00,51.77,0.0,8.81,13.76,88.7
2024-06-04 03:00:00,19.24,0.0,7.08,13.74,69.8
2024-06-04 04:00:00,53.93,0.0,8.94,16.09,65.9
2024-06-04 05:00:00,0.0,0.0,3.84,18.85,60.9
2024-06-04 06:00:00,0.0,0.0,3.38,19.96,65.3
2024-06-04 07:00:00,31.74,163.92,6.03,22.27,60.1
2024-06-04 08:00:00,58.22,385.82,4.5,20.42,62.4
2024-06-04 09:00:00,111.05,605.42,7.23,20.29,58.9
2024-06-04 10:00:00,114.76,721.26,5.73,26.5,48.1
2024-06-04 11:00:00,164.26,794.59,8.5,25.22,51.5
2024-06-04 12:00:00,69.14,466.06,2.58,24.38,63.8
2024-06-04 13:00:00,97.9,679.42,3.22,28.23,58.4
2024-06-04 14:00:00,92.38,612.98,2.82,29.4,68.4
2024-06-04 15:00:00,49.72,344.34,1.08,27.83,65.4
2024-06-04 16:00:00,36.7,260.96,2.54,26.72,65.2
2024-06-04 17:00:00,13.95,90.62,1.6,26.22,72.4
2024-06-04 18:00:00,0.0,0.0,1.55,24.66,72.7
2024-06-04 19:00:00,0.0,0.0,1.2,21.75,77.8
2024-06-04 20:00:00,0.52,0.0,0.5,21.14,84.0
2024-06-04 21:00:00,0.0,0.0,2.51,21.44,87.0
2024-06-04 22:00:00,4.62,0.0,2.0,19.7,77.0
2024-06-04 23:00:00,0.0,0.0,0.5,18.22,84.4
2024-06-05 00:00:00,1.24,0.0,2.86,15.62,80.1
2024-06-05 01:00:00,0.0,0.0,3.22,16.24,77.4
2024-06-05 02:00:00,0.0,0.0,4.28,13.05,78.2
2024-06-05 03:00:00,0.0,0.0,3.26,16.78,71.1
2024-06-05 04:00:00,2.8,0.0,5.58,19.26,76.9
2024-06-05 05:00:00,15.67,0.0,6.78,15.86,72.1
2024-06-05 06:00:00,13.73,0.0,6.49,18.43,68.4
2024-06-05 07:00:00,47.44,139.59,7.55,21.25,56.9
2024-06-05 08:00:00,60.77,385.82,5.3,24.19,52.2
2024-06-05 09:00:00,63.28,407.42,5.32,23.19,55.9
2024-06-05 10:00:00,123.68,719.27,6.67,24.27,54.2
2024-06-05 11:00:00,119.89,770.01,3.97,23.6,52.5
2024-06-05 12:00:00,114.95,759.98,4.91,27.66,51.1
2024-06-05 13:00:00,132.45,892.5,2.97,31.17,59.2
2024-06-05 14:00:00,115.01,773.68,2.4,28.73,60.5
2024-06-05 15:00:00,65.2,428.65,3.88,28.07,69.6
2024-06-05 16:00:00,44.71,317.4,0.5,27.99,73.3
2024-06-05 17:00:00,20.83,146.24,1.08,26.54,79.4
2024-06-05 18:00:00,0.79,0.0,0.5,24.09,71.2
2024-06-05 19:00:00,2.42,0.0,1.18,25.1,82.6
2024-06-05 20:00:00,0.0,0.0,0.72,22.65,79.4
2024-06-05 21:00:00,0.0,0.0,2.8,20.79,78.4
2024-06-05 22:00:00,0.07,0.0,4.57,17.85,82.9
2024-06-05 23:00:00,4.1,0.0,4.97,20.02,89.8
2024-06-06 00:00:00,0.0,0.0,3.14,18.21,81.1
2024-06-06 01:00:00,70.32,0.0,9.42,15.78,88.4
2024-06-06 02:00:00,3.61,0.0,5.29,17.91,80.2
2024-06-06 03:00:00,1.18,0.0,4.73,15.86,71.9
2024-06-06 04:00:00,28.2,0.0,7.62,16.04,75.8
2024-06-06 05:00:00,15.33,0.0,7.02,17.02,68.3
2024-06-06 06:00:00,19.9,0.0,7.22,16.75,57.8
2024-06-06 07:00:00,22.03,127.89,4.19,21.56,68.7
2024-06-06 08:00:00,59.21,385.82,5.38,19.66,58.3
2024-06-06 09:00:00,105.67,512.32,7.55,22.12,55.6
2024-06-06 10:00:00,111.14,743.97,4.83,22.29,50.7
2024-06-06 11:00:00,140.49,908.14,5.31,26.52,61.4
2024-06-06 12:00:00,125.36,845.09,4.26,27.38,59.6
2024-06-06 13:00:00,104.89,695.8,5.43,27.71,62.5
2024-06-06 14:00:00,106.96,725.01,1.74,26.84,60.0
2024-06-06 15:00:00,70.46,465.17,2.78,26.44,70.3
2024-06-06 16:00:00,44.21,298.75,0.5,28.3,74.6
2024-06-06 17:00:00,17.48,101.96,2.9,25.82,70.5
2024-06-06 18:00:00,2.87,0.0,3.1,25.88,70.4
2024-06-06 19:00:00,0.0,0.0,0.5,22.63,83.5
2024-06-06 20:00:00,0.0,0.0,3.02,22.68,75.1
2024-06-06 21:00:00,0.0,0.0,1.97,22.81,85.2
2024-06-06 22:00:00,0.0,0.0,0.8,20.29,82.8
2024-06-06 23:00:00,2.21,0.0,2.9,17.54,90.6
2024-06-07 00:00:00,1.12,0.0,2.24,17.69,81.0
2024-06-07 01:00:00,0.0,0.0,3.91,16.34,86.1
2024-06-07 02:00:00,0.5,0.0,4.24,16.51,74.9
2024-06-07 03:00:00,15.15,0.0,6.56,16.21,78.9
2024-06-07 04:00:00,23.05,0.0,7.12,17.06,80.3
2024-06-07 05:00:00,10.33,0.0,6.29,18.57,60.8
2024-06-07 06:00:00,0.0,0.0,2.81,18.01,64.0
2024-06-07 07:00:00,82.49,157.1,8.97,19.42,73.1
2024-06-07 08:00:00,56.74,284.36,6.54,20.42,57.3
2024-06-07 09:00:00,76.09,504.29,2.39,21.65,55.8
2024-06-07 10:00:00,106.64,605.55,6.74,23.67,58.9
2024-06-07 11:00:00,135.86,908.14,2.79,26.98,55.7
2024-06-07 12:00:00,124.07,844.91,4.21,26.36,48.5
2024-06-07 13:00:00,96.37,665.1,3.13,29.06,65.1
2024-06-07 14:00:00,90.17,614.14,2.41,28.55,52.5
2024-06-07 15:00:00,95.12,605.42,5.03,25.34,64.0
2024-06-07 16:00:00,55.49,385.82,1.77,28.68,76.0
2024-06-07 17:00:00,25.21,163.92,0.5,27.96,72.1
2024-06-07 18:00:00,4.11,0.0,5.34,24.01,74.0
2024-06-07 19:00:00,5.15,0.0,4.93,24.68,85.0
2024-06-07 20:00:00,0.0,0.0,3.07,21.21,78.7
2024-06-07 21:00:00,0.0,0.0,2.24,21.09,78.4
2024-06-07 22:00:00,1.29,0.0,0.56,17.6,86.4
2024-06-07 23:00:00,6.46,0.0,5.0,15.57,83.6
2024-06-08 00:00:00,1.42,0.0,1.42,16.82,76.8
2024-06-08 01:00:00,0.0,0.0,1.87,16.61,83.8
2024-06-08 02:00:00,0.02,0.0,5.0,15.99,79.8
2024-06-08 03:00:00,0.0,0.0,3.45,15.02,72.1
2024-06-08 04:00:00,4.01,0.0,2.23,16.79,68.5
2024-06-08 05:00:00,2.96,0.0,5.36,18.75,68.5
2024-06-08 06:00:00,0.0,0.0,3.89,19.52,68.5
2024-06-08 07:00:00,19.32,129.25,3.97,21.31,58.0
2024-06-08 08:00:00,47.94,323.85,3.16,21.58,60.3
2024-06-08 09:00:00,81.39,522.88,3.72,25.9,58.3
2024-06-08 10:00:00,107.7,682.51,5.99,23.82,59.4
2024-06-08 11:00:00,145.94,907.89,6.18,27.56,55.7
2024-06-08 12:00:00,132.72,899.22,3.57,29.56,52.4
2024-06-08 13:00:00,136.41,908.14,3.32,29.1,57.1
2024-06-08 14:00:00,119.81,787.98,0.5,28.28,64.2
2024-06-08 15:00:00,77.63,521.84,0.5,27.59,75.2
2024-06-08 16:00:00,14.98,105.91,0.86,29.34,67.6
2024-06-08 17:00:00,24.72,163.92,2.1,24.7,77.9
2024-06-08 18:00:00,0.0,0.0,3.15,24.13,75.9
2024-06-08 19:00:00,0.0,0.0,2.42,23.54,81.2
2024-06-08 20:00:00,3.1,0.0,1.55,24.44,90.6
2024-06-08 21:00:00,0.49,0.0,0.5,21.6,88.3
2024-06-08 22:00:00,0.0,0.0,4.44,18.14,78.8
2024-06-08 23:00:00,0.0,0.0,2.62,17.88,81.6
2024-06-09 00:00:00,0.0,0.0,5.13,16.56,89.3
2024-06-09 01:00:00,2.28,0.0,4.39,15.81,81.3
2024-06-09 02:00:00,7.29,0.0,6.14,18.14,71.8
2024-06-09 03:00:00,35.18,0.0,8.09,14.82,69.8
2024-06-09 04:00:00,49.28,0.0,8.6,19.89,73.5
2024-06-09 05:00:00,5.79,0.0,5.92,19.67,71.1
2024-06-09 06:00:00,7.56,0.0,5.87,21.31,62.6
2024-06-09 07:00:00,23.04,145.23,4.57,20.43,71.8
2024-06-09 08:00:00,112.74,385.82,8.85,22.45,61.1
2024-06-09 09:00:00,48.4,328.67,5.01,22.08,54.3
2024-06-09 10:00:00,94.91,643.69,2.82,24.89,50.9
2024-06-09 11:00:00,89.09,590.38,3.99,27.66,50.6
2024-06-09 12:00:00,82.79,572.06,1.82,29.81,58.7
2024-06-09 13:00:00,136.98,903.63,3.3,26.81,56.9
2024-06-09 14:00:00,113.44,734.15,3.12,28.13,70.9
2024-06-09 15:00:00,83.54,555.42,1.59,28.24,73.4
2024-06-09 16:00:00,60.0,381.25,0.5,25.78,73.2
2024-06-09 17:00:00,23.87,127.53,5.34,27.8,68.0
2024-06-09 18:00:00,0.0,0.0,3.38,24.59,74.1
2024-06-09 19:00:00,0.66,0.0,3.98,23.93,86.9
2024-06-09 20:00:00,4.03,0.0,1.42,22.0,80.2
2024-06-09 21:00:00,0.0,0.0,3.88,19.94,90.1
2024-06-09 22:00:00,0.0,0.0,2.74,19.66,87.4
2024-06-09 23:00:00,0.0,0.0,1.76,18.11,84.7
2024-06-10 00:00:00,0.0,0.0,1.8,17.0,79.5
2024-06-10 01:00:00,0.0,0.0,3.56,15.87,80.1
2024-06-10 02:00:00,3.35,0.0,2.89,17.24,78.4
2024-06-10 03:00:00,190.39,0.0,11.85,19.44,79.0
2024-06-10 04:00:00,1.94,0.0,2.89,17.77,65.6
2024-06-10 05:00:00,3.44,0.0,5.45,20.01,64.8
2024-06-10 06:00:00,2.39,0.0,5.57,17.67,62.7
2024-06-10 07:00:00,16.2,115.6,4.75,21.44,62.7
2024-06-10 08:00:00,55.95,340.26,5.91,21.11,52.5
2024-06-10 09:00:00,77.76,513.66,3.38,22.1,48.9
2024-06-10 10:00:00,109.82,649.23,6.46,24.65,58.4
2024-06-10 11:00:00,135.4,908.14,3.5,28.79,47.9
2024-06-10 12:00:00,101.79,707.02,4.28,29.38,63.4
2024-06-10 13:00:00,87.71,588.07,4.48,28.92,58.6
2024-06-10 14:00:00,102.16,672.14,5.44,26.46,54.8
2024-06-10 15:00:00,72.49,478.29,4.47,28.26,63.7
2024-06-10 16:00:00,58.04,385.82,2.64,28.41,71.9
2024-06-10 17:00:00,20.84,155.96,1.33,27.26,71.2
2024-06-10 18:00:00,1.94,0.0,1.83,22.99,77.6
2024-06-10 19:00:00,4.7,0.0,3.42,22.98,84.3
2024-06-10 20:00:00,2.74,0.0,4.57,22.66,82.0
2024-06-10 21:00:00,0.0,0.0,0.5,22.01,79.8
2024-06-10 22:00:00,0.0,0.0,2.24,16.46,83.5
2024-06-10 23:00:00,1.43,0.0,4.89,18.27,91.6
2024-06-11 00:00:00,0.0,0.0,3.47,17.86,91.4
2024-06-11 01:00:00,0.54,0.0,3.5,18.32,70.5
2024-06-11 02:00:00,0.0,0.0,4.37,17.88,83.0
2024-06-11 03:00:00,1.95,0.0,5.75,17.92,75.1
2024-06-11 04:00:00,200.44,0.0,13.66,16.44,74.6
2024-06-11 05:00:00,5.48,0.0,5.71,15.74,63.4
2024-06-11 06:00:00,0.0,0.0,4.32,19.25,53.7
2024-06-11 07:00:00,18.28,137.2,3.98,22.79,62.3
2024-06-11 08:00:00,30.54,199.71,2.81,24.93,52.3
2024-06-11 09:00:00,76.81,496.86,5.52,25.46,48.6
2024-06-11 10:00:00,116.65,768.65,5.03,26.48,48.4
2024-06-11 11:00:00,96.5,626.47,2.82,27.65,58.5
2024-06-11 12:00:00,107.24,700.52,4.87,27.2,57.7
2024-06-11 13:00:00,128.65,879.9,4.64,28.44,63.3
2024-06-11 14:00:00,69.85,495.24,1.6,31.34,65.8
2024-06-11 15:00:00,90.31,605.42,1.63,27.22,64.0
2024-06-11 16:00:00,62.97,297.15,7.32,30.46,69.6
2024-06-11 17:00:00,15.34,129.77,1.26,26.6,71.3
2024-06-11 18:00:00,1.07,0.0,3.3,27.83,76.4
2024-06-11 19:00:00,0.64,0.0,1.64,22.28,75.8
2024-06-11 20:00:00,1.04,0.0,3.8,23.72,84.9
2024-06-11 21:00:00,0.75,0.0,3.94,20.18,89.9
2024-06-11 22:00:00,0.0,0.0,3.7,17.72,80.9
2024-06-11 23:00:00,3.22,0.0,5.55,18.93,90.9
2024-06-12 00:00:00,21.16,0.0,7.19,19.24,83.6
2024-06-12 01:00:00,4.5,0.0,4.74,15.86,81.8
2024-06-12 02:00:00,0.0,0.0,3.49,14.67,69.0
2024-06-12 03:00:00,0.0,0.0,4.72,16.99,64.8
2024-06-12 04:00:00,15.42,0.0,7.01,17.59,70.7
2024-06-12 05:00:00,10.41,0.0,6.54,19.5,70.1
2024-06-12 06:00:00,0.82,0.0,4.14,21.34,59.1
2024-06-12 07:00:00,12.84,114.16,3.11,21.28,67.7
2024-06-12 08:00:00,56.46,291.28,6.52,25.7,60.7
2024-06-12 09:00:00,52.77,341.49,3.97,24.81,51.0
2024-06-12 10:00:00,96.77,659.33,4.81,25.4,55.2
2024-06-12 11:00:00,139.76,908.14,5.72,24.75,67.9
2024-06-12 12:00:00,137.38,922.2,4.13,27.72,50.8
2024-06-12 13:00:00,134.18,908.14,0.97,28.21,62.0
2024-06-12 14:00:00,114.66,774.08,1.19,30.36,60.9
2024-06-12 15:00:00,88.93,605.42,0.97,29.41,69.7
2024-06-12 16:00:00,60.09,385.82,0.86,26.35,76.3
2024-06-12 17:00:00,21.43,148.6,2.21,27.42,72.0
2024-06-12 18:00:00,0.0,0.0,1.83,26.93,83.1
2024-06-12 19:00:00,0.0,0.0,0.5,26.76,91.7
2024-06-12 20:00:00,1.47,0.0,0.5,24.25,83.3
2024-06-12 21:00:00,0.06,0.0,0.69,22.51,88.4
2024-06-12 22:00:00,28.0,0.0,7.6,20.01,82.0
2024-06-12 23:00:00,1.23,0.0,3.14,19.26,84.6
2024-06-13 00:00:00,4.9,0.0,6.19,19.67,82.1
2024-06-13 01:00:00,9.75,0.0,6.53,15.2,84.6
2024-06-13 02:00:00,0.0,0.0,4.87,16.47,83.5
2024-06-13 03:00:00,8.7,0.0,6.35,16.04,73.3
2024-06-13 04:00:00,0.0,0.0,3.97,18.37,77.7
2024-06-13 05:00:00,16.55,0.0,6.76,20.6,73.8
2024-06-13 06:00:00,3.68,0.0,4.67,19.1,66.7
2024-06-13 07:00:00,54.09,163.92,7.79,17.86,56.8
2024-06-13 08:00:00,50.79,341.96,3.22,22.38,54.0
2024-06-13 09:00:00,78.97,437.32,6.8,25.92,51.4
2024-06-13 10:00:00,115.13,771.89,2.62,26.8,59.7
2024-06-13 11:00:00,146.22,876.69,6.86,27.88,49.5
2024-06-13 12:00:00,117.43,780.75,2.84,27.77,60.4
2024-06-13 13:00:00,133.94,886.42,4.11,26.87,54.0
2024-06-13 14:00:00,79.59,572.23,2.75,29.77,66.6
2024-06-13 15:00:00,69.45,469.84,1.74,27.54,66.2
2024-06-13 16:00:00,33.69,211.61,2.84,31.47,76.7
2024-06-13 17:00:00,18.85,106.78,5.42,28.09,79.6
2024-06-13 18:00:00,2.28,0.0,0.5,25.13,84.7
2024-06-13 19:00:00,1.29,0.0,4.91,23.63,87.9
2024-06-13 20:00:00,0.35,0.0,2.64,22.86,83.7
2024-06-13 21:00:00,0.0,0.0,4.23,21.08,78.7
2024-06-13 22:00:00,0.0,0.0,2.24,21.67,79.7
2024-06-13 23:00:00,1.45,0.0,3.15,19.03,74.1
2024-06-14 00:00:00,10.84,0.0,6.21,16.78,77.6
2024-06-14 01:00:00,0.26,0.0,3.91,20.11,81.0
2024-06-14 02:00:00,0.0,0.0,4.98,17.14,74.7
2024-06-14 03:00:00,0.09,0.0,2.18,18.43,73.0
2024-06-14 04:00:00,2.63,0.0,3.76,16.96,72.5
2024-06-14 05:00:00,15.1,0.0,6.49,19.37,64.6
2024-06-14 06:00:00,16.96,0.0,7.0,20.54,56.9
2024-06-14 07:00:00,27.7,148.87,6.16,18.68,59.1
2024-06-14 08:00:00,42.35,271.79,3.66,26.09,52.5
2024-06-14 09:00:00,59.89,391.75,4.95,26.56,54.2
2024-06-14 10:00:00,105.15,687.37,4.09,25.47,61.7
2024-06-14 11:00:00,113.16,748.59,4.31,25.66,54.2
2024-06-14 12:00:00,128.57,819.95,6.23,28.79,65.9
2024-06-14 13:00:00,115.57,769.73,4.89,29.0,66.6
2024-06-14 14:00:00,118.64,787.98,0.5,29.6,59.6
2024-06-14 15:00:00,60.12,393.8,5.04,29.15,60.6
2024-06-14 16:00:00,29.33,212.78,1.94,29.03,69.7
2024-06-14 17:00:00,18.56,147.5,3.25,29.48,79.6
2024-06-14 18:00:00,0.0,0.0,0.5,26.92,75.0
2024-06-14 19:00:00,0.0,0.0,2.79,23.05,85.1
2024-06-14 20:00:00,1.64,0.0,0.75,25.11,89.0
2024-06-14 21:00:00,0.0,0.0,2.09,23.98,80.6
2024-06-14 22:00:00,3.11,0.0,0.5,24.8,81.6
2024-06-14 23:00:00,0.0,0.0,1.46,17.14,88.1
2024-06-15 00:00:00,4.66,0.0,1.56,18.31,83.7
2024-06-15 01:00:00,3.45,0.0,3.02,14.22,77.2
2024-06-15 02:00:00,0.28,0.0,2.62,17.97,75.7
2024-06-15 03:00:00,6.22,0.0,6.26,16.52,73.5
2024-06-15 04:00:00,0.0,0.0,2.64,20.83,62.2
2024-06-15 05:00:00,9.56,0.0,6.35,17.74,69.9
2024-06-15 06:00:00,0.0,0.0,3.91,17.61,60.1
2024-06-15 07:00:00,85.85,124.75,9.24,20.88,45.5
2024-06-15 08:00:00,106.91,365.87,8.81,20.18,56.9
2024-06-15 09:00:00,79.16,537.94,3.83,25.82,51.8
2024-06-15 10:00:00,80.4,513.33,5.4,23.04,63.4
2024-06-15 11:00:00,104.69,712.54,1.41,27.43,52.6
2024-06-15 12:00:00,162.14,932.55,7.05,25.22,51.5
2024-06-15 13:00:00,120.22,819.82,3.41,28.46,61.9
2024-06-15 14:00:00,108.51,736.99,0.5,31.61,59.2
2024-06-15 15:00:00,81.22,549.38,1.62,29.48,62.2
2024-06-15 16:00:00,58.11,385.82,0.5,27.04,72.5
2024-06-15 17:00:00,22.42,145.13,1.35,27.34,68.7
2024-06-15 18:00:00,1.76,0.0,2.72,26.17,70.2
2024-06-15 19:00:00,0.53,0.0,1.73,25.4,89.2
2024-06-15 20:00:00,0.45,0.0,1.5,21.09,85.9
2024-06-15 21:00:00,0.12,0.0,0.5,22.48,83.2
2024-06-15 22:00:00,0.0,0.0,1.53,16.08,85.0
2024-06-15 23:00:00,0.0,0.0,1.1,17.95,87.0
2024-06-16 00:00:00,4.96,0.0,5.65,17.28,87.9
2024-06-16 01:00:00,0.48,0.0,2.39,18.36,76.8
2024-06-16 02:00:00,4.14,0.0,5.3,17.24,79.3
2024-06-16 03:00:00,1.19,0.0,4.45,15.31,71.3
2024-06-16 04:00:00,0.0,0.0,4.16,16.54,69.1
2024-06-16 05:00:00,11.38,0.0,6.47,19.27,66.9
2024-06-16 06:00:00,3.69,0.0,5.6,20.09,62.5
2024-06-16 07:00:00,28.33,163.92,5.25,20.79,63.1
2024-06-16 08:00:00,57.37,335.09,6.02,22.49,59.4
2024-06-16 09:00:00,60.35,382.18,5.18,25.81,48.0
2024-06-16 10:00:00,120.15,787.98,3.83,25.43,48.2
2024-06-16 11:00:00,121.97,822.36,4.63,27.32,53.7
2024-06-16 12:00:00,108.21,723.53,4.71,31.66,66.2
2024-06-16 13:00:00,89.57,601.18,0.5,26.87,55.1
2024-06-16 14:00:00,110.91,716.58,2.64,26.43,61.5
2024-06-16 15:00:00,73.6,503.96,0.5,30.18,63.4
2024-06-16 16:00:00,58.71,385.82,0.5,27.39,67.2
2024-06-16 17:00:00,19.5,130.82,2.18,26.97,74.8
2024-06-16 18:00:00,0.0,0.0,4.18,25.04,84.5
2024-06-16 19:00:00,0.0,0.0,4.43,24.37,82.9
2024-06-16 20:00:00,1.76,0.0,0.5,25.61,79.0
2024-06-16 21:00:00,0.0,0.0,2.0,22.86,95.0
2024-06-16 22:00:00,0.0,0.0,3.23,21.5,85.4
2024-06-16 23:00:00,0.0,0.0,1.43,16.84,81.6
2024-06-17 00:00:00,1.28,0.0,5.33,16.35,90.1
2024-06-17 01:00:00,5.66,0.0,5.7,13.22,78.3
2024-06-17 02:00:00,30.13,0.0,7.62,16.06,85.8
2024-06-17 03:00:00,1.54,0.0,1.93,18.91,69.5
2024-06-17 04:00:00,3.44,0.0,4.1,18.85,77.2
2024-06-17 05:00:00,28.16,0.0,7.74,18.7,67.1
2024-06-17 06:00:00,13.83,0.0,6.72,20.24,69.0
2024-06-17 07:00:00,56.56,97.38,8.43,20.69,68.9
2024-06-17 08:00:00,42.38,291.66,2.97,23.58,51.3
2024-06-17 09:00:00,80.02,510.89,5.72,25.98,61.9
2024-06-17 10:00:00,98.03,652.47,5.16,23.85,48.0
2024-06-17 11:00:00,137.34,908.14,1.51,27.97,50.3
2024-06-17 12:00:00,92.6,656.76,3.88,29.87,53.0
2024-06-17 13:00:00,122.36,807.44,3.86,28.45,61.9
2024-06-17 14:00:00,90.79,601.44,1.22,30.33,62.7
2024-06-17 15:00:00,79.52,541.41,1.26,33.29,65.3
2024-06-17 16:00:00,45.76,324.2,2.81,28.32,70.7
2024-06-17 17:00:00,17.81,141.61,1.72,28.11,76.8
2024-06-17 18:00:00,0.0,0.0,4.1,25.17,80.8
2024-06-17 19:00:00,1.25,0.0,1.1,25.1,86.1
2024-06-17 20:00:00,0.01,0.0,0.91,23.97,92.1
2024-06-17 21:00:00,18.49,0.0,7.22,22.01,84.4
2024-06-17 22:00:00,7.85,0.0,5.73,18.75,82.4
2024-06-17 23:00:00,3.37,0.0,0.5,19.34,87.6
2024-06-18 00:00:00,3.18,0.0,5.37,20.34,77.3
2024-06-18 01:00:00,0.22,0.0,2.21,18.22,77.2
2024-06-18 02:00:00,0.0,0.0,1.88,18.78,82.5
2024-06-18 03:00:00,0.0,0.0,4.09,17.19,73.3
2024-06-18 04:00:00,1.76,0.0,4.39,19.27,64.0
2024-06-18 05:00:00,28.76,0.0,7.68,19.51,58.7
2024-06-18 06:00:00,16.05,0.0,6.96,18.91,62.7
2024-06-18 07:00:00,130.26,137.39,10.38,22.26,65.1
2024-06-18 08:00:00,56.66,291.09,6.7,21.85,62.7
2024-06-18 09:00:00,88.38,581.9,4.82,23.94,56.1
2024-06-18 10:00:00,102.21,635.72,5.89,26.62,65.0
2024-06-18 11:00:00,299.05,792.41,11.78,28.03,55.0
2024-06-18 12:00:00,125.54,829.96,4.96,26.75,56.3
2024-06-18 13:00:00,119.29,798.47,4.78,30.71,46.6
2024-06-18 14:00:00,105.56,666.93,6.17,30.2,60.3
2024-06-18 15:00:00,82.15,560.97,0.5,28.08,70.4
2024-06-18 16:00:00,41.18,281.9,3.19,26.23,77.8
2024-06-18 17:00:00,23.76,163.92,4.1,27.36,69.7
2024-06-18 18:00:00,4.36,0.0,5.51,25.67,79.8
2024-06-18 19:00:00,0.26,0.0,0.5,25.06,85.8
2024-06-18 20:00:00,0.0,0.0,2.1,22.79,83.0
2024-06-18 21:00:00,1.32,0.0,3.36,18.77,73.1
2024-06-18 22:00:00,0.0,0.0,1.54,19.76,86.2
2024-06-18 23:00:00,4.01,0.0,3.81,18.64,88.3
2024-06-19 00:00:00,0.0,0.0,2.59,19.15,78.3
2024-06-19 01:00:00,0.0,0.0,3.5,16.56,79.3
2024-06-19 02:00:00,0.56,0.0,4.52,19.92,71.7
2024-06-19 03:00:00,4.48,0.0,5.37,14.74,61.0
2024-06-19 04:00:00,0.0,0.0,5.29,20.17,75.1
2024-06-19 05:00:00,3.79,0.0,5.71,18.82,66.1
2024-06-19 06:00:00,2.81,0.0,4.81,21.69,70.5
2024-06-19 07:00:00,21.95,157.33,3.96,21.97,63.7
2024-06-19 08:00:00,60.59,385.82,2.87,25.11,55.2
2024-06-19 09:00:00,76.68,516.73,3.67,24.37,55.1
2024-06-19 10:00:00,86.38,567.61,5.23,24.75,57.8
2024-06-19 11:00:00,142.23,908.14,6.0,29.77,60.3
2024-06-19 12:00:00,106.86,700.57,2.09,28.42,58.6
2024-06-19 13:00:00,71.15,477.4,1.17,29.53,64.9
2024-06-19 14:00:00,108.89,723.96,4.22,31.25,61.0
2024-06-19 15:00:00,64.84,414.28,1.43,27.65,61.1
2024-06-19 16:00:00,60.36,385.16,5.71,29.49,69.7
2024-06-19 17:00:00,21.23,129.96,3.05,26.76,74.9
2024-06-19 18:00:00,0.0,0.0,0.95,26.2,71.5
2024-06-19 19:00:00,0.85,0.0,0.83,25.06,73.9
2024-06-19 20:00:00,0.0,0.0,2.2,21.15,85.2
2024-06-19 21:00:00,2.49,0.0,0.5,20.68,82.5
2024-06-19 22:00:00,2.34,0.0,0.75,22.43,84.2
2024-06-19 23:00:00,1.14,0.0,1.61,20.49,82.7
2024-06-20 00:00:00,4.37,0.0,5.39,18.17,90.6
2024-06-20 01:00:00,1.76,0.0,4.4,18.03,86.9
2024-06-20 02:00:00,0.12,0.0,1.57,17.01,71.3
2024-06-20 03:00:00,8.46,0.0,6.15,19.7,71.2
2024-06-20 04:00:00,5.67,0.0,5.16,17.96,74.3
2024-06-20 05:00:00,9.12,0.0,5.8,19.56,69.1
2024-06-20 06:00:00,0.4,0.0,4.36,22.18,62.3
2024-06-20 07:00:00,23.84,106.19,6.0,20.74,53.7
2024-06-20 08:00:00,142.83,309.33,10.06,25.79,53.6
2024-06-20 09:00:00,73.52,511.65,2.81,22.71,52.9
2024-06-20 10:00:00,115.79,787.98,3.73,28.9,56.4
2024-06-20 11:00:00,91.16,591.44,3.03,27.14,64.0
2024-06-20 12:00:00,139.13,950.0,2.55,28.29,53.6
2024-06-20 13:00:00,134.74,875.06,2.69,26.42,54.3
2024-06-20 14:00:00,110.01,719.08,4.73,28.77,62.0
2024-06-20 15:00:00,67.39,425.19,5.34,27.69,71.3
2024-06-20 16:00:00,54.68,361.0,0.56,27.74,62.8
2024-06-20 17:00:00,16.21,121.54,2.09,27.49,81.2
2024-06-20 18:00:00,0.0,0.0,2.53,27.89,76.6
2024-06-20 19:00:00,2.88,0.0,1.99,25.32,76.9
2024-06-20 20:00:00,0.0,0.0,1.75,23.92,75.0
2024-06-20 21:00:00,2.12,0.0,0.81,20.26,88.0
2024-06-20 22:00:00,0.0,0.0,2.75,19.13,84.1
2024-06-20 23:00:00,0.0,0.0,2.8,21.91,85.3
2024-06-21 00:00:00,8.36,0.0,5.55,17.21,78.5
2024-06-21 01:00:00,6.21,0.0,5.83,20.2,79.0
2024-06-21 02:00:00,0.0,0.0,2.86,17.15,75.1
2024-06-21 03:00:00,2.73,0.0,2.94,17.72,73.4
2024-06-21 04:00:00,46.07,0.0,8.42,19.92,66.7
2024-06-21 05:00:00,8.67,0.0,5.92,21.18,58.4
2024-06-21 06:00:00,35.18,0.0,8.1,20.34,76.1
2024-06-21 07:00:00,19.36,132.86,3.18,21.38,52.6
2024-06-21 08:00:00,43.15,248.52,5.67,23.43,57.9
2024-06-21 09:00:00,78.15,486.85,5.42,25.57,46.7
2024-06-21 10:00:00,135.1,787.98,7.13,27.85,45.0
2024-06-21 11:00:00,97.91,657.74,2.12,27.76,56.0
2024-06-21 12:00:00,106.82,721.95,2.5,29.64,57.9
2024-06-21 13:00:00,127.03,852.77,2.83,31.76,65.7
2024-06-21 14:00:00,102.82,670.14,5.18,30.08,64.5
2024-06-21 15:00:00,86.32,567.69,5.77,29.77,65.4
2024-06-21 16:00:00,76.46,341.71,7.55,26.43,65.3
2024-06-21 17:00:00,26.22,151.12,5.7,23.81,81.4
2024-06-21 18:00:00,1.14,0.0,0.5,27.09,82.1
2024-06-21 19:00:00,1.85,0.0,0.5,24.92,74.4
2024-06-21 20:00:00,0.2,0.0,0.5,22.74,83.2
2024-06-21 21:00:00,0.0,0.0,1.65,22.32,85.2
2024-06-21 22:00:00,1.84,0.0,4.84,20.42,83.3
2024-06-21 23:00:00,7.56,0.0,5.96,20.96,88.3
2024-06-22 00:00:00,0.0,0.0,2.2,18.5,87.1
2024-06-22 01:00:00,0.0,0.0,4.95,16.65,79.7
2024-06-22 02:00:00,26.56,0.0,7.82,19.05,76.1
2024-06-22 03:00:00,4.88,0.0,5.04,17.44,81.4
2024-06-22 04:00:00,1.01,0.0,3.38,19.16,74.7
2024-06-22 05:00:00,5.18,0.0,5.53,18.6,66.5
2024-06-22 06:00:00,5.44,0.0,5.2,19.59,54.4
2024-06-22 07:00:00,27.65,144.54,6.14,22.14,61.1
2024-06-22 08:00:00,57.48,385.82,5.24,23.58,60.5
2024-06-22 09:00:00,71.65,474.12,2.13,25.84,41.7
2024-06-22 10:00:00,198.47,565.54,10.45,26.16,56.3
2024-06-22 11:00:00,83.84,575.39,4.55,25.05,53.4
2024-06-22 12:00:00,130.56,875.91,3.68,28.11,55.9
2024-06-22 13:00:00,149.96,908.14,7.0,30.55,54.9
2024-06-22 14:00:00,114.64,787.98,1.01,29.12,61.8
2024-06-22 15:00:00,84.81,579.07,0.8,28.99,73.1
2024-06-22 16:00:00,48.92,364.9,3.92,30.24,67.8
2024-06-22 17:00:00,23.23,163.92,0.68,26.74,78.7
2024-06-22 18:00:00,0.0,0.0,3.58,24.25,73.5
2024-06-22 19:00:00,1.11,0.0,0.74,24.87,84.4
2024-06-22 20:00:00,0.0,0.0,0.5,22.84,83.0
2024-06-22 21:00:00,1.28,0.0,2.48,20.56,86.2
2024-06-22 22:00:00,0.0,0.0,1.26,20.3,85.0
2024-06-22 23:00:00,0.0,0.0,4.76,20.06,87.7
2024-06-23 00:00:00,2.14,0.0,4.55,18.4,70.2
2024-06-23 01:00:00,23.25,0.0,7.43,18.28,73.5
2024-06-23 02:00:00,13.02,0.0,6.46,20.33,79.6
2024-06-23 03:00:00,0.0,0.0,3.58,17.3,63.7
2024-06-23 04:00:00,23.58,0.0,7.32,18.83,67.3
2024-06-23 05:00:00,10.34,0.0,6.49,18.6,65.8
2024-06-23 06:00:00,12.54,0.0,6.71,19.34,58.4
2024-06-23 07:00:00,50.26,121.08,7.79,21.18,55.9
2024-06-23 08:00:00,62.91,358.44,5.92,22.89,58.4
2024-06-23 09:00:00,81.53,515.29,5.05,25.7,60.6
2024-06-23 10:00:00,123.27,781.23,5.53,30.13,50.2
2024-06-23 11:00:00,121.18,796.61,3.32,26.78,52.6
2024-06-23 12:00:00,110.55,757.28,2.17,28.18,53.4
2024-06-23 13:00:00,134.35,908.14,3.9,29.31,47.3
2024-06-23 14:00:00,96.02,658.68,1.47,30.2,63.2
2024-06-23 15:00:00,93.13,605.42,0.5,29.8,70.8
2024-06-23 16:00:00,46.87,304.73,0.5,30.73,75.1
2024-06-23 17:00:00,23.14,156.77,2.44,24.21,69.5
2024-06-23 18:00:00,1.76,0.0,1.13,23.03,71.2
2024-06-23 19:00:00,0.0,0.0,3.3,24.42,80.7
2024-06-23 20:00:00,0.5,0.0,1.46,25.26,87.1
2024-06-23 21:00:00,0.0,0.0,2.33,19.71,85.3
2024-06-23 22:00:00,0.0,0.0,2.35,16.1,86.4
2024-06-23 23:00:00,1.92,0.0,4.09,20.23,90.2
2024-06-24 00:00:00,1.82,0.0,3.1,18.83,79.3
2024-06-24 01:00:00,41.29,0.0,8.28,16.23,79.5
2024-06-24 02:00:00,36.64,0.0,8.13,16.18,85.7
2024-06-24 03:00:00,21.09,0.0,7.42,16.41,72.9
2024-06-24 04:00:00,45.69,0.0,8.59,18.63,63.7
2024-06-24 05:00:00,2.29,0.0,5.49,18.48,62.8
2024-06-24 06:00:00,6.89,0.0,5.99,21.4,57.8
2024-06-24 07:00:00,43.44,149.31,7.1,17.82,61.2
2024-06-24 08:00:00,64.3,328.89,6.6,22.37,52.5
2024-06-24 09:00:00,92.17,424.98,7.87,23.52,56.9
2024-06-24 10:00:00,66.17,403.15,6.0,26.27,51.3
2024-06-24 11:00:00,252.27,830.63,10.8,27.09,44.9
2024-06-24 12:00:00,117.26,832.29,3.06,30.05,58.5
2024-06-24 13:00:00,107.14,687.71,5.35,26.66,60.1
2024-06-24 14:00:00,70.1,478.4,3.88,29.73,65.1
2024-06-24 15:00:00,83.75,571.79,3.43,30.29,62.8
2024-06-24 16:00:00,48.33,312.56,1.22,31.64,66.1
2024-06-24 17:00:00,22.97,153.02,3.54,27.18,75.9
2024-06-24 18:00:00,0.22,0.0,4.58,27.14,85.1
2024-06-24 19:00:00,1.14,0.0,0.5,22.5,80.7
2024-06-24 20:00:00,2.12,0.0,2.73,20.07,85.1
2024-06-24 21:00:00,0.59,0.0,1.86,23.37,82.9
2024-06-24 22:00:00,35.05,0.0,7.97,20.65,77.3
2024-06-24 23:00:00,0.0,0.0,3.19,21.18,89.3
2024-06-25 00:00:00,0.0,0.0,2.44,16.44,87.5
2024-06-25 01:00:00,0.34,0.0,3.74,18.68,84.2
2024-06-25 02:00:00,3.44,0.0,5.62,20.5,76.6
2024-06-25 03:00:00,0.0,0.0,2.83,18.53,76.9
2024-06-25 04:00:00,10.74,0.0,6.08,18.92,74.5
2024-06-25 05:00:00,62.45,0.0,8.97,19.47,74.2
2024-06-25 06:00:00,37.97,0.0,8.02,18.34,67.4
2024-06-25 07:00:00,19.53,147.82,3.28,24.18,59.7
2024-06-25 08:00:00,188.86,305.71,11.1,22.78,50.5
2024-06-25 09:00:00,74.04,445.39,6.3,26.01,56.3
2024-06-25 10:00:00,118.47,787.98,3.05,24.36,56.3
2024-06-25 11:00:00,118.15,829.0,1.13,26.17,59.1
2024-06-25 12:00:00,129.81,894.89,2.1,31.05,63.8
2024-06-25 13:00:00,140.62,908.14,5.39,28.98,58.9
2024-06-25 14:00:00,75.16,501.78,0.5,31.88,73.0
2024-06-25 15:00:00,88.2,605.42,1.05,29.38,57.3
2024-06-25 16:00:00,26.46,182.75,3.54,26.13,72.1
2024-06-25 17:00:00,18.89,120.43,2.32,29.28,69.9
2024-06-25 18:00:00,1.9,0.0,3.45,25.82,68.0
2024-06-25 19:00:00,0.0,0.0,3.26,26.3,79.6
2024-06-25 20:00:00,0.0,0.0,0.5,23.74,75.7
2024-06-25 21:00:00,1.29,0.0,5.07,19.83,83.7
2024-06-25 22:00:00,0.0,0.0,1.43,20.95,85.2
2024-06-25 23:00:00,0.0,0.0,3.56,22.75,90.1
2024-06-26 00:00:00,0.47,0.0,4.57,19.28,75.5
2024-06-26 01:00:00,0.0,0.0,2.61,17.86,85.1
2024-06-26 02:00:00,66.54,0.0,9.2,19.35,78.0
2024-06-26 03:00:00,3.75,0.0,5.16,18.26,79.0
2024-06-26 04:00:00,1.39,0.0,2.98,18.86,67.8
2024-06-26 05:00:00,60.16,0.0,9.08,17.86,59.5
2024-06-26 06:00:00,5.46,0.0,6.25,21.09,56.4
2024-06-26 07:00:00,40.85,163.92,6.82,23.74,52.9
2024-06-26 08:00:00,61.76,385.82,5.67,22.49,59.4
2024-06-26 09:00:00,99.21,533.78,7.29,27.43,62.9
2024-06-26 10:00:00,91.33,629.65,1.96,26.6,52.2
2024-06-26 11:00:00,133.98,902.81,3.17,26.65,58.7
2024-06-26 12:00:00,135.25,899.68,3.66,30.43,49.4
2024-06-26 13:00:00,99.12,678.68,0.91,29.11,60.3
2024-06-26 14:00:00,73.16,512.84,3.93,30.88,65.8
2024-06-26 15:00:00,73.36,488.4,1.87,29.1,58.9
2024-06-26 16:00:00,57.33,385.82,0.94,28.85,69.0
2024-06-26 17:00:00,19.98,163.92,0.5,28.72,77.5
2024-06-26 18:00:00,1.32,0.0,3.02,27.18,62.8
2024-06-26 19:00:00,4.48,0.0,3.94,22.3,87.3
2024-06-26 20:00:00,0.0,0.0,1.56,22.06,84.8
2024-06-26 21:00:00,0.0,0.0,2.72,23.58,88.1
2024-06-26 22:00:00,0.0,0.0,1.43,20.54,82.9
2024-06-26 23:00:00,0.07,0.0,3.93,18.71,75.9
2024-06-27 00:00:00,1.98,0.0,0.61,16.54,85.7
2024-06-27 01:00:00,0.77,0.0,4.27,16.36,80.2
2024-06-27 02:00:00,7.43,0.0,5.57,14.75,77.7
2024-06-27 03:00:00,41.21,0.0,8.24,17.83,79.3
2024-06-27 04:00:00,5.46,0.0,4.96,17.68,73.8
2024-06-27 05:00:00,23.5,0.0,7.26,18.09,75.7
2024-06-27 06:00:00,9.16,0.0,6.31,20.68,63.3
2024-06-27 07:00:00,76.58,133.9,8.9,22.77,55.9
2024-06-27 08:00:00,51.53,342.24,5.04,26.92,56.1
2024-06-27 09:00:00,62.04,412.42,4.33,23.06,57.6
2024-06-27 10:00:00,103.76,541.1,7.42,28.52,60.1
2024-06-27 11:00:00,124.81,848.4,1.68,29.48,48.2
2024-06-27 12:00:00,134.35,887.71,1.88,27.81,57.1
2024-06-27 13:00:00,110.11,753.15,0.96,29.88,67.4
2024-06-27 14:00:00,112.61,762.0,4.96,29.09,61.3
2024-06-27 15:00:00,58.27,407.97,0.5,29.85,70.8
2024-06-27 16:00:00,47.02,307.35,4.4,31.24,72.5
2024-06-27 17:00:00,21.39,163.92,1.64,28.93,78.7
2024-06-27 18:00:00,0.0,0.0,0.5,27.54,73.5
2024-06-27 19:00:00,2.66,0.0,1.39,24.69,76.6
2024-06-27 20:00:00,0.59,0.0,0.5,21.55,83.1
2024-06-27 21:00:00,0.0,0.0,3.04,21.91,76.8
2024-06-27 22:00:00,0.05,0.0,3.77,22.59,83.7
2024-06-27 23:00:00,0.0,0.0,3.23,17.25,85.8
2024-06-28 00:00:00,0.0,0.0,1.06,17.03,91.9
2024-06-28 01:00:00,2.35,0.0,5.15,18.21,82.6
2024-06-28 02:00:00,17.39,0.0,6.95,16.34,80.6
2024-06-28 03:00:00,13.05,0.0,6.44,16.83,79.7
2024-06-28 04:00:00,26.34,0.0,7.57,17.98,65.2
2024-06-28 05:00:00,3.19,0.0,4.21,17.52,65.3
2024-06-28 06:00:00,47.28,0.0,8.44,19.35,74.6
2024-06-28 07:00:00,27.95,163.92,4.86,23.32,59.0
2024-06-28 08:00:00,51.06,324.04,2.37,21.85,62.6
2024-06-28 09:00:00,111.76,605.42,7.37,22.97,60.3
2024-06-28 10:00:00,131.18,629.32,8.24,25.87,47.6
2024-06-28 11:00:00,135.75,894.8,5.15,29.15,57.1
2024-06-28 12:00:00,121.01,837.07,2.45,28.71,57.7
2024-06-28 13:00:00,122.36,832.63,2.05,28.91,61.0
2024-06-28 14:00:00,107.41,719.84,2.64,29.88,58.7
2024-06-28 15:00:00,60.38,368.88,5.13,26.99,60.5
2024-06-28 16:00:00,38.18,262.89,0.5,29.75,67.6
2024-06-28 17:00:00,19.85,141.85,3.87,28.63,73.4
2024-06-28 18:00:00,0.64,0.0,0.77,26.2,83.4
2024-06-28 19:00:00,0.0,0.0,3.72,26.87,89.7
2024-06-28 20:00:00,2.3,0.0,5.13,22.12,90.0
2024-06-28 21:00:00,0.0,0.0,2.04,23.95,88.8
2024-06-28 22:00:00,0.0,0.0,2.14,21.04,80.0
2024-06-28 23:00:00,2.67,0.0,5.09,19.07,82.4
2024-06-29 00:00:00,0.0,0.0,3.96,18.62,84.0
2024-06-29 01:00:00,1.97,0.0,5.32,17.89,77.4
2024-06-29 02:00:00,2.53,0.0,5.45,19.68,80.4
2024-06-29 03:00:00,0.0,0.0,3.4,16.43,77.5
2024-06-29 04:00:00,29.22,0.0,7.7,17.5,72.7
2024-06-29 05:00:00,2.24,0.0,4.18,21.16,71.2
2024-06-29 06:00:00,62.61,0.0,9.06,19.95,58.0
2024-06-29 07:00:00,24.62,161.6,4.49,23.64,64.1
2024-06-29 08:00:00,71.51,385.82,6.84,26.39,53.5
2024-06-29 09:00:00,60.03,387.46,4.15,24.79,50.8
2024-06-29 10:00:00,98.98,657.51,3.91,27.87,57.7
2024-06-29 11:00:00,91.62,611.11,3.39,26.36,61.6
2024-06-29 12:00:00,145.98,950.0,5.21,30.17,59.4
2024-06-29 13:00:00,101.73,691.85,3.58,29.94,59.5
2024-06-29 14:00:00,76.34,499.2,5.37,30.55,64.1
2024-06-29 15:00:00,83.82,572.56,1.44,28.67,66.8
2024-06-29 16:00:00,54.39,385.82,3.12,26.55,64.4
2024-06-29 17:00:00,24.32,155.64,3.31,28.84,67.7
2024-06-29 18:00:00,0.0,0.0,0.5,23.75,77.1
2024-06-29 19:00:00,1.02,0.0,1.39,24.92,81.0
2024-06-29 20:00:00,3.68,0.0,1.99,25.26,83.0
2024-06-29 21:00:00,0.0,0.0,1.68,22.58,87.9
2024-06-29 22:00:00,0.0,0.0,1.93,23.77,83.9
2024-06-29 23:00:00,1.56,0.0,4.3,21.14,87.3
2024-06-30 00:00:00,0.33,0.0,2.37,17.7,82.3
2024-06-30 01:00:00,2.68,0.0,5.47,18.12,89.7
2024-06-30 02:00:00,37.36,0.0,8.11,17.8,77.9
2024-06-30 03:00:00,6.15,0.0,5.56,15.7,85.6
2024-06-30 04:00:00,6.43,0.0,6.12,17.27,71.8
2024-06-30 05:00:00,0.0,0.0,3.29,18.79,65.0
2024-06-30 06:00:00,40.75,0.0,8.16,17.82,58.0
2024-06-30 07:00:00,17.79,119.64,4.67,22.39,52.2
2024-06-30 08:00:00,55.12,310.03,6.14,23.5,52.1
2024-06-30 09:00:00,158.46,532.04,9.74,22.92,51.1
2024-06-30 10:00:00,104.72,702.58,5.3,27.48,57.0
2024-06-30 11:00:00,125.25,815.53,5.57,29.19,52.9
2024-06-30 12:00:00,118.58,787.79,3.54,29.41,57.9
2024-06-30 13:00:00,103.54,720.5,0.76,29.18,65.8
2024-06-30 14:00:00,116.68,787.98,4.57,30.76,62.1
2024-06-30 15:00:00,86.75,596.95,0.5,30.69,76.5
2024-06-30 16:00:00,53.73,351.86,3.17,29.53,64.1
2024-06-30 17:00:00,17.45,133.59,0.5,26.88,73.1
2024-06-30 18:00:00,1.27,0.0,4.14,27.29,74.8
2024-06-30 19:00:00,0.0,0.0,0.5,27.22,85.3
2024-06-30 20:00:00,0.45,0.0,2.15,22.98,71.8
2024-06-30 21:00:00,0.14,0.0,2.9,25.47,77.3
2024-06-30 22:00:00,0.0,0.0,2.6,20.09,84.5
2024-06-30 23:00:00,0.96,0.0,2.51,19.68,92.2
